network,run,t,I,SI,II,i,si,ii,si_over_i,ii_over_i
0,0,0,20,423,1,0.002,0.0423,0.0001,21.15,0.05
0,0,0.25,41,476,27,0.0041,0.0476,0.0027,11.6098,0.658537
0,0,0.5,64,664,45,0.0064,0.0664,0.0045,10.375,0.703125
0,0,0.75,97,826,74,0.0097,0.0826,0.0074,8.51546,0.762887
0,0,1,132,1167,98,0.0132,0.1167,0.0098,8.84091,0.742424
0,0,1.25,157,1312,120,0.0157,0.1312,0.012,8.35669,0.764331
0,0,1.5,193,1437,147,0.0193,0.1437,0.0147,7.4456,0.761658
0,0,1.75,226,1564,168,0.0226,0.1564,0.0168,6.92035,0.743363
0,0,2,297,2285,229,0.0297,0.2285,0.0229,7.6936,0.771044
0,0,2.25,362,2785,279,0.0362,0.2785,0.0279,7.69337,0.770718
0,0,2.5,466,3547,410,0.0466,0.3547,0.041,7.61159,0.879828
0,0,2.75,599,4752,537,0.0599,0.4752,0.0537,7.93322,0.896494
0,0,3,796,6481,801,0.0796,0.6481,0.0801,8.14196,1.00628
0,0,3.25,1024,8150,1137,0.1024,0.815,0.1137,7.95898,1.11035
0,0,3.5,1319,10251,1653,0.1319,1.0251,0.1653,7.7718,1.25322
0,0,3.75,1690,13575,2469,0.169,1.3575,0.2469,8.03254,1.46095
0,0,4,2336,19105,4456,0.2336,1.9105,0.4456,8.17851,1.90753
0,0,4.25,2992,23438,7216,0.2992,2.3438,0.7216,7.83356,2.41176
0,0,4.5,3832,29045,11645,0.3832,2.9045,1.1645,7.57959,3.03888
0,0,4.75,4722,32103,18069,0.4722,3.2103,1.8069,6.7986,3.82656
0,0,5,5516,34195,25807,0.5516,3.4195,2.5807,6.19924,4.67857
0,0,5.25,6290,34484,35590,0.629,3.4484,3.559,5.48235,5.65819
0,0,5.5,6782,33242,43019,0.6782,3.3242,4.3019,4.9015,6.34311
0,0,5.75,7103,30824,48832,0.7103,3.0824,4.8832,4.33957,6.87484
0,0,6,7191,30168,50106,0.7191,3.0168,5.0106,4.19524,6.96788
0,0,6.25,7264,29770,50928,0.7264,2.977,5.0928,4.09829,7.01101
0,0,6.5,7385,29106,53042,0.7385,2.9106,5.3042,3.94123,7.1824
0,0,6.75,7399,28797,53211,0.7399,2.8797,5.3211,3.89201,7.19165
0,0,7,7304,29503,51535,0.7304,2.9503,5.1535,4.03929,7.05572
0,0,7.25,7317,29307,51473,0.7317,2.9307,5.1473,4.00533,7.03471
0,0,7.5,7388,29366,52474,0.7388,2.9366,5.2474,3.97482,7.1026
0,0,7.75,7433,28672,53690,0.7433,2.8672,5.369,3.85739,7.22319
0,0,8,7458,28653,53452,0.7458,2.8653,5.3452,3.84191,7.16707
0,0,8.25,7474,28890,53723,0.7474,2.889,5.3723,3.8654,7.18799
0,0,8.5,7550,28307,55193,0.755,2.8307,5.5193,3.74927,7.31033
0,0,8.75,7486,28346,54339,0.7486,2.8346,5.4339,3.78653,7.25875
0,0,9,7404,28930,52839,0.7404,2.893,5.2839,3.90735,7.13655
0,0,9.25,7437,29017,52955,0.7437,2.9017,5.2955,3.90171,7.12048
0,0,9.5,7448,28973,53205,0.7448,2.8973,5.3205,3.89004,7.14353
0,0,9.75,7458,28617,53228,0.7458,2.8617,5.3228,3.83709,7.13703
0,0,10,7384,29041,52034,0.7384,2.9041,5.2034,3.93296,7.04686
0,0,10.25,7406,29716,51843,0.7406,2.9716,5.1843,4.01242,7.00014
0,0,10.5,7368,29278,52198,0.7368,2.9278,5.2198,3.97367,7.08442
0,0,10.75,7503,28733,53855,0.7503,2.8733,5.3855,3.82953,7.1778
0,0,11,7482,28828,53929,0.7482,2.8828,5.3929,3.85298,7.20783
0,0,11.25,7593,27902,55663,0.7593,2.7902,5.5663,3.6747,7.33083
0,0,11.5,7600,28668,55791,0.76,2.8668,5.5791,3.77211,7.34092
0,0,11.75,7474,28748,53974,0.7474,2.8748,5.3974,3.8464,7.22157
0,0,12,7476,28723,53921,0.7476,2.8723,5.3921,3.84203,7.21255
0,0,12.25,7419,29131,53209,0.7419,2.9131,5.3209,3.92654,7.17199
0,0,12.5,7409,29046,53074,0.7409,2.9046,5.3074,3.92037,7.16345
0,0,12.75,7413,29318,52994,0.7413,2.9318,5.2994,3.95494,7.14879
0,0,13,7350,29629,52105,0.735,2.9629,5.2105,4.03116,7.08912
0,0,13.25,7372,28938,52815,0.7372,2.8938,5.2815,3.92539,7.16427
0,0,13.5,7358,29446,52476,0.7358,2.9446,5.2476,4.0019,7.13183
0,0,13.75,7408,29097,53146,0.7408,2.9097,5.3146,3.92778,7.17414
0,0,14,7477,28616,53864,0.7477,2.8616,5.3864,3.8272,7.20396
0,0,14.25,7465,29285,53266,0.7465,2.9285,5.3266,3.92297,7.13543
0,0,14.5,7467,29097,53893,0.7467,2.9097,5.3893,3.89675,7.21749
0,0,14.75,7439,28494,53805,0.7439,2.8494,5.3805,3.83035,7.23283
0,0,15,7365,29006,52601,0.7365,2.9006,5.2601,3.93836,7.14202
0,1,0,20,426,0,0.002,0.0426,0,21.3,0
0,1,0.25,28,321,11,0.0028,0.0321,0.0011,11.4643,0.392857
0,1,0.5,52,578,35,0.0052,0.0578,0.0035,11.1154,0.673077
0,1,0.75,81,899,61,0.0081,0.0899,0.0061,11.0988,0.753086
0,1,1,125,1164,101,0.0125,0.1164,0.0101,9.312,0.808
0,1,1.25,154,1304,127,0.0154,0.1304,0.0127,8.46753,0.824675
0,1,1.5,212,1833,168,0.0212,0.1833,0.0168,8.64623,0.792453
0,1,1.75,268,2123,213,0.0268,0.2123,0.0213,7.92164,0.794776
0,1,2,342,2607,272,0.0342,0.2607,0.0272,7.62281,0.795322
0,1,2.25,418,3293,330,0.0418,0.3293,0.033,7.87799,0.789474
0,1,2.5,516,3867,441,0.0516,0.3867,0.0441,7.49419,0.854651
0,1,2.75,665,5265,625,0.0665,0.5265,0.0625,7.91729,0.93985
0,1,3,870,6714,921,0.087,0.6714,0.0921,7.71724,1.05862
0,1,3.25,1109,8780,1301,0.1109,0.878,0.1301,7.91704,1.17313
0,1,3.5,1437,11536,1934,0.1437,1.1536,0.1934,8.02784,1.34586
0,1,3.75,1840,14688,2843,0.184,1.4688,0.2843,7.98261,1.54511
0,1,4,2390,18983,4489,0.239,1.8983,0.4489,7.94268,1.87824
0,1,4.25,3044,23802,7214,0.3044,2.3802,0.7214,7.81932,2.36991
0,1,4.5,3885,29168,11828,0.3885,2.9168,1.1828,7.50785,3.04453
0,1,4.75,4776,32752,18726,0.4776,3.2752,1.8726,6.85762,3.92085
0,1,5,5728,34925,28526,0.5728,3.4925,2.8526,6.09724,4.9801
0,1,5.25,6522,33705,38495,0.6522,3.3705,3.8495,5.16789,5.90233
0,1,5.5,6996,32064,45979,0.6996,3.2064,4.5979,4.58319,6.57218
0,1,5.75,7277,29905,50923,0.7277,2.9905,5.0923,4.10952,6.9978
0,1,6,7401,28734,53032,0.7401,2.8734,5.3032,3.88245,7.16552
0,1,6.25,7387,28972,52730,0.7387,2.8972,5.273,3.92203,7.13822
0,1,6.5,7337,29973,51755,0.7337,2.9973,5.1755,4.08518,7.05397
0,1,6.75,7385,29096,52331,0.7385,2.9096,5.2331,3.93988,7.08612
0,1,7,7505,28464,54752,0.7505,2.8464,5.4752,3.79267,7.2954
0,1,7.25,7463,28297,54319,0.7463,2.8297,5.4319,3.79164,7.27844
0,1,7.5,7392,28564,53320,0.7392,2.8564,5.332,3.86418,7.2132
0,1,7.75,7425,28973,52904,0.7425,2.8973,5.2904,3.90209,7.12512
0,1,8,7477,29243,53646,0.7477,2.9243,5.3646,3.91106,7.1748
0,1,8.25,7522,28295,54578,0.7522,2.8295,5.4578,3.76163,7.25578
0,1,8.5,7538,28235,55142,0.7538,2.8235,5.5142,3.74569,7.3152
0,1,8.75,7454,28859,53545,0.7454,2.8859,5.3545,3.87161,7.18339
0,1,9,7502,28814,54316,0.7502,2.8814,5.4316,3.84084,7.2402
0,1,9.25,7423,28980,53390,0.7423,2.898,5.339,3.90408,7.19251
0,1,9.5,7496,28653,54327,0.7496,2.8653,5.4327,3.82244,7.24747
0,1,9.75,7475,28405,54197,0.7475,2.8405,5.4197,3.8,7.25043
0,1,10,7399,28978,52948,0.7399,2.8978,5.2948,3.91648,7.1561
0,1,10.25,7414,29398,52570,0.7414,2.9398,5.257,3.9652,7.09064
0,1,10.5,7502,28685,54268,0.7502,2.8685,5.4268,3.82365,7.2338
0,1,10.75,7547,28457,54774,0.7547,2.8457,5.4774,3.77064,7.25772
0,1,11,7583,27908,55510,0.7583,2.7908,5.551,3.68034,7.32032
0,1,11.25,7593,27885,55800,0.7593,2.7885,5.58,3.67246,7.34887
0,1,11.5,7579,27855,55817,0.7579,2.7855,5.5817,3.67529,7.36469
0,1,11.75,7581,27853,55702,0.7581,2.7853,5.5702,3.67405,7.34758
0,1,12,7491,28952,53948,0.7491,2.8952,5.3948,3.8649,7.20171
0,1,12.25,7457,28937,53430,0.7457,2.8937,5.343,3.88051,7.16508
0,1,12.5,7440,29301,53012,0.744,2.9301,5.3012,3.93831,7.12527
0,1,12.75,7453,28891,53180,0.7453,2.8891,5.318,3.87643,7.13538
0,1,13,7493,29004,53945,0.7493,2.9004,5.3945,3.87081,7.19939
0,1,13.25,7543,28334,55030,0.7543,2.8334,5.503,3.75633,7.29551
0,1,13.5,7520,28246,54824,0.752,2.8246,5.4824,3.75612,7.29043
0,1,13.75,7450,28206,53865,0.745,2.8206,5.3865,3.78604,7.2302
0,1,14,7454,28747,53505,0.7454,2.8747,5.3505,3.85659,7.17803
0,1,14.25,7469,28477,53546,0.7469,2.8477,5.3546,3.81269,7.1691
0,1,14.5,7464,28404,53751,0.7464,2.8404,5.3751,3.80547,7.20137
0,1,14.75,7478,28674,54123,0.7478,2.8674,5.4123,3.83445,7.23763
0,1,15,7490,28555,54057,0.749,2.8555,5.4057,3.81242,7.21722
0,2,0,20,384,0,0.002,0.0384,0,19.2,0
0,2,0.25,34,387,17,0.0034,0.0387,0.0017,11.3824,0.5
0,2,0.5,48,439,27,0.0048,0.0439,0.0027,9.14583,0.5625
0,2,0.75,58,477,37,0.0058,0.0477,0.0037,8.22414,0.637931
0,2,1,76,647,56,0.0076,0.0647,0.0056,8.51316,0.736842
0,2,1.25,94,765,61,0.0094,0.0765,0.0061,8.1383,0.648936
0,2,1.5,147,1283,113,0.0147,0.1283,0.0113,8.72789,0.768707
0,2,1.75,183,1388,134,0.0183,0.1388,0.0134,7.5847,0.73224
0,2,2,253,2041,195,0.0253,0.2041,0.0195,8.06719,0.770751
0,2,2.25,329,2514,270,0.0329,0.2514,0.027,7.64134,0.820669
0,2,2.5,443,3542,384,0.0443,0.3542,0.0384,7.99549,0.866817
0,2,2.75,566,4210,496,0.0566,0.421,0.0496,7.43816,0.876325
0,2,3,680,5050,659,0.068,0.505,0.0659,7.42647,0.969118
0,2,3.25,854,6344,884,0.0854,0.6344,0.0884,7.42857,1.03513
0,2,3.5,1084,8201,1186,0.1084,0.8201,0.1186,7.5655,1.0941
0,2,3.75,1446,11398,1856,0.1446,1.1398,0.1856,7.88243,1.28354
0,2,4,1899,14774,2956,0.1899,1.4774,0.2956,7.77988,1.55661
0,2,4.25,2436,19215,4646,0.2436,1.9215,0.4646,7.88793,1.90722
0,2,4.5,3184,24858,7844,0.3184,2.4858,0.7844,7.80716,2.46357
0,2,4.75,4070,30072,13027,0.407,3.0072,1.3027,7.3887,3.20074
0,2,5,4994,33733,20364,0.4994,3.3733,2.0364,6.75471,4.07769
0,2,5.25,5847,34815,30019,0.5847,3.4815,3.0019,5.95434,5.13409
0,2,5.5,6527,33801,39526,0.6527,3.3801,3.9526,5.17864,6.05577
0,2,5.75,6853,31813,44309,0.6853,3.1813,4.4309,4.6422,6.46564
0,2,6,7169,30945,49243,0.7169,3.0945,4.9243,4.3165,6.86888
0,2,6.25,7313,29264,51516,0.7313,2.9264,5.1516,4.00164,7.04444
0,2,6.5,7334,29140,51845,0.7334,2.914,5.1845,3.97328,7.06913
0,2,6.75,7423,29112,53452,0.7423,2.9112,5.3452,3.92186,7.20086
0,2,7,7536,27985,55870,0.7536,2.7985,5.587,3.71351,7.41375
0,2,7.25,7440,28056,54194,0.744,2.8056,5.4194,3.77097,7.28414
0,2,7.5,7347,29298,51866,0.7347,2.9298,5.1866,3.98775,7.05948
0,2,7.75,7332,29468,51251,0.7332,2.9468,5.1251,4.01909,6.99004
0,2,8,7383,29332,51988,0.7383,2.9332,5.1988,3.97291,7.04158
0,2,8.25,7442,29457,52969,0.7442,2.9457,5.2969,3.95821,7.11758
0,2,8.5,7454,28712,53791,0.7454,2.8712,5.3791,3.85189,7.21639
0,2,8.75,7490,28786,54544,0.749,2.8786,5.4544,3.84326,7.28224
0,2,9,7484,28098,54670,0.7484,2.8098,5.467,3.75441,7.30492
0,2,9.25,7462,28465,53723,0.7462,2.8465,5.3723,3.81466,7.19954
0,2,9.5,7495,28609,54026,0.7495,2.8609,5.4026,3.81708,7.20827
0,2,9.75,7439,28875,53268,0.7439,2.8875,5.3268,3.88157,7.16064
0,2,10,7439,29120,53193,0.7439,2.912,5.3193,3.9145,7.15056
0,2,10.25,7405,29240,53195,0.7405,2.924,5.3195,3.94868,7.18366
0,2,10.5,7337,29162,51822,0.7337,2.9162,5.1822,3.97465,7.0631
0,2,10.75,7410,28616,52574,0.741,2.8616,5.2574,3.86181,7.09501
0,2,11,7436,28847,52766,0.7436,2.8847,5.2766,3.87937,7.09602
0,2,11.25,7422,29175,52732,0.7422,2.9175,5.2732,3.93088,7.10482
0,2,11.5,7485,28597,54061,0.7485,2.8597,5.4061,3.82057,7.22258
0,2,11.75,7512,27932,54866,0.7512,2.7932,5.4866,3.71832,7.30378
0,2,12,7510,27987,54732,0.751,2.7987,5.4732,3.72663,7.28788
0,2,12.25,7525,28260,54594,0.7525,2.826,5.4594,3.75548,7.25502
0,2,12.5,7587,28288,55521,0.7587,2.8288,5.5521,3.72848,7.31791
0,2,12.75,7440,28750,53362,0.744,2.875,5.3362,3.86425,7.17231
0,2,13,7487,29042,54009,0.7487,2.9042,5.4009,3.87899,7.2137
0,2,13.25,7464,28986,53964,0.7464,2.8986,5.3964,3.88344,7.2299
0,2,13.5,7474,28466,54304,0.7474,2.8466,5.4304,3.80867,7.26572
0,2,13.75,7497,28465,54237,0.7497,2.8465,5.4237,3.79685,7.23449
0,2,14,7524,28467,54462,0.7524,2.8467,5.4462,3.78349,7.23844
0,2,14.25,7429,29090,53198,0.7429,2.909,5.3198,3.91574,7.16086
0,2,14.5,7405,29686,52355,0.7405,2.9686,5.2355,4.00891,7.07022
0,2,14.75,7424,28768,53041,0.7424,2.8768,5.3041,3.875,7.14453
0,2,15,7336,29041,52491,0.7336,2.9041,5.2491,3.9587,7.15526
0,3,0,20,380,2,0.002,0.038,0.0002,19,0.1
0,3,0.25,28,331,12,0.0028,0.0331,0.0012,11.8214,0.428571
0,3,0.5,39,330,24,0.0039,0.033,0.0024,8.46154,0.615385
0,3,0.75,59,563,42,0.0059,0.0563,0.0042,9.54237,0.711864
0,3,1,81,625,63,0.0081,0.0625,0.0063,7.71605,0.777778
0,3,1.25,112,842,84,0.0112,0.0842,0.0084,7.51786,0.75
0,3,1.5,150,1175,113,0.015,0.1175,0.0113,7.83333,0.753333
0,3,1.75,211,1716,162,0.0211,0.1716,0.0162,8.1327,0.767773
0,3,2,312,2686,259,0.0312,0.2686,0.0259,8.60897,0.830128
0,3,2.25,403,3226,359,0.0403,0.3226,0.0359,8.00496,0.890819
0,3,2.5,504,3992,442,0.0504,0.3992,0.0442,7.92063,0.876984
0,3,2.75,662,5303,626,0.0662,0.5303,0.0626,8.01057,0.945619
0,3,3,871,6918,913,0.0871,0.6918,0.0913,7.94259,1.04822
0,3,3.25,1091,8416,1237,0.1091,0.8416,0.1237,7.71402,1.13382
0,3,3.5,1376,10611,1760,0.1376,1.0611,0.176,7.71148,1.27907
0,3,3.75,1839,14686,2840,0.1839,1.4686,0.284,7.98586,1.54432
0,3,4,2389,18910,4474,0.2389,1.891,0.4474,7.91545,1.87275
0,3,4.25,3118,24319,7495,0.3118,2.4319,0.7495,7.79955,2.40378
0,3,4.5,4059,30171,12977,0.4059,3.0171,1.2977,7.43311,3.19709
0,3,4.75,5053,34181,21114,0.5053,3.4181,2.1114,6.7645,4.17851
0,3,5,5933,34794,30719,0.5933,3.4794,3.0719,5.86449,5.17765
0,3,5.25,6591,34015,39850,0.6591,3.4015,3.985,5.16083,6.04612
0,3,5.5,6963,31646,45763,0.6963,3.1646,4.5763,4.54488,6.57231
0,3,5.75,7234,30330,50508,0.7234,3.033,5.0508,4.1927,6.98203
0,3,6,7343,29512,52454,0.7343,2.9512,5.2454,4.01907,7.1434
0,3,6.25,7381,28724,52739,0.7381,2.8724,5.2739,3.89161,7.14524
0,3,6.5,7277,29271,51636,0.7277,2.9271,5.1636,4.0224,7.09578
0,3,6.75,7355,29186,52085,0.7355,2.9186,5.2085,3.96818,7.08158
0,3,7,7388,29148,52662,0.7388,2.9148,5.2662,3.94532,7.12805
0,3,7.25,7511,28736,53944,0.7511,2.8736,5.3944,3.82586,7.182
0,3,7.5,7423,28740,53366,0.7423,2.874,5.3366,3.87175,7.18928
0,3,7.75,7388,29209,52631,0.7388,2.9209,5.2631,3.95357,7.12385
0,3,8,7388,29500,52244,0.7388,2.95,5.2244,3.99296,7.07147
0,3,8.25,7397,29445,51948,0.7397,2.9445,5.1948,3.98067,7.02285
0,3,8.5,7455,29103,52540,0.7455,2.9103,5.254,3.90382,7.04762
0,3,8.75,7511,28820,53718,0.7511,2.882,5.3718,3.83704,7.15191
0,3,9,7507,28654,54240,0.7507,2.8654,5.424,3.81697,7.22526
0,3,9.25,7585,28193,55648,0.7585,2.8193,5.5648,3.71694,7.33659
0,3,9.5,7527,28438,54894,0.7527,2.8438,5.4894,3.77813,7.29295
0,3,9.75,7443,28707,53813,0.7443,2.8707,5.3813,3.85691,7.23001
0,3,10,7463,28214,54052,0.7463,2.8214,5.4052,3.78052,7.24266
0,3,10.25,7449,28839,53143,0.7449,2.8839,5.3143,3.87153,7.13425
0,3,10.5,7390,29716,51855,0.739,2.9716,5.1855,4.02111,7.01691
0,3,10.75,7406,29195,52719,0.7406,2.9195,5.2719,3.94207,7.11842
0,3,11,7488,29177,54156,0.7488,2.9177,5.4156,3.8965,7.23237
0,3,11.25,7470,28528,54264,0.747,2.8528,5.4264,3.81901,7.26426
0,3,11.5,7456,28351,54102,0.7456,2.8351,5.4102,3.80244,7.25617
0,3,11.75,7466,28645,53841,0.7466,2.8645,5.3841,3.83673,7.21149
0,3,12,7422,28967,53453,0.7422,2.8967,5.3453,3.90286,7.20197
0,3,12.25,7430,28704,53297,0.743,2.8704,5.3297,3.86326,7.17322
0,3,12.5,7475,28758,53656,0.7475,2.8758,5.3656,3.84722,7.17806
0,3,12.75,7572,28429,54944,0.7572,2.8429,5.4944,3.75449,7.25621
0,3,13,7640,27642,56632,0.764,2.7642,5.6632,3.61806,7.41257
0,3,13.25,7566,28184,55622,0.7566,2.8184,5.5622,3.72509,7.35157
0,3,13.5,7595,28407,55178,0.7595,2.8407,5.5178,3.74022,7.26504
0,3,13.75,7577,28117,55567,0.7577,2.8117,5.5567,3.71084,7.33364
0,3,14,7506,28821,54600,0.7506,2.8821,5.46,3.83973,7.27418
0,3,14.25,7475,28463,53919,0.7475,2.8463,5.3919,3.80776,7.21324
0,3,14.5,7406,29181,52428,0.7406,2.9181,5.2428,3.94018,7.07913
0,3,14.75,7538,28312,55107,0.7538,2.8312,5.5107,3.7559,7.31056
0,3,15,7509,28027,54929,0.7509,2.8027,5.4929,3.73245,7.31509
0,4,0,20,382,0,0.002,0.0382,0,19.1,0
0,4,0.25,58,735,37,0.0058,0.0735,0.0037,12.6724,0.637931
0,4,0.5,86,729,61,0.0086,0.0729,0.0061,8.47674,0.709302
0,4,0.75,95,656,63,0.0095,0.0656,0.0063,6.90526,0.663158
0,4,1,108,684,77,0.0108,0.0684,0.0077,6.33333,0.712963
0,4,1.25,134,937,101,0.0134,0.0937,0.0101,6.99254,0.753731
0,4,1.5,183,1361,142,0.0183,0.1361,0.0142,7.43716,0.775956
0,4,1.75,268,2303,218,0.0268,0.2303,0.0218,8.59328,0.813433
0,4,2,361,2986,314,0.0361,0.2986,0.0314,8.27147,0.869806
0,4,2.25,460,3510,396,0.046,0.351,0.0396,7.63043,0.86087
0,4,2.5,606,4509,555,0.0606,0.4509,0.0555,7.44059,0.915842
0,4,2.75,783,5951,787,0.0783,0.5951,0.0787,7.60026,1.00511
0,4,3,1011,7697,1118,0.1011,0.7697,0.1118,7.61325,1.10584
0,4,3.25,1301,9805,1658,0.1301,0.9805,0.1658,7.53651,1.2744
0,4,3.5,1689,13576,2475,0.1689,1.3576,0.2475,8.03789,1.46536
0,4,3.75,2189,17119,3766,0.2189,1.7119,0.3766,7.82047,1.72042
0,4,4,2865,22842,6367,0.2865,2.2842,0.6367,7.97277,2.22234
0,4,4.25,3685,28047,10412,0.3685,2.8047,1.0412,7.61113,2.82551
0,4,4.5,4649,32901,17635,0.4649,3.2901,1.7635,7.07701,3.79329
0,4,4.75,5519,34647,26297,0.5519,3.4647,2.6297,6.27777,4.76481
0,4,5,6248,34752,34643,0.6248,3.4752,3.4643,5.5621,5.54465
0,4,5.25,6884,32966,44183,0.6884,3.2966,4.4183,4.78879,6.41822
0,4,5.5,7239,30479,49778,0.7239,3.0479,4.9778,4.21039,6.87636
0,4,5.75,7393,29376,52532,0.7393,2.9376,5.2532,3.97349,7.10564
0,4,6,7425,28731,53331,0.7425,2.8731,5.3331,3.86949,7.18263
0,4,6.25,7402,29320,53462,0.7402,2.932,5.3462,3.96109,7.22264
0,4,6.5,7413,28963,53320,0.7413,2.8963,5.332,3.90706,7.19277
0,4,6.75,7465,28714,53834,0.7465,2.8714,5.3834,3.84648,7.21152
0,4,7,7518,28092,54799,0.7518,2.8092,5.4799,3.73663,7.28904
0,4,7.25,7472,28355,54381,0.7472,2.8355,5.4381,3.79483,7.27797
0,4,7.5,7513,28357,54966,0.7513,2.8357,5.4966,3.77439,7.31612
0,4,7.75,7508,28613,54500,0.7508,2.8613,5.45,3.811,7.25892
0,4,8,7375,29089,52302,0.7375,2.9089,5.2302,3.94427,7.0918
0,4,8.25,7427,29342,52634,0.7427,2.9342,5.2634,3.95072,7.08685
0,4,8.5,7434,29633,52853,0.7434,2.9633,5.2853,3.98614,7.10963
0,4,8.75,7449,29413,53216,0.7449,2.9413,5.3216,3.94858,7.14405
0,4,9,7501,28793,54339,0.7501,2.8793,5.4339,3.83855,7.24423
0,4,9.25,7508,28213,54311,0.7508,2.8213,5.4311,3.75773,7.23375
0,4,9.5,7448,28545,53772,0.7448,2.8545,5.3772,3.83257,7.21966
0,4,9.75,7424,28736,53514,0.7424,2.8736,5.3514,3.87069,7.20824
0,4,10,7467,28576,53758,0.7467,2.8576,5.3758,3.82697,7.19941
0,4,10.25,7391,28709,52620,0.7391,2.8709,5.262,3.88432,7.11947
0,4,10.5,7356,29468,52064,0.7356,2.9468,5.2064,4.00598,7.07776
0,4,10.75,7371,29411,52322,0.7371,2.9411,5.2322,3.9901,7.09836
0,4,11,7409,29032,52590,0.7409,2.9032,5.259,3.91848,7.09812
0,4,11.25,7423,28883,53195,0.7423,2.8883,5.3195,3.89101,7.16624
0,4,11.5,7438,29058,52784,0.7438,2.9058,5.2784,3.9067,7.09653
0,4,11.75,7429,29080,53211,0.7429,2.908,5.3211,3.91439,7.16261
0,4,12,7390,29044,52992,0.739,2.9044,5.2992,3.93018,7.17077
0,4,12.25,7377,29187,52306,0.7377,2.9187,5.2306,3.95649,7.09042
0,4,12.5,7448,29079,52671,0.7448,2.9079,5.2671,3.90427,7.07183
0,4,12.75,7428,29110,52953,0.7428,2.911,5.2953,3.91896,7.12884
0,4,13,7468,28841,53763,0.7468,2.8841,5.3763,3.86194,7.19912
0,4,13.25,7489,28774,54313,0.7489,2.8774,5.4313,3.84217,7.25237
0,4,13.5,7421,28457,53404,0.7421,2.8457,5.3404,3.83466,7.19633
0,4,13.75,7417,28897,52891,0.7417,2.8897,5.2891,3.89605,7.13105
0,4,14,7383,29371,52368,0.7383,2.9371,5.2368,3.97819,7.09305
0,4,14.25,7412,29047,53300,0.7412,2.9047,5.33,3.91892,7.19104
0,4,14.5,7441,28607,53592,0.7441,2.8607,5.3592,3.84451,7.20226
0,4,14.75,7417,28727,53563,0.7417,2.8727,5.3563,3.87313,7.22165
0,4,15,7419,29034,53046,0.7419,2.9034,5.3046,3.91347,7.15002
0,5,0,20,376,1,0.002,0.0376,0.0001,18.8,0.05
0,5,0.25,41,510,24,0.0041,0.051,0.0024,12.439,0.585366
0,5,0.5,58,547,37,0.0058,0.0547,0.0037,9.43103,0.637931
0,5,0.75,63,450,40,0.0063,0.045,0.004,7.14286,0.634921
0,5,1,83,534,59,0.0083,0.0534,0.0059,6.43373,0.710843
0,5,1.25,90,467,55,0.009,0.0467,0.0055,5.18889,0.611111
0,5,1.5,95,502,57,0.0095,0.0502,0.0057,5.28421,0.6
0,5,1.75,116,748,72,0.0116,0.0748,0.0072,6.44828,0.62069
0,5,2,155,1242,109,0.0155,0.1242,0.0109,8.0129,0.703226
0,5,2.25,180,1269,128,0.018,0.1269,0.0128,7.05,0.711111
0,5,2.5,202,1400,140,0.0202,0.14,0.014,6.93069,0.693069
0,5,2.75,239,1663,172,0.0239,0.1663,0.0172,6.95816,0.719665
0,5,3,303,2314,237,0.0303,0.2314,0.0237,7.63696,0.782178
0,5,3.25,364,2648,308,0.0364,0.2648,0.0308,7.27473,0.846154
0,5,3.5,470,3683,443,0.047,0.3683,0.0443,7.83617,0.942553
0,5,3.75,560,4286,478,0.056,0.4286,0.0478,7.65357,0.853571
0,5,4,721,5675,679,0.0721,0.5675,0.0679,7.87101,0.941748
0,5,4.25,1015,8487,1168,0.1015,0.8487,0.1168,8.36158,1.15074
0,5,4.5,1369,11444,1845,0.1369,1.1444,0.1845,8.35939,1.3477
0,5,4.75,1776,14333,2803,0.1776,1.4333,0.2803,8.07038,1.57827
0,5,5,2276,17773,4243,0.2276,1.7773,0.4243,7.80888,1.86424
0,5,5.25,2850,22188,6389,0.285,2.2188,0.6389,7.78526,2.24175
0,5,5.5,3663,27859,10649,0.3663,2.7859,1.0649,7.60551,2.90718
0,5,5.75,4612,32869,17448,0.4612,3.2869,1.7448,7.12684,3.78317
0,5,6,5590,35065,27335,0.559,3.5065,2.7335,6.27281,4.88998
0,5,6.25,6293,34441,35705,0.6293,3.4441,3.5705,5.47291,5.67376
0,5,6.5,6832,32497,43261,0.6832,3.2497,4.3261,4.75659,6.33211
0,5,6.75,7147,30895,49114,0.7147,3.0895,4.9114,4.32279,6.87197
0,5,7,7340,29041,52454,0.734,2.9041,5.2454,3.95654,7.14632
0,5,7.25,7345,28970,52120,0.7345,2.897,5.212,3.94418,7.09598
0,5,7.5,7330,29076,52271,0.733,2.9076,5.2271,3.96671,7.13111
0,5,7.75,7382,28583,53112,0.7382,2.8583,5.3112,3.87199,7.1948
0,5,8,7305,29048,51769,0.7305,2.9048,5.1769,3.97645,7.08679
0,5,8.25,7325,29838,51823,0.7325,2.9838,5.1823,4.07345,7.07481
0,5,8.5,7471,28562,53893,0.7471,2.8562,5.3893,3.82305,7.21363
0,5,8.75,7504,28610,54047,0.7504,2.861,5.4047,3.81263,7.20243
0,5,9,7437,28843,53218,0.7437,2.8843,5.3218,3.87831,7.15584
0,5,9.25,7461,28968,53441,0.7461,2.8968,5.3441,3.88259,7.16271
0,5,9.5,7429,29513,52625,0.7429,2.9513,5.2625,3.97267,7.08373
0,5,9.75,7457,28859,53087,0.7457,2.8859,5.3087,3.87005,7.11908
0,5,10,7512,28182,53956,0.7512,2.8182,5.3956,3.7516,7.18264
0,5,10.25,7545,28118,54702,0.7545,2.8118,5.4702,3.72671,7.2501
0,5,10.5,7518,28425,54450,0.7518,2.8425,5.445,3.78093,7.24262
0,5,10.75,7536,27970,55178,0.7536,2.797,5.5178,3.71152,7.32192
0,5,11,7479,28541,53701,0.7479,2.8541,5.3701,3.81615,7.18024
0,5,11.25,7399,29189,52084,0.7399,2.9189,5.2084,3.94499,7.03933
0,5,11.5,7471,29004,53497,0.7471,2.9004,5.3497,3.88221,7.16062
0,5,11.75,7463,28718,53690,0.7463,2.8718,5.369,3.84805,7.19416
0,5,12,7410,29009,52817,0.741,2.9009,5.2817,3.91484,7.1278
0,5,12.25,7450,28924,52894,0.745,2.8924,5.2894,3.88242,7.09987
0,5,12.5,7548,28330,54983,0.7548,2.833,5.4983,3.75331,7.28445
0,5,12.75,7475,28606,54049,0.7475,2.8606,5.4049,3.82689,7.23064
0,5,13,7395,29052,52940,0.7395,2.9052,5.294,3.9286,7.15889
0,5,13.25,7557,28539,55082,0.7557,2.8539,5.5082,3.7765,7.28887
0,5,13.5,7522,28679,54607,0.7522,2.8679,5.4607,3.81268,7.25964
0,5,13.75,7521,28251,54223,0.7521,2.8251,5.4223,3.75628,7.20955
0,5,14,7468,29113,53815,0.7468,2.9113,5.3815,3.89837,7.20608
0,5,14.25,7444,28625,53598,0.7444,2.8625,5.3598,3.84538,7.20016
0,5,14.5,7399,28945,52265,0.7399,2.8945,5.2265,3.91202,7.06379
0,5,14.75,7452,29069,53240,0.7452,2.9069,5.324,3.90083,7.14439
0,5,15,7459,28687,53373,0.7459,2.8687,5.3373,3.84596,7.15552
0,6,0,20,418,0,0.002,0.0418,0,20.9,0
0,6,0.25,36,409,18,0.0036,0.0409,0.0018,11.3611,0.5
0,6,0.5,48,470,26,0.0048,0.047,0.0026,9.79167,0.541667
0,6,0.75,59,534,36,0.0059,0.0534,0.0036,9.05085,0.610169
0,6,1,90,744,69,0.009,0.0744,0.0069,8.26667,0.766667
0,6,1.25,123,1023,94,0.0123,0.1023,0.0094,8.31707,0.764228
0,6,1.5,151,1214,114,0.0151,0.1214,0.0114,8.03974,0.754967
0,6,1.75,193,1542,142,0.0193,0.1542,0.0142,7.98964,0.735751
0,6,2,252,1881,202,0.0252,0.1881,0.0202,7.46429,0.801587
0,6,2.25,339,2601,287,0.0339,0.2601,0.0287,7.67257,0.846608
0,6,2.5,427,3366,352,0.0427,0.3366,0.0352,7.8829,0.824356
0,6,2.75,541,4271,459,0.0541,0.4271,0.0459,7.89464,0.848429
0,6,3,711,5696,684,0.0711,0.5696,0.0684,8.01125,0.962025
0,6,3.25,950,7988,1046,0.095,0.7988,0.1046,8.40842,1.10105
0,6,3.5,1239,10014,1543,0.1239,1.0014,0.1543,8.08232,1.24536
0,6,3.75,1730,14433,2667,0.173,1.4433,0.2667,8.34277,1.54162
0,6,4,2309,18634,4417,0.2309,1.8634,0.4417,8.07016,1.91295
0,6,4.25,3027,23617,7123,0.3027,2.3617,0.7123,7.80211,2.35315
0,6,4.5,3882,28891,11627,0.3882,2.8891,1.1627,7.4423,2.99511
0,6,4.75,4857,33262,18935,0.4857,3.3262,1.8935,6.84826,3.8985
0,6,5,5749,35135,28390,0.5749,3.5135,2.839,6.1115,4.93825
0,6,5.25,6391,34214,37035,0.6391,3.4214,3.7035,5.35347,5.79487
0,6,5.5,6859,32193,44115,0.6859,3.2193,4.4115,4.69354,6.4317
0,6,5.75,7142,30527,48979,0.7142,3.0527,4.8979,4.27429,6.85788
0,6,6,7345,29337,53232,0.7345,2.9337,5.3232,3.99415,7.24738
0,6,6.25,7420,28484,54247,0.742,2.8484,5.4247,3.83881,7.31092
0,6,6.5,7384,28626,53462,0.7384,2.8626,5.3462,3.87676,7.24025
0,6,6.75,7467,28428,54454,0.7467,2.8428,5.4454,3.80715,7.29262
0,6,7,7488,28273,54186,0.7488,2.8273,5.4186,3.77577,7.23638
0,6,7.25,7431,29154,53133,0.7431,2.9154,5.3133,3.92329,7.15018
0,6,7.5,7459,28649,53929,0.7459,2.8649,5.3929,3.84086,7.23006
0,6,7.75,7423,28636,53967,0.7423,2.8636,5.3967,3.85774,7.27024
0,6,8,7426,28441,53425,0.7426,2.8441,5.3425,3.82992,7.19432
0,6,8.25,7416,29134,52641,0.7416,2.9134,5.2641,3.92853,7.0983
0,6,8.5,7515,28285,54783,0.7515,2.8285,5.4783,3.76381,7.28982
0,6,8.75,7434,29055,53299,0.7434,2.9055,5.3299,3.90839,7.16963
0,6,9,7474,28618,53629,0.7474,2.8618,5.3629,3.82901,7.17541
0,6,9.25,7506,28778,54263,0.7506,2.8778,5.4263,3.834,7.22928
0,6,9.5,7501,28790,53732,0.7501,2.879,5.3732,3.83815,7.16331
0,6,9.75,7471,29134,53638,0.7471,2.9134,5.3638,3.89961,7.17949
0,6,10,7387,29106,52873,0.7387,2.9106,5.2873,3.94017,7.15757
0,6,10.25,7397,29017,52529,0.7397,2.9017,5.2529,3.92281,7.10139
0,6,10.5,7426,28749,52934,0.7426,2.8749,5.2934,3.8714,7.1282
0,6,10.75,7411,28904,52727,0.7411,2.8904,5.2727,3.90015,7.11469
0,6,11,7505,28776,54320,0.7505,2.8776,5.432,3.83424,7.23784
0,6,11.25,7562,28247,55283,0.7562,2.8247,5.5283,3.73539,7.31063
0,6,11.5,7436,28591,53469,0.7436,2.8591,5.3469,3.84494,7.19056
0,6,11.75,7489,28407,54030,0.7489,2.8407,5.403,3.79316,7.21458
0,6,12,7434,28838,53146,0.7434,2.8838,5.3146,3.8792,7.14904
0,6,12.25,7452,28521,53452,0.7452,2.8521,5.3452,3.82729,7.17284
0,6,12.5,7502,28432,54111,0.7502,2.8432,5.4111,3.78992,7.21288
0,6,12.75,7535,28470,54404,0.7535,2.847,5.4404,3.77837,7.22017
0,6,13,7541,28356,54433,0.7541,2.8356,5.4433,3.76024,7.21827
0,6,13.25,7505,28481,54497,0.7505,2.8481,5.4497,3.79494,7.26143
0,6,13.5,7473,29053,53840,0.7473,2.9053,5.384,3.88773,7.2046
0,6,13.75,7493,28590,53732,0.7493,2.859,5.3732,3.81556,7.17096
0,6,14,7457,29020,53530,0.7457,2.902,5.353,3.89165,7.17849
0,6,14.25,7511,28668,54497,0.7511,2.8668,5.4497,3.8168,7.25563
0,6,14.5,7401,28459,53280,0.7401,2.8459,5.328,3.84529,7.19903
0,6,14.75,7426,28942,52921,0.7426,2.8942,5.2921,3.89739,7.12645
0,6,15,7500,28285,54536,0.75,2.8285,5.4536,3.77133,7.27147
0,7,0,20,425,1,0.002,0.0425,0.0001,21.25,0.05
0,7,0.25,29,320,13,0.0029,0.032,0.0013,11.0345,0.448276
0,7,0.5,39,355,22,0.0039,0.0355,0.0022,9.10256,0.564103
0,7,0.75,45,291,26,0.0045,0.0291,0.0026,6.46667,0.577778
0,7,1,41,239,23,0.0041,0.0239,0.0023,5.82927,0.560976
0,7,1.25,42,225,22,0.0042,0.0225,0.0022,5.35714,0.52381
0,7,1.5,34,125,19,0.0034,0.0125,0.0019,3.67647,0.558824
0,7,1.75,33,118,18,0.0033,0.0118,0.0018,3.57576,0.545455
0,7,2,32,101,17,0.0032,0.0101,0.0017,3.15625,0.53125
0,7,2.25,30,165,13,0.003,0.0165,0.0013,5.5,0.433333
0,7,2.5,32,197,13,0.0032,0.0197,0.0013,6.15625,0.40625
0,7,2.75,32,148,17,0.0032,0.0148,0.0017,4.625,0.53125
0,7,3,43,362,29,0.0043,0.0362,0.0029,8.4186,0.674419
0,7,3.25,64,564,52,0.0064,0.0564,0.0052,8.8125,0.8125
0,7,3.5,89,746,78,0.0089,0.0746,0.0078,8.38202,0.876404
0,7,3.75,141,1265,134,0.0141,0.1265,0.0134,8.97163,0.950355
0,7,4,182,1578,153,0.0182,0.1578,0.0153,8.67033,0.840659
0,7,4.25,257,2193,209,0.0257,0.2193,0.0209,8.53307,0.81323
0,7,4.5,357,3033,313,0.0357,0.3033,0.0313,8.4958,0.876751
0,7,4.75,522,4603,512,0.0522,0.4603,0.0512,8.81801,0.980843
0,7,5,737,6217,751,0.0737,0.6217,0.0751,8.43555,1.019
0,7,5.25,1037,8757,1226,0.1037,0.8757,0.1226,8.44455,1.18226
0,7,5.5,1459,11973,2037,0.1459,1.1973,0.2037,8.20631,1.39616
0,7,5.75,1912,15385,3102,0.1912,1.5385,0.3102,8.04655,1.62238
0,7,6,2505,19814,5067,0.2505,1.9814,0.5067,7.90978,2.02275
0,7,6.25,3146,24038,7742,0.3146,2.4038,0.7742,7.64081,2.4609
0,7,6.5,4041,29471,12535,0.4041,2.9471,1.2535,7.293,3.10195
0,7,6.75,4941,33240,19682,0.4941,3.324,1.9682,6.72738,3.9834
0,7,7,5711,34223,27549,0.5711,3.4223,2.7549,5.99247,4.82385
0,7,7.25,6428,34264,37385,0.6428,3.4264,3.7385,5.33043,5.81596
0,7,7.5,6927,31761,45493,0.6927,3.1761,4.5493,4.5851,6.56749
0,7,7.75,7147,29837,49840,0.7147,2.9837,4.984,4.17476,6.97356
0,7,8,7231,29943,50753,0.7231,2.9943,5.0753,4.14092,7.01881
0,7,8.25,7380,29324,52671,0.738,2.9324,5.2671,3.97344,7.13699
0,7,8.5,7384,29169,52984,0.7384,2.9169,5.2984,3.9503,7.17551
0,7,8.75,7446,28871,53791,0.7446,2.8871,5.3791,3.87738,7.22415
0,7,9,7479,28901,54275,0.7479,2.8901,5.4275,3.86429,7.25699
0,7,9.25,7530,28161,55354,0.753,2.8161,5.5354,3.73984,7.35113
0,7,9.5,7496,28375,54806,0.7496,2.8375,5.4806,3.78535,7.31137
0,7,9.75,7548,28012,55678,0.7548,2.8012,5.5678,3.71118,7.37652
0,7,10,7415,28265,54096,0.7415,2.8265,5.4096,3.81187,7.29548
0,7,10.25,7316,29212,51780,0.7316,2.9212,5.178,3.99289,7.07764
0,7,10.5,7353,29217,51464,0.7353,2.9217,5.1464,3.97348,6.99905
0,7,10.75,7422,29200,52208,0.7422,2.92,5.2208,3.93425,7.03422
0,7,11,7407,29490,52116,0.7407,2.949,5.2116,3.98137,7.03605
0,7,11.25,7493,28757,54251,0.7493,2.8757,5.4251,3.83785,7.24022
0,7,11.5,7480,28603,53901,0.748,2.8603,5.3901,3.82393,7.20602
0,7,11.75,7487,28605,54389,0.7487,2.8605,5.4389,3.82062,7.26446
0,7,12,7418,28839,53204,0.7418,2.8839,5.3204,3.88771,7.17228
0,7,12.25,7467,28948,53285,0.7467,2.8948,5.3285,3.87679,7.13607
0,7,12.5,7464,29176,53441,0.7464,2.9176,5.3441,3.9089,7.15983
0,7,12.75,7507,28783,54598,0.7507,2.8783,5.4598,3.83415,7.27295
0,7,13,7442,28493,53254,0.7442,2.8493,5.3254,3.82868,7.15587
0,7,13.25,7526,28493,54420,0.7526,2.8493,5.442,3.78594,7.23093
0,7,13.5,7482,28635,54236,0.7482,2.8635,5.4236,3.82719,7.24886
0,7,13.75,7592,28257,56117,0.7592,2.8257,5.6117,3.72194,7.3916
0,7,14,7610,27946,56352,0.761,2.7946,5.6352,3.67227,7.40499
0,7,14.25,7562,28122,55516,0.7562,2.8122,5.5516,3.71886,7.34144
0,7,14.5,7459,28331,54246,0.7459,2.8331,5.4246,3.79823,7.27256
0,7,14.75,7413,29274,52746,0.7413,2.9274,5.2746,3.94901,7.11534
0,7,15,7398,29300,52155,0.7398,2.93,5.2155,3.96053,7.04988
0,8,0,20,399,1,0.002,0.0399,0.0001,19.95,0.05
0,8,0.25,34,428,15,0.0034,0.0428,0.0015,12.5882,0.441176
0,8,0.5,59,641,41,0.0059,0.0641,0.0041,10.8644,0.694915
0,8,0.75,91,823,72,0.0091,0.0823,0.0072,9.04396,0.791209
0,8,1,138,1312,108,0.0138,0.1312,0.0108,9.50725,0.782609
0,8,1.25,153,1217,110,0.0153,0.1217,0.011,7.95425,0.718954
0,8,1.5,193,1488,130,0.0193,0.1488,0.013,7.70984,0.673575
0,8,1.75,262,2096,198,0.0262,0.2096,0.0198,8,0.755725
0,8,2,325,2429,247,0.0325,0.2429,0.0247,7.47385,0.76
0,8,2.25,397,3125,309,0.0397,0.3125,0.0309,7.87154,0.778338
0,8,2.5,489,3709,427,0.0489,0.3709,0.0427,7.58487,0.873211
0,8,2.75,609,4567,543,0.0609,0.4567,0.0543,7.49918,0.891626
0,8,3,861,6912,927,0.0861,0.6912,0.0927,8.02787,1.07666
0,8,3.25,1150,9279,1383,0.115,0.9279,0.1383,8.0687,1.20261
0,8,3.5,1464,11427,1993,0.1464,1.1427,0.1993,7.80533,1.36134
0,8,3.75,1884,14922,3006,0.1884,1.4922,0.3006,7.92038,1.59554
0,8,4,2469,19518,4788,0.2469,1.9518,0.4788,7.90522,1.93925
0,8,4.25,3231,25717,8023,0.3231,2.5717,0.8023,7.95946,2.48313
0,8,4.5,4168,30993,14034,0.4168,3.0993,1.4034,7.43594,3.36708
0,8,4.75,5176,34277,22745,0.5176,3.4277,2.2745,6.6223,4.39432
0,8,5,6077,34591,32967,0.6077,3.4591,3.2967,5.69212,5.42488
0,8,5.25,6664,33093,40836,0.6664,3.3093,4.0836,4.96594,6.12785
0,8,5.5,6979,31284,46212,0.6979,3.1284,4.6212,4.48259,6.62158
0,8,5.75,7201,30795,49275,0.7201,3.0795,4.9275,4.27649,6.8428
0,8,6,7393,29256,52467,0.7393,2.9256,5.2467,3.95726,7.09685
0,8,6.25,7493,28544,54472,0.7493,2.8544,5.4472,3.80942,7.26972
0,8,6.5,7502,28385,54421,0.7502,2.8385,5.4421,3.78366,7.2542
0,8,6.75,7477,28297,54562,0.7477,2.8297,5.4562,3.78454,7.29731
0,8,7,7491,28401,54466,0.7491,2.8401,5.4466,3.79135,7.27086
0,8,7.25,7515,28095,55107,0.7515,2.8095,5.5107,3.73852,7.33293
0,8,7.5,7390,28461,52875,0.739,2.8461,5.2875,3.85129,7.15494
0,8,7.75,7372,29172,52521,0.7372,2.9172,5.2521,3.95714,7.12439
0,8,8,7448,29166,53287,0.7448,2.9166,5.3287,3.91595,7.15454
0,8,8.25,7509,28568,54658,0.7509,2.8568,5.4658,3.8045,7.279
0,8,8.5,7471,28911,53617,0.7471,2.8911,5.3617,3.86976,7.17668
0,8,8.75,7490,28933,54097,0.749,2.8933,5.4097,3.86288,7.22256
0,8,9,7434,28715,53443,0.7434,2.8715,5.3443,3.86266,7.189
0,8,9.25,7443,28985,53569,0.7443,2.8985,5.3569,3.89426,7.19723
0,8,9.5,7468,29097,53272,0.7468,2.9097,5.3272,3.89622,7.13337
0,8,9.75,7471,28825,53713,0.7471,2.8825,5.3713,3.85825,7.18953
0,8,10,7436,28873,53154,0.7436,2.8873,5.3154,3.88287,7.1482
0,8,10.25,7591,28034,55980,0.7591,2.8034,5.598,3.69306,7.37452
0,8,10.5,7542,27755,54920,0.7542,2.7755,5.492,3.68006,7.28189
0,8,10.75,7564,27379,56002,0.7564,2.7379,5.6002,3.61965,7.40375
0,8,11,7504,28099,55004,0.7504,2.8099,5.5004,3.74454,7.32996
0,8,11.25,7456,28849,53834,0.7456,2.8849,5.3834,3.86923,7.22023
0,8,11.5,7492,28287,54217,0.7492,2.8287,5.4217,3.77563,7.23665
0,8,11.75,7393,29173,52813,0.7393,2.9173,5.2813,3.94603,7.14365
0,8,12,7304,29477,51275,0.7304,2.9477,5.1275,4.03573,7.02013
0,8,12.25,7372,28964,51964,0.7372,2.8964,5.1964,3.92892,7.04883
0,8,12.5,7347,28977,52066,0.7347,2.8977,5.2066,3.94406,7.0867
0,8,12.75,7399,29492,52277,0.7399,2.9492,5.2277,3.98594,7.06541
0,8,13,7435,29151,53307,0.7435,2.9151,5.3307,3.92078,7.16974
0,8,13.25,7450,29015,53516,0.745,2.9015,5.3516,3.89463,7.18336
0,8,13.5,7558,28314,54939,0.7558,2.8314,5.4939,3.74623,7.26899
0,8,13.75,7466,28754,53773,0.7466,2.8754,5.3773,3.85133,7.20238
0,8,14,7444,29069,53860,0.7444,2.9069,5.386,3.90502,7.23536
0,8,14.25,7508,28221,54690,0.7508,2.8221,5.469,3.75879,7.28423
0,8,14.5,7496,28661,54123,0.7496,2.8661,5.4123,3.82351,7.22025
0,8,14.75,7486,28703,53747,0.7486,2.8703,5.3747,3.83422,7.17967
0,8,15,7541,28689,54348,0.7541,2.8689,5.4348,3.8044,7.207
0,9,0,20,392,0,0.002,0.0392,0,19.6,0
0,9,0.25,42,545,24,0.0042,0.0545,0.0024,12.9762,0.571429
0,9,0.5,83,857,62,0.0083,0.0857,0.0062,10.3253,0.746988
0,9,0.75,147,1412,120,0.0147,0.1412,0.012,9.60544,0.816327
0,9,1,211,1853,182,0.0211,0.1853,0.0182,8.78199,0.862559
0,9,1.25,263,2199,208,0.0263,0.2199,0.0208,8.36122,0.790875
0,9,1.5,356,3151,310,0.0356,0.3151,0.031,8.85112,0.870787
0,9,1.75,511,4633,482,0.0511,0.4633,0.0482,9.06654,0.943249
0,9,2,699,5787,725,0.0699,0.5787,0.0725,8.27897,1.0372
0,9,2.25,878,6781,954,0.0878,0.6781,0.0954,7.72323,1.08656
0,9,2.5,1109,8644,1311,0.1109,0.8644,0.1311,7.79441,1.18215
0,9,2.75,1481,11624,2028,0.1481,1.1624,0.2028,7.84875,1.36935
0,9,3,1925,14701,3107,0.1925,1.4701,0.3107,7.63688,1.61403
0,9,3.25,2490,19151,4786,0.249,1.9151,0.4786,7.69116,1.92209
0,9,3.5,3275,25128,8138,0.3275,2.5128,0.8138,7.67267,2.48489
0,9,3.75,4138,30781,13549,0.4138,3.0781,1.3549,7.43862,3.27429
0,9,4,5168,34455,22238,0.5168,3.4455,2.2238,6.66699,4.30302
0,9,4.25,6098,34781,33006,0.6098,3.4781,3.3006,5.70367,5.41259
0,9,4.5,6641,33200,40468,0.6641,3.32,4.0468,4.99925,6.09366
0,9,4.75,7126,31043,48345,0.7126,3.1043,4.8345,4.3563,6.78431
0,9,5,7260,30094,50567,0.726,3.0094,5.0567,4.14518,6.96515
0,9,5.25,7367,29297,52653,0.7367,2.9297,5.2653,3.97679,7.14714
0,9,5.5,7412,29009,53549,0.7412,2.9009,5.3549,3.91379,7.22464
0,9,5.75,7480,28472,54478,0.748,2.8472,5.4478,3.80642,7.28316
0,9,6,7423,28464,53324,0.7423,2.8464,5.3324,3.83457,7.18362
0,9,6.25,7464,29063,53636,0.7464,2.9063,5.3636,3.89376,7.18596
0,9,6.5,7490,28442,54901,0.749,2.8442,5.4901,3.79733,7.32991
0,9,6.75,7555,27481,55508,0.7555,2.7481,5.5508,3.63746,7.34719
0,9,7,7495,28528,54434,0.7495,2.8528,5.4434,3.80627,7.26271
0,9,7.25,7568,28185,55947,0.7568,2.8185,5.5947,3.72423,7.39257
0,9,7.5,7514,28843,54335,0.7514,2.8843,5.4335,3.83857,7.23117
0,9,7.75,7501,28762,53873,0.7501,2.8762,5.3873,3.83442,7.18211
0,9,8,7490,28146,53820,0.749,2.8146,5.382,3.75781,7.18558
0,9,8.25,7464,28632,53823,0.7464,2.8632,5.3823,3.83601,7.21101
0,9,8.5,7412,29235,53343,0.7412,2.9235,5.3343,3.94428,7.19684
0,9,8.75,7505,28471,54459,0.7505,2.8471,5.4459,3.7936,7.25636
0,9,9,7461,28201,54150,0.7461,2.8201,5.415,3.77979,7.25774
0,9,9.25,7412,29055,52965,0.7412,2.9055,5.2965,3.91999,7.14584
0,9,9.5,7432,28704,53301,0.7432,2.8704,5.3301,3.86222,7.17182
0,9,9.75,7444,28964,53445,0.7444,2.8964,5.3445,3.89092,7.17961
0,9,10,7551,28347,55235,0.7551,2.8347,5.5235,3.75407,7.31493
0,9,10.25,7519,28230,54675,0.7519,2.823,5.4675,3.75449,7.27158
0,9,10.5,7502,28786,54105,0.7502,2.8786,5.4105,3.83711,7.21208
0,9,10.75,7438,28700,53448,0.7438,2.87,5.3448,3.85856,7.1858
0,9,11,7437,28611,53317,0.7437,2.8611,5.3317,3.84712,7.16915
0,9,11.25,7461,28868,53610,0.7461,2.8868,5.361,3.86919,7.18536
0,9,11.5,7511,29075,54511,0.7511,2.9075,5.4511,3.87099,7.25749
0,9,11.75,7583,28434,55400,0.7583,2.8434,5.54,3.7497,7.30582
0,9,12,7463,28590,53886,0.7463,2.859,5.3886,3.8309,7.22042
0,9,12.25,7484,28506,54202,0.7484,2.8506,5.4202,3.80893,7.24238
0,9,12.5,7480,28656,54179,0.748,2.8656,5.4179,3.83102,7.24318
0,9,12.75,7459,29163,53332,0.7459,2.9163,5.3332,3.90977,7.15002
0,9,13,7431,29055,52633,0.7431,2.9055,5.2633,3.90997,7.0829
0,9,13.25,7508,29121,53706,0.7508,2.9121,5.3706,3.87866,7.15317
0,9,13.5,7498,28681,54363,0.7498,2.8681,5.4363,3.82515,7.25033
0,9,13.75,7450,28722,53471,0.745,2.8722,5.3471,3.8553,7.17732
0,9,14,7459,28282,53864,0.7459,2.8282,5.3864,3.79166,7.22134
0,9,14.25,7496,28445,54231,0.7496,2.8445,5.4231,3.79469,7.23466
0,9,14.5,7519,28491,54587,0.7519,2.8491,5.4587,3.7892,7.25987
0,9,14.75,7448,28537,53554,0.7448,2.8537,5.3554,3.8315,7.19039
0,9,15,7545,28463,55186,0.7545,2.8463,5.5186,3.77243,7.31425
0,10,0,20,466,1,0.002,0.0466,0.0001,23.3,0.05
0,10,0.25,54,726,37,0.0054,0.0726,0.0037,13.4444,0.685185
0,10,0.5,93,1074,69,0.0093,0.1074,0.0069,11.5484,0.741935
0,10,0.75,120,1007,85,0.012,0.1007,0.0085,8.39167,0.708333
0,10,1,165,1324,125,0.0165,0.1324,0.0125,8.02424,0.757576
0,10,1.25,209,1721,170,0.0209,0.1721,0.017,8.23445,0.813397
0,10,1.5,275,2300,214,0.0275,0.23,0.0214,8.36364,0.778182
0,10,1.75,365,3002,294,0.0365,0.3002,0.0294,8.22466,0.805479
0,10,2,484,3762,414,0.0484,0.3762,0.0414,7.77273,0.855372
0,10,2.25,593,4445,518,0.0593,0.4445,0.0518,7.49578,0.873524
0,10,2.5,737,5892,696,0.0737,0.5892,0.0696,7.99457,0.944369
0,10,2.75,921,7001,954,0.0921,0.7001,0.0954,7.60152,1.03583
0,10,3,1135,8986,1304,0.1135,0.8986,0.1304,7.91718,1.1489
0,10,3.25,1521,11956,2091,0.1521,1.1956,0.2091,7.86062,1.37475
0,10,3.5,2024,15910,3399,0.2024,1.591,0.3399,7.86067,1.67935
0,10,3.75,2619,20698,5365,0.2619,2.0698,0.5365,7.90302,2.04849
0,10,4,3368,25878,8779,0.3368,2.5878,0.8779,7.68349,2.60659
0,10,4.25,4282,30779,14415,0.4282,3.0779,1.4415,7.188,3.36642
0,10,4.5,5295,34854,23367,0.5295,3.4854,2.3367,6.58244,4.41303
0,10,4.75,6172,34669,34238,0.6172,3.4669,3.4238,5.61714,5.54731
0,10,5,6650,33313,40654,0.665,3.3313,4.0654,5.00947,6.11338
0,10,5.25,7088,31306,47739,0.7088,3.1306,4.7739,4.41676,6.73519
0,10,5.5,7326,29674,51669,0.7326,2.9674,5.1669,4.05051,7.05283
0,10,5.75,7451,28766,53906,0.7451,2.8766,5.3906,3.86069,7.23473
0,10,6,7439,28581,54118,0.7439,2.8581,5.4118,3.84205,7.2749
0,10,6.25,7390,28789,53098,0.739,2.8789,5.3098,3.89567,7.18512
0,10,6.5,7429,28791,53851,0.7429,2.8791,5.3851,3.87549,7.24875
0,10,6.75,7531,28249,54883,0.7531,2.8249,5.4883,3.75103,7.28761
0,10,7,7506,28580,54155,0.7506,2.858,5.4155,3.80762,7.21489
0,10,7.25,7462,28866,53494,0.7462,2.8866,5.3494,3.8684,7.16886
0,10,7.5,7384,29202,52738,0.7384,2.9202,5.2738,3.95477,7.1422
0,10,7.75,7479,28629,53896,0.7479,2.8629,5.3896,3.82792,7.20631
0,10,8,7462,28715,53890,0.7462,2.8715,5.389,3.84816,7.22192
0,10,8.25,7561,28773,55248,0.7561,2.8773,5.5248,3.80545,7.30697
0,10,8.5,7517,28336,53849,0.7517,2.8336,5.3849,3.76959,7.16363
0,10,8.75,7439,29011,52844,0.7439,2.9011,5.2844,3.89985,7.10364
0,10,9,7492,28782,53611,0.7492,2.8782,5.3611,3.8417,7.15577
0,10,9.25,7528,28959,54299,0.7528,2.8959,5.4299,3.84684,7.21294
0,10,9.5,7531,28374,54576,0.7531,2.8374,5.4576,3.76763,7.24685
0,10,9.75,7577,27988,55714,0.7577,2.7988,5.5714,3.69381,7.35304
0,10,10,7527,28229,55143,0.7527,2.8229,5.5143,3.75037,7.32603
0,10,10.25,7544,28293,55123,0.7544,2.8293,5.5123,3.7504,7.30687
0,10,10.5,7539,28194,55023,0.7539,2.8194,5.5023,3.73975,7.29845
0,10,10.75,7420,28444,53507,0.742,2.8444,5.3507,3.83342,7.21119
0,10,11,7427,28547,53453,0.7427,2.8547,5.3453,3.84368,7.19712
0,10,11.25,7501,28457,54100,0.7501,2.8457,5.41,3.79376,7.21237
0,10,11.5,7506,28886,54023,0.7506,2.8886,5.4023,3.84839,7.19731
0,10,11.75,7522,28545,54110,0.7522,2.8545,5.411,3.79487,7.19357
0,10,12,7502,28435,54506,0.7502,2.8435,5.4506,3.79032,7.26553
0,10,12.25,7424,29033,53332,0.7424,2.9033,5.3332,3.9107,7.18373
0,10,12.5,7399,29613,52114,0.7399,2.9613,5.2114,4.0023,7.04338
0,10,12.75,7458,29161,53374,0.7458,2.9161,5.3374,3.91003,7.15661
0,10,13,7435,29345,53077,0.7435,2.9345,5.3077,3.94687,7.1388
0,10,13.25,7384,29011,52277,0.7384,2.9011,5.2277,3.9289,7.07977
0,10,13.5,7453,28947,53267,0.7453,2.8947,5.3267,3.88394,7.14705
0,10,13.75,7477,28367,54427,0.7477,2.8367,5.4427,3.7939,7.27926
0,10,14,7431,29051,53350,0.7431,2.9051,5.335,3.90943,7.17938
0,10,14.25,7522,28530,54438,0.7522,2.853,5.4438,3.79287,7.23717
0,10,14.5,7457,28924,53538,0.7457,2.8924,5.3538,3.87877,7.17956
0,10,14.75,7502,28460,54608,0.7502,2.846,5.4608,3.79366,7.27913
0,10,15,7407,29742,53010,0.7407,2.9742,5.301,4.01539,7.15674
0,11,0,20,376,0,0.002,0.0376,0,18.8,0
0,11,0.25,42,544,23,0.0042,0.0544,0.0023,12.9524,0.547619
0,11,0.5,69,744,44,0.0069,0.0744,0.0044,10.7826,0.637681
0,11,0.75,112,1102,81,0.0112,0.1102,0.0081,9.83929,0.723214
0,11,1,174,1477,149,0.0174,0.1477,0.0149,8.48851,0.856322
0,11,1.25,213,1579,176,0.0213,0.1579,0.0176,7.41315,0.826291
0,11,1.5,273,1986,228,0.0273,0.1986,0.0228,7.27473,0.835165
0,11,1.75,335,2589,277,0.0335,0.2589,0.0277,7.72836,0.826866
0,11,2,411,3112,355,0.0411,0.3112,0.0355,7.57178,0.863747
0,11,2.25,519,3841,470,0.0519,0.3841,0.047,7.40077,0.905588
0,11,2.5,670,5168,633,0.067,0.5168,0.0633,7.71343,0.944776
0,11,2.75,871,6989,893,0.0871,0.6989,0.0893,8.02411,1.02526
0,11,3,1092,8541,1244,0.1092,0.8541,0.1244,7.82143,1.13919
0,11,3.25,1430,11289,1909,0.143,1.1289,0.1909,7.89441,1.33497
0,11,3.5,1926,15426,3153,0.1926,1.5426,0.3153,8.00935,1.63707
0,11,3.75,2501,19837,5033,0.2501,1.9837,0.5033,7.93163,2.0124
0,11,4,3183,24357,7879,0.3183,2.4357,0.7879,7.65221,2.47534
0,11,4.25,4109,30073,13183,0.4109,3.0073,1.3183,7.31881,3.20832
0,11,4.5,4982,34044,20626,0.4982,3.4044,2.0626,6.8334,4.1401
0,11,4.75,5896,35195,30251,0.5896,3.5195,3.0251,5.9693,5.13077
0,11,5,6596,33768,40091,0.6596,3.3768,4.0091,5.11947,6.07808
0,11,5.25,7017,31242,46913,0.7017,3.1242,4.6913,4.45233,6.68562
0,11,5.5,7236,29737,50743,0.7236,2.9737,5.0743,4.10959,7.01258
0,11,5.75,7403,29311,52867,0.7403,2.9311,5.2867,3.95934,7.14129
0,11,6,7351,28970,52586,0.7351,2.897,5.2586,3.94096,7.15358
0,11,6.25,7383,29251,52610,0.7383,2.9251,5.261,3.96194,7.12583
0,11,6.5,7493,28657,53731,0.7493,2.8657,5.3731,3.8245,7.17083
0,11,6.75,7515,28699,54060,0.7515,2.8699,5.406,3.8189,7.19361
0,11,7,7495,28654,54484,0.7495,2.8654,5.4484,3.82308,7.26938
0,11,7.25,7462,28770,53826,0.7462,2.877,5.3826,3.85553,7.21335
0,11,7.5,7492,28493,54320,0.7492,2.8493,5.432,3.80312,7.2504
0,11,7.75,7385,29206,52629,0.7385,2.9206,5.2629,3.95477,7.12647
0,11,8,7476,29145,53622,0.7476,2.9145,5.3622,3.89848,7.17255
0,11,8.25,7457,28771,53283,0.7457,2.8771,5.3283,3.85825,7.14537
0,11,8.5,7457,29044,53071,0.7457,2.9044,5.3071,3.89486,7.11694
0,11,8.75,7523,28180,54649,0.7523,2.818,5.4649,3.74585,7.26426
0,11,9,7523,28744,54800,0.7523,2.8744,5.48,3.82082,7.28433
0,11,9.25,7430,28907,53464,0.743,2.8907,5.3464,3.89058,7.19569
0,11,9.5,7421,29020,53575,0.7421,2.902,5.3575,3.91052,7.21938
0,11,9.75,7493,28236,54371,0.7493,2.8236,5.4371,3.76832,7.25624
0,11,10,7446,28951,53471,0.7446,2.8951,5.3471,3.88813,7.18117
0,11,10.25,7456,29101,53284,0.7456,2.9101,5.3284,3.90303,7.14646
0,11,10.5,7478,28693,53137,0.7478,2.8693,5.3137,3.83699,7.10578
0,11,10.75,7479,29541,53351,0.7479,2.9541,5.3351,3.94986,7.13344
0,11,11,7482,29242,53541,0.7482,2.9242,5.3541,3.90831,7.15597
0,11,11.25,7480,28884,54130,0.748,2.8884,5.413,3.8615,7.23663
0,11,11.5,7499,28742,53847,0.7499,2.8742,5.3847,3.83278,7.18056
0,11,11.75,7453,29024,53691,0.7453,2.9024,5.3691,3.89427,7.20394
0,11,12,7445,29174,53121,0.7445,2.9174,5.3121,3.9186,7.13512
0,11,12.25,7485,29315,53434,0.7485,2.9315,5.3434,3.9165,7.13881
0,11,12.5,7495,29108,53666,0.7495,2.9108,5.3666,3.88366,7.16024
0,11,12.75,7448,28825,53840,0.7448,2.8825,5.384,3.87017,7.22879
0,11,13,7411,28521,53557,0.7411,2.8521,5.3557,3.84847,7.22669
0,11,13.25,7368,28683,52544,0.7368,2.8683,5.2544,3.89292,7.13138
0,11,13.5,7454,28493,53615,0.7454,2.8493,5.3615,3.82251,7.19278
0,11,13.75,7440,28458,53538,0.744,2.8458,5.3538,3.825,7.19597
0,11,14,7423,29045,52585,0.7423,2.9045,5.2585,3.91284,7.08406
0,11,14.25,7441,28775,53095,0.7441,2.8775,5.3095,3.86709,7.13547
0,11,14.5,7406,29464,52730,0.7406,2.9464,5.273,3.9784,7.1199
0,11,14.75,7548,28563,54985,0.7548,2.8563,5.4985,3.78418,7.28471
0,11,15,7532,28202,55172,0.7532,2.8202,5.5172,3.74429,7.32501
0,12,0,20,380,0,0.002,0.038,0,19,0
0,12,0.25,43,485,27,0.0043,0.0485,0.0027,11.2791,0.627907
0,12,0.5,59,528,41,0.0059,0.0528,0.0041,8.94915,0.694915
0,12,0.75,63,487,39,0.0063,0.0487,0.0039,7.73016,0.619048
0,12,1,95,750,66,0.0095,0.075,0.0066,7.89474,0.694737
0,12,1.25,108,829,73,0.0108,0.0829,0.0073,7.67593,0.675926
0,12,1.5,144,1089,106,0.0144,0.1089,0.0106,7.5625,0.736111
0,12,1.75,174,1273,124,0.0174,0.1273,0.0124,7.31609,0.712644
0,12,2,229,1741,176,0.0229,0.1741,0.0176,7.60262,0.768559
0,12,2.25,276,2164,214,0.0276,0.2164,0.0214,7.84058,0.775362
0,12,2.5,373,2865,321,0.0373,0.2865,0.0321,7.68097,0.86059
0,12,2.75,462,3658,422,0.0462,0.3658,0.0422,7.91775,0.91342
0,12,3,635,5239,632,0.0635,0.5239,0.0632,8.25039,0.995276
0,12,3.25,776,5995,792,0.0776,0.5995,0.0792,7.72552,1.02062
0,12,3.5,1040,8374,1210,0.104,0.8374,0.121,8.05192,1.16346
0,12,3.75,1393,11086,1876,0.1393,1.1086,0.1876,7.95836,1.34673
0,12,4,1805,14132,2785,0.1805,1.4132,0.2785,7.82936,1.54294
0,12,4.25,2304,18312,4303,0.2304,1.8312,0.4303,7.94792,1.86762
0,12,4.5,3072,23791,7308,0.3072,2.3791,0.7308,7.74447,2.37891
0,12,4.75,3964,29790,12411,0.3964,2.979,1.2411,7.51514,3.13093
0,12,5,4941,34084,20375,0.4941,3.4084,2.0375,6.8982,4.12366
0,12,5.25,5942,34823,30955,0.5942,3.4823,3.0955,5.86048,5.20953
0,12,5.5,6602,33078,39544,0.6602,3.3078,3.9544,5.0103,5.9897
0,12,5.75,7017,31905,45971,0.7017,3.1905,4.5971,4.54681,6.55138
0,12,6,7178,30310,49510,0.7178,3.031,4.951,4.22262,6.89746
0,12,6.25,7349,29089,52537,0.7349,2.9089,5.2537,3.95823,7.14886
0,12,6.5,7441,28947,53685,0.7441,2.8947,5.3685,3.8902,7.21476
0,12,6.75,7443,29336,53145,0.7443,2.9336,5.3145,3.94142,7.14027
0,12,7,7481,28937,54205,0.7481,2.8937,5.4205,3.86807,7.24569
0,12,7.25,7453,28477,53829,0.7453,2.8477,5.3829,3.82088,7.22246
0,12,7.5,7522,28150,54975,0.7522,2.815,5.4975,3.74236,7.30856
0,12,7.75,7508,28207,54880,0.7508,2.8207,5.488,3.75693,7.30954
0,12,8,7533,28366,54869,0.7533,2.8366,5.4869,3.76556,7.28382
0,12,8.25,7542,28339,54549,0.7542,2.8339,5.4549,3.75749,7.2327
0,12,8.5,7504,28381,54126,0.7504,2.8381,5.4126,3.78212,7.21295
0,12,8.75,7518,28217,54274,0.7518,2.8217,5.4274,3.75326,7.21921
0,12,9,7520,29232,54026,0.752,2.9232,5.4026,3.88723,7.18431
0,12,9.25,7455,29457,53049,0.7455,2.9457,5.3049,3.95131,7.1159
0,12,9.5,7398,29652,52910,0.7398,2.9652,5.291,4.00811,7.15193
0,12,9.75,7440,28717,53760,0.744,2.8717,5.376,3.85981,7.22581
0,12,10,7411,29451,52670,0.7411,2.9451,5.267,3.97396,7.107
0,12,10.25,7372,29081,52272,0.7372,2.9081,5.2272,3.94479,7.09061
0,12,10.5,7341,29374,51681,0.7341,2.9374,5.1681,4.00136,7.04005
0,12,10.75,7387,29330,52018,0.7387,2.933,5.2018,3.97049,7.04183
0,12,11,7443,28955,53422,0.7443,2.8955,5.3422,3.89023,7.17748
0,12,11.25,7416,28823,53053,0.7416,2.8823,5.3053,3.8866,7.15386
0,12,11.5,7393,28860,52371,0.7393,2.886,5.2371,3.90369,7.08386
0,12,11.75,7406,29211,52484,0.7406,2.9211,5.2484,3.94423,7.08669
0,12,12,7478,28844,53955,0.7478,2.8844,5.3955,3.85718,7.21516
0,12,12.25,7450,28859,53465,0.745,2.8859,5.3465,3.87369,7.17651
0,12,12.5,7425,28829,53131,0.7425,2.8829,5.3131,3.88269,7.15569
0,12,12.75,7385,29599,52423,0.7385,2.9599,5.2423,4.00799,7.09858
0,12,13,7414,28800,53090,0.7414,2.88,5.309,3.88454,7.16078
0,12,13.25,7428,28833,52984,0.7428,2.8833,5.2984,3.88166,7.13301
0,12,13.5,7427,28884,53311,0.7427,2.8884,5.3311,3.88905,7.178
0,12,13.75,7388,29364,52056,0.7388,2.9364,5.2056,3.97455,7.04602
0,12,14,7410,29505,52120,0.741,2.9505,5.212,3.98178,7.03374
0,12,14.25,7440,29085,52638,0.744,2.9085,5.2638,3.90927,7.075
0,12,14.5,7479,28905,53891,0.7479,2.8905,5.3891,3.86482,7.20564
0,12,14.75,7512,28494,54903,0.7512,2.8494,5.4903,3.79313,7.30871
0,12,15,7465,27922,53783,0.7465,2.7922,5.3783,3.74039,7.20469
0,13,0,20,388,0,0.002,0.0388,0,19.4,0
0,13,0.25,47,506,30,0.0047,0.0506,0.003,10.766,0.638298
0,13,0.5,122,1314,102,0.0122,0.1314,0.0102,10.7705,0.836066
0,13,0.75,153,1320,123,0.0153,0.132,0.0123,8.62745,0.803922
0,13,1,192,1661,148,0.0192,0.1661,0.0148,8.65104,0.770833
0,13,1.25,263,2203,199,0.0263,0.2203,0.0199,8.37643,0.756654
0,13,1.5,337,2830,273,0.0337,0.283,0.0273,8.39763,0.810089
0,13,1.75,420,2979,369,0.042,0.2979,0.0369,7.09286,0.878571
0,13,2,549,4274,523,0.0549,0.4274,0.0523,7.78506,0.952641
0,13,2.25,711,5423,712,0.0711,0.5423,0.0712,7.62729,1.00141
0,13,2.5,888,7055,972,0.0888,0.7055,0.0972,7.94482,1.09459
0,13,2.75,1144,9151,1368,0.1144,0.9151,0.1368,7.99913,1.1958
0,13,3,1511,12248,2107,0.1511,1.2248,0.2107,8.10589,1.39444
0,13,3.25,1923,14881,3117,0.1923,1.4881,0.3117,7.73843,1.6209
0,13,3.5,2563,20026,5136,0.2563,2.0026,0.5136,7.8135,2.0039
0,13,3.75,3276,24760,8220,0.3276,2.476,0.822,7.558,2.50916
0,13,4,3985,29190,12161,0.3985,2.919,1.2161,7.32497,3.05169
0,13,4.25,4919,33905,19843,0.4919,3.3905,1.9843,6.89266,4.03395
0,13,4.5,5787,34616,28862,0.5787,3.4616,2.8862,5.98168,4.98739
0,13,4.75,6584,33829,39445,0.6584,3.3829,3.9445,5.13806,5.99104
0,13,5,6988,31860,46088,0.6988,3.186,4.6088,4.55924,6.59531
0,13,5.25,7128,30235,48672,0.7128,3.0235,4.8672,4.24172,6.82828
0,13,5.5,7273,30062,51245,0.7273,3.0062,5.1245,4.13337,7.04592
0,13,5.75,7326,29246,52640,0.7326,2.9246,5.264,3.99208,7.18537
0,13,6,7394,28479,53850,0.7394,2.8479,5.385,3.85164,7.28293
0,13,6.25,7316,29050,52364,0.7316,2.905,5.2364,3.97075,7.15746
0,13,6.5,7339,28950,52017,0.7339,2.895,5.2017,3.94468,7.08775
0,13,6.75,7418,28841,53252,0.7418,2.8841,5.3252,3.88798,7.17875
0,13,7,7420,28730,53342,0.742,2.873,5.3342,3.87197,7.18895
0,13,7.25,7360,29274,52007,0.736,2.9274,5.2007,3.97745,7.06617
0,13,7.5,7446,28760,53264,0.7446,2.876,5.3264,3.86248,7.15337
0,13,7.75,7397,28947,52292,0.7397,2.8947,5.2292,3.91334,7.06935
0,13,8,7378,28900,51910,0.7378,2.89,5.191,3.91705,7.03578
0,13,8.25,7469,28910,53398,0.7469,2.891,5.3398,3.87067,7.14928
0,13,8.5,7459,29067,53314,0.7459,2.9067,5.3314,3.8969,7.14761
0,13,8.75,7541,28677,54575,0.7541,2.8677,5.4575,3.80281,7.2371
0,13,9,7555,28105,55240,0.7555,2.8105,5.524,3.72005,7.31171
0,13,9.25,7470,28308,54037,0.747,2.8308,5.4037,3.78956,7.23387
0,13,9.5,7388,29226,52950,0.7388,2.9226,5.295,3.95587,7.16703
0,13,9.75,7387,28726,52757,0.7387,2.8726,5.2757,3.88872,7.14187
0,13,10,7436,28630,53539,0.7436,2.863,5.3539,3.85019,7.19997
0,13,10.25,7464,28630,53929,0.7464,2.863,5.3929,3.83574,7.22521
0,13,10.5,7445,28830,53005,0.7445,2.883,5.3005,3.8724,7.11954
0,13,10.75,7474,28763,53722,0.7474,2.8763,5.3722,3.84841,7.18785
0,13,11,7480,29103,53380,0.748,2.9103,5.338,3.89078,7.13636
0,13,11.25,7381,29464,51770,0.7381,2.9464,5.177,3.99187,7.01395
0,13,11.5,7430,28867,53524,0.743,2.8867,5.3524,3.8852,7.20377
0,13,11.75,7376,28901,53153,0.7376,2.8901,5.3153,3.91825,7.20621
0,13,12,7429,29031,53413,0.7429,2.9031,5.3413,3.90779,7.1898
0,13,12.25,7357,28943,52190,0.7357,2.8943,5.219,3.93408,7.09392
0,13,12.5,7436,29245,52828,0.7436,2.9245,5.2828,3.93289,7.10436
0,13,12.75,7397,29314,52719,0.7397,2.9314,5.2719,3.96296,7.12708
0,13,13,7455,28985,53782,0.7455,2.8985,5.3782,3.88799,7.21422
0,13,13.25,7433,29013,53437,0.7433,2.9013,5.3437,3.90327,7.18916
0,13,13.5,7510,28657,54558,0.751,2.8657,5.4558,3.81585,7.26471
0,13,13.75,7516,28684,54711,0.7516,2.8684,5.4711,3.81639,7.27927
0,13,14,7433,29029,53062,0.7433,2.9029,5.3062,3.90542,7.13871
0,13,14.25,7379,29372,52321,0.7379,2.9372,5.2321,3.98049,7.09053
0,13,14.5,7527,28775,54698,0.7527,2.8775,5.4698,3.8229,7.26691
0,13,14.75,7436,29259,53383,0.7436,2.9259,5.3383,3.93478,7.17899
0,13,15,7464,28729,53669,0.7464,2.8729,5.3669,3.84901,7.19038
0,14,0,20,385,1,0.002,0.0385,0.0001,19.25,0.05
0,14,0.25,35,423,16,0.0035,0.0423,0.0016,12.0857,0.457143
0,14,0.5,39,298,17,0.0039,0.0298,0.0017,7.64103,0.435897
0,14,0.75,59,477,38,0.0059,0.0477,0.0038,8.08475,0.644068
0,14,1,82,708,61,0.0082,0.0708,0.0061,8.63415,0.743902
0,14,1.25,104,896,72,0.0104,0.0896,0.0072,8.61538,0.692308
0,14,1.5,144,1226,108,0.0144,0.1226,0.0108,8.51389,0.75
0,14,1.75,177,1321,134,0.0177,0.1321,0.0134,7.46328,0.757062
0,14,2,232,1837,169,0.0232,0.1837,0.0169,7.9181,0.728448
0,14,2.25,249,1574,171,0.0249,0.1574,0.0171,6.32129,0.686747
0,14,2.5,291,1970,206,0.0291,0.197,0.0206,6.76976,0.707904
0,14,2.75,370,2671,275,0.037,0.2671,0.0275,7.21892,0.743243
0,14,3,475,3558,386,0.0475,0.3558,0.0386,7.49053,0.812632
0,14,3.25,615,4837,580,0.0615,0.4837,0.058,7.86504,0.943089
0,14,3.5,841,6964,891,0.0841,0.6964,0.0891,8.28062,1.05945
0,14,3.75,1115,9117,1360,0.1115,0.9117,0.136,8.17668,1.21973
0,14,4,1533,12677,2253,0.1533,1.2677,0.2253,8.26941,1.46967
0,14,4.25,2011,16416,3378,0.2011,1.6416,0.3378,8.1631,1.67976
0,14,4.5,2553,20085,5156,0.2553,2.0085,0.5156,7.86722,2.01958
0,14,4.75,3346,26089,8735,0.3346,2.6089,0.8735,7.79707,2.61058
0,14,5,4333,31895,14846,0.4333,3.1895,1.4846,7.36095,3.42626
0,14,5.25,5205,34163,22744,0.5205,3.4163,2.2744,6.5635,4.36964
0,14,5.5,6012,34997,31996,0.6012,3.4997,3.1996,5.82119,5.32202
0,14,5.75,6655,33262,41391,0.6655,3.3262,4.1391,4.99805,6.21953
0,14,6,6978,31186,46275,0.6978,3.1186,4.6275,4.46919,6.63156
0,14,6.25,7194,30175,49210,0.7194,3.0175,4.921,4.19447,6.84042
0,14,6.5,7312,29584,51237,0.7312,2.9584,5.1237,4.04595,7.00725
0,14,6.75,7408,29190,53093,0.7408,2.919,5.3093,3.94033,7.16698
0,14,7,7416,28842,53840,0.7416,2.8842,5.384,3.88916,7.25998
0,14,7.25,7438,28654,53858,0.7438,2.8654,5.3858,3.85238,7.24092
0,14,7.5,7500,28699,54410,0.75,2.8699,5.441,3.82653,7.25467
0,14,7.75,7466,28810,53896,0.7466,2.881,5.3896,3.85883,7.21886
0,14,8,7512,28654,54191,0.7512,2.8654,5.4191,3.81443,7.21392
0,14,8.25,7481,28779,53237,0.7481,2.8779,5.3237,3.84695,7.11629
0,14,8.5,7476,28783,53525,0.7476,2.8783,5.3525,3.85005,7.15958
0,14,8.75,7445,29226,53027,0.7445,2.9226,5.3027,3.92559,7.1225
0,14,9,7454,29019,53529,0.7454,2.9019,5.3529,3.89308,7.18124
0,14,9.25,7433,29304,52987,0.7433,2.9304,5.2987,3.94242,7.12862
0,14,9.5,7498,28954,54224,0.7498,2.8954,5.4224,3.86156,7.2318
0,14,9.75,7529,28295,54565,0.7529,2.8295,5.4565,3.75814,7.24731
0,14,10,7524,28528,54287,0.7524,2.8528,5.4287,3.7916,7.21518
0,14,10.25,7481,29026,53297,0.7481,2.9026,5.3297,3.87996,7.12431
0,14,10.5,7518,29010,53854,0.7518,2.901,5.3854,3.85874,7.16334
0,14,10.75,7514,28042,54474,0.7514,2.8042,5.4474,3.73197,7.24967
0,14,11,7475,28616,53725,0.7475,2.8616,5.3725,3.82823,7.18729
0,14,11.25,7400,29143,52297,0.74,2.9143,5.2297,3.93824,7.06716
0,14,11.5,7465,29641,53243,0.7465,2.9641,5.3243,3.97066,7.13235
0,14,11.75,7518,28126,55077,0.7518,2.8126,5.5077,3.74115,7.32602
0,14,12,7452,28433,53978,0.7452,2.8433,5.3978,3.81549,7.24342
0,14,12.25,7454,28575,53674,0.7454,2.8575,5.3674,3.83351,7.2007
0,14,12.5,7398,29328,52284,0.7398,2.9328,5.2284,3.96431,7.06732
0,14,12.75,7467,29365,52901,0.7467,2.9365,5.2901,3.93264,7.08464
0,14,13,7440,29610,52684,0.744,2.961,5.2684,3.97984,7.08118
0,14,13.25,7402,28852,52794,0.7402,2.8852,5.2794,3.89787,7.1324
0,14,13.5,7401,29245,52911,0.7401,2.9245,5.2911,3.95149,7.14917
0,14,13.75,7444,28837,53594,0.7444,2.8837,5.3594,3.87386,7.19962
0,14,14,7470,29018,53884,0.747,2.9018,5.3884,3.88461,7.21339
0,14,14.25,7439,29008,53129,0.7439,2.9008,5.3129,3.89945,7.14195
0,14,14.5,7469,28724,53721,0.7469,2.8724,5.3721,3.84576,7.19253
0,14,14.75,7427,28807,53554,0.7427,2.8807,5.3554,3.87869,7.21072
0,14,15,7499,28180,54289,0.7499,2.818,5.4289,3.75783,7.2395
0,15,0,20,417,0,0.002,0.0417,0,20.85,0
0,15,0.25,60,801,43,0.006,0.0801,0.0043,13.35,0.716667
0,15,0.5,79,732,59,0.0079,0.0732,0.0059,9.26582,0.746835
0,15,0.75,137,1372,102,0.0137,0.1372,0.0102,10.0146,0.744526
0,15,1,247,2542,215,0.0247,0.2542,0.0215,10.2915,0.870445
0,15,1.25,404,3908,399,0.0404,0.3908,0.0399,9.67327,0.987624
0,15,1.5,539,4431,532,0.0539,0.4431,0.0532,8.22078,0.987013
0,15,1.75,677,5192,689,0.0677,0.5192,0.0689,7.66913,1.01773
0,15,2,915,7173,1038,0.0915,0.7173,0.1038,7.83934,1.13443
0,15,2.25,1221,9378,1548,0.1221,0.9378,0.1548,7.68059,1.26781
0,15,2.5,1601,12519,2315,0.1601,1.2519,0.2315,7.81949,1.44597
0,15,2.75,1991,15147,3226,0.1991,1.5147,0.3226,7.60773,1.62029
0,15,3,2607,20587,5329,0.2607,2.0587,0.5329,7.89682,2.04411
0,15,3.25,3412,26636,9136,0.3412,2.6636,0.9136,7.80657,2.67761
0,15,3.5,4429,32199,15795,0.4429,3.2199,1.5795,7.27004,3.56627
0,15,3.75,5402,35050,24893,0.5402,3.505,2.4893,6.48834,4.60811
0,15,4,6195,34063,34748,0.6195,3.4063,3.4748,5.49847,5.60904
0,15,4.25,6760,32468,42842,0.676,3.2468,4.2842,4.80296,6.33757
0,15,4.5,7109,30336,48234,0.7109,3.0336,4.8234,4.26727,6.78492
0,15,4.75,7283,29925,51176,0.7283,2.9925,5.1176,4.10888,7.02677
0,15,5,7307,29868,51720,0.7307,2.9868,5.172,4.08759,7.07814
0,15,5.25,7311,29350,51836,0.7311,2.935,5.1836,4.0145,7.09014
0,15,5.5,7385,29381,52759,0.7385,2.9381,5.2759,3.97847,7.14408
0,15,5.75,7376,28752,52952,0.7376,2.8752,5.2952,3.89805,7.17896
0,15,6,7386,29344,52153,0.7386,2.9344,5.2153,3.97292,7.06106
0,15,6.25,7380,29448,51878,0.738,2.9448,5.1878,3.99024,7.02954
0,15,6.5,7403,28913,52424,0.7403,2.8913,5.2424,3.90558,7.08145
0,15,6.75,7466,28851,53548,0.7466,2.8851,5.3548,3.86432,7.17225
0,15,7,7442,28596,53480,0.7442,2.8596,5.348,3.84252,7.18624
0,15,7.25,7486,29281,53835,0.7486,2.9281,5.3835,3.91143,7.19142
0,15,7.5,7477,28585,53780,0.7477,2.8585,5.378,3.82306,7.19272
0,15,7.75,7413,28934,53212,0.7413,2.8934,5.3212,3.90314,7.1782
0,15,8,7452,29109,53119,0.7452,2.9109,5.3119,3.9062,7.12815
0,15,8.25,7442,29166,52655,0.7442,2.9166,5.2655,3.91911,7.07538
0,15,8.5,7418,29277,52883,0.7418,2.9277,5.2883,3.94675,7.12901
0,15,8.75,7398,28720,52741,0.7398,2.872,5.2741,3.88213,7.12909
0,15,9,7404,29298,52927,0.7404,2.9298,5.2927,3.95705,7.14843
0,15,9.25,7388,28981,53195,0.7388,2.8981,5.3195,3.92271,7.20019
0,15,9.5,7402,28260,53490,0.7402,2.826,5.349,3.81789,7.22643
0,15,9.75,7446,28898,53501,0.7446,2.8898,5.3501,3.88101,7.1852
0,15,10,7474,29069,53477,0.7474,2.9069,5.3477,3.88935,7.15507
0,15,10.25,7536,28626,54504,0.7536,2.8626,5.4504,3.79857,7.23248
0,15,10.5,7517,28806,54697,0.7517,2.8806,5.4697,3.83211,7.27644
0,15,10.75,7537,28563,54596,0.7537,2.8563,5.4596,3.7897,7.24373
0,15,11,7483,28812,53981,0.7483,2.8812,5.3981,3.85033,7.21382
0,15,11.25,7492,28244,54250,0.7492,2.8244,5.425,3.76989,7.24106
0,15,11.5,7456,28940,53748,0.7456,2.894,5.3748,3.88144,7.20869
0,15,11.75,7499,28291,54435,0.7499,2.8291,5.4435,3.77264,7.25897
0,15,12,7564,28073,55234,0.7564,2.8073,5.5234,3.7114,7.30222
0,15,12.25,7506,28415,54444,0.7506,2.8415,5.4444,3.78564,7.2534
0,15,12.5,7438,28397,53652,0.7438,2.8397,5.3652,3.81783,7.21323
0,15,12.75,7468,28713,53932,0.7468,2.8713,5.3932,3.8448,7.22175
0,15,13,7503,28530,54473,0.7503,2.853,5.4473,3.80248,7.26016
0,15,13.25,7558,28801,55155,0.7558,2.8801,5.5155,3.81066,7.29757
0,15,13.5,7478,28682,54511,0.7478,2.8682,5.4511,3.83552,7.28952
0,15,13.75,7452,29143,53511,0.7452,2.9143,5.3511,3.91076,7.18076
0,15,14,7438,28576,53393,0.7438,2.8576,5.3393,3.84189,7.17841
0,15,14.25,7362,29079,52364,0.7362,2.9079,5.2364,3.94988,7.11274
0,15,14.5,7383,29352,52136,0.7383,2.9352,5.2136,3.97562,7.06163
0,15,14.75,7436,29107,52842,0.7436,2.9107,5.2842,3.91434,7.10624
0,15,15,7457,28744,53136,0.7457,2.8744,5.3136,3.85463,7.12565
0,16,0,20,407,2,0.002,0.0407,0.0002,20.35,0.1
0,16,0.25,47,650,32,0.0047,0.065,0.0032,13.8298,0.680851
0,16,0.5,64,687,48,0.0064,0.0687,0.0048,10.7344,0.75
0,16,0.75,131,1360,113,0.0131,0.136,0.0113,10.3817,0.862595
0,16,1,179,1626,140,0.0179,0.1626,0.014,9.0838,0.782123
0,16,1.25,276,2403,240,0.0276,0.2403,0.024,8.70652,0.869565
0,16,1.5,401,3403,362,0.0401,0.3403,0.0362,8.48628,0.902743
0,16,1.75,509,3973,446,0.0509,0.3973,0.0446,7.8055,0.876228
0,16,2,650,5092,607,0.065,0.5092,0.0607,7.83385,0.933846
0,16,2.25,836,6518,845,0.0836,0.6518,0.0845,7.79665,1.01077
0,16,2.5,1083,8744,1247,0.1083,0.8744,0.1247,8.07387,1.15143
0,16,2.75,1437,11795,1906,0.1437,1.1795,0.1906,8.20807,1.32637
0,16,3,1863,15035,2915,0.1863,1.5035,0.2915,8.07032,1.56468
0,16,3.25,2442,19843,4772,0.2442,1.9843,0.4772,8.12572,1.95414
0,16,3.5,3223,25160,8290,0.3223,2.516,0.829,7.80639,2.57214
0,16,3.75,4107,29779,13373,0.4107,2.9779,1.3373,7.25079,3.25615
0,16,4,4981,33750,20484,0.4981,3.375,2.0484,6.77575,4.11243
0,16,4.25,5907,35123,30337,0.5907,3.5123,3.0337,5.946,5.13577
0,16,4.5,6557,33328,39140,0.6557,3.3328,3.914,5.08281,5.96919
0,16,4.75,6935,32153,45497,0.6935,3.2153,4.5497,4.63634,6.56049
0,16,5,7169,30726,49459,0.7169,3.0726,4.9459,4.28595,6.89901
0,16,5.25,7305,29047,52283,0.7305,2.9047,5.2283,3.97632,7.15715
0,16,5.5,7472,28234,54311,0.7472,2.8234,5.4311,3.77864,7.2686
0,16,5.75,7489,28182,54566,0.7489,2.8182,5.4566,3.76312,7.28615
0,16,6,7483,28252,54429,0.7483,2.8252,5.4429,3.77549,7.27369
0,16,6.25,7498,28511,54379,0.7498,2.8511,5.4379,3.80248,7.25247
0,16,6.5,7574,28551,55386,0.7574,2.8551,5.5386,3.76961,7.31265
0,16,6.75,7499,28855,53967,0.7499,2.8855,5.3967,3.84785,7.19656
0,16,7,7477,28740,54047,0.7477,2.874,5.4047,3.84379,7.22843
0,16,7.25,7471,28880,53602,0.7471,2.888,5.3602,3.86561,7.17468
0,16,7.5,7469,28966,53897,0.7469,2.8966,5.3897,3.87816,7.21609
0,16,7.75,7492,28895,54159,0.7492,2.8895,5.4159,3.85678,7.22891
0,16,8,7512,28540,54419,0.7512,2.854,5.4419,3.79925,7.24428
0,16,8.25,7497,28536,54203,0.7497,2.8536,5.4203,3.80632,7.22996
0,16,8.5,7487,28650,53777,0.7487,2.865,5.3777,3.82663,7.18272
0,16,8.75,7533,28266,54384,0.7533,2.8266,5.4384,3.75229,7.21943
0,16,9,7504,28776,54146,0.7504,2.8776,5.4146,3.83475,7.21562
0,16,9.25,7437,28698,53262,0.7437,2.8698,5.3262,3.85881,7.16176
0,16,9.5,7408,29119,53064,0.7408,2.9119,5.3064,3.93075,7.16307
0,16,9.75,7393,29145,52678,0.7393,2.9145,5.2678,3.94224,7.12539
0,16,10,7385,29088,52614,0.7385,2.9088,5.2614,3.93879,7.12444
0,16,10.25,7427,29809,52313,0.7427,2.9809,5.2313,4.0136,7.04362
0,16,10.5,7359,29594,51104,0.7359,2.9594,5.1104,4.02147,6.94442
0,16,10.75,7365,29870,51467,0.7365,2.987,5.1467,4.05567,6.98805
0,16,11,7464,28983,53176,0.7464,2.8983,5.3176,3.88304,7.12433
0,16,11.25,7447,29010,53294,0.7447,2.901,5.3294,3.89553,7.15644
0,16,11.5,7493,28796,53935,0.7493,2.8796,5.3935,3.84305,7.19805
0,16,11.75,7468,28984,54174,0.7468,2.8984,5.4174,3.88109,7.25415
0,16,12,7580,28267,55786,0.758,2.8267,5.5786,3.72916,7.35963
0,16,12.25,7495,28544,54812,0.7495,2.8544,5.4812,3.80841,7.31314
0,16,12.5,7477,27872,54495,0.7477,2.7872,5.4495,3.7277,7.28835
0,16,12.75,7469,29096,53632,0.7469,2.9096,5.3632,3.89557,7.18061
0,16,13,7405,28758,53001,0.7405,2.8758,5.3001,3.88359,7.15746
0,16,13.25,7419,28576,53169,0.7419,2.8576,5.3169,3.85173,7.1666
0,16,13.5,7446,28974,53453,0.7446,2.8974,5.3453,3.89122,7.17875
0,16,13.75,7466,28564,53843,0.7466,2.8564,5.3843,3.82588,7.21176
0,16,14,7486,28660,54263,0.7486,2.866,5.4263,3.82848,7.2486
0,16,14.25,7445,28893,53926,0.7445,2.8893,5.3926,3.88086,7.24325
0,16,14.5,7455,29104,53609,0.7455,2.9104,5.3609,3.90396,7.19101
0,16,14.75,7430,29310,52853,0.743,2.931,5.2853,3.94482,7.11346
0,16,15,7364,29294,51881,0.7364,2.9294,5.1881,3.978,7.04522
0,17,0,20,405,0,0.002,0.0405,0,20.25,0
0,17,0.25,33,384,18,0.0033,0.0384,0.0018,11.6364,0.545455
0,17,0.5,53,576,37,0.0053,0.0576,0.0037,10.8679,0.698113
0,17,0.75,102,1044,86,0.0102,0.1044,0.0086,10.2353,0.843137
0,17,1,147,1335,122,0.0147,0.1335,0.0122,9.08163,0.829932
0,17,1.25,174,1359,132,0.0174,0.1359,0.0132,7.81034,0.758621
0,17,1.5,226,1781,182,0.0226,0.1781,0.0182,7.88053,0.80531
0,17,1.75,296,2201,247,0.0296,0.2201,0.0247,7.43581,0.834459
0,17,2,367,2643,308,0.0367,0.2643,0.0308,7.20163,0.839237
0,17,2.25,472,3672,418,0.0472,0.3672,0.0418,7.77966,0.885593
0,17,2.5,619,4895,594,0.0619,0.4895,0.0594,7.90792,0.959612
0,17,2.75,829,6402,939,0.0829,0.6402,0.0939,7.72256,1.13269
0,17,3,1160,9527,1460,0.116,0.9527,0.146,8.21293,1.25862
0,17,3.25,1543,12969,2251,0.1543,1.2969,0.2251,8.40506,1.45885
0,17,3.5,2110,17638,3757,0.211,1.7638,0.3757,8.35924,1.78057
0,17,3.75,2799,21887,6150,0.2799,2.1887,0.615,7.81958,2.19721
0,17,4,3562,26892,9759,0.3562,2.6892,0.9759,7.54969,2.73975
0,17,4.25,4467,31323,15421,0.4467,3.1323,1.5421,7.01209,3.45221
0,17,4.5,5424,34685,24247,0.5424,3.4685,2.4247,6.39473,4.47032
0,17,4.75,6276,35058,34816,0.6276,3.5058,3.4816,5.58604,5.54748
0,17,5,6733,32751,41662,0.6733,3.2751,4.1662,4.86425,6.18773
0,17,5.25,7076,31234,47611,0.7076,3.1234,4.7611,4.41408,6.72852
0,17,5.5,7257,30205,50431,0.7257,3.0205,5.0431,4.16219,6.94929
0,17,5.75,7338,29564,51992,0.7338,2.9564,5.1992,4.02889,7.08531
0,17,6,7402,28693,53792,0.7402,2.8693,5.3792,3.87638,7.26723
0,17,6.25,7407,28737,53691,0.7407,2.8737,5.3691,3.87971,7.24868
0,17,6.5,7430,28894,53865,0.743,2.8894,5.3865,3.88883,7.24966
0,17,6.75,7449,28479,53669,0.7449,2.8479,5.3669,3.8232,7.20486
0,17,7,7432,28833,53075,0.7432,2.8833,5.3075,3.87957,7.14142
0,17,7.25,7412,29443,52194,0.7412,2.9443,5.2194,3.97234,7.04182
0,17,7.5,7419,29332,52635,0.7419,2.9332,5.2635,3.95363,7.09462
0,17,7.75,7378,29027,52582,0.7378,2.9027,5.2582,3.93426,7.12686
0,17,8,7337,29224,52032,0.7337,2.9224,5.2032,3.9831,7.09173
0,17,8.25,7419,28726,53577,0.7419,2.8726,5.3577,3.87195,7.22159
0,17,8.5,7401,28806,53228,0.7401,2.8806,5.3228,3.89218,7.192
0,17,8.75,7434,29058,53087,0.7434,2.9058,5.3087,3.9088,7.14111
0,17,9,7596,28132,55391,0.7596,2.8132,5.5391,3.70353,7.29213
0,17,9.25,7500,28696,54337,0.75,2.8696,5.4337,3.82613,7.24493
0,17,9.5,7516,28207,54588,0.7516,2.8207,5.4588,3.75293,7.26291
0,17,9.75,7485,28233,54207,0.7485,2.8233,5.4207,3.77194,7.24208
0,17,10,7435,28906,53241,0.7435,2.8906,5.3241,3.88783,7.16086
0,17,10.25,7406,29154,52826,0.7406,2.9154,5.2826,3.93654,7.13287
0,17,10.5,7449,29001,53055,0.7449,2.9001,5.3055,3.89327,7.12243
0,17,10.75,7445,28906,53051,0.7445,2.8906,5.3051,3.88261,7.12572
0,17,11,7470,28988,53047,0.747,2.8988,5.3047,3.88059,7.10134
0,17,11.25,7423,29163,53193,0.7423,2.9163,5.3193,3.92874,7.16597
0,17,11.5,7379,29435,52137,0.7379,2.9435,5.2137,3.98902,7.06559
0,17,11.75,7439,28979,53405,0.7439,2.8979,5.3405,3.89555,7.17906
0,17,12,7479,28392,53953,0.7479,2.8392,5.3953,3.79623,7.21393
0,17,12.25,7510,28462,54689,0.751,2.8462,5.4689,3.78988,7.28216
0,17,12.5,7555,28377,55484,0.7555,2.8377,5.5484,3.75606,7.34401
0,17,12.75,7563,28103,55341,0.7563,2.8103,5.5341,3.71585,7.31733
0,17,13,7532,28489,54686,0.7532,2.8489,5.4686,3.7824,7.26049
0,17,13.25,7490,28888,54265,0.749,2.8888,5.4265,3.85688,7.24499
0,17,13.5,7436,28374,53742,0.7436,2.8374,5.3742,3.81576,7.22727
0,17,13.75,7400,29164,52598,0.74,2.9164,5.2598,3.94108,7.10784
0,17,14,7450,28536,53348,0.745,2.8536,5.3348,3.83034,7.16081
0,17,14.25,7422,28966,52330,0.7422,2.8966,5.233,3.90272,7.05066
0,17,14.5,7433,29087,52199,0.7433,2.9087,5.2199,3.91322,7.0226
0,17,14.75,7461,28733,53299,0.7461,2.8733,5.3299,3.85109,7.14368
0,17,15,7524,28414,54970,0.7524,2.8414,5.497,3.77645,7.30595
0,18,0,20,386,0,0.002,0.0386,0,19.3,0
0,18,0.25,34,428,18,0.0034,0.0428,0.0018,12.5882,0.529412
0,18,0.5,42,393,29,0.0042,0.0393,0.0029,9.35714,0.690476
0,18,0.75,58,514,44,0.0058,0.0514,0.0044,8.86207,0.758621
0,18,1,83,763,62,0.0083,0.0763,0.0062,9.19277,0.746988
0,18,1.25,117,1012,87,0.0117,0.1012,0.0087,8.64957,0.74359
0,18,1.5,145,1136,107,0.0145,0.1136,0.0107,7.83448,0.737931
0,18,1.75,195,1620,135,0.0195,0.162,0.0135,8.30769,0.692308
0,18,2,302,2629,246,0.0302,0.2629,0.0246,8.7053,0.81457
0,18,2.25,379,3075,315,0.0379,0.3075,0.0315,8.11346,0.831135
0,18,2.5,507,4034,454,0.0507,0.4034,0.0454,7.95661,0.895464
0,18,2.75,668,5493,633,0.0668,0.5493,0.0633,8.22305,0.947605
0,18,3,853,6613,864,0.0853,0.6613,0.0864,7.75264,1.0129
0,18,3.25,1200,9829,1430,0.12,0.9829,0.143,8.19083,1.19167
0,18,3.5,1538,12123,2144,0.1538,1.2123,0.2144,7.88231,1.39402
0,18,3.75,2029,15930,3362,0.2029,1.593,0.3362,7.85116,1.65697
0,18,4,2566,19617,5061,0.2566,1.9617,0.5061,7.64497,1.97233
0,18,4.25,3295,25070,8317,0.3295,2.507,0.8317,7.6085,2.52413
0,18,4.5,4109,29800,13320,0.4109,2.98,1.332,7.25237,3.24166
0,18,4.75,5079,34345,21074,0.5079,3.4345,2.1074,6.76216,4.14924
0,18,5,5962,34888,30543,0.5962,3.4888,3.0543,5.85173,5.12295
0,18,5.25,6662,33533,40411,0.6662,3.3533,4.0411,5.03347,6.0659
0,18,5.5,6987,31062,46149,0.6987,3.1062,4.6149,4.44568,6.60498
0,18,5.75,7149,30348,49060,0.7149,3.0348,4.906,4.24507,6.8625
0,18,6,7256,30121,51199,0.7256,3.0121,5.1199,4.15119,7.05609
0,18,6.25,7377,29095,52634,0.7377,2.9095,5.2634,3.94402,7.13488
0,18,6.5,7411,28855,53222,0.7411,2.8855,5.3222,3.89354,7.18149
0,18,6.75,7364,29230,52495,0.7364,2.923,5.2495,3.96931,7.1286
0,18,7,7375,28424,52987,0.7375,2.8424,5.2987,3.8541,7.18468
0,18,7.25,7410,28978,53022,0.741,2.8978,5.3022,3.91066,7.15547
0,18,7.5,7409,29253,52962,0.7409,2.9253,5.2962,3.94831,7.14833
0,18,7.75,7504,28462,54586,0.7504,2.8462,5.4586,3.79291,7.27425
0,18,8,7554,28462,55551,0.7554,2.8462,5.5551,3.76781,7.35385
0,18,8.25,7547,27741,55827,0.7547,2.7741,5.5827,3.67577,7.39724
0,18,8.5,7499,28387,54493,0.7499,2.8387,5.4493,3.78544,7.2667
0,18,8.75,7426,28232,53303,0.7426,2.8232,5.3303,3.80178,7.17789
0,18,9,7412,28977,52950,0.7412,2.8977,5.295,3.90947,7.14382
0,18,9.25,7390,29143,52846,0.739,2.9143,5.2846,3.94357,7.15101
0,18,9.5,7440,28344,53345,0.744,2.8344,5.3345,3.80968,7.17003
0,18,9.75,7440,29161,53152,0.744,2.9161,5.3152,3.91949,7.14409
0,18,10,7402,28894,53069,0.7402,2.8894,5.3069,3.90354,7.16955
0,18,10.25,7363,28825,52412,0.7363,2.8825,5.2412,3.91484,7.11829
0,18,10.5,7361,29295,51889,0.7361,2.9295,5.1889,3.97976,7.04918
0,18,10.75,7342,29786,52012,0.7342,2.9786,5.2012,4.05693,7.08417
0,18,11,7377,29237,52695,0.7377,2.9237,5.2695,3.96326,7.14315
0,18,11.25,7397,29401,52117,0.7397,2.9401,5.2117,3.97472,7.04569
0,18,11.5,7420,29421,52918,0.742,2.9421,5.2918,3.96509,7.13181
0,18,11.75,7450,28646,53656,0.745,2.8646,5.3656,3.8451,7.20215
0,18,12,7384,28985,52992,0.7384,2.8985,5.2992,3.92538,7.1766
0,18,12.25,7405,29080,52922,0.7405,2.908,5.2922,3.92708,7.14679
0,18,12.5,7404,28938,53233,0.7404,2.8938,5.3233,3.90843,7.18976
0,18,12.75,7465,28514,53716,0.7465,2.8514,5.3716,3.81969,7.19571
0,18,13,7454,28595,53788,0.7454,2.8595,5.3788,3.8362,7.21599
0,18,13.25,7432,29119,53266,0.7432,2.9119,5.3266,3.91806,7.16712
0,18,13.5,7514,28617,54357,0.7514,2.8617,5.4357,3.80849,7.2341
0,18,13.75,7531,28474,54326,0.7531,2.8474,5.4326,3.78091,7.21365
0,18,14,7449,28591,53908,0.7449,2.8591,5.3908,3.83823,7.23694
0,18,14.25,7410,29216,53000,0.741,2.9216,5.3,3.94278,7.1525
0,18,14.5,7399,28957,52606,0.7399,2.8957,5.2606,3.91364,7.10988
0,18,14.75,7440,29146,53061,0.744,2.9146,5.3061,3.91747,7.13185
0,18,15,7509,28622,53916,0.7509,2.8622,5.3916,3.81169,7.18018
0,19,0,20,416,1,0.002,0.0416,0.0001,20.8,0.05
0,19,0.25,51,678,31,0.0051,0.0678,0.0031,13.2941,0.607843
0,19,0.5,79,796,55,0.0079,0.0796,0.0055,10.0759,0.696203
0,19,0.75,120,1160,89,0.012,0.116,0.0089,9.66667,0.741667
0,19,1,180,1608,154,0.018,0.1608,0.0154,8.93333,0.855556
0,19,1.25,259,2355,223,0.0259,0.2355,0.0223,9.09266,0.861004
0,19,1.5,365,3033,337,0.0365,0.3033,0.0337,8.30959,0.923288
0,19,1.75,470,3674,434,0.047,0.3674,0.0434,7.81702,0.923404
0,19,2,580,4521,543,0.058,0.4521,0.0543,7.79483,0.936207
0,19,2.25,717,5476,693,0.0717,0.5476,0.0693,7.63738,0.966527
0,19,2.5,941,7450,1023,0.0941,0.745,0.1023,7.91711,1.08714
0,19,2.75,1231,9790,1517,0.1231,0.979,0.1517,7.95288,1.23233
0,19,3,1563,12302,2210,0.1563,1.2302,0.221,7.87076,1.41395
0,19,3.25,2101,16950,3626,0.2101,1.695,0.3626,8.06759,1.72584
0,19,3.5,2675,21134,5614,0.2675,2.1134,0.5614,7.90056,2.09869
0,19,3.75,3457,26995,9403,0.3457,2.6995,0.9403,7.80879,2.71999
0,19,4,4533,32769,16865,0.4533,3.2769,1.6865,7.22899,3.72049
0,19,4.25,5447,34337,24917,0.5447,3.4337,2.4917,6.30384,4.57444
0,19,4.5,6148,35060,33690,0.6148,3.506,3.369,5.70267,5.47983
0,19,4.75,6775,32609,43174,0.6775,3.2609,4.3174,4.81314,6.37255
0,19,5,7049,31173,47629,0.7049,3.1173,4.7629,4.42233,6.75684
0,19,5.25,7263,29981,50840,0.7263,2.9981,5.084,4.12791,6.99986
0,19,5.5,7379,29374,53108,0.7379,2.9374,5.3108,3.98076,7.19718
0,19,5.75,7476,28542,54109,0.7476,2.8542,5.4109,3.81782,7.23769
0,19,6,7494,28457,54635,0.7494,2.8457,5.4635,3.7973,7.2905
0,19,6.25,7471,28924,53637,0.7471,2.8924,5.3637,3.8715,7.17936
0,19,6.5,7494,28505,54627,0.7494,2.8505,5.4627,3.80371,7.28943
0,19,6.75,7635,27622,56843,0.7635,2.7622,5.6843,3.61781,7.44506
0,19,7,7542,28091,55042,0.7542,2.8091,5.5042,3.72461,7.29806
0,19,7.25,7512,28429,54435,0.7512,2.8429,5.4435,3.78448,7.24641
0,19,7.5,7476,28825,53702,0.7476,2.8825,5.3702,3.85567,7.18325
0,19,7.75,7413,29481,52554,0.7413,2.9481,5.2554,3.97693,7.08944
0,19,8,7421,29067,52914,0.7421,2.9067,5.2914,3.91686,7.13031
0,19,8.25,7495,28883,53880,0.7495,2.8883,5.388,3.85364,7.18879
0,19,8.5,7521,28545,54728,0.7521,2.8545,5.4728,3.79537,7.27669
0,19,8.75,7497,28303,54673,0.7497,2.8303,5.4673,3.77524,7.29265
0,19,9,7470,28491,54073,0.747,2.8491,5.4073,3.81406,7.23869
0,19,9.25,7436,28342,53568,0.7436,2.8342,5.3568,3.81146,7.20387
0,19,9.5,7440,29165,53238,0.744,2.9165,5.3238,3.92003,7.15565
0,19,9.75,7493,29057,53628,0.7493,2.9057,5.3628,3.87789,7.15708
0,19,10,7464,28536,54009,0.7464,2.8536,5.4009,3.82315,7.23593
0,19,10.25,7493,28520,54424,0.7493,2.852,5.4424,3.80622,7.26331
0,19,10.5,7517,28282,54571,0.7517,2.8282,5.4571,3.76241,7.25968
0,19,10.75,7465,28217,53937,0.7465,2.8217,5.3937,3.77991,7.22532
0,19,11,7498,28743,54182,0.7498,2.8743,5.4182,3.83342,7.22619
0,19,11.25,7543,28263,54453,0.7543,2.8263,5.4453,3.74692,7.21901
0,19,11.5,7575,28548,54981,0.7575,2.8548,5.4981,3.76871,7.25822
0,19,11.75,7561,28349,55495,0.7561,2.8349,5.5495,3.74937,7.33964
0,19,12,7546,28557,54883,0.7546,2.8557,5.4883,3.78439,7.27312
0,19,12.25,7501,28357,54190,0.7501,2.8357,5.419,3.78043,7.22437
0,19,12.5,7494,29186,53956,0.7494,2.9186,5.3956,3.89458,7.19989
0,19,12.75,7472,28593,53847,0.7472,2.8593,5.3847,3.82669,7.2065
0,19,13,7498,28407,54269,0.7498,2.8407,5.4269,3.78861,7.2378
0,19,13.25,7525,28799,54636,0.7525,2.8799,5.4636,3.82711,7.2606
0,19,13.5,7514,28511,54198,0.7514,2.8511,5.4198,3.79438,7.21294
0,19,13.75,7517,28550,54369,0.7517,2.855,5.4369,3.79806,7.23281
0,19,14,7481,28890,53466,0.7481,2.889,5.3466,3.86178,7.14691
0,19,14.25,7532,28518,54402,0.7532,2.8518,5.4402,3.78625,7.22278
0,19,14.5,7517,28265,54637,0.7517,2.8265,5.4637,3.76014,7.26846
0,19,14.75,7506,28304,54010,0.7506,2.8304,5.401,3.77085,7.19558
0,19,15,7565,28391,54932,0.7565,2.8391,5.4932,3.75294,7.26134
1,0,0,20,402,0,0.002,0.0402,0,20.1,0
1,0,0.25,27,288,11,0.0027,0.0288,0.0011,10.6667,0.407407
1,0,0.5,35,346,18,0.0035,0.0346,0.0018,9.88571,0.514286
1,0,0.75,69,738,46,0.0069,0.0738,0.0046,10.6957,0.666667
1,0,1,88,878,53,0.0088,0.0878,0.0053,9.97727,0.602273
1,0,1.25,135,1277,97,0.0135,0.1277,0.0097,9.45926,0.718519
1,0,1.5,171,1368,117,0.0171,0.1368,0.0117,8,0.684211
1,0,1.75,219,1734,159,0.0219,0.1734,0.0159,7.91781,0.726027
1,0,2,303,2522,236,0.0303,0.2522,0.0236,8.32343,0.778878
1,0,2.25,441,3748,378,0.0441,0.3748,0.0378,8.49887,0.857143
1,0,2.5,541,4138,486,0.0541,0.4138,0.0486,7.6488,0.898336
1,0,2.75,716,5153,725,0.0716,0.5153,0.0725,7.19693,1.01257
1,0,3,896,6392,955,0.0896,0.6392,0.0955,7.13393,1.06585
1,0,3.25,1167,9093,1364,0.1167,0.9093,0.1364,7.79177,1.16881
1,0,3.5,1476,11310,1968,0.1476,1.131,0.1968,7.6626,1.33333
1,0,3.75,1842,14353,2757,0.1842,1.4353,0.2757,7.79207,1.49674
1,0,4,2368,18901,4337,0.2368,1.8901,0.4337,7.98184,1.8315
1,0,4.25,3090,24132,7429,0.309,2.4132,0.7429,7.80971,2.40421
1,0,4.5,4013,30147,12851,0.4013,3.0147,1.2851,7.51233,3.20234
1,0,4.75,4993,33795,20944,0.4993,3.3795,2.0944,6.76848,4.19467
1,0,5,5844,35086,29807,0.5844,3.5086,2.9807,6.00376,5.10044
1,0,5.25,6539,33214,39146,0.6539,3.3214,3.9146,5.07937,5.98654
1,0,5.5,6937,31879,45338,0.6937,3.1879,4.5338,4.5955,6.53568
1,0,5.75,7183,29922,49535,0.7183,2.9922,4.9535,4.16567,6.89614
1,0,6,7219,29958,50233,0.7219,2.9958,5.0233,4.14988,6.95844
1,0,6.25,7310,29517,51748,0.731,2.9517,5.1748,4.03789,7.07907
1,0,6.5,7388,28897,53296,0.7388,2.8897,5.3296,3.91134,7.21386
1,0,6.75,7376,28655,53297,0.7376,2.8655,5.3297,3.8849,7.22573
1,0,7,7486,28686,54232,0.7486,2.8686,5.4232,3.83195,7.24446
1,0,7.25,7511,28001,54777,0.7511,2.8001,5.4777,3.728,7.2929
1,0,7.5,7424,28140,54123,0.7424,2.814,5.4123,3.79041,7.29027
1,0,7.75,7402,28992,52977,0.7402,2.8992,5.2977,3.91678,7.15712
1,0,8,7430,28759,53390,0.743,2.8759,5.339,3.87066,7.18573
1,0,8.25,7349,29846,52211,0.7349,2.9846,5.2211,4.06123,7.1045
1,0,8.5,7364,29075,52701,0.7364,2.9075,5.2701,3.94826,7.15657
1,0,8.75,7388,29067,52333,0.7388,2.9067,5.2333,3.93435,7.08351
1,0,9,7466,28829,53428,0.7466,2.8829,5.3428,3.86137,7.15617
1,0,9.25,7511,28591,54096,0.7511,2.8591,5.4096,3.80655,7.20224
1,0,9.5,7570,28214,55360,0.757,2.8214,5.536,3.72708,7.31308
1,0,9.75,7536,27915,55702,0.7536,2.7915,5.5702,3.70422,7.39145
1,0,10,7501,28349,54775,0.7501,2.8349,5.4775,3.77936,7.30236
1,0,10.25,7388,29083,52976,0.7388,2.9083,5.2976,3.93652,7.17055
1,0,10.5,7424,28995,53397,0.7424,2.8995,5.3397,3.90558,7.19248
1,0,10.75,7565,28088,55697,0.7565,2.8088,5.5697,3.71289,7.36246
1,0,11,7421,28699,53344,0.7421,2.8699,5.3344,3.86727,7.18825
1,0,11.25,7462,28783,53848,0.7462,2.8783,5.3848,3.85728,7.2163
1,0,11.5,7458,28926,53866,0.7458,2.8926,5.3866,3.87852,7.22258
1,0,11.75,7460,28884,53556,0.746,2.8884,5.3556,3.87185,7.17909
1,0,12,7508,28578,54170,0.7508,2.8578,5.417,3.80634,7.21497
1,0,12.25,7571,28235,55247,0.7571,2.8235,5.5247,3.72936,7.29719
1,0,12.5,7494,28786,53604,0.7494,2.8786,5.3604,3.84121,7.15292
1,0,12.75,7496,28870,53806,0.7496,2.887,5.3806,3.85139,7.17796
1,0,13,7480,28889,54111,0.748,2.8889,5.4111,3.86217,7.23409
1,0,13.25,7445,29141,53504,0.7445,2.9141,5.3504,3.91417,7.18657
1,0,13.5,7488,28532,54346,0.7488,2.8532,5.4346,3.81036,7.25775
1,0,13.75,7487,28600,53955,0.7487,2.86,5.3955,3.81995,7.20649
1,0,14,7472,29043,54103,0.7472,2.9043,5.4103,3.88691,7.24077
1,0,14.25,7429,29188,53225,0.7429,2.9188,5.3225,3.92893,7.16449
1,0,14.5,7518,28335,54468,0.7518,2.8335,5.4468,3.76895,7.24501
1,0,14.75,7381,29330,52360,0.7381,2.933,5.236,3.97372,7.09389
1,0,15,7422,29588,52899,0.7422,2.9588,5.2899,3.98653,7.12732
1,1,0,20,410,1,0.002,0.041,0.0001,20.5,0.05
1,1,0.25,48,563,31,0.0048,0.0563,0.0031,11.7292,0.645833
1,1,0.5,57,549,32,0.0057,0.0549,0.0032,9.63158,0.561404
1,1,0.75,94,853,66,0.0094,0.0853,0.0066,9.07447,0.702128
1,1,1,119,1108,81,0.0119,0.1108,0.0081,9.31092,0.680672
1,1,1.25,172,1530,127,0.0172,0.153,0.0127,8.89535,0.738372
1,1,1.5,248,2102,208,0.0248,0.2102,0.0208,8.47581,0.83871
1,1,1.75,306,2282,247,0.0306,0.2282,0.0247,7.45752,0.80719
1,1,2,354,2506,294,0.0354,0.2506,0.0294,7.0791,0.830508
1,1,2.25,442,3319,377,0.0442,0.3319,0.0377,7.50905,0.852941
1,1,2.5,565,4452,541,0.0565,0.4452,0.0541,7.87965,0.957522
1,1,2.75,704,5480,675,0.0704,0.548,0.0675,7.78409,0.958807
1,1,3,883,7198,899,0.0883,0.7198,0.0899,8.15176,1.01812
1,1,3.25,1142,9021,1332,0.1142,0.9021,0.1332,7.8993,1.16637
1,1,3.5,1521,12190,2083,0.1521,1.219,0.2083,8.01446,1.36949
1,1,3.75,2044,16554,3418,0.2044,1.6554,0.3418,8.09883,1.67221
1,1,4,2690,21574,5706,0.269,2.1574,0.5706,8.02007,2.12119
1,1,4.25,3345,25235,8592,0.3345,2.5235,0.8592,7.5441,2.56861
1,1,4.5,4249,31169,14350,0.4249,3.1169,1.435,7.33561,3.37727
1,1,4.75,5204,34983,22813,0.5204,3.4983,2.2813,6.72233,4.38374
1,1,5,5991,34476,31939,0.5991,3.4476,3.1939,5.75463,5.33116
1,1,5.25,6690,33028,41685,0.669,3.3028,4.1685,4.93692,6.23094
1,1,5.5,7043,31342,47165,0.7043,3.1342,4.7165,4.45009,6.69672
1,1,5.75,7230,29783,50453,0.723,2.9783,5.0453,4.11936,6.97828
1,1,6,7301,29412,51689,0.7301,2.9412,5.1689,4.02849,7.07972
1,1,6.25,7303,29597,51325,0.7303,2.9597,5.1325,4.05272,7.02793
1,1,6.5,7234,29913,50348,0.7234,2.9913,5.0348,4.13506,6.95991
1,1,6.75,7322,29498,51534,0.7322,2.9498,5.1534,4.02868,7.03824
1,1,7,7319,29762,51717,0.7319,2.9762,5.1717,4.0664,7.06613
1,1,7.25,7358,28970,52404,0.7358,2.897,5.2404,3.93721,7.12204
1,1,7.5,7495,28304,54270,0.7495,2.8304,5.427,3.77638,7.24083
1,1,7.75,7452,28770,53764,0.7452,2.877,5.3764,3.86071,7.21471
1,1,8,7422,29233,53380,0.7422,2.9233,5.338,3.9387,7.19213
1,1,8.25,7417,29009,53051,0.7417,2.9009,5.3051,3.91115,7.15262
1,1,8.5,7447,29131,52808,0.7447,2.9131,5.2808,3.91178,7.09118
1,1,8.75,7403,29813,52079,0.7403,2.9813,5.2079,4.02715,7.03485
1,1,9,7506,28920,53896,0.7506,2.892,5.3896,3.85292,7.18039
1,1,9.25,7445,29468,52943,0.7445,2.9468,5.2943,3.95809,7.11122
1,1,9.5,7476,28929,53836,0.7476,2.8929,5.3836,3.86958,7.20118
1,1,9.75,7543,28556,54815,0.7543,2.8556,5.4815,3.78576,7.267
1,1,10,7570,28457,55105,0.757,2.8457,5.5105,3.75918,7.27939
1,1,10.25,7581,27483,55823,0.7581,2.7483,5.5823,3.62525,7.36354
1,1,10.5,7481,28329,54073,0.7481,2.8329,5.4073,3.78679,7.22804
1,1,10.75,7452,28459,53737,0.7452,2.8459,5.3737,3.81897,7.21108
1,1,11,7481,28611,53962,0.7481,2.8611,5.3962,3.82449,7.21321
1,1,11.25,7520,28567,54267,0.752,2.8567,5.4267,3.7988,7.21636
1,1,11.5,7572,28215,54924,0.7572,2.8215,5.4924,3.72623,7.25357
1,1,11.75,7557,28303,54889,0.7557,2.8303,5.4889,3.74527,7.26333
1,1,12,7517,28446,54352,0.7517,2.8446,5.4352,3.78422,7.23054
1,1,12.25,7488,28891,53263,0.7488,2.8891,5.3263,3.85831,7.11311
1,1,12.5,7526,28921,54231,0.7526,2.8921,5.4231,3.84281,7.20582
1,1,12.75,7421,29222,52912,0.7421,2.9222,5.2912,3.93774,7.13004
1,1,13,7475,28630,53843,0.7475,2.863,5.3843,3.8301,7.20308
1,1,13.25,7491,28813,53921,0.7491,2.8813,5.3921,3.84635,7.1981
1,1,13.5,7471,28943,53970,0.7471,2.8943,5.397,3.87405,7.22393
1,1,13.75,7426,28426,53598,0.7426,2.8426,5.3598,3.8279,7.21761
1,1,14,7465,28406,54059,0.7465,2.8406,5.4059,3.80522,7.24166
1,1,14.25,7481,28669,54139,0.7481,2.8669,5.4139,3.83224,7.23687
1,1,14.5,7460,28795,53702,0.746,2.8795,5.3702,3.85992,7.19866
1,1,14.75,7535,28111,54782,0.7535,2.8111,5.4782,3.73072,7.27034
1,1,15,7433,29426,52929,0.7433,2.9426,5.2929,3.95883,7.12081
1,2,0,20,393,1,0.002,0.0393,0.0001,19.65,0.05
1,2,0.25,35,424,18,0.0035,0.0424,0.0018,12.1143,0.514286
1,2,0.5,56,561,33,0.0056,0.0561,0.0033,10.0179,0.589286
1,2,0.75,83,748,57,0.0083,0.0748,0.0057,9.01205,0.686747
1,2,1,113,910,81,0.0113,0.091,0.0081,8.0531,0.716814
1,2,1.25,152,1191,113,0.0152,0.1191,0.0113,7.83553,0.743421
1,2,1.5,186,1472,135,0.0186,0.1472,0.0135,7.91398,0.725806
1,2,1.75,236,1843,177,0.0236,0.1843,0.0177,7.80932,0.75
1,2,2,326,2591,271,0.0326,0.2591,0.0271,7.94785,0.831288
1,2,2.25,413,3185,344,0.0413,0.3185,0.0344,7.71186,0.83293
1,2,2.5,526,4300,460,0.0526,0.43,0.046,8.1749,0.874525
1,2,2.75,659,5298,608,0.0659,0.5298,0.0608,8.03945,0.92261
1,2,3,895,7457,991,0.0895,0.7457,0.0991,8.33184,1.10726
1,2,3.25,1156,9285,1410,0.1156,0.9285,0.141,8.03201,1.21972
1,2,3.5,1602,13056,2289,0.1602,1.3056,0.2289,8.14981,1.42884
1,2,3.75,2141,17290,3735,0.2141,1.729,0.3735,8.07567,1.74451
1,2,4,2772,21663,6044,0.2772,2.1663,0.6044,7.81494,2.18038
1,2,4.25,3564,27093,9869,0.3564,2.7093,0.9869,7.60185,2.76908
1,2,4.5,4511,32407,16382,0.4511,3.2407,1.6382,7.18399,3.63157
1,2,4.75,5442,34435,24913,0.5442,3.4435,2.4913,6.32764,4.57791
1,2,5,6147,34567,33421,0.6147,3.4567,3.3421,5.62339,5.43696
1,2,5.25,6619,32712,40558,0.6619,3.2712,4.0558,4.94214,6.12751
1,2,5.5,7012,31784,46821,0.7012,3.1784,4.6821,4.5328,6.67727
1,2,5.75,7172,30132,50068,0.7172,3.0132,5.0068,4.20134,6.98104
1,2,6,7324,29180,52332,0.7324,2.918,5.2332,3.98416,7.14528
1,2,6.25,7404,28968,53702,0.7404,2.8968,5.3702,3.91248,7.25311
1,2,6.5,7340,29233,52503,0.734,2.9233,5.2503,3.9827,7.153
1,2,6.75,7341,29140,51916,0.7341,2.914,5.1916,3.96949,7.07206
1,2,7,7430,28781,53765,0.743,2.8781,5.3765,3.87362,7.2362
1,2,7.25,7341,29151,51628,0.7341,2.9151,5.1628,3.97098,7.03283
1,2,7.5,7452,29075,53057,0.7452,2.9075,5.3057,3.90164,7.11983
1,2,7.75,7451,28865,53118,0.7451,2.8865,5.3118,3.87398,7.12898
1,2,8,7476,28163,54144,0.7476,2.8163,5.4144,3.76712,7.24238
1,2,8.25,7438,28438,53449,0.7438,2.8438,5.3449,3.82334,7.18594
1,2,8.5,7490,28727,53938,0.749,2.8727,5.3938,3.83538,7.20134
1,2,8.75,7455,29221,53307,0.7455,2.9221,5.3307,3.91965,7.1505
1,2,9,7527,28672,54793,0.7527,2.8672,5.4793,3.80922,7.27953
1,2,9.25,7513,28440,54858,0.7513,2.844,5.4858,3.78544,7.30174
1,2,9.5,7515,28666,54575,0.7515,2.8666,5.4575,3.8145,7.26214
1,2,9.75,7541,28128,55143,0.7541,2.8128,5.5143,3.73001,7.31243
1,2,10,7615,27922,56190,0.7615,2.7922,5.619,3.66671,7.37886
1,2,10.25,7595,27425,56225,0.7595,2.7425,5.6225,3.61093,7.4029
1,2,10.5,7556,27944,55629,0.7556,2.7944,5.5629,3.69825,7.36223
1,2,10.75,7548,28565,55245,0.7548,2.8565,5.5245,3.78445,7.31916
1,2,11,7522,27955,54908,0.7522,2.7955,5.4908,3.71643,7.29965
1,2,11.25,7470,28575,53802,0.747,2.8575,5.3802,3.8253,7.20241
1,2,11.5,7444,29018,53237,0.7444,2.9018,5.3237,3.89817,7.15167
1,2,11.75,7424,28837,53384,0.7424,2.8837,5.3384,3.88429,7.19073
1,2,12,7391,28583,53138,0.7391,2.8583,5.3138,3.86727,7.18955
1,2,12.25,7451,28946,53116,0.7451,2.8946,5.3116,3.88485,7.12871
1,2,12.5,7437,29036,53556,0.7437,2.9036,5.3556,3.90426,7.20129
1,2,12.75,7488,28422,54418,0.7488,2.8422,5.4418,3.79567,7.26736
1,2,13,7538,28067,55191,0.7538,2.8067,5.5191,3.7234,7.3217
1,2,13.25,7510,28469,54642,0.751,2.8469,5.4642,3.79081,7.2759
1,2,13.5,7460,28881,53396,0.746,2.8881,5.3396,3.87145,7.15764
1,2,13.75,7548,28442,54926,0.7548,2.8442,5.4926,3.76815,7.27689
1,2,14,7513,28437,54852,0.7513,2.8437,5.4852,3.78504,7.30095
1,2,14.25,7486,28167,54351,0.7486,2.8167,5.4351,3.76262,7.26035
1,2,14.5,7527,28935,54569,0.7527,2.8935,5.4569,3.84416,7.24977
1,2,14.75,7483,27820,54539,0.7483,2.782,5.4539,3.71776,7.28839
1,2,15,7420,28781,53478,0.742,2.8781,5.3478,3.87884,7.20728
1,3,0,20,390,0,0.002,0.039,0,19.5,0
1,3,0.25,34,435,20,0.0034,0.0435,0.002,12.7941,0.588235
1,3,0.5,56,595,42,0.0056,0.0595,0.0042,10.625,0.75
1,3,0.75,68,660,49,0.0068,0.066,0.0049,9.70588,0.720588
1,3,1,94,749,74,0.0094,0.0749,0.0074,7.96809,0.787234
1,3,1.25,109,855,75,0.0109,0.0855,0.0075,7.84404,0.688073
1,3,1.5,133,906,95,0.0133,0.0906,0.0095,6.81203,0.714286
1,3,1.75,146,951,95,0.0146,0.0951,0.0095,6.5137,0.650685
1,3,2,158,1005,106,0.0158,0.1005,0.0106,6.36076,0.670886
1,3,2.25,195,1323,142,0.0195,0.1323,0.0142,6.78462,0.728205
1,3,2.5,219,1500,155,0.0219,0.15,0.0155,6.84932,0.707763
1,3,2.75,272,2085,212,0.0272,0.2085,0.0212,7.66544,0.779412
1,3,3,361,2744,291,0.0361,0.2744,0.0291,7.60111,0.806094
1,3,3.25,451,3368,387,0.0451,0.3368,0.0387,7.46785,0.858093
1,3,3.5,586,4717,525,0.0586,0.4717,0.0525,8.04949,0.895904
1,3,3.75,770,6367,762,0.077,0.6367,0.0762,8.26883,0.98961
1,3,4,976,7650,1056,0.0976,0.765,0.1056,7.83811,1.08197
1,3,4.25,1223,9919,1475,0.1223,0.9919,0.1475,8.11038,1.20605
1,3,4.5,1558,12283,2188,0.1558,1.2283,0.2188,7.88383,1.40436
1,3,4.75,2055,16628,3516,0.2055,1.6628,0.3516,8.09148,1.71095
1,3,5,2660,20751,5571,0.266,2.0751,0.5571,7.80113,2.09436
1,3,5.25,3336,25549,8635,0.3336,2.5549,0.8635,7.65857,2.58843
1,3,5.5,4198,30174,14059,0.4198,3.0174,1.4059,7.18771,3.34898
1,3,5.75,5070,33844,21491,0.507,3.3844,2.1491,6.67535,4.23886
1,3,6,5933,34598,30896,0.5933,3.4598,3.0896,5.83145,5.20748
1,3,6.25,6600,32855,40418,0.66,3.2855,4.0418,4.97803,6.12394
1,3,6.5,6918,31547,45513,0.6918,3.1547,4.5513,4.56013,6.57892
1,3,6.75,7172,30835,49030,0.7172,3.0835,4.903,4.29936,6.83631
1,3,7,7470,28792,54098,0.747,2.8792,5.4098,3.85435,7.24203
1,3,7.25,7446,29377,53443,0.7446,2.9377,5.3443,3.94534,7.17741
1,3,7.5,7484,28559,54414,0.7484,2.8559,5.4414,3.81601,7.27071
1,3,7.75,7437,28938,53852,0.7437,2.8938,5.3852,3.89109,7.24109
1,3,8,7473,28436,54284,0.7473,2.8436,5.4284,3.80517,7.26402
1,3,8.25,7439,28686,53361,0.7439,2.8686,5.3361,3.85616,7.17314
1,3,8.5,7464,29082,53471,0.7464,2.9082,5.3471,3.8963,7.16385
1,3,8.75,7435,28850,53456,0.7435,2.885,5.3456,3.8803,7.18978
1,3,9,7497,28538,54044,0.7497,2.8538,5.4044,3.80659,7.20875
1,3,9.25,7542,28477,55136,0.7542,2.8477,5.5136,3.77579,7.31053
1,3,9.5,7548,28122,55579,0.7548,2.8122,5.5579,3.72576,7.36341
1,3,9.75,7509,28650,54415,0.7509,2.865,5.4415,3.81542,7.24664
1,3,10,7454,28605,53550,0.7454,2.8605,5.355,3.83754,7.18406
1,3,10.25,7482,28012,54476,0.7482,2.8012,5.4476,3.74392,7.28094
1,3,10.5,7416,29029,53161,0.7416,2.9029,5.3161,3.91437,7.16842
1,3,10.75,7484,29012,53832,0.7484,2.9012,5.3832,3.87654,7.19294
1,3,11,7497,28914,54484,0.7497,2.8914,5.4484,3.85674,7.26744
1,3,11.25,7481,28810,53428,0.7481,2.881,5.3428,3.85109,7.14183
1,3,11.5,7601,28717,55592,0.7601,2.8717,5.5592,3.77806,7.31377
1,3,11.75,7580,28143,55858,0.758,2.8143,5.5858,3.7128,7.36913
1,3,12,7487,28747,54286,0.7487,2.8747,5.4286,3.83959,7.2507
1,3,12.25,7502,28732,54060,0.7502,2.8732,5.406,3.82991,7.20608
1,3,12.5,7516,28615,53748,0.7516,2.8615,5.3748,3.80721,7.15114
1,3,12.75,7478,28447,54211,0.7478,2.8447,5.4211,3.80409,7.2494
1,3,13,7496,28558,54076,0.7496,2.8558,5.4076,3.80977,7.21398
1,3,13.25,7464,28596,53940,0.7464,2.8596,5.394,3.83119,7.22669
1,3,13.5,7487,28638,54098,0.7487,2.8638,5.4098,3.82503,7.22559
1,3,13.75,7469,29026,53786,0.7469,2.9026,5.3786,3.8862,7.20123
1,3,14,7364,29041,52682,0.7364,2.9041,5.2682,3.94364,7.15399
1,3,14.25,7366,28800,52686,0.7366,2.88,5.2686,3.90986,7.15259
1,3,14.5,7507,28298,54463,0.7507,2.8298,5.4463,3.76955,7.25496
1,3,14.75,7487,28741,53830,0.7487,2.8741,5.383,3.83879,7.1898
1,3,15,7474,28654,53516,0.7474,2.8654,5.3516,3.83382,7.16029
1,4,0,20,403,2,0.002,0.0403,0.0002,20.15,0.1
1,4,0.25,45,602,27,0.0045,0.0602,0.0027,13.3778,0.6
1,4,0.5,74,699,56,0.0074,0.0699,0.0056,9.44595,0.756757
1,4,0.75,95,769,72,0.0095,0.0769,0.0072,8.09474,0.757895
1,4,1,134,1092,107,0.0134,0.1092,0.0107,8.14925,0.798507
1,4,1.25,186,1568,141,0.0186,0.1568,0.0141,8.43011,0.758065
1,4,1.5,290,2506,245,0.029,0.2506,0.0245,8.64138,0.844828
1,4,1.75,398,3241,339,0.0398,0.3241,0.0339,8.14322,0.851759
1,4,2,526,4184,476,0.0526,0.4184,0.0476,7.95437,0.904943
1,4,2.25,706,5645,712,0.0706,0.5645,0.0712,7.99575,1.0085
1,4,2.5,842,6273,833,0.0842,0.6273,0.0833,7.45012,0.989311
1,4,2.75,1062,8107,1198,0.1062,0.8107,0.1198,7.63371,1.12806
1,4,3,1392,11270,1784,0.1392,1.127,0.1784,8.09626,1.28161
1,4,3.25,1846,14767,2905,0.1846,1.4767,0.2905,7.99946,1.57367
1,4,3.5,2529,20861,5122,0.2529,2.0861,0.5122,8.24871,2.02531
1,4,3.75,3274,25464,8508,0.3274,2.5464,0.8508,7.77764,2.59866
1,4,4,4278,31267,14739,0.4278,3.1267,1.4739,7.30879,3.4453
1,4,4.25,5268,34570,23103,0.5268,3.457,2.3103,6.56226,4.38554
1,4,4.5,6092,34119,32535,0.6092,3.4119,3.2535,5.60062,5.34061
1,4,4.75,6707,33577,41460,0.6707,3.3577,4.146,5.00626,6.1816
1,4,5,7080,30963,47965,0.708,3.0963,4.7965,4.37331,6.77472
1,4,5.25,7332,29228,52459,0.7332,2.9228,5.2459,3.98636,7.1548
1,4,5.5,7383,29111,52944,0.7383,2.9111,5.2944,3.94298,7.17107
1,4,5.75,7371,28885,52488,0.7371,2.8885,5.2488,3.91874,7.12088
1,4,6,7496,28331,55374,0.7496,2.8331,5.5374,3.77948,7.38714
1,4,6.25,7508,28437,54609,0.7508,2.8437,5.4609,3.78756,7.27344
1,4,6.5,7523,28452,54711,0.7523,2.8452,5.4711,3.782,7.2725
1,4,6.75,7511,28436,54548,0.7511,2.8436,5.4548,3.78591,7.26242
1,4,7,7525,28435,54875,0.7525,2.8435,5.4875,3.77874,7.29236
1,4,7.25,7545,27975,55592,0.7545,2.7975,5.5592,3.70775,7.36806
1,4,7.5,7592,28094,56210,0.7592,2.8094,5.621,3.70047,7.40385
1,4,7.75,7571,28126,55472,0.7571,2.8126,5.5472,3.71496,7.32691
1,4,8,7501,28772,54316,0.7501,2.8772,5.4316,3.83576,7.24117
1,4,8.25,7476,28558,54165,0.7476,2.8558,5.4165,3.81996,7.24518
1,4,8.5,7590,28108,55890,0.759,2.8108,5.589,3.70329,7.36364
1,4,8.75,7592,28146,56019,0.7592,2.8146,5.6019,3.70732,7.37869
1,4,9,7462,28598,53857,0.7462,2.8598,5.3857,3.83248,7.2175
1,4,9.25,7486,27991,54198,0.7486,2.7991,5.4198,3.73911,7.23991
1,4,9.5,7423,28929,52667,0.7423,2.8929,5.2667,3.89721,7.09511
1,4,9.75,7507,28234,53932,0.7507,2.8234,5.3932,3.76102,7.18423
1,4,10,7454,28715,53107,0.7454,2.8715,5.3107,3.85229,7.12463
1,4,10.25,7511,29105,53703,0.7511,2.9105,5.3703,3.87498,7.14991
1,4,10.5,7519,28302,54850,0.7519,2.8302,5.485,3.76406,7.29485
1,4,10.75,7440,28256,53891,0.744,2.8256,5.3891,3.79785,7.24341
1,4,11,7438,28808,54066,0.7438,2.8808,5.4066,3.87308,7.26889
1,4,11.25,7464,28165,54022,0.7464,2.8165,5.4022,3.77345,7.23767
1,4,11.5,7427,29040,53185,0.7427,2.904,5.3185,3.91006,7.16103
1,4,11.75,7459,28787,53630,0.7459,2.8787,5.363,3.85936,7.18997
1,4,12,7441,28770,53623,0.7441,2.877,5.3623,3.86642,7.20642
1,4,12.25,7528,29097,54401,0.7528,2.9097,5.4401,3.86517,7.22649
1,4,12.5,7514,28885,54196,0.7514,2.8885,5.4196,3.84416,7.21267
1,4,12.75,7499,28683,53729,0.7499,2.8683,5.3729,3.82491,7.16482
1,4,13,7445,29199,53261,0.7445,2.9199,5.3261,3.92196,7.15393
1,4,13.25,7355,29462,51391,0.7355,2.9462,5.1391,4.00571,6.98722
1,4,13.5,7495,28483,53884,0.7495,2.8483,5.3884,3.80027,7.18933
1,4,13.75,7433,28892,53139,0.7433,2.8892,5.3139,3.88699,7.14906
1,4,14,7432,28329,53199,0.7432,2.8329,5.3199,3.81176,7.1581
1,4,14.25,7380,28716,52469,0.738,2.8716,5.2469,3.89106,7.10962
1,4,14.5,7417,29628,52863,0.7417,2.9628,5.2863,3.99461,7.12728
1,4,14.75,7567,28364,55087,0.7567,2.8364,5.5087,3.74838,7.2799
1,4,15,7453,29030,53761,0.7453,2.903,5.3761,3.89508,7.21334
1,5,0,20,450,0,0.002,0.045,0,22.5,0
1,5,0.25,66,812,49,0.0066,0.0812,0.0049,12.303,0.742424
1,5,0.5,111,1107,79,0.0111,0.1107,0.0079,9.97297,0.711712
1,5,0.75,156,1408,120,0.0156,0.1408,0.012,9.02564,0.769231
1,5,1,230,1978,198,0.023,0.1978,0.0198,8.6,0.86087
1,5,1.25,355,3144,328,0.0355,0.3144,0.0328,8.85634,0.923944
1,5,1.5,518,4527,499,0.0518,0.4527,0.0499,8.73938,0.96332
1,5,1.75,682,5576,666,0.0682,0.5576,0.0666,8.17595,0.97654
1,5,2,878,6969,914,0.0878,0.6969,0.0914,7.93736,1.041
1,5,2.25,1170,9583,1458,0.117,0.9583,0.1458,8.1906,1.24615
1,5,2.5,1511,12070,2103,0.1511,1.207,0.2103,7.98809,1.39179
1,5,2.75,2032,16308,3344,0.2032,1.6308,0.3344,8.02559,1.64567
1,5,3,2668,21265,5464,0.2668,2.1265,0.5464,7.97039,2.04798
1,5,3.25,3350,25121,8476,0.335,2.5121,0.8476,7.49881,2.53015
1,5,3.5,4222,31209,13748,0.4222,3.1209,1.3748,7.39199,3.25628
1,5,3.75,5270,34759,22794,0.527,3.4759,2.2794,6.59564,4.32524
1,5,4,6084,34944,32431,0.6084,3.4944,3.2431,5.74359,5.33054
1,5,4.25,6766,33339,42370,0.6766,3.3339,4.237,4.92743,6.26219
1,5,4.5,7160,30467,48843,0.716,3.0467,4.8843,4.25517,6.82165
1,5,4.75,7296,29229,51634,0.7296,2.9229,5.1634,4.00617,7.07703
1,5,5,7415,28406,53636,0.7415,2.8406,5.3636,3.83088,7.23345
1,5,5.25,7449,28769,54325,0.7449,2.8769,5.4325,3.86213,7.29293
1,5,5.5,7412,28512,53827,0.7412,2.8512,5.3827,3.84674,7.26214
1,5,5.75,7449,28638,53947,0.7449,2.8638,5.3947,3.84454,7.24218
1,5,6,7378,29662,52273,0.7378,2.9662,5.2273,4.02033,7.08498
1,5,6.25,7415,28975,52855,0.7415,2.8975,5.2855,3.90762,7.12812
1,5,6.5,7359,28960,52527,0.7359,2.896,5.2527,3.93532,7.13779
1,5,6.75,7445,28582,53929,0.7445,2.8582,5.3929,3.83909,7.24365
1,5,7,7462,28663,54063,0.7462,2.8663,5.4063,3.8412,7.24511
1,5,7.25,7413,28664,53201,0.7413,2.8664,5.3201,3.86672,7.17672
1,5,7.5,7427,29560,52732,0.7427,2.956,5.2732,3.98007,7.10004
1,5,7.75,7486,28958,54125,0.7486,2.8958,5.4125,3.86829,7.23016
1,5,8,7493,29134,53405,0.7493,2.9134,5.3405,3.88816,7.12732
1,5,8.25,7491,28727,54034,0.7491,2.8727,5.4034,3.83487,7.21319
1,5,8.5,7526,28022,54875,0.7526,2.8022,5.4875,3.72336,7.29139
1,5,8.75,7479,28538,53560,0.7479,2.8538,5.356,3.81575,7.16139
1,5,9,7463,28882,53534,0.7463,2.8882,5.3534,3.87003,7.17325
1,5,9.25,7444,29305,52718,0.7444,2.9305,5.2718,3.93673,7.08195
1,5,9.5,7494,28606,54312,0.7494,2.8606,5.4312,3.81719,7.2474
1,5,9.75,7453,28472,54025,0.7453,2.8472,5.4025,3.82021,7.24876
1,5,10,7360,29056,52576,0.736,2.9056,5.2576,3.94783,7.14348
1,5,10.25,7394,28595,53805,0.7394,2.8595,5.3805,3.86732,7.27685
1,5,10.5,7398,29270,53097,0.7398,2.927,5.3097,3.95647,7.17721
1,5,10.75,7473,28775,53746,0.7473,2.8775,5.3746,3.85053,7.19202
1,5,11,7479,28971,53409,0.7479,2.8971,5.3409,3.87365,7.1412
1,5,11.25,7550,28631,54595,0.755,2.8631,5.4595,3.79219,7.23113
1,5,11.5,7478,28908,53814,0.7478,2.8908,5.3814,3.86574,7.19631
1,5,11.75,7419,28915,53064,0.7419,2.8915,5.3064,3.89743,7.15245
1,5,12,7466,29009,53313,0.7466,2.9009,5.3313,3.88548,7.14077
1,5,12.25,7499,28533,53950,0.7499,2.8533,5.395,3.80491,7.19429
1,5,12.5,7457,29405,53347,0.7457,2.9405,5.3347,3.94327,7.15395
1,5,12.75,7499,28575,54021,0.7499,2.8575,5.4021,3.81051,7.20376
1,5,13,7474,28615,53924,0.7474,2.8615,5.3924,3.82861,7.21488
1,5,13.25,7421,29366,53185,0.7421,2.9366,5.3185,3.95715,7.16682
1,5,13.5,7372,29237,52916,0.7372,2.9237,5.2916,3.96595,7.17797
1,5,13.75,7504,28377,54936,0.7504,2.8377,5.4936,3.78158,7.3209
1,5,14,7522,27901,54933,0.7522,2.7901,5.4933,3.70925,7.30298
1,5,14.25,7368,28867,52437,0.7368,2.8867,5.2437,3.91789,7.11686
1,5,14.5,7343,29729,51734,0.7343,2.9729,5.1734,4.04862,7.04535
1,5,14.75,7446,28722,53118,0.7446,2.8722,5.3118,3.85737,7.13376
1,5,15,7494,28667,54165,0.7494,2.8667,5.4165,3.82533,7.22778
1,6,0,20,406,0,0.002,0.0406,0,20.3,0
1,6,0.25,42,483,23,0.0042,0.0483,0.0023,11.5,0.547619
1,6,0.5,68,680,47,0.0068,0.068,0.0047,10,0.691176
1,6,0.75,83,684,60,0.0083,0.0684,0.006,8.24096,0.722892
1,6,1,127,1066,101,0.0127,0.1066,0.0101,8.3937,0.795276
1,6,1.25,167,1289,132,0.0167,0.1289,0.0132,7.71856,0.790419
1,6,1.5,235,1942,181,0.0235,0.1942,0.0181,8.26383,0.770213
1,6,1.75,304,2412,262,0.0304,0.2412,0.0262,7.93421,0.861842
1,6,2,428,3491,384,0.0428,0.3491,0.0384,8.15654,0.897196
1,6,2.25,565,4435,526,0.0565,0.4435,0.0526,7.84956,0.930973
1,6,2.5,743,5712,715,0.0743,0.5712,0.0715,7.68775,0.962315
1,6,2.75,967,7606,1077,0.0967,0.7606,0.1077,7.86556,1.11375
1,6,3,1249,10208,1535,0.1249,1.0208,0.1535,8.17294,1.22898
1,6,3.25,1577,12672,2224,0.1577,1.2672,0.2224,8.03551,1.41027
1,6,3.5,2075,16607,3570,0.2075,1.6607,0.357,8.00337,1.72048
1,6,3.75,2731,21652,5738,0.2731,2.1652,0.5738,7.92823,2.10106
1,6,4,3563,27239,9866,0.3563,2.7239,0.9866,7.64496,2.76901
1,6,4.25,4585,32581,16839,0.4585,3.2581,1.6839,7.106,3.67263
1,6,4.5,5537,35230,26127,0.5537,3.523,2.6127,6.36265,4.71862
1,6,4.75,6327,34287,36513,0.6327,3.4287,3.6513,5.41916,5.77098
1,6,5,6905,32619,44468,0.6905,3.2619,4.4468,4.72397,6.43997
1,6,5.25,7132,30570,48267,0.7132,3.057,4.8267,4.28632,6.76767
1,6,5.5,7277,29875,51322,0.7277,2.9875,5.1322,4.1054,7.05263
1,6,5.75,7347,29372,52315,0.7347,2.9372,5.2315,3.99782,7.12059
1,6,6,7380,29159,52629,0.738,2.9159,5.2629,3.95108,7.1313
1,6,6.25,7380,29552,52960,0.738,2.9552,5.296,4.00434,7.17615
1,6,6.5,7414,29166,52872,0.7414,2.9166,5.2872,3.93391,7.13137
1,6,6.75,7360,28929,52525,0.736,2.8929,5.2525,3.93057,7.13655
1,6,7,7364,29305,52723,0.7364,2.9305,5.2723,3.97949,7.15956
1,6,7.25,7372,29266,53019,0.7372,2.9266,5.3019,3.96989,7.19194
1,6,7.5,7450,28925,54115,0.745,2.8925,5.4115,3.88255,7.26376
1,6,7.75,7389,29256,52930,0.7389,2.9256,5.293,3.9594,7.16335
1,6,8,7459,29156,53621,0.7459,2.9156,5.3621,3.90883,7.18877
1,6,8.25,7395,29407,52711,0.7395,2.9407,5.2711,3.97661,7.12792
1,6,8.5,7501,28922,54668,0.7501,2.8922,5.4668,3.85575,7.28809
1,6,8.75,7506,28033,54752,0.7506,2.8033,5.4752,3.73475,7.29443
1,6,9,7473,28207,54390,0.7473,2.8207,5.439,3.77452,7.2782
1,6,9.25,7395,28609,53014,0.7395,2.8609,5.3014,3.8687,7.1689
1,6,9.5,7433,28655,53421,0.7433,2.8655,5.3421,3.85511,7.187
1,6,9.75,7382,28775,52255,0.7382,2.8775,5.2255,3.898,7.0787
1,6,10,7497,28800,53719,0.7497,2.88,5.3719,3.84154,7.1654
1,6,10.25,7554,27927,55387,0.7554,2.7927,5.5387,3.69698,7.33214
1,6,10.5,7501,28481,54594,0.7501,2.8481,5.4594,3.79696,7.27823
1,6,10.75,7472,28489,53857,0.7472,2.8489,5.3857,3.81277,7.20784
1,6,11,7436,28992,53152,0.7436,2.8992,5.3152,3.89887,7.14793
1,6,11.25,7463,28849,53830,0.7463,2.8849,5.383,3.8656,7.21292
1,6,11.5,7482,28720,53881,0.7482,2.872,5.3881,3.83855,7.20142
1,6,11.75,7440,29339,52736,0.744,2.9339,5.2736,3.94341,7.08817
1,6,12,7548,28411,54746,0.7548,2.8411,5.4746,3.76404,7.25305
1,6,12.25,7511,28322,54853,0.7511,2.8322,5.4853,3.77074,7.30302
1,6,12.5,7527,28092,55148,0.7527,2.8092,5.5148,3.73216,7.32669
1,6,12.75,7524,28592,54635,0.7524,2.8592,5.4635,3.80011,7.26143
1,6,13,7412,29015,53325,0.7412,2.9015,5.3325,3.9146,7.19441
1,6,13.25,7489,28520,54532,0.7489,2.852,5.4532,3.80825,7.28161
1,6,13.5,7493,28224,54615,0.7493,2.8224,5.4615,3.76672,7.2888
1,6,13.75,7442,28779,53396,0.7442,2.8779,5.3396,3.86711,7.17495
1,6,14,7461,28400,53794,0.7461,2.84,5.3794,3.80646,7.21003
1,6,14.25,7470,28721,53979,0.747,2.8721,5.3979,3.84485,7.2261
1,6,14.5,7461,28827,53394,0.7461,2.8827,5.3394,3.86369,7.15641
1,6,14.75,7450,28841,53672,0.745,2.8841,5.3672,3.87128,7.2043
1,6,15,7579,27707,55539,0.7579,2.7707,5.5539,3.65576,7.32801
1,7,0,20,372,0,0.002,0.0372,0,18.6,0
1,7,0.25,25,310,9,0.0025,0.031,0.0009,12.4,0.36
1,7,0.5,48,497,33,0.0048,0.0497,0.0033,10.3542,0.6875
1,7,0.75,64,526,50,0.0064,0.0526,0.005,8.21875,0.78125
1,7,1,87,614,66,0.0087,0.0614,0.0066,7.05747,0.758621
1,7,1.25,115,860,89,0.0115,0.086,0.0089,7.47826,0.773913
1,7,1.5,147,1109,121,0.0147,0.1109,0.0121,7.54422,0.823129
1,7,1.75,190,1465,139,0.019,0.1465,0.0139,7.71053,0.731579
1,7,2,212,1556,152,0.0212,0.1556,0.0152,7.33962,0.716981
1,7,2.25,247,1592,175,0.0247,0.1592,0.0175,6.44534,0.708502
1,7,2.5,281,1746,189,0.0281,0.1746,0.0189,6.21352,0.672598
1,7,2.75,362,2612,267,0.0362,0.2612,0.0267,7.21547,0.737569
1,7,3,434,3062,338,0.0434,0.3062,0.0338,7.0553,0.778802
1,7,3.25,505,3567,416,0.0505,0.3567,0.0416,7.06337,0.823762
1,7,3.5,620,4433,543,0.062,0.4433,0.0543,7.15,0.875806
1,7,3.75,795,6001,801,0.0795,0.6001,0.0801,7.54843,1.00755
1,7,4,1003,7707,1120,0.1003,0.7707,0.112,7.68395,1.11665
1,7,4.25,1210,9355,1429,0.121,0.9355,0.1429,7.7314,1.18099
1,7,4.5,1591,12802,2264,0.1591,1.2802,0.2264,8.04651,1.423
1,7,4.75,2180,17951,3943,0.218,1.7951,0.3943,8.2344,1.80872
1,7,5,3012,24732,7346,0.3012,2.4732,0.7346,8.21116,2.43891
1,7,5.25,3892,29380,12299,0.3892,2.938,1.2299,7.54882,3.16007
1,7,5.5,4814,33192,18988,0.4814,3.3192,1.8988,6.89489,3.94433
1,7,5.75,5667,34466,27417,0.5667,3.4466,2.7417,6.08188,4.83801
1,7,6,6414,34290,37033,0.6414,3.429,3.7033,5.34612,5.77378
1,7,6.25,6889,32088,43827,0.6889,3.2088,4.3827,4.65786,6.36188
1,7,6.5,7206,30203,49538,0.7206,3.0203,4.9538,4.19137,6.87455
1,7,6.75,7345,29506,52444,0.7345,2.9506,5.2444,4.01715,7.1401
1,7,7,7387,28929,53051,0.7387,2.8929,5.3051,3.9162,7.18167
1,7,7.25,7420,28436,54126,0.742,2.8436,5.4126,3.83235,7.29461
1,7,7.5,7392,28683,53096,0.7392,2.8683,5.3096,3.88028,7.1829
1,7,7.75,7376,28883,53034,0.7376,2.8883,5.3034,3.91581,7.19008
1,7,8,7406,28897,53060,0.7406,2.8897,5.306,3.90184,7.16446
1,7,8.25,7396,29665,52356,0.7396,2.9665,5.2356,4.01095,7.07896
1,7,8.5,7443,28740,53001,0.7443,2.874,5.3001,3.86135,7.12092
1,7,8.75,7559,28536,54824,0.7559,2.8536,5.4824,3.7751,7.25281
1,7,9,7604,28074,55318,0.7604,2.8074,5.5318,3.692,7.27486
1,7,9.25,7528,28248,54651,0.7528,2.8248,5.4651,3.75239,7.2597
1,7,9.5,7515,28343,54801,0.7515,2.8343,5.4801,3.77152,7.29222
1,7,9.75,7534,28801,54835,0.7534,2.8801,5.4835,3.8228,7.27834
1,7,10,7482,28831,54153,0.7482,2.8831,5.4153,3.85338,7.23777
1,7,10.25,7438,28454,53680,0.7438,2.8454,5.368,3.82549,7.21699
1,7,10.5,7464,28844,53503,0.7464,2.8844,5.3503,3.86442,7.16814
1,7,10.75,7544,28408,54547,0.7544,2.8408,5.4547,3.76564,7.23051
1,7,11,7464,29028,53624,0.7464,2.9028,5.3624,3.88907,7.18435
1,7,11.25,7491,28624,54282,0.7491,2.8624,5.4282,3.82112,7.2463
1,7,11.5,7443,28859,53143,0.7443,2.8859,5.3143,3.87733,7.14
1,7,11.75,7489,28720,53691,0.7489,2.872,5.3691,3.83496,7.16931
1,7,12,7435,29434,52589,0.7435,2.9434,5.2589,3.95884,7.07317
1,7,12.25,7431,28990,53111,0.7431,2.899,5.3111,3.90122,7.14722
1,7,12.5,7507,28274,54113,0.7507,2.8274,5.4113,3.76635,7.20834
1,7,12.75,7437,29079,53140,0.7437,2.9079,5.314,3.91004,7.14535
1,7,13,7385,29156,52687,0.7385,2.9156,5.2687,3.948,7.13433
1,7,13.25,7446,28512,53539,0.7446,2.8512,5.3539,3.82917,7.1903
1,7,13.5,7518,28492,54440,0.7518,2.8492,5.444,3.78984,7.24129
1,7,13.75,7492,28307,54433,0.7492,2.8307,5.4433,3.7783,7.26548
1,7,14,7500,28858,53727,0.75,2.8858,5.3727,3.84773,7.1636
1,7,14.25,7467,29076,53168,0.7467,2.9076,5.3168,3.89393,7.1204
1,7,14.5,7452,29212,53353,0.7452,2.9212,5.3353,3.92002,7.15955
1,7,14.75,7499,28808,54463,0.7499,2.8808,5.4463,3.84158,7.2627
1,7,15,7504,28278,55024,0.7504,2.8278,5.5024,3.76839,7.33262
1,8,0,20,429,0,0.002,0.0429,0,21.45,0
1,8,0.25,35,421,20,0.0035,0.0421,0.002,12.0286,0.571429
1,8,0.5,49,489,33,0.0049,0.0489,0.0033,9.97959,0.673469
1,8,0.75,76,672,58,0.0076,0.0672,0.0058,8.84211,0.763158
1,8,1,96,660,73,0.0096,0.066,0.0073,6.875,0.760417
1,8,1.25,113,756,80,0.0113,0.0756,0.008,6.69027,0.707965
1,8,1.5,154,1212,109,0.0154,0.1212,0.0109,7.87013,0.707792
1,8,1.75,203,1481,153,0.0203,0.1481,0.0153,7.29557,0.753695
1,8,2,258,1964,189,0.0258,0.1964,0.0189,7.6124,0.732558
1,8,2.25,339,2789,259,0.0339,0.2789,0.0259,8.22714,0.764012
1,8,2.5,462,3939,397,0.0462,0.3939,0.0397,8.52597,0.859307
1,8,2.75,582,4426,523,0.0582,0.4426,0.0523,7.60481,0.898625
1,8,3,732,5298,682,0.0732,0.5298,0.0682,7.2377,0.931694
1,8,3.25,954,7205,1006,0.0954,0.7205,0.1006,7.55241,1.05451
1,8,3.5,1244,9931,1501,0.1244,0.9931,0.1501,7.98312,1.20659
1,8,3.75,1660,13517,2454,0.166,1.3517,0.2454,8.14277,1.47831
1,8,4,2204,17749,3973,0.2204,1.7749,0.3973,8.05309,1.80263
1,8,4.25,2951,23255,6825,0.2951,2.3255,0.6825,7.88038,2.31278
1,8,4.5,3695,28245,10641,0.3695,2.8245,1.0641,7.64411,2.87984
1,8,4.75,4792,33822,18897,0.4792,3.3822,1.8897,7.05801,3.94345
1,8,5,5653,34236,27685,0.5653,3.4236,2.7685,6.05625,4.8974
1,8,5.25,6322,33719,36485,0.6322,3.3719,3.6485,5.3336,5.77112
1,8,5.5,6828,32525,43825,0.6828,3.2525,4.3825,4.76347,6.41842
1,8,5.75,7065,30753,47636,0.7065,3.0753,4.7636,4.35287,6.74253
1,8,6,7286,29881,50995,0.7286,2.9881,5.0995,4.10115,6.99904
1,8,6.25,7409,29271,52738,0.7409,2.9271,5.2738,3.95074,7.1181
1,8,6.5,7411,28941,53801,0.7411,2.8941,5.3801,3.90514,7.25961
1,8,6.75,7445,28065,54284,0.7445,2.8065,5.4284,3.76964,7.29134
1,8,7,7419,28137,54079,0.7419,2.8137,5.4079,3.79256,7.28926
1,8,7.25,7447,28296,53928,0.7447,2.8296,5.3928,3.79965,7.24157
1,8,7.5,7421,28791,53294,0.7421,2.8791,5.3294,3.87967,7.18151
1,8,7.75,7434,28638,53213,0.7434,2.8638,5.3213,3.8523,7.15806
1,8,8,7465,28560,54331,0.7465,2.856,5.4331,3.82585,7.2781
1,8,8.25,7449,29033,53386,0.7449,2.9033,5.3386,3.89757,7.16687
1,8,8.5,7422,29655,52342,0.7422,2.9655,5.2342,3.99555,7.05228
1,8,8.75,7441,29224,53211,0.7441,2.9224,5.3211,3.92743,7.15105
1,8,9,7535,28275,54816,0.7535,2.8275,5.4816,3.75249,7.27485
1,8,9.25,7576,28227,55377,0.7576,2.8227,5.5377,3.72584,7.30953
1,8,9.5,7510,28520,54229,0.751,2.852,5.4229,3.7976,7.22091
1,8,9.75,7510,28615,54360,0.751,2.8615,5.436,3.81025,7.23835
1,8,10,7464,28795,53505,0.7464,2.8795,5.3505,3.85785,7.16841
1,8,10.25,7498,28483,54510,0.7498,2.8483,5.451,3.79875,7.26994
1,8,10.5,7463,28429,53716,0.7463,2.8429,5.3716,3.80933,7.19764
1,8,10.75,7428,29191,52772,0.7428,2.9191,5.2772,3.92986,7.10447
1,8,11,7433,29201,52639,0.7433,2.9201,5.2639,3.92856,7.0818
1,8,11.25,7441,29261,52748,0.7441,2.9261,5.2748,3.9324,7.08883
1,8,11.5,7368,29836,52069,0.7368,2.9836,5.2069,4.0494,7.06691
1,8,11.75,7364,29144,52180,0.7364,2.9144,5.218,3.95763,7.08582
1,8,12,7401,28662,52964,0.7401,2.8662,5.2964,3.87272,7.15633
1,8,12.25,7436,28942,53151,0.7436,2.8942,5.3151,3.89215,7.14779
1,8,12.5,7533,27890,54959,0.7533,2.789,5.4959,3.70238,7.29577
1,8,12.75,7573,27927,55644,0.7573,2.7927,5.5644,3.68771,7.34768
1,8,13,7541,28079,55255,0.7541,2.8079,5.5255,3.72351,7.32728
1,8,13.25,7495,28868,53958,0.7495,2.8868,5.3958,3.85163,7.1992
1,8,13.5,7553,28297,54779,0.7553,2.8297,5.4779,3.74646,7.25261
1,8,13.75,7576,28213,55485,0.7576,2.8213,5.5485,3.724,7.32379
1,8,14,7535,28713,54447,0.7535,2.8713,5.4447,3.81062,7.22588
1,8,14.25,7498,28502,54449,0.7498,2.8502,5.4449,3.80128,7.2618
1,8,14.5,7422,29210,52996,0.7422,2.921,5.2996,3.9356,7.14039
1,8,14.75,7447,28456,53642,0.7447,2.8456,5.3642,3.82114,7.20317
1,8,15,7388,29262,52420,0.7388,2.9262,5.242,3.96075,7.09529
1,9,0,20,382,0,0.002,0.0382,0,19.1,0
1,9,0.25,45,559,26,0.0045,0.0559,0.0026,12.4222,0.577778
1,9,0.5,55,523,34,0.0055,0.0523,0.0034,9.50909,0.618182
1,9,0.75,69,549,45,0.0069,0.0549,0.0045,7.95652,0.652174
1,9,1,107,899,86,0.0107,0.0899,0.0086,8.40187,0.803738
1,9,1.25,142,1261,112,0.0142,0.1261,0.0112,8.88028,0.788732
1,9,1.5,183,1517,145,0.0183,0.1517,0.0145,8.28962,0.79235
1,9,1.75,259,2057,221,0.0259,0.2057,0.0221,7.94208,0.853282
1,9,2,356,2926,305,0.0356,0.2926,0.0305,8.2191,0.856742
1,9,2.25,472,3743,420,0.0472,0.3743,0.042,7.93008,0.889831
1,9,2.5,658,5327,679,0.0658,0.5327,0.0679,8.09574,1.03191
1,9,2.75,852,6782,920,0.0852,0.6782,0.092,7.96009,1.07981
1,9,3,1110,8754,1305,0.111,0.8754,0.1305,7.88649,1.17568
1,9,3.25,1397,11048,1886,0.1397,1.1048,0.1886,7.90838,1.35004
1,9,3.5,1748,13338,2578,0.1748,1.3338,0.2578,7.63043,1.47483
1,9,3.75,2157,16581,3671,0.2157,1.6581,0.3671,7.68707,1.7019
1,9,4,2795,22348,5972,0.2795,2.2348,0.5972,7.99571,2.13667
1,9,4.25,3674,28005,10483,0.3674,2.8005,1.0483,7.62248,2.85329
1,9,4.5,4634,32746,17418,0.4634,3.2746,1.7418,7.06647,3.75874
1,9,4.75,5480,34911,25685,0.548,3.4911,2.5685,6.37062,4.68704
1,9,5,6277,35002,35530,0.6277,3.5002,3.553,5.57623,5.66035
1,9,5.25,6780,32626,42943,0.678,3.2626,4.2943,4.81209,6.33378
1,9,5.5,7103,30962,48082,0.7103,3.0962,4.8082,4.359,6.76925
1,9,5.75,7346,29614,52064,0.7346,2.9614,5.2064,4.03131,7.08739
1,9,6,7411,28760,53491,0.7411,2.876,5.3491,3.88072,7.21778
1,9,6.25,7440,28412,54079,0.744,2.8412,5.4079,3.81882,7.26868
1,9,6.5,7500,28381,54258,0.75,2.8381,5.4258,3.78413,7.2344
1,9,6.75,7509,29175,53979,0.7509,2.9175,5.3979,3.88534,7.18857
1,9,7,7427,28828,53407,0.7427,2.8828,5.3407,3.88151,7.19093
1,9,7.25,7482,28866,53829,0.7482,2.8866,5.3829,3.85806,7.19447
1,9,7.5,7456,28999,53280,0.7456,2.8999,5.328,3.88935,7.14592
1,9,7.75,7358,29258,52272,0.7358,2.9258,5.2272,3.97635,7.1041
1,9,8,7432,29448,52954,0.7432,2.9448,5.2954,3.96233,7.12513
1,9,8.25,7462,28760,53811,0.7462,2.876,5.3811,3.85419,7.21134
1,9,8.5,7458,28850,53790,0.7458,2.885,5.379,3.86833,7.21239
1,9,8.75,7482,28619,54367,0.7482,2.8619,5.4367,3.82505,7.26637
1,9,9,7514,28513,54330,0.7514,2.8513,5.433,3.79465,7.2305
1,9,9.25,7390,29070,52836,0.739,2.907,5.2836,3.93369,7.14966
1,9,9.5,7517,28178,55248,0.7517,2.8178,5.5248,3.74857,7.34974
1,9,9.75,7514,28370,54801,0.7514,2.837,5.4801,3.77562,7.29319
1,9,10,7486,28693,54473,0.7486,2.8693,5.4473,3.83289,7.27665
1,9,10.25,7494,27991,54819,0.7494,2.7991,5.4819,3.73512,7.31505
1,9,10.5,7503,28159,54511,0.7503,2.8159,5.4511,3.75303,7.26523
1,9,10.75,7442,29200,53242,0.7442,2.92,5.3242,3.92368,7.15426
1,9,11,7470,29025,53298,0.747,2.9025,5.3298,3.88554,7.13494
1,9,11.25,7456,28967,52963,0.7456,2.8967,5.2963,3.88506,7.10341
1,9,11.5,7533,28710,54632,0.7533,2.871,5.4632,3.81123,7.25236
1,9,11.75,7435,28705,53458,0.7435,2.8705,5.3458,3.86079,7.19005
1,9,12,7434,29046,52755,0.7434,2.9046,5.2755,3.90718,7.09645
1,9,12.25,7442,29224,52811,0.7442,2.9224,5.2811,3.9269,7.09635
1,9,12.5,7421,29165,52941,0.7421,2.9165,5.2941,3.93006,7.13394
1,9,12.75,7456,28591,53656,0.7456,2.8591,5.3656,3.83463,7.19635
1,9,13,7348,29509,51593,0.7348,2.9509,5.1593,4.01592,7.02137
1,9,13.25,7339,29730,51193,0.7339,2.973,5.1193,4.05096,6.97547
1,9,13.5,7464,28790,53634,0.7464,2.879,5.3634,3.85718,7.18569
1,9,13.75,7350,29637,51858,0.735,2.9637,5.1858,4.03224,7.05551
1,9,14,7483,29228,54193,0.7483,2.9228,5.4193,3.90592,7.24215
1,9,14.25,7571,27951,55784,0.7571,2.7951,5.5784,3.69185,7.36812
1,9,14.5,7447,28680,53849,0.7447,2.868,5.3849,3.85122,7.23097
1,9,14.75,7466,28980,53976,0.7466,2.898,5.3976,3.8816,7.22957
1,9,15,7418,28632,53536,0.7418,2.8632,5.3536,3.8598,7.21704
1,10,0,20,396,0,0.002,0.0396,0,19.8,0
1,10,0.25,36,413,18,0.0036,0.0413,0.0018,11.4722,0.5
1,10,0.5,53,531,39,0.0053,0.0531,0.0039,10.0189,0.735849
1,10,0.75,81,804,60,0.0081,0.0804,0.006,9.92593,0.740741
1,10,1,119,1026,88,0.0119,0.1026,0.0088,8.62185,0.739496
1,10,1.25,145,1139,111,0.0145,0.1139,0.0111,7.85517,0.765517
1,10,1.5,176,1444,134,0.0176,0.1444,0.0134,8.20455,0.761364
1,10,1.75,239,1907,197,0.0239,0.1907,0.0197,7.97908,0.824268
1,10,2,321,2568,282,0.0321,0.2568,0.0282,8,0.878505
1,10,2.25,393,2943,347,0.0393,0.2943,0.0347,7.48855,0.882952
1,10,2.5,489,3756,436,0.0489,0.3756,0.0436,7.68098,0.891616
1,10,2.75,630,4733,601,0.063,0.4733,0.0601,7.5127,0.953968
1,10,3,826,6450,836,0.0826,0.645,0.0836,7.80872,1.01211
1,10,3.25,1096,8674,1254,0.1096,0.8674,0.1254,7.91423,1.14416
1,10,3.5,1354,10158,1728,0.1354,1.0158,0.1728,7.50222,1.27622
1,10,3.75,1689,13070,2439,0.1689,1.307,0.2439,7.73831,1.44405
1,10,4,2230,18105,3950,0.223,1.8105,0.395,8.11883,1.7713
1,10,4.25,2936,23497,6782,0.2936,2.3497,0.6782,8.00307,2.30995
1,10,4.5,3794,28772,11482,0.3794,2.8772,1.1482,7.58355,3.02636
1,10,4.75,4809,33750,19217,0.4809,3.375,1.9217,7.01809,3.99605
1,10,5,5667,34460,27870,0.5667,3.446,2.787,6.08082,4.91795
1,10,5.25,6384,34286,37410,0.6384,3.4286,3.741,5.37061,5.85996
1,10,5.5,6817,32104,43939,0.6817,3.2104,4.3939,4.7094,6.4455
1,10,5.75,7043,31361,47283,0.7043,3.1361,4.7283,4.45279,6.71347
1,10,6,7102,30200,48323,0.7102,3.02,4.8323,4.25232,6.80414
1,10,6.25,7315,29647,51650,0.7315,2.9647,5.165,4.0529,7.06083
1,10,6.5,7332,29229,52056,0.7332,2.9229,5.2056,3.9865,7.09984
1,10,6.75,7415,29155,53194,0.7415,2.9155,5.3194,3.93189,7.17384
1,10,7,7607,27828,56335,0.7607,2.7828,5.6335,3.65821,7.40568
1,10,7.25,7607,27926,55819,0.7607,2.7926,5.5819,3.67109,7.33785
1,10,7.5,7564,27712,55859,0.7564,2.7712,5.5859,3.66367,7.38485
1,10,7.75,7550,27824,55907,0.755,2.7824,5.5907,3.6853,7.4049
1,10,8,7483,28331,54601,0.7483,2.8331,5.4601,3.78605,7.29667
1,10,8.25,7396,28908,52849,0.7396,2.8908,5.2849,3.9086,7.14562
1,10,8.5,7400,29169,52102,0.74,2.9169,5.2102,3.94176,7.04081
1,10,8.75,7463,28971,53007,0.7463,2.8971,5.3007,3.88195,7.10264
1,10,9,7475,28843,53602,0.7475,2.8843,5.3602,3.8586,7.17084
1,10,9.25,7406,28806,52542,0.7406,2.8806,5.2542,3.88955,7.09452
1,10,9.5,7468,29609,53368,0.7468,2.9609,5.3368,3.96478,7.14622
1,10,9.75,7540,28095,54837,0.754,2.8095,5.4837,3.72613,7.27281
1,10,10,7489,28749,54148,0.7489,2.8749,5.4148,3.83883,7.23034
1,10,10.25,7462,28786,54095,0.7462,2.8786,5.4095,3.85768,7.2494
1,10,10.5,7515,28563,54116,0.7515,2.8563,5.4116,3.8008,7.20106
1,10,10.75,7398,29065,52719,0.7398,2.9065,5.2719,3.92876,7.12612
1,10,11,7416,28851,52811,0.7416,2.8851,5.2811,3.89037,7.12122
1,10,11.25,7533,28909,54491,0.7533,2.8909,5.4491,3.83765,7.23364
1,10,11.5,7499,28745,54708,0.7499,2.8745,5.4708,3.83318,7.29537
1,10,11.75,7467,28584,54183,0.7467,2.8584,5.4183,3.82804,7.25633
1,10,12,7457,28509,53489,0.7457,2.8509,5.3489,3.82312,7.17299
1,10,12.25,7479,28424,54055,0.7479,2.8424,5.4055,3.80051,7.22757
1,10,12.5,7485,28215,54562,0.7485,2.8215,5.4562,3.76954,7.28951
1,10,12.75,7464,28841,53939,0.7464,2.8841,5.3939,3.86401,7.22655
1,10,13,7541,28398,54871,0.7541,2.8398,5.4871,3.76581,7.27636
1,10,13.25,7432,28573,53155,0.7432,2.8573,5.3155,3.84459,7.15218
1,10,13.5,7384,29549,52344,0.7384,2.9549,5.2344,4.00176,7.08884
1,10,13.75,7426,29235,53077,0.7426,2.9235,5.3077,3.93684,7.14745
1,10,14,7423,28606,53032,0.7423,2.8606,5.3032,3.8537,7.14428
1,10,14.25,7494,28488,54480,0.7494,2.8488,5.448,3.80144,7.26982
1,10,14.5,7601,27978,55694,0.7601,2.7978,5.5694,3.68083,7.32719
1,10,14.75,7491,28277,54242,0.7491,2.8277,5.4242,3.7748,7.24096
1,10,15,7473,28800,54126,0.7473,2.88,5.4126,3.85387,7.24287
1,11,0,20,434,1,0.002,0.0434,0.0001,21.7,0.05
1,11,0.25,40,455,22,0.004,0.0455,0.0022,11.375,0.55
1,11,0.5,56,525,37,0.0056,0.0525,0.0037,9.375,0.660714
1,11,0.75,76,605,56,0.0076,0.0605,0.0056,7.96053,0.736842
1,11,1,101,720,72,0.0101,0.072,0.0072,7.12871,0.712871
1,11,1.25,139,1114,105,0.0139,0.1114,0.0105,8.01439,0.755396
1,11,1.5,197,1612,149,0.0197,0.1612,0.0149,8.18274,0.756345
1,11,1.75,246,1843,192,0.0246,0.1843,0.0192,7.49187,0.780488
1,11,2,308,2426,240,0.0308,0.2426,0.024,7.87662,0.779221
1,11,2.25,402,3172,326,0.0402,0.3172,0.0326,7.89055,0.810945
1,11,2.5,521,4180,441,0.0521,0.418,0.0441,8.02303,0.846449
1,11,2.75,707,5658,674,0.0707,0.5658,0.0674,8.00283,0.953324
1,11,3,908,7245,986,0.0908,0.7245,0.0986,7.97907,1.0859
1,11,3.25,1185,9293,1423,0.1185,0.9293,0.1423,7.84219,1.20084
1,11,3.5,1579,13060,2170,0.1579,1.306,0.217,8.27106,1.37429
1,11,3.75,2153,17340,3750,0.2153,1.734,0.375,8.05388,1.74176
1,11,4,2796,22070,6100,0.2796,2.207,0.61,7.89342,2.18169
1,11,4.25,3540,26920,9795,0.354,2.692,0.9795,7.60452,2.76695
1,11,4.5,4485,31953,16018,0.4485,3.1953,1.6018,7.12441,3.57146
1,11,4.75,5424,34548,24840,0.5424,3.4548,2.484,6.36947,4.57965
1,11,5,6165,34458,33895,0.6165,3.4458,3.3895,5.58929,5.49797
1,11,5.25,6706,32949,41578,0.6706,3.2949,4.1578,4.91336,6.20012
1,11,5.5,7058,31256,47392,0.7058,3.1256,4.7392,4.42845,6.71465
1,11,5.75,7249,29500,50422,0.7249,2.95,5.0422,4.06953,6.95572
1,11,6,7320,29186,52334,0.732,2.9186,5.2334,3.98716,7.14945
1,11,6.25,7345,29080,52478,0.7345,2.908,5.2478,3.95916,7.14472
1,11,6.5,7396,28802,53337,0.7396,2.8802,5.3337,3.89427,7.2116
1,11,6.75,7520,28335,54552,0.752,2.8335,5.4552,3.76795,7.25426
1,11,7,7525,28724,54522,0.7525,2.8724,5.4522,3.81714,7.24545
1,11,7.25,7571,27958,55750,0.7571,2.7958,5.575,3.69278,7.36362
1,11,7.5,7511,28048,54658,0.7511,2.8048,5.4658,3.73426,7.27706
1,11,7.75,7490,28415,54341,0.749,2.8415,5.4341,3.79372,7.25514
1,11,8,7551,28078,54958,0.7551,2.8078,5.4958,3.71845,7.27824
1,11,8.25,7495,28545,53949,0.7495,2.8545,5.3949,3.80854,7.198
1,11,8.5,7533,28287,54549,0.7533,2.8287,5.4549,3.75508,7.24134
1,11,8.75,7529,28404,54576,0.7529,2.8404,5.4576,3.77261,7.24877
1,11,9,7423,28604,53181,0.7423,2.8604,5.3181,3.85343,7.16435
1,11,9.25,7486,29261,53735,0.7486,2.9261,5.3735,3.90876,7.17807
1,11,9.5,7472,28731,53438,0.7472,2.8731,5.3438,3.84516,7.15177
1,11,9.75,7508,28063,54821,0.7508,2.8063,5.4821,3.73775,7.30168
1,11,10,7424,28701,53650,0.7424,2.8701,5.365,3.86598,7.22656
1,11,10.25,7378,29516,52133,0.7378,2.9516,5.2133,4.00054,7.06601
1,11,10.5,7321,29209,51470,0.7321,2.9209,5.147,3.98976,7.03046
1,11,10.75,7421,29059,53041,0.7421,2.9059,5.3041,3.91578,7.14742
1,11,11,7608,27897,56117,0.7608,2.7897,5.6117,3.6668,7.37605
1,11,11.25,7406,28631,53429,0.7406,2.8631,5.3429,3.86592,7.21429
1,11,11.5,7452,28907,53478,0.7452,2.8907,5.3478,3.87909,7.17633
1,11,11.75,7410,28673,52977,0.741,2.8673,5.2977,3.8695,7.14939
1,11,12,7431,29240,53127,0.7431,2.924,5.3127,3.93487,7.14937
1,11,12.25,7475,28480,53978,0.7475,2.848,5.3978,3.81003,7.22114
1,11,12.5,7520,28301,54832,0.752,2.8301,5.4832,3.76343,7.29149
1,11,12.75,7513,29011,53937,0.7513,2.9011,5.3937,3.86144,7.17916
1,11,13,7466,29094,52699,0.7466,2.9094,5.2699,3.89687,7.05853
1,11,13.25,7471,28845,53746,0.7471,2.8845,5.3746,3.86093,7.19395
1,11,13.5,7542,28412,54926,0.7542,2.8412,5.4926,3.76717,7.28268
1,11,13.75,7485,28734,53871,0.7485,2.8734,5.3871,3.83888,7.19719
1,11,14,7436,28900,53283,0.7436,2.89,5.3283,3.8865,7.16555
1,11,14.25,7360,29200,52263,0.736,2.92,5.2263,3.96739,7.10095
1,11,14.5,7506,28454,54062,0.7506,2.8454,5.4062,3.79083,7.2025
1,11,14.75,7490,28550,54082,0.749,2.855,5.4082,3.81175,7.22056
1,11,15,7498,28231,54114,0.7498,2.8231,5.4114,3.76514,7.21712
1,12,0,20,426,0,0.002,0.0426,0,21.3,0
1,12,0.25,59,749,43,0.0059,0.0749,0.0043,12.6949,0.728814
1,12,0.5,95,970,68,0.0095,0.097,0.0068,10.2105,0.715789
1,12,0.75,154,1464,127,0.0154,0.1464,0.0127,9.50649,0.824675
1,12,1,205,1772,165,0.0205,0.1772,0.0165,8.6439,0.804878
1,12,1.25,305,2753,264,0.0305,0.2753,0.0264,9.02623,0.865574
1,12,1.5,447,3839,421,0.0447,0.3839,0.0421,8.58837,0.941834
1,12,1.75,614,5310,600,0.0614,0.531,0.06,8.64821,0.977199
1,12,2,916,7999,1082,0.0916,0.7999,0.1082,8.73253,1.18122
1,12,2.25,1229,9944,1551,0.1229,0.9944,0.1551,8.09113,1.262
1,12,2.5,1546,11899,2197,0.1546,1.1899,0.2197,7.69664,1.42109
1,12,2.75,2046,16169,3442,0.2046,1.6169,0.3442,7.90274,1.68231
1,12,3,2660,20273,5497,0.266,2.0273,0.5497,7.62143,2.06654
1,12,3.25,3301,24352,8252,0.3301,2.4352,0.8252,7.37716,2.49985
1,12,3.5,4098,30112,12916,0.4098,3.0112,1.2916,7.34797,3.15178
1,12,3.75,4934,33112,19859,0.4934,3.3112,1.9859,6.71099,4.02493
1,12,4,5771,34997,28773,0.5771,3.4997,2.8773,6.06429,4.98579
1,12,4.25,6391,34018,37228,0.6391,3.4018,3.7228,5.3228,5.82507
1,12,4.5,6953,32110,46233,0.6953,3.211,4.6233,4.61815,6.64936
1,12,4.75,7152,30372,49591,0.7152,3.0372,4.9591,4.24664,6.93386
1,12,5,7284,28927,51328,0.7284,2.8927,5.1328,3.97131,7.04668
1,12,5.25,7368,28515,53194,0.7368,2.8515,5.3194,3.87011,7.2196
1,12,5.5,7314,29174,51794,0.7314,2.9174,5.1794,3.98879,7.08149
1,12,5.75,7319,29439,51550,0.7319,2.9439,5.155,4.02227,7.04331
1,12,6,7379,29528,52105,0.7379,2.9528,5.2105,4.00163,7.06125
1,12,6.25,7393,28991,52816,0.7393,2.8991,5.2816,3.92141,7.14406
1,12,6.5,7423,29073,53447,0.7423,2.9073,5.3447,3.91661,7.20019
1,12,6.75,7479,28445,54173,0.7479,2.8445,5.4173,3.80332,7.24335
1,12,7,7366,28836,52170,0.7366,2.8836,5.217,3.91474,7.08254
1,12,7.25,7479,29296,53638,0.7479,2.9296,5.3638,3.9171,7.17181
1,12,7.5,7503,28583,54483,0.7503,2.8583,5.4483,3.80954,7.2615
1,12,7.75,7564,28435,55129,0.7564,2.8435,5.5129,3.75925,7.28834
1,12,8,7491,28798,54464,0.7491,2.8798,5.4464,3.84435,7.27059
1,12,8.25,7467,28352,54408,0.7467,2.8352,5.4408,3.79697,7.28646
1,12,8.5,7421,28609,53478,0.7421,2.8609,5.3478,3.85514,7.20631
1,12,8.75,7478,28820,54144,0.7478,2.882,5.4144,3.85397,7.24044
1,12,9,7529,28397,54352,0.7529,2.8397,5.4352,3.77168,7.21902
1,12,9.25,7488,28429,53867,0.7488,2.8429,5.3867,3.79661,7.19378
1,12,9.5,7458,29035,53676,0.7458,2.9035,5.3676,3.89313,7.1971
1,12,9.75,7460,28605,53507,0.746,2.8605,5.3507,3.83445,7.17252
1,12,10,7425,28801,53322,0.7425,2.8801,5.3322,3.87892,7.18141
1,12,10.25,7469,28526,54054,0.7469,2.8526,5.4054,3.81925,7.23711
1,12,10.5,7473,28394,53727,0.7473,2.8394,5.3727,3.79955,7.18948
1,12,10.75,7543,28762,54692,0.7543,2.8762,5.4692,3.81307,7.2507
1,12,11,7456,28970,53448,0.7456,2.897,5.3448,3.88546,7.16845
1,12,11.25,7401,29136,52896,0.7401,2.9136,5.2896,3.93677,7.14714
1,12,11.5,7373,29061,52216,0.7373,2.9061,5.2216,3.94154,7.08206
1,12,11.75,7355,29521,51980,0.7355,2.9521,5.198,4.01373,7.0673
1,12,12,7446,28847,53664,0.7446,2.8847,5.3664,3.87416,7.20709
1,12,12.25,7438,28549,53301,0.7438,2.8549,5.3301,3.83826,7.16604
1,12,12.5,7431,29116,53134,0.7431,2.9116,5.3134,3.91818,7.15032
1,12,12.75,7418,28861,53409,0.7418,2.8861,5.3409,3.89067,7.19992
1,12,13,7394,28792,52896,0.7394,2.8792,5.2896,3.89397,7.15391
1,12,13.25,7430,28578,53086,0.743,2.8578,5.3086,3.8463,7.14482
1,12,13.5,7494,28985,53749,0.7494,2.8985,5.3749,3.86776,7.17227
1,12,13.75,7426,29047,53085,0.7426,2.9047,5.3085,3.91153,7.14853
1,12,14,7347,29578,52128,0.7347,2.9578,5.2128,4.02586,7.09514
1,12,14.25,7393,29098,52328,0.7393,2.9098,5.2328,3.93589,7.07805
1,12,14.5,7417,28955,52485,0.7417,2.8955,5.2485,3.90387,7.07631
1,12,14.75,7438,29025,52994,0.7438,2.9025,5.2994,3.90226,7.12476
1,12,15,7500,28460,53751,0.75,2.846,5.3751,3.79467,7.1668
1,13,0,20,393,0,0.002,0.0393,0,19.65,0
1,13,0.25,56,766,41,0.0056,0.0766,0.0041,13.6786,0.732143
1,13,0.5,92,974,67,0.0092,0.0974,0.0067,10.587,0.728261
1,13,0.75,141,1237,108,0.0141,0.1237,0.0108,8.77305,0.765957
1,13,1,198,1697,161,0.0198,0.1697,0.0161,8.57071,0.813131
1,13,1.25,275,2258,234,0.0275,0.2258,0.0234,8.21091,0.850909
1,13,1.5,412,3519,396,0.0412,0.3519,0.0396,8.54126,0.961165
1,13,1.75,512,3973,494,0.0512,0.3973,0.0494,7.75977,0.964844
1,13,2,693,5748,699,0.0693,0.5748,0.0699,8.29437,1.00866
1,13,2.25,929,7525,1058,0.0929,0.7525,0.1058,8.10011,1.13886
1,13,2.5,1230,9899,1520,0.123,0.9899,0.152,8.04797,1.23577
1,13,2.75,1634,13251,2385,0.1634,1.3251,0.2385,8.10955,1.45961
1,13,3,2179,17592,3842,0.2179,1.7592,0.3842,8.07343,1.76319
1,13,3.25,2968,23895,6844,0.2968,2.3895,0.6844,8.05088,2.30593
1,13,3.5,3811,28406,11081,0.3811,2.8406,1.1081,7.45369,2.90764
1,13,3.75,4764,33089,18008,0.4764,3.3089,1.8008,6.94563,3.78002
1,13,4,5822,34952,29208,0.5822,3.4952,2.9208,6.00344,5.01683
1,13,4.25,6468,33561,37978,0.6468,3.3561,3.7978,5.18878,5.87168
1,13,4.5,6863,32176,44202,0.6863,3.2176,4.4202,4.68833,6.44062
1,13,4.75,7153,30864,48867,0.7153,3.0864,4.8867,4.31483,6.83168
1,13,5,7330,29741,51840,0.733,2.9741,5.184,4.05744,7.07231
1,13,5.25,7385,29032,52588,0.7385,2.9032,5.2588,3.93121,7.12092
1,13,5.5,7478,28509,54826,0.7478,2.8509,5.4826,3.81238,7.33164
1,13,5.75,7433,28298,53830,0.7433,2.8298,5.383,3.80708,7.24203
1,13,6,7507,28102,54537,0.7507,2.8102,5.4537,3.74344,7.26482
1,13,6.25,7408,29103,53017,0.7408,2.9103,5.3017,3.92859,7.15672
1,13,6.5,7382,28842,52850,0.7382,2.8842,5.285,3.90707,7.15931
1,13,6.75,7509,28961,53972,0.7509,2.8961,5.3972,3.85684,7.18764
1,13,7,7477,28703,53890,0.7477,2.8703,5.389,3.83884,7.20744
1,13,7.25,7479,28933,53507,0.7479,2.8933,5.3507,3.86857,7.1543
1,13,7.5,7514,28684,54138,0.7514,2.8684,5.4138,3.81741,7.20495
1,13,7.75,7492,28746,53917,0.7492,2.8746,5.3917,3.83689,7.19661
1,13,8,7475,28506,54031,0.7475,2.8506,5.4031,3.81351,7.22823
1,13,8.25,7478,28145,54229,0.7478,2.8145,5.4229,3.76371,7.25181
1,13,8.5,7434,28811,53354,0.7434,2.8811,5.3354,3.87557,7.17702
1,13,8.75,7403,28906,52802,0.7403,2.8906,5.2802,3.90463,7.13251
1,13,9,7436,29043,52747,0.7436,2.9043,5.2747,3.90573,7.09346
1,13,9.25,7431,29110,53178,0.7431,2.911,5.3178,3.91737,7.15624
1,13,9.5,7424,28843,52955,0.7424,2.8843,5.2955,3.8851,7.13295
1,13,9.75,7499,28361,54125,0.7499,2.8361,5.4125,3.78197,7.21763
1,13,10,7503,28225,54750,0.7503,2.8225,5.475,3.76183,7.29708
1,13,10.25,7541,28070,55295,0.7541,2.807,5.5295,3.72232,7.33258
1,13,10.5,7527,28079,54802,0.7527,2.8079,5.4802,3.73044,7.28072
1,13,10.75,7478,28428,54058,0.7478,2.8428,5.4058,3.80155,7.22894
1,13,11,7544,28734,54596,0.7544,2.8734,5.4596,3.80885,7.23701
1,13,11.25,7600,28079,55823,0.76,2.8079,5.5823,3.69461,7.34513
1,13,11.5,7545,28505,54943,0.7545,2.8505,5.4943,3.778,7.28204
1,13,11.75,7498,28190,54385,0.7498,2.819,5.4385,3.75967,7.25327
1,13,12,7496,28817,54443,0.7496,2.8817,5.4443,3.84432,7.26294
1,13,12.25,7488,28685,53914,0.7488,2.8685,5.3914,3.8308,7.20005
1,13,12.5,7552,28225,54848,0.7552,2.8225,5.4848,3.73742,7.26271
1,13,12.75,7483,28725,53729,0.7483,2.8725,5.3729,3.8387,7.18014
1,13,13,7438,28839,53116,0.7438,2.8839,5.3116,3.87725,7.14117
1,13,13.25,7509,28507,54527,0.7509,2.8507,5.4527,3.79638,7.26155
1,13,13.5,7530,28542,54385,0.753,2.8542,5.4385,3.79044,7.22244
1,13,13.75,7578,28346,54910,0.7578,2.8346,5.491,3.74056,7.24598
1,13,14,7541,27920,55063,0.7541,2.792,5.5063,3.70243,7.30182
1,13,14.25,7501,28419,54502,0.7501,2.8419,5.4502,3.78869,7.26596
1,13,14.5,7424,28896,53431,0.7424,2.8896,5.3431,3.89224,7.19706
1,13,14.75,7477,28992,53929,0.7477,2.8992,5.3929,3.87749,7.21265
1,13,15,7489,28311,54420,0.7489,2.8311,5.442,3.78034,7.26666
1,14,0,20,414,0,0.002,0.0414,0,20.7,0
1,14,0.25,35,395,17,0.0035,0.0395,0.0017,11.2857,0.485714
1,14,0.5,49,397,26,0.0049,0.0397,0.0026,8.10204,0.530612
1,14,0.75,60,467,38,0.006,0.0467,0.0038,7.78333,0.633333
1,14,1,73,515,48,0.0073,0.0515,0.0048,7.05479,0.657534
1,14,1.25,98,781,60,0.0098,0.0781,0.006,7.96939,0.612245
1,14,1.5,120,808,85,0.012,0.0808,0.0085,6.73333,0.708333
1,14,1.75,144,1007,101,0.0144,0.1007,0.0101,6.99306,0.701389
1,14,2,155,1017,100,0.0155,0.1017,0.01,6.56129,0.645161
1,14,2.25,194,1346,134,0.0194,0.1346,0.0134,6.93814,0.690722
1,14,2.5,232,1680,173,0.0232,0.168,0.0173,7.24138,0.74569
1,14,2.75,306,2388,248,0.0306,0.2388,0.0248,7.80392,0.810458
1,14,3,411,3537,345,0.0411,0.3537,0.0345,8.60584,0.839416
1,14,3.25,558,4709,527,0.0558,0.4709,0.0527,8.43907,0.944444
1,14,3.5,766,6554,792,0.0766,0.6554,0.0792,8.55614,1.03394
1,14,3.75,985,8130,1072,0.0985,0.813,0.1072,8.25381,1.08832
1,14,4,1317,10683,1698,0.1317,1.0683,0.1698,8.11162,1.28929
1,14,4.25,1817,15014,2929,0.1817,1.5014,0.2929,8.26307,1.612
1,14,4.5,2408,19386,4821,0.2408,1.9386,0.4821,8.05066,2.00208
1,14,4.75,3098,24325,7611,0.3098,2.4325,0.7611,7.85184,2.45675
1,14,5,3954,29297,12155,0.3954,2.9297,1.2155,7.40946,3.0741
1,14,5.25,4862,33371,19047,0.4862,3.3371,1.9047,6.86364,3.91752
1,14,5.5,5722,34497,27697,0.5722,3.4497,2.7697,6.02884,4.84044
1,14,5.75,6460,34130,37262,0.646,3.413,3.7262,5.28328,5.76811
1,14,6,6967,31873,45340,0.6967,3.1873,4.534,4.57485,6.50782
1,14,6.25,7276,30306,50505,0.7276,3.0306,5.0505,4.1652,6.94131
1,14,6.5,7343,29041,52651,0.7343,2.9041,5.2651,3.95492,7.17023
1,14,6.75,7376,28747,53223,0.7376,2.8747,5.3223,3.89737,7.2157
1,14,7,7350,28909,53244,0.735,2.8909,5.3244,3.9332,7.24408
1,14,7.25,7435,28701,53894,0.7435,2.8701,5.3894,3.86026,7.24869
1,14,7.5,7372,29064,53083,0.7372,2.9064,5.3083,3.94249,7.20062
1,14,7.75,7473,28824,53700,0.7473,2.8824,5.37,3.85709,7.18587
1,14,8,7491,28648,54405,0.7491,2.8648,5.4405,3.82432,7.26272
1,14,8.25,7468,28754,54307,0.7468,2.8754,5.4307,3.85029,7.27196
1,14,8.5,7428,28936,53181,0.7428,2.8936,5.3181,3.89553,7.15953
1,14,8.75,7438,29134,52845,0.7438,2.9134,5.2845,3.91691,7.10473
1,14,9,7529,28900,54615,0.7529,2.89,5.4615,3.83849,7.25395
1,14,9.25,7537,28275,55237,0.7537,2.8275,5.5237,3.75149,7.32878
1,14,9.5,7497,28743,53811,0.7497,2.8743,5.3811,3.83393,7.17767
1,14,9.75,7474,28915,53308,0.7474,2.8915,5.3308,3.86874,7.13246
1,14,10,7482,28991,53963,0.7482,2.8991,5.3963,3.87477,7.21238
1,14,10.25,7496,28109,54430,0.7496,2.8109,5.443,3.74987,7.26121
1,14,10.5,7446,28496,53749,0.7446,2.8496,5.3749,3.82702,7.21851
1,14,10.75,7478,28631,54344,0.7478,2.8631,5.4344,3.8287,7.26718
1,14,11,7506,27992,54963,0.7506,2.7992,5.4963,3.72928,7.32254
1,14,11.25,7405,28791,52564,0.7405,2.8791,5.2564,3.88805,7.09845
1,14,11.5,7374,29652,52229,0.7374,2.9652,5.2229,4.02116,7.08286
1,14,11.75,7449,28790,53826,0.7449,2.879,5.3826,3.86495,7.22594
1,14,12,7372,29194,52207,0.7372,2.9194,5.2207,3.96012,7.0818
1,14,12.25,7389,28829,52315,0.7389,2.8829,5.2315,3.90161,7.08012
1,14,12.5,7314,29280,51490,0.7314,2.928,5.149,4.00328,7.03992
1,14,12.75,7359,29435,51610,0.7359,2.9435,5.161,3.99986,7.01318
1,14,13,7451,29191,53027,0.7451,2.9191,5.3027,3.91773,7.11676
1,14,13.25,7496,28557,54025,0.7496,2.8557,5.4025,3.80963,7.20718
1,14,13.5,7491,29441,53700,0.7491,2.9441,5.37,3.93018,7.1686
1,14,13.75,7530,28230,54609,0.753,2.823,5.4609,3.749,7.25219
1,14,14,7525,28140,54806,0.7525,2.814,5.4806,3.73953,7.28319
1,14,14.25,7478,28449,54039,0.7478,2.8449,5.4039,3.80436,7.2264
1,14,14.5,7448,28964,53629,0.7448,2.8964,5.3629,3.88883,7.20046
1,14,14.75,7441,29161,53289,0.7441,2.9161,5.3289,3.91896,7.16154
1,14,15,7446,29406,52897,0.7446,2.9406,5.2897,3.94923,7.10408
1,15,0,20,393,0,0.002,0.0393,0,19.65,0
1,15,0.25,44,523,28,0.0044,0.0523,0.0028,11.8864,0.636364
1,15,0.5,46,347,30,0.0046,0.0347,0.003,7.54348,0.652174
1,15,0.75,77,739,58,0.0077,0.0739,0.0058,9.5974,0.753247
1,15,1,104,902,76,0.0104,0.0902,0.0076,8.67308,0.730769
1,15,1.25,144,1224,114,0.0144,0.1224,0.0114,8.5,0.791667
1,15,1.5,204,1670,160,0.0204,0.167,0.016,8.18627,0.784314
1,15,1.75,244,1790,201,0.0244,0.179,0.0201,7.33607,0.82377
1,15,2,325,2605,258,0.0325,0.2605,0.0258,8.01538,0.793846
1,15,2.25,441,3612,373,0.0441,0.3612,0.0373,8.19048,0.845805
1,15,2.5,645,5446,616,0.0645,0.5446,0.0616,8.44341,0.955039
1,15,2.75,899,7253,996,0.0899,0.7253,0.0996,8.06785,1.1079
1,15,3,1161,9045,1401,0.1161,0.9045,0.1401,7.7907,1.20672
1,15,3.25,1469,11213,1996,0.1469,1.1213,0.1996,7.63308,1.35875
1,15,3.5,1860,14116,2871,0.186,1.4116,0.2871,7.58925,1.54355
1,15,3.75,2350,18335,4264,0.235,1.8335,0.4264,7.80213,1.81447
1,15,4,3047,23012,7057,0.3047,2.3012,0.7057,7.55235,2.31605
1,15,4.25,3900,28907,11754,0.39,2.8907,1.1754,7.41205,3.01385
1,15,4.5,4914,33415,19591,0.4914,3.3415,1.9591,6.79996,3.98677
1,15,4.75,5889,35023,30552,0.5889,3.5023,3.0552,5.94719,5.18798
1,15,5,6455,33757,38337,0.6455,3.3757,3.8337,5.22959,5.93912
1,15,5.25,6961,32001,45844,0.6961,3.2001,4.5844,4.59718,6.58584
1,15,5.5,7224,30012,50536,0.7224,3.0012,5.0536,4.15449,6.99557
1,15,5.75,7352,28766,52762,0.7352,2.8766,5.2762,3.91268,7.17655
1,15,6,7364,29220,52529,0.7364,2.922,5.2529,3.96795,7.13322
1,15,6.25,7461,28681,54419,0.7461,2.8681,5.4419,3.84412,7.29379
1,15,6.5,7495,28094,54624,0.7495,2.8094,5.4624,3.74837,7.28806
1,15,6.75,7428,28670,53829,0.7428,2.867,5.3829,3.85972,7.24677
1,15,7,7341,28800,52162,0.7341,2.88,5.2162,3.92317,7.10557
1,15,7.25,7318,29276,51684,0.7318,2.9276,5.1684,4.00055,7.06259
1,15,7.5,7318,29167,51575,0.7318,2.9167,5.1575,3.98565,7.04769
1,15,7.75,7361,29376,52231,0.7361,2.9376,5.2231,3.99076,7.09564
1,15,8,7369,29452,52146,0.7369,2.9452,5.2146,3.99674,7.0764
1,15,8.25,7434,28838,53059,0.7434,2.8838,5.3059,3.8792,7.13734
1,15,8.5,7418,28869,53046,0.7418,2.8869,5.3046,3.89175,7.15098
1,15,8.75,7556,28298,54609,0.7556,2.8298,5.4609,3.7451,7.22724
1,15,9,7506,28225,54315,0.7506,2.8225,5.4315,3.76033,7.23621
1,15,9.25,7487,28281,54097,0.7487,2.8281,5.4097,3.77735,7.22546
1,15,9.5,7475,28808,54051,0.7475,2.8808,5.4051,3.85391,7.2309
1,15,9.75,7420,28480,53282,0.742,2.848,5.3282,3.83827,7.18086
1,15,10,7412,29155,52785,0.7412,2.9155,5.2785,3.93349,7.12156
1,15,10.25,7447,28963,53416,0.7447,2.8963,5.3416,3.88922,7.17282
1,15,10.5,7462,28808,53535,0.7462,2.8808,5.3535,3.86063,7.17435
1,15,10.75,7418,28875,52895,0.7418,2.8875,5.2895,3.89256,7.13063
1,15,11,7408,28795,52945,0.7408,2.8795,5.2945,3.88701,7.147
1,15,11.25,7444,29025,52872,0.7444,2.9025,5.2872,3.89911,7.10263
1,15,11.5,7457,28813,53526,0.7457,2.8813,5.3526,3.86389,7.17795
1,15,11.75,7528,28559,53987,0.7528,2.8559,5.3987,3.7937,7.17149
1,15,12,7528,28406,54434,0.7528,2.8406,5.4434,3.77338,7.23087
1,15,12.25,7535,28598,54551,0.7535,2.8598,5.4551,3.79536,7.23968
1,15,12.5,7504,28814,53942,0.7504,2.8814,5.3942,3.83982,7.18843
1,15,12.75,7475,28371,54271,0.7475,2.8371,5.4271,3.79545,7.26033
1,15,13,7383,29089,52422,0.7383,2.9089,5.2422,3.94,7.10037
1,15,13.25,7384,29384,52619,0.7384,2.9384,5.2619,3.97941,7.12608
1,15,13.5,7383,28977,52546,0.7383,2.8977,5.2546,3.92483,7.11716
1,15,13.75,7352,28975,52301,0.7352,2.8975,5.2301,3.9411,7.11385
1,15,14,7402,29207,52875,0.7402,2.9207,5.2875,3.94583,7.14334
1,15,14.25,7448,28911,53928,0.7448,2.8911,5.3928,3.88171,7.2406
1,15,14.5,7488,28714,54080,0.7488,2.8714,5.408,3.83467,7.22222
1,15,14.75,7567,28719,55142,0.7567,2.8719,5.5142,3.7953,7.28717
1,15,15,7491,28802,53758,0.7491,2.8802,5.3758,3.84488,7.17634
1,16,0,20,393,0,0.002,0.0393,0,19.65,0
1,16,0.25,48,597,26,0.0048,0.0597,0.0026,12.4375,0.541667
1,16,0.5,66,668,44,0.0066,0.0668,0.0044,10.1212,0.666667
1,16,0.75,94,837,71,0.0094,0.0837,0.0071,8.90426,0.755319
1,16,1,130,1114,95,0.013,0.1114,0.0095,8.56923,0.730769
1,16,1.25,183,1524,150,0.0183,0.1524,0.015,8.32787,0.819672
1,16,1.5,254,2001,217,0.0254,0.2001,0.0217,7.87795,0.854331
1,16,1.75,376,3079,337,0.0376,0.3079,0.0337,8.18883,0.896277
1,16,2,526,4368,490,0.0526,0.4368,0.049,8.30418,0.931559
1,16,2.25,697,5666,677,0.0697,0.5666,0.0677,8.12912,0.971306
1,16,2.5,965,7611,1101,0.0965,0.7611,0.1101,7.88705,1.14093
1,16,2.75,1287,10334,1620,0.1287,1.0334,0.162,8.02953,1.25874
1,16,3,1693,13759,2540,0.1693,1.3759,0.254,8.12699,1.5003
1,16,3.25,2188,17137,3837,0.2188,1.7137,0.3837,7.83227,1.75366
1,16,3.5,2840,22190,6264,0.284,2.219,0.6264,7.81338,2.20563
1,16,3.75,3775,28753,11014,0.3775,2.8753,1.1014,7.61669,2.91762
1,16,4,4646,32130,16926,0.4646,3.213,1.6926,6.91563,3.64313
1,16,4.25,5567,35186,26316,0.5567,3.5186,2.6316,6.32046,4.72714
1,16,4.5,6327,34171,36066,0.6327,3.4171,3.6066,5.40082,5.70033
1,16,4.75,6868,32690,43751,0.6868,3.269,4.3751,4.75976,6.37027
1,16,5,7130,30924,48249,0.713,3.0924,4.8249,4.33717,6.76704
1,16,5.25,7349,30295,52169,0.7349,3.0295,5.2169,4.12233,7.09879
1,16,5.5,7378,29111,53190,0.7378,2.9111,5.319,3.94565,7.20927
1,16,5.75,7359,28979,52490,0.7359,2.8979,5.249,3.9379,7.13276
1,16,6,7334,28744,52094,0.7334,2.8744,5.2094,3.91928,7.10308
1,16,6.25,7362,28887,52031,0.7362,2.8887,5.2031,3.9238,7.06751
1,16,6.5,7329,29506,51663,0.7329,2.9506,5.1663,4.02592,7.04912
1,16,6.75,7418,28928,52722,0.7418,2.8928,5.2722,3.8997,7.10731
1,16,7,7447,28948,53513,0.7447,2.8948,5.3513,3.8872,7.18585
1,16,7.25,7539,28786,54308,0.7539,2.8786,5.4308,3.81828,7.20361
1,16,7.5,7567,28422,55522,0.7567,2.8422,5.5522,3.75605,7.33739
1,16,7.75,7503,28407,54786,0.7503,2.8407,5.4786,3.78609,7.30188
1,16,8,7459,28845,53670,0.7459,2.8845,5.367,3.86714,7.19533
1,16,8.25,7519,28598,54683,0.7519,2.8598,5.4683,3.80343,7.27264
1,16,8.5,7492,28577,54724,0.7492,2.8577,5.4724,3.81434,7.30432
1,16,8.75,7502,27985,54792,0.7502,2.7985,5.4792,3.73034,7.30365
1,16,9,7499,28712,54214,0.7499,2.8712,5.4214,3.82878,7.2295
1,16,9.25,7475,29418,53498,0.7475,2.9418,5.3498,3.93552,7.15692
1,16,9.5,7521,28754,54378,0.7521,2.8754,5.4378,3.82316,7.23016
1,16,9.75,7499,29072,53833,0.7499,2.9072,5.3833,3.87678,7.17869
1,16,10,7530,28940,54148,0.753,2.894,5.4148,3.84329,7.19097
1,16,10.25,7551,28538,54880,0.7551,2.8538,5.488,3.77937,7.26791
1,16,10.5,7444,28617,53483,0.7444,2.8617,5.3483,3.8443,7.18471
1,16,10.75,7473,29005,53352,0.7473,2.9005,5.3352,3.88131,7.1393
1,16,11,7514,28391,54496,0.7514,2.8391,5.4496,3.77841,7.2526
1,16,11.25,7508,28624,54484,0.7508,2.8624,5.4484,3.81247,7.25679
1,16,11.5,7464,28542,54274,0.7464,2.8542,5.4274,3.82395,7.27144
1,16,11.75,7427,28460,53755,0.7427,2.846,5.3755,3.83196,7.23778
1,16,12,7417,28301,53627,0.7417,2.8301,5.3627,3.81569,7.23028
1,16,12.25,7488,27988,54630,0.7488,2.7988,5.463,3.73771,7.29567
1,16,12.5,7427,28854,53466,0.7427,2.8854,5.3466,3.88501,7.19887
1,16,12.75,7431,28922,53075,0.7431,2.8922,5.3075,3.89207,7.14238
1,16,13,7406,29454,51960,0.7406,2.9454,5.196,3.97705,7.01593
1,16,13.25,7377,29509,52040,0.7377,2.9509,5.204,4.00014,7.05436
1,16,13.5,7363,29453,51225,0.7363,2.9453,5.1225,4.00014,6.95708
1,16,13.75,7401,29331,51855,0.7401,2.9331,5.1855,3.96311,7.00649
1,16,14,7454,29112,52970,0.7454,2.9112,5.297,3.90555,7.10625
1,16,14.25,7458,28843,53648,0.7458,2.8843,5.3648,3.86739,7.19335
1,16,14.5,7460,28712,54287,0.746,2.8712,5.4287,3.84879,7.27708
1,16,14.75,7403,29001,53124,0.7403,2.9001,5.3124,3.91747,7.17601
1,16,15,7382,28847,52854,0.7382,2.8847,5.2854,3.90775,7.15985
1,17,0,20,420,0,0.002,0.042,0,21,0
1,17,0.25,41,479,25,0.0041,0.0479,0.0025,11.6829,0.609756
1,17,0.5,83,872,64,0.0083,0.0872,0.0064,10.506,0.771084
1,17,0.75,131,1142,110,0.0131,0.1142,0.011,8.71756,0.839695
1,17,1,178,1485,147,0.0178,0.1485,0.0147,8.3427,0.825843
1,17,1.25,271,2328,234,0.0271,0.2328,0.0234,8.59041,0.863469
1,17,1.5,389,3390,374,0.0389,0.339,0.0374,8.71465,0.96144
1,17,1.75,545,4605,538,0.0545,0.4605,0.0538,8.44954,0.987156
1,17,2,735,6318,757,0.0735,0.6318,0.0757,8.59592,1.02993
1,17,2.25,1000,8204,1165,0.1,0.8204,0.1165,8.204,1.165
1,17,2.5,1361,11028,1810,0.1361,1.1028,0.181,8.10287,1.3299
1,17,2.75,1718,13505,2588,0.1718,1.3505,0.2588,7.86088,1.5064
1,17,3,2151,16551,3721,0.2151,1.6551,0.3721,7.69456,1.72989
1,17,3.25,2756,21349,5748,0.2756,2.1349,0.5748,7.74637,2.08563
1,17,3.5,3622,28067,9953,0.3622,2.8067,0.9953,7.74903,2.74793
1,17,3.75,4625,32732,17123,0.4625,3.2732,1.7123,7.07719,3.70227
1,17,4,5476,34443,25228,0.5476,3.4443,2.5228,6.28981,4.60701
1,17,4.25,6262,34403,35216,0.6262,3.4403,3.5216,5.49393,5.62376
1,17,4.5,6884,32448,44225,0.6884,3.2448,4.4225,4.71354,6.42432
1,17,4.75,7224,30312,50305,0.7224,3.0312,5.0305,4.19601,6.96359
1,17,5,7386,29097,53137,0.7386,2.9097,5.3137,3.93948,7.19429
1,17,5.25,7426,28879,53483,0.7426,2.8879,5.3483,3.8889,7.20213
1,17,5.5,7430,28570,54279,0.743,2.857,5.4279,3.84522,7.30538
1,17,5.75,7419,28619,53673,0.7419,2.8619,5.3673,3.85753,7.23453
1,17,6,7448,29066,53958,0.7448,2.9066,5.3958,3.90252,7.24463
1,17,6.25,7422,28711,53525,0.7422,2.8711,5.3525,3.86836,7.21167
1,17,6.5,7446,28918,53265,0.7446,2.8918,5.3265,3.8837,7.15351
1,17,6.75,7544,28516,54289,0.7544,2.8516,5.4289,3.77996,7.19631
1,17,7,7473,28798,53886,0.7473,2.8798,5.3886,3.85361,7.21076
1,17,7.25,7475,28740,54258,0.7475,2.874,5.4258,3.84482,7.2586
1,17,7.5,7483,28495,54637,0.7483,2.8495,5.4637,3.80796,7.30148
1,17,7.75,7336,29182,51983,0.7336,2.9182,5.1983,3.97792,7.08601
1,17,8,7426,28983,52705,0.7426,2.8983,5.2705,3.90291,7.09736
1,17,8.25,7510,29020,54087,0.751,2.902,5.4087,3.86418,7.202
1,17,8.5,7484,29202,53483,0.7484,2.9202,5.3483,3.90192,7.14631
1,17,8.75,7473,29025,53504,0.7473,2.9025,5.3504,3.88398,7.15964
1,17,9,7508,29376,53739,0.7508,2.9376,5.3739,3.91263,7.15757
1,17,9.25,7512,28954,54010,0.7512,2.8954,5.401,3.85437,7.18983
1,17,9.5,7509,28285,54720,0.7509,2.8285,5.472,3.76681,7.28726
1,17,9.75,7542,28489,54812,0.7542,2.8489,5.4812,3.77738,7.26757
1,17,10,7524,28274,54624,0.7524,2.8274,5.4624,3.75784,7.25997
1,17,10.25,7506,28712,53984,0.7506,2.8712,5.3984,3.82521,7.19211
1,17,10.5,7483,28338,54196,0.7483,2.8338,5.4196,3.78698,7.24255
1,17,10.75,7501,28897,54455,0.7501,2.8897,5.4455,3.85242,7.2597
1,17,11,7558,28439,54901,0.7558,2.8439,5.4901,3.76277,7.26396
1,17,11.25,7512,28499,54642,0.7512,2.8499,5.4642,3.7938,7.27396
1,17,11.5,7475,28661,53817,0.7475,2.8661,5.3817,3.83425,7.1996
1,17,11.75,7420,29313,52097,0.742,2.9313,5.2097,3.95054,7.02116
1,17,12,7558,28425,55058,0.7558,2.8425,5.5058,3.76092,7.28473
1,17,12.25,7516,28787,54146,0.7516,2.8787,5.4146,3.8301,7.2041
1,17,12.5,7495,28496,54216,0.7495,2.8496,5.4216,3.802,7.23362
1,17,12.75,7436,28229,54106,0.7436,2.8229,5.4106,3.79626,7.27622
1,17,13,7526,28605,54810,0.7526,2.8605,5.481,3.80082,7.28275
1,17,13.25,7543,28286,54875,0.7543,2.8286,5.4875,3.74997,7.27496
1,17,13.5,7489,28547,53999,0.7489,2.8547,5.3999,3.81186,7.21044
1,17,13.75,7543,28359,54559,0.7543,2.8359,5.4559,3.75964,7.23306
1,17,14,7481,28639,54528,0.7481,2.8639,5.4528,3.82823,7.28887
1,17,14.25,7460,28444,53841,0.746,2.8444,5.3841,3.81287,7.21729
1,17,14.5,7520,28826,54569,0.752,2.8826,5.4569,3.83324,7.25652
1,17,14.75,7482,28951,53802,0.7482,2.8951,5.3802,3.86942,7.19086
1,17,15,7412,29251,52994,0.7412,2.9251,5.2994,3.94644,7.14976
1,18,0,20,388,0,0.002,0.0388,0,19.4,0
1,18,0.25,33,387,15,0.0033,0.0387,0.0015,11.7273,0.454545
1,18,0.5,41,455,24,0.0041,0.0455,0.0024,11.0976,0.585366
1,18,0.75,58,538,40,0.0058,0.0538,0.004,9.27586,0.689655
1,18,1,79,675,59,0.0079,0.0675,0.0059,8.5443,0.746835
1,18,1.25,84,566,55,0.0084,0.0566,0.0055,6.7381,0.654762
1,18,1.5,94,590,70,0.0094,0.059,0.007,6.2766,0.744681
1,18,1.75,119,795,90,0.0119,0.0795,0.009,6.68067,0.756303
1,18,2,151,1065,120,0.0151,0.1065,0.012,7.05298,0.794702
1,18,2.25,170,1155,128,0.017,0.1155,0.0128,6.79412,0.752941
1,18,2.5,212,1525,161,0.0212,0.1525,0.0161,7.1934,0.759434
1,18,2.75,283,2088,236,0.0283,0.2088,0.0236,7.37809,0.833922
1,18,3,369,2859,316,0.0369,0.2859,0.0316,7.74797,0.856369
1,18,3.25,488,3974,430,0.0488,0.3974,0.043,8.14344,0.881148
1,18,3.5,621,5023,567,0.0621,0.5023,0.0567,8.08857,0.913043
1,18,3.75,839,6875,894,0.0839,0.6875,0.0894,8.19428,1.06555
1,18,4,1120,9323,1290,0.112,0.9323,0.129,8.32411,1.15179
1,18,4.25,1549,13107,2192,0.1549,1.3107,0.2192,8.46159,1.41511
1,18,4.5,2095,17164,3696,0.2095,1.7164,0.3696,8.19284,1.7642
1,18,4.75,2682,21075,5663,0.2682,2.1075,0.5663,7.85794,2.11148
1,18,5,3398,26028,9112,0.3398,2.6028,0.9112,7.6598,2.68158
1,18,5.25,4402,31719,15650,0.4402,3.1719,1.565,7.20559,3.5552
1,18,5.5,5331,34824,23982,0.5331,3.4824,2.3982,6.53236,4.49859
1,18,5.75,6223,34928,34874,0.6223,3.4928,3.4874,5.61273,5.60405
1,18,6,6886,32690,44498,0.6886,3.269,4.4498,4.74731,6.4621
1,18,6.25,7194,30550,50042,0.7194,3.055,5.0042,4.24659,6.95607
1,18,6.5,7255,29776,50580,0.7255,2.9776,5.058,4.1042,6.97174
1,18,6.75,7335,30024,51708,0.7335,3.0024,5.1708,4.09325,7.04949
1,18,7,7399,28589,53256,0.7399,2.8589,5.3256,3.8639,7.19773
1,18,7.25,7412,28346,53756,0.7412,2.8346,5.3756,3.82434,7.25256
1,18,7.5,7380,28780,53150,0.738,2.878,5.315,3.89973,7.2019
1,18,7.75,7371,28944,52888,0.7371,2.8944,5.2888,3.92674,7.17515
1,18,8,7463,28923,53562,0.7463,2.8923,5.3562,3.87552,7.17701
1,18,8.25,7428,28699,53313,0.7428,2.8699,5.3313,3.86362,7.1773
1,18,8.5,7426,29272,52293,0.7426,2.9272,5.2293,3.94183,7.04188
1,18,8.75,7389,29365,52252,0.7389,2.9365,5.2252,3.97415,7.07159
1,18,9,7475,28828,53687,0.7475,2.8828,5.3687,3.85659,7.18221
1,18,9.25,7484,28680,54015,0.7484,2.868,5.4015,3.83218,7.2174
1,18,9.5,7533,28511,54784,0.7533,2.8511,5.4784,3.78481,7.27253
1,18,9.75,7451,28534,53687,0.7451,2.8534,5.3687,3.82955,7.20534
1,18,10,7448,28623,53499,0.7448,2.8623,5.3499,3.84305,7.183
1,18,10.25,7412,28902,52801,0.7412,2.8902,5.2801,3.89935,7.12372
1,18,10.5,7472,28849,53923,0.7472,2.8849,5.3923,3.86095,7.21668
1,18,10.75,7448,28696,53629,0.7448,2.8696,5.3629,3.85285,7.20046
1,18,11,7515,28904,54554,0.7515,2.8904,5.4554,3.84617,7.25935
1,18,11.25,7472,28597,54221,0.7472,2.8597,5.4221,3.82722,7.25656
1,18,11.5,7554,28335,55183,0.7554,2.8335,5.5183,3.75099,7.30514
1,18,11.75,7531,28301,54557,0.7531,2.8301,5.4557,3.75793,7.24432
1,18,12,7576,28225,55360,0.7576,2.8225,5.536,3.72558,7.30729
1,18,12.25,7482,28427,54032,0.7482,2.8427,5.4032,3.79939,7.2216
1,18,12.5,7531,28112,54896,0.7531,2.8112,5.4896,3.73284,7.28934
1,18,12.75,7383,29228,52491,0.7383,2.9228,5.2491,3.95882,7.10971
1,18,13,7356,29119,51885,0.7356,2.9119,5.1885,3.95854,7.05343
1,18,13.25,7423,29185,52626,0.7423,2.9185,5.2626,3.9317,7.08959
1,18,13.5,7444,28659,53403,0.7444,2.8659,5.3403,3.84995,7.17397
1,18,13.75,7450,28859,53633,0.745,2.8859,5.3633,3.87369,7.19906
1,18,14,7463,28650,53719,0.7463,2.865,5.3719,3.83894,7.19804
1,18,14.25,7545,28378,54762,0.7545,2.8378,5.4762,3.76117,7.25805
1,18,14.5,7564,28472,55369,0.7564,2.8472,5.5369,3.76415,7.32007
1,18,14.75,7526,28382,55153,0.7526,2.8382,5.5153,3.77119,7.32833
1,18,15,7430,28341,53775,0.743,2.8341,5.3775,3.8144,7.23755
1,19,0,20,395,0,0.002,0.0395,0,19.75,0
1,19,0.25,32,354,15,0.0032,0.0354,0.0015,11.0625,0.46875
1,19,0.5,51,453,28,0.0051,0.0453,0.0028,8.88235,0.54902
1,19,0.75,88,739,66,0.0088,0.0739,0.0066,8.39773,0.75
1,19,1,110,807,85,0.011,0.0807,0.0085,7.33636,0.772727
1,19,1.25,143,993,114,0.0143,0.0993,0.0114,6.94406,0.797203
1,19,1.5,193,1588,158,0.0193,0.1588,0.0158,8.22798,0.818653
1,19,1.75,264,1944,229,0.0264,0.1944,0.0229,7.36364,0.867424
1,19,2,339,2523,296,0.0339,0.2523,0.0296,7.44248,0.873156
1,19,2.25,465,3864,430,0.0465,0.3864,0.043,8.30968,0.924731
1,19,2.5,590,4353,554,0.059,0.4353,0.0554,7.37797,0.938983
1,19,2.75,812,6565,837,0.0812,0.6565,0.0837,8.08498,1.03079
1,19,3,1039,8307,1160,0.1039,0.8307,0.116,7.99519,1.11646
1,19,3.25,1316,10631,1662,0.1316,1.0631,0.1662,8.07827,1.26292
1,19,3.5,1642,12617,2267,0.1642,1.2617,0.2267,7.68392,1.38063
1,19,3.75,2085,15735,3500,0.2085,1.5735,0.35,7.54676,1.67866
1,19,4,2660,20706,5456,0.266,2.0706,0.5456,7.78421,2.05113
1,19,4.25,3500,26751,9480,0.35,2.6751,0.948,7.64314,2.70857
1,19,4.5,4393,32038,15281,0.4393,3.2038,1.5281,7.29297,3.47849
1,19,4.75,5309,34550,23758,0.5309,3.455,2.3758,6.50782,4.47504
1,19,5,6113,34294,33590,0.6113,3.4294,3.359,5.61001,5.49485
1,19,5.25,6800,32425,42804,0.68,3.2425,4.2804,4.76838,6.29471
1,19,5.5,7098,31198,47947,0.7098,3.1198,4.7947,4.39532,6.755
1,19,5.75,7356,29442,52300,0.7356,2.9442,5.23,4.00245,7.10984
1,19,6,7425,28654,53689,0.7425,2.8654,5.3689,3.85912,7.23084
1,19,6.25,7389,28539,53501,0.7389,2.8539,5.3501,3.86236,7.24063
1,19,6.5,7431,28210,54004,0.7431,2.821,5.4004,3.79626,7.26739
1,19,6.75,7402,29169,53104,0.7402,2.9169,5.3104,3.94069,7.17428
1,19,7,7364,28596,52731,0.7364,2.8596,5.2731,3.88322,7.16065
1,19,7.25,7377,28895,52767,0.7377,2.8895,5.2767,3.9169,7.15291
1,19,7.5,7444,28705,53748,0.7444,2.8705,5.3748,3.85613,7.22031
1,19,7.75,7451,29183,53295,0.7451,2.9183,5.3295,3.91666,7.15273
1,19,8,7408,29355,52682,0.7408,2.9355,5.2682,3.96261,7.1115
1,19,8.25,7455,28860,53361,0.7455,2.886,5.3361,3.87123,7.15775
1,19,8.5,7486,28761,54047,0.7486,2.8761,5.4047,3.84197,7.21974
1,19,8.75,7494,28741,53820,0.7494,2.8741,5.382,3.8352,7.18175
1,19,9,7489,28469,54103,0.7489,2.8469,5.4103,3.80144,7.22433
1,19,9.25,7466,28626,53810,0.7466,2.8626,5.381,3.83418,7.20734
1,19,9.5,7428,28982,53500,0.7428,2.8982,5.35,3.90172,7.20248
1,19,9.75,7354,29049,52239,0.7354,2.9049,5.2239,3.9501,7.10348
1,19,10,7343,29366,51648,0.7343,2.9366,5.1648,3.99918,7.03364
1,19,10.25,7350,29714,51964,0.735,2.9714,5.1964,4.04272,7.06993
1,19,10.5,7396,29239,52654,0.7396,2.9239,5.2654,3.95335,7.11925
1,19,10.75,7379,29062,51595,0.7379,2.9062,5.1595,3.93847,6.99214
1,19,11,7516,29189,53611,0.7516,2.9189,5.3611,3.88358,7.13292
1,19,11.25,7591,28182,56218,0.7591,2.8182,5.6218,3.71255,7.40588
1,19,11.5,7481,28138,54578,0.7481,2.8138,5.4578,3.76126,7.29555
1,19,11.75,7454,28669,53761,0.7454,2.8669,5.3761,3.84612,7.21237
1,19,12,7490,28749,54443,0.749,2.8749,5.4443,3.83832,7.26876
1,19,12.25,7437,28912,53214,0.7437,2.8912,5.3214,3.88759,7.1553
1,19,12.5,7427,28703,53626,0.7427,2.8703,5.3626,3.86468,7.22041
1,19,12.75,7419,28887,53015,0.7419,2.8887,5.3015,3.89365,7.14584
1,19,13,7442,29068,53229,0.7442,2.9068,5.3229,3.90594,7.15251
1,19,13.25,7555,28840,54679,0.7555,2.884,5.4679,3.81734,7.23746
1,19,13.5,7472,28832,53921,0.7472,2.8832,5.3921,3.85867,7.21641
1,19,13.75,7448,28990,53380,0.7448,2.899,5.338,3.89232,7.16702
1,19,14,7401,29014,52556,0.7401,2.9014,5.2556,3.92028,7.1012
1,19,14.25,7473,29098,53775,0.7473,2.9098,5.3775,3.89375,7.19591
1,19,14.5,7436,28445,53562,0.7436,2.8445,5.3562,3.82531,7.20307
1,19,14.75,7439,28621,54007,0.7439,2.8621,5.4007,3.84743,7.25998
1,19,15,7369,29536,52361,0.7369,2.9536,5.2361,4.00814,7.10558
2,0,0,20,397,0,0.002,0.0397,0,19.85,0
2,0,0.25,24,302,10,0.0024,0.0302,0.001,12.5833,0.416667
2,0,0.5,39,455,24,0.0039,0.0455,0.0024,11.6667,0.615385
2,0,0.75,57,538,39,0.0057,0.0538,0.0039,9.4386,0.684211
2,0,1,65,456,45,0.0065,0.0456,0.0045,7.01538,0.692308
2,0,1.25,78,567,54,0.0078,0.0567,0.0054,7.26923,0.692308
2,0,1.5,83,498,56,0.0083,0.0498,0.0056,6,0.674699
2,0,1.75,105,629,72,0.0105,0.0629,0.0072,5.99048,0.685714
2,0,2,128,833,90,0.0128,0.0833,0.009,6.50781,0.703125
2,0,2.25,153,1015,106,0.0153,0.1015,0.0106,6.63399,0.69281
2,0,2.5,192,1384,144,0.0192,0.1384,0.0144,7.20833,0.75
2,0,2.75,242,1822,191,0.0242,0.1822,0.0191,7.52893,0.789256
2,0,3,311,2389,251,0.0311,0.2389,0.0251,7.68167,0.807074
2,0,3.25,432,3648,409,0.0432,0.3648,0.0409,8.44444,0.946759
2,0,3.5,557,4392,530,0.0557,0.4392,0.053,7.8851,0.951526
2,0,3.75,718,5811,689,0.0718,0.5811,0.0689,8.09331,0.95961
2,0,4,976,7996,1070,0.0976,0.7996,0.107,8.19262,1.09631
2,0,4.25,1317,11305,1765,0.1317,1.1305,0.1765,8.5839,1.34017
2,0,4.5,1708,13874,2632,0.1708,1.3874,0.2632,8.12295,1.54098
2,0,4.75,2295,18631,4332,0.2295,1.8631,0.4332,8.11808,1.88758
2,0,5,2897,22719,6589,0.2897,2.2719,0.6589,7.84225,2.27442
2,0,5.25,3708,28079,10896,0.3708,2.8079,1.0896,7.57255,2.93851
2,0,5.5,4677,32264,17731,0.4677,3.2264,1.7731,6.89844,3.79111
2,0,5.75,5511,34872,25823,0.5511,3.4872,2.5823,6.32771,4.68572
2,0,6,6294,34385,35501,0.6294,3.4385,3.5501,5.46314,5.64045
2,0,6.25,6766,32104,42616,0.6766,3.2104,4.2616,4.7449,6.29855
2,0,6.5,7075,30940,47572,0.7075,3.094,4.7572,4.37314,6.72396
2,0,6.75,7217,29858,50423,0.7217,2.9858,5.0423,4.13718,6.9867
2,0,7,7439,29083,54217,0.7439,2.9083,5.4217,3.90953,7.28821
2,0,7.25,7488,28112,55510,0.7488,2.8112,5.551,3.75427,7.41319
2,0,7.5,7446,27784,54514,0.7446,2.7784,5.4514,3.7314,7.32125
2,0,7.75,7412,28556,53268,0.7412,2.8556,5.3268,3.85267,7.18672
2,0,8,7410,29103,52832,0.741,2.9103,5.2832,3.92753,7.12982
2,0,8.25,7404,29218,53140,0.7404,2.9218,5.314,3.94625,7.1772
2,0,8.5,7401,29242,52358,0.7401,2.9242,5.2358,3.95109,7.07445
2,0,8.75,7426,28922,52961,0.7426,2.8922,5.2961,3.89469,7.13183
2,0,9,7439,29386,53428,0.7439,2.9386,5.3428,3.95026,7.18215
2,0,9.25,7457,28590,53645,0.7457,2.859,5.3645,3.83398,7.19391
2,0,9.5,7394,29392,52375,0.7394,2.9392,5.2375,3.97511,7.08345
2,0,9.75,7380,29392,52067,0.738,2.9392,5.2067,3.98266,7.05515
2,0,10,7459,29070,53262,0.7459,2.907,5.3262,3.89731,7.14064
2,0,10.25,7470,28584,53816,0.747,2.8584,5.3816,3.82651,7.20428
2,0,10.5,7429,29367,52759,0.7429,2.9367,5.2759,3.95302,7.10176
2,0,10.75,7505,28893,53818,0.7505,2.8893,5.3818,3.84983,7.17095
2,0,11,7426,28864,53323,0.7426,2.8864,5.3323,3.88688,7.18058
2,0,11.25,7437,28807,53479,0.7437,2.8807,5.3479,3.87347,7.19094
2,0,11.5,7492,28672,54032,0.7492,2.8672,5.4032,3.82702,7.21196
2,0,11.75,7508,28065,54764,0.7508,2.8065,5.4764,3.73801,7.29409
2,0,12,7443,28527,53686,0.7443,2.8527,5.3686,3.83273,7.21295
2,0,12.25,7481,28493,53984,0.7481,2.8493,5.3984,3.80872,7.21615
2,0,12.5,7560,28510,55128,0.756,2.851,5.5128,3.77116,7.29206
2,0,12.75,7427,29023,52925,0.7427,2.9023,5.2925,3.90777,7.12603
2,0,13,7471,29172,53565,0.7471,2.9172,5.3565,3.9047,7.16972
2,0,13.25,7475,28819,53630,0.7475,2.8819,5.363,3.85538,7.17458
2,0,13.5,7386,28909,52817,0.7386,2.8909,5.2817,3.91403,7.15096
2,0,13.75,7441,29130,53387,0.7441,2.913,5.3387,3.9148,7.17471
2,0,14,7485,28788,53830,0.7485,2.8788,5.383,3.84609,7.19172
2,0,14.25,7464,28593,53711,0.7464,2.8593,5.3711,3.83079,7.19601
2,0,14.5,7493,28793,53902,0.7493,2.8793,5.3902,3.84265,7.19365
2,0,14.75,7477,28579,54358,0.7477,2.8579,5.4358,3.82225,7.27003
2,0,15,7454,28631,53724,0.7454,2.8631,5.3724,3.84102,7.20741
2,1,0,20,428,0,0.002,0.0428,0,21.4,0
2,1,0.25,61,750,45,0.0061,0.075,0.0045,12.2951,0.737705
2,1,0.5,93,970,73,0.0093,0.097,0.0073,10.4301,0.784946
2,1,0.75,134,1264,106,0.0134,0.1264,0.0106,9.43284,0.791045
2,1,1,178,1513,150,0.0178,0.1513,0.015,8.5,0.842697
2,1,1.25,237,1937,199,0.0237,0.1937,0.0199,8.173,0.839662
2,1,1.5,308,2453,256,0.0308,0.2453,0.0256,7.96429,0.831169
2,1,1.75,431,3488,385,0.0431,0.3488,0.0385,8.09281,0.893271
2,1,2,573,4468,523,0.0573,0.4468,0.0523,7.79756,0.91274
2,1,2.25,696,5243,641,0.0696,0.5243,0.0641,7.53305,0.920977
2,1,2.5,879,6463,868,0.0879,0.6463,0.0868,7.35267,0.987486
2,1,2.75,1113,8867,1255,0.1113,0.8867,0.1255,7.96676,1.12758
2,1,3,1444,11420,1847,0.1444,1.142,0.1847,7.90859,1.27909
2,1,3.25,1801,14179,2712,0.1801,1.4179,0.2712,7.87285,1.50583
2,1,3.5,2320,18302,4293,0.232,1.8302,0.4293,7.88879,1.85043
2,1,3.75,3077,24390,7389,0.3077,2.439,0.7389,7.92655,2.40136
2,1,4,4062,30150,13001,0.4062,3.015,1.3001,7.42245,3.20064
2,1,4.25,5005,33764,20581,0.5005,3.3764,2.0581,6.74605,4.11209
2,1,4.5,5937,34701,30644,0.5937,3.4701,3.0644,5.84487,5.16153
2,1,4.75,6657,33297,40680,0.6657,3.3297,4.068,5.0018,6.11086
2,1,5,6967,32065,45274,0.6967,3.2065,4.5274,4.60241,6.49835
2,1,5.25,7196,30422,49298,0.7196,3.0422,4.9298,4.22763,6.85075
2,1,5.5,7307,29304,51878,0.7307,2.9304,5.1878,4.0104,7.09977
2,1,5.75,7453,28337,54185,0.7453,2.8337,5.4185,3.80209,7.27023
2,1,6,7368,29010,52894,0.7368,2.901,5.2894,3.9373,7.17888
2,1,6.25,7429,29119,53313,0.7429,2.9119,5.3313,3.91964,7.17634
2,1,6.5,7359,28526,52683,0.7359,2.8526,5.2683,3.87634,7.15899
2,1,6.75,7415,28834,53255,0.7415,2.8834,5.3255,3.8886,7.18206
2,1,7,7438,28969,53344,0.7438,2.8969,5.3344,3.89473,7.17182
2,1,7.25,7515,28726,54782,0.7515,2.8726,5.4782,3.82249,7.28969
2,1,7.5,7506,28148,54547,0.7506,2.8148,5.4547,3.75007,7.26712
2,1,7.75,7498,28388,54279,0.7498,2.8388,5.4279,3.78608,7.23913
2,1,8,7514,28840,54396,0.7514,2.884,5.4396,3.83817,7.23929
2,1,8.25,7540,28325,54894,0.754,2.8325,5.4894,3.75663,7.28037
2,1,8.5,7471,29379,53028,0.7471,2.9379,5.3028,3.93241,7.09785
2,1,8.75,7521,28362,54102,0.7521,2.8362,5.4102,3.77104,7.19346
2,1,9,7467,28837,53542,0.7467,2.8837,5.3542,3.86193,7.17048
2,1,9.25,7555,28290,54871,0.7555,2.829,5.4871,3.74454,7.26287
2,1,9.5,7519,28212,54541,0.7519,2.8212,5.4541,3.75209,7.25376
2,1,9.75,7512,28723,54002,0.7512,2.8723,5.4002,3.82362,7.18876
2,1,10,7510,28643,54665,0.751,2.8643,5.4665,3.81398,7.27896
2,1,10.25,7512,28423,54760,0.7512,2.8423,5.476,3.78368,7.28967
2,1,10.5,7388,28501,52932,0.7388,2.8501,5.2932,3.85774,7.16459
2,1,10.75,7337,29607,51560,0.7337,2.9607,5.156,4.0353,7.0274
2,1,11,7332,28503,51840,0.7332,2.8503,5.184,3.88748,7.07038
2,1,11.25,7286,29801,50703,0.7286,2.9801,5.0703,4.09017,6.95896
2,1,11.5,7355,29677,52111,0.7355,2.9677,5.2111,4.03494,7.08511
2,1,11.75,7452,29078,53578,0.7452,2.9078,5.3578,3.90204,7.18975
2,1,12,7441,28638,53645,0.7441,2.8638,5.3645,3.84868,7.20938
2,1,12.25,7405,28865,52646,0.7405,2.8865,5.2646,3.89804,7.10952
2,1,12.5,7447,28818,53458,0.7447,2.8818,5.3458,3.86975,7.17846
2,1,12.75,7516,28450,54885,0.7516,2.845,5.4885,3.78526,7.30242
2,1,13,7469,28451,54356,0.7469,2.8451,5.4356,3.80921,7.27755
2,1,13.25,7466,29343,53541,0.7466,2.9343,5.3541,3.93022,7.17131
2,1,13.5,7473,28538,53958,0.7473,2.8538,5.3958,3.81881,7.22039
2,1,13.75,7444,29608,52662,0.7444,2.9608,5.2662,3.97743,7.07442
2,1,14,7427,28750,53063,0.7427,2.875,5.3063,3.87101,7.14461
2,1,14.25,7410,28728,53170,0.741,2.8728,5.317,3.87692,7.17544
2,1,14.5,7358,29706,51654,0.7358,2.9706,5.1654,4.03724,7.02011
2,1,14.75,7419,29116,52266,0.7419,2.9116,5.2266,3.92452,7.04488
2,1,15,7453,29392,52910,0.7453,2.9392,5.291,3.94365,7.09915
2,2,0,20,394,0,0.002,0.0394,0,19.7,0
2,2,0.25,31,367,17,0.0031,0.0367,0.0017,11.8387,0.548387
2,2,0.5,33,294,19,0.0033,0.0294,0.0019,8.90909,0.575758
2,2,0.75,40,304,24,0.004,0.0304,0.0024,7.6,0.6
2,2,1,62,488,43,0.0062,0.0488,0.0043,7.87097,0.693548
2,2,1.25,73,571,53,0.0073,0.0571,0.0053,7.82192,0.726027
2,2,1.5,88,616,59,0.0088,0.0616,0.0059,7,0.670455
2,2,1.75,93,649,58,0.0093,0.0649,0.0058,6.97849,0.623656
2,2,2,126,952,87,0.0126,0.0952,0.0087,7.55556,0.690476
2,2,2.25,160,1082,107,0.016,0.1082,0.0107,6.7625,0.66875
2,2,2.5,177,1192,129,0.0177,0.1192,0.0129,6.73446,0.728814
2,2,2.75,237,1926,180,0.0237,0.1926,0.018,8.12658,0.759494
2,2,3,301,2461,239,0.0301,0.2461,0.0239,8.17608,0.79402
2,2,3.25,380,3052,312,0.038,0.3052,0.0312,8.03158,0.821053
2,2,3.5,471,3709,395,0.0471,0.3709,0.0395,7.87473,0.838641
2,2,3.75,557,4090,497,0.0557,0.409,0.0497,7.34291,0.89228
2,2,4,731,6040,693,0.0731,0.604,0.0693,8.26265,0.948016
2,2,4.25,984,8280,1087,0.0984,0.828,0.1087,8.41463,1.10467
2,2,4.5,1414,12223,1957,0.1414,1.2223,0.1957,8.64427,1.38402
2,2,4.75,1941,16073,3327,0.1941,1.6073,0.3327,8.28078,1.71406
2,2,5,2620,21284,5576,0.262,2.1284,0.5576,8.12366,2.12824
2,2,5.25,3494,26697,9677,0.3494,2.6697,0.9677,7.64081,2.76961
2,2,5.5,4429,31869,15663,0.4429,3.1869,1.5663,7.19553,3.53646
2,2,5.75,5407,34834,24652,0.5407,3.4834,2.4652,6.44239,4.55928
2,2,6,6225,34991,34650,0.6225,3.4991,3.465,5.62104,5.56627
2,2,6.25,6829,32764,43368,0.6829,3.2764,4.3368,4.79777,6.35056
2,2,6.5,7155,31014,48556,0.7155,3.1014,4.8556,4.33459,6.7863
2,2,6.75,7282,29943,51380,0.7282,2.9943,5.138,4.11192,7.05575
2,2,7,7435,28238,54099,0.7435,2.8238,5.4099,3.79798,7.27626
2,2,7.25,7399,28875,53484,0.7399,2.8875,5.3484,3.90255,7.22854
2,2,7.5,7486,28933,54166,0.7486,2.8933,5.4166,3.86495,7.23564
2,2,7.75,7461,29210,53416,0.7461,2.921,5.3416,3.91502,7.15936
2,2,8,7498,29236,53957,0.7498,2.9236,5.3957,3.89917,7.19619
2,2,8.25,7495,28588,54190,0.7495,2.8588,5.419,3.81428,7.23015
2,2,8.5,7428,29360,52547,0.7428,2.936,5.2547,3.95261,7.07418
2,2,8.75,7503,29088,53715,0.7503,2.9088,5.3715,3.87685,7.15914
2,2,9,7542,28462,54476,0.7542,2.8462,5.4476,3.7738,7.22302
2,2,9.25,7445,28986,53365,0.7445,2.8986,5.3365,3.89335,7.1679
2,2,9.5,7581,28499,55487,0.7581,2.8499,5.5487,3.75927,7.31922
2,2,9.75,7511,28359,54916,0.7511,2.8359,5.4916,3.77566,7.31141
2,2,10,7433,28937,53272,0.7433,2.8937,5.3272,3.89304,7.16696
2,2,10.25,7441,28768,53095,0.7441,2.8768,5.3095,3.86615,7.13547
2,2,10.5,7432,29346,52994,0.7432,2.9346,5.2994,3.9486,7.13052
2,2,10.75,7490,28643,53709,0.749,2.8643,5.3709,3.82417,7.17076
2,2,11,7377,29469,52516,0.7377,2.9469,5.2516,3.99471,7.11888
2,2,11.25,7380,29164,52026,0.738,2.9164,5.2026,3.95176,7.04959
2,2,11.5,7409,29281,52030,0.7409,2.9281,5.203,3.95209,7.02254
2,2,11.75,7550,28431,54925,0.755,2.8431,5.4925,3.7657,7.27483
2,2,12,7528,28253,54361,0.7528,2.8253,5.4361,3.75306,7.22117
2,2,12.25,7553,28850,55072,0.7553,2.885,5.5072,3.81967,7.29141
2,2,12.5,7600,27586,56518,0.76,2.7586,5.6518,3.62974,7.43658
2,2,12.75,7530,27994,55313,0.753,2.7994,5.5313,3.71766,7.34568
2,2,13,7455,28247,54391,0.7455,2.8247,5.4391,3.789,7.29591
2,2,13.25,7520,28231,54995,0.752,2.8231,5.4995,3.75412,7.31316
2,2,13.5,7514,28836,54269,0.7514,2.8836,5.4269,3.83764,7.22238
2,2,13.75,7567,28446,54944,0.7567,2.8446,5.4944,3.75922,7.261
2,2,14,7514,28534,53914,0.7514,2.8534,5.3914,3.79744,7.17514
2,2,14.25,7517,28645,54374,0.7517,2.8645,5.4374,3.8107,7.23347
2,2,14.5,7499,27790,54408,0.7499,2.779,5.4408,3.70583,7.25537
2,2,14.75,7448,28585,53805,0.7448,2.8585,5.3805,3.83794,7.22409
2,2,15,7518,28389,54718,0.7518,2.8389,5.4718,3.77614,7.27827
2,3,0,20,391,1,0.002,0.0391,0.0001,19.55,0.05
2,3,0.25,47,591,32,0.0047,0.0591,0.0032,12.5745,0.680851
2,3,0.5,88,982,69,0.0088,0.0982,0.0069,11.1591,0.784091
2,3,0.75,159,1655,122,0.0159,0.1655,0.0122,10.4088,0.767296
2,3,1,259,2435,229,0.0259,0.2435,0.0229,9.40154,0.88417
2,3,1.25,377,3296,351,0.0377,0.3296,0.0351,8.74271,0.931034
2,3,1.5,502,4103,496,0.0502,0.4103,0.0496,8.17331,0.988048
2,3,1.75,681,5682,704,0.0681,0.5682,0.0704,8.34361,1.03377
2,3,2,958,7977,1112,0.0958,0.7977,0.1112,8.32672,1.16075
2,3,2.25,1320,10874,1723,0.132,1.0874,0.1723,8.23788,1.3053
2,3,2.5,1733,13944,2651,0.1733,1.3944,0.2651,8.04616,1.52972
2,3,2.75,2228,17355,4029,0.2228,1.7355,0.4029,7.7895,1.80835
2,3,3,2970,23118,6670,0.297,2.3118,0.667,7.78384,2.24579
2,3,3.25,3736,27799,10513,0.3736,2.7799,1.0513,7.44085,2.81397
2,3,3.5,4701,32646,17020,0.4701,3.2646,1.702,6.94448,3.62051
2,3,3.75,5601,35143,26210,0.5601,3.5143,2.621,6.27442,4.67952
2,3,4,6254,34482,35059,0.6254,3.4482,3.5059,5.51359,5.60585
2,3,4.25,6783,32392,42545,0.6783,3.2392,4.2545,4.77547,6.2723
2,3,4.5,7016,31423,46960,0.7016,3.1423,4.696,4.47876,6.69327
2,3,4.75,7152,30042,49684,0.7152,3.0042,4.9684,4.2005,6.94687
2,3,5,7220,29759,50389,0.722,2.9759,5.0389,4.12175,6.97909
2,3,5.25,7358,28961,52757,0.7358,2.8961,5.2757,3.93599,7.17002
2,3,5.5,7371,29194,52987,0.7371,2.9194,5.2987,3.96066,7.18858
2,3,5.75,7294,29110,51979,0.7294,2.911,5.1979,3.99095,7.12627
2,3,6,7350,28843,52311,0.735,2.8843,5.2311,3.92422,7.11714
2,3,6.25,7407,29022,52923,0.7407,2.9022,5.2923,3.91819,7.145
2,3,6.5,7359,29064,51977,0.7359,2.9064,5.1977,3.94945,7.06305
2,3,6.75,7388,29021,52296,0.7388,2.9021,5.2296,3.92813,7.07851
2,3,7,7435,28909,53162,0.7435,2.8909,5.3162,3.88823,7.15024
2,3,7.25,7525,29045,54652,0.7525,2.9045,5.4652,3.8598,7.26272
2,3,7.5,7434,28764,53648,0.7434,2.8764,5.3648,3.86925,7.21657
2,3,7.75,7428,28747,53216,0.7428,2.8747,5.3216,3.87009,7.16424
2,3,8,7393,29385,52395,0.7393,2.9385,5.2395,3.97471,7.08711
2,3,8.25,7363,29251,51731,0.7363,2.9251,5.1731,3.9727,7.0258
2,3,8.5,7390,29243,52215,0.739,2.9243,5.2215,3.9571,7.06563
2,3,8.75,7406,29366,52885,0.7406,2.9366,5.2885,3.96516,7.14083
2,3,9,7501,28492,54144,0.7501,2.8492,5.4144,3.79843,7.21824
2,3,9.25,7436,29399,52953,0.7436,2.9399,5.2953,3.9536,7.12117
2,3,9.5,7397,29191,52739,0.7397,2.9191,5.2739,3.94633,7.12978
2,3,9.75,7395,28544,52727,0.7395,2.8544,5.2727,3.85991,7.13009
2,3,10,7492,28608,54169,0.7492,2.8608,5.4169,3.81847,7.23025
2,3,10.25,7493,28872,54141,0.7493,2.8872,5.4141,3.8532,7.22554
2,3,10.5,7448,28633,53300,0.7448,2.8633,5.33,3.84439,7.15628
2,3,10.75,7444,29531,52755,0.7444,2.9531,5.2755,3.96709,7.08692
2,3,11,7471,28849,53605,0.7471,2.8849,5.3605,3.86146,7.17508
2,3,11.25,7427,29027,53174,0.7427,2.9027,5.3174,3.90831,7.15955
2,3,11.5,7425,29126,53178,0.7425,2.9126,5.3178,3.92269,7.16202
2,3,11.75,7420,29195,53071,0.742,2.9195,5.3071,3.93464,7.15243
2,3,12,7462,29174,53487,0.7462,2.9174,5.3487,3.90968,7.16792
2,3,12.25,7462,28666,53856,0.7462,2.8666,5.3856,3.8416,7.21737
2,3,12.5,7456,29076,52901,0.7456,2.9076,5.2901,3.89968,7.09509
2,3,12.75,7474,29455,53515,0.7474,2.9455,5.3515,3.941,7.16016
2,3,13,7551,28812,54750,0.7551,2.8812,5.475,3.81565,7.2507
2,3,13.25,7624,27816,56081,0.7624,2.7816,5.6081,3.64848,7.35585
2,3,13.5,7555,28631,54879,0.7555,2.8631,5.4879,3.78968,7.26393
2,3,13.75,7479,28579,53938,0.7479,2.8579,5.3938,3.82123,7.21193
2,3,14,7434,28437,53517,0.7434,2.8437,5.3517,3.82526,7.19895
2,3,14.25,7339,29730,51776,0.7339,2.973,5.1776,4.05096,7.05491
2,3,14.5,7356,29113,51895,0.7356,2.9113,5.1895,3.95772,7.05479
2,3,14.75,7410,28930,52302,0.741,2.893,5.2302,3.90418,7.0583
2,3,15,7414,29034,52986,0.7414,2.9034,5.2986,3.9161,7.14675
2,4,0,20,367,1,0.002,0.0367,0.0001,18.35,0.05
2,4,0.25,34,378,16,0.0034,0.0378,0.0016,11.1176,0.470588
2,4,0.5,44,405,26,0.0044,0.0405,0.0026,9.20455,0.590909
2,4,0.75,51,410,31,0.0051,0.041,0.0031,8.03922,0.607843
2,4,1,71,545,50,0.0071,0.0545,0.005,7.67606,0.704225
2,4,1.25,99,830,73,0.0099,0.083,0.0073,8.38384,0.737374
2,4,1.5,120,857,82,0.012,0.0857,0.0082,7.14167,0.683333
2,4,1.75,150,1170,98,0.015,0.117,0.0098,7.8,0.653333
2,4,2,174,1143,115,0.0174,0.1143,0.0115,6.56897,0.66092
2,4,2.25,197,1368,134,0.0197,0.1368,0.0134,6.94416,0.680203
2,4,2.5,251,1911,182,0.0251,0.1911,0.0182,7.61355,0.7251
2,4,2.75,334,2869,251,0.0334,0.2869,0.0251,8.58982,0.751497
2,4,3,439,3648,381,0.0439,0.3648,0.0381,8.30979,0.867882
2,4,3.25,532,4041,481,0.0532,0.4041,0.0481,7.59586,0.904135
2,4,3.5,696,5349,687,0.0696,0.5349,0.0687,7.68534,0.987069
2,4,3.75,904,7266,944,0.0904,0.7266,0.0944,8.03761,1.04425
2,4,4,1200,9556,1423,0.12,0.9556,0.1423,7.96333,1.18583
2,4,4.25,1656,13590,2415,0.1656,1.359,0.2415,8.20652,1.45833
2,4,4.5,2262,18430,4366,0.2262,1.843,0.4366,8.14766,1.93015
2,4,4.75,2909,23382,6753,0.2909,2.3382,0.6753,8.03781,2.32142
2,4,5,3814,28802,11552,0.3814,2.8802,1.1552,7.55165,3.02884
2,4,5.25,4756,32880,18335,0.4756,3.288,1.8335,6.91337,3.85513
2,4,5.5,5731,34607,28533,0.5731,3.4607,2.8533,6.03856,4.97871
2,4,5.75,6389,33662,36777,0.6389,3.3662,3.6777,5.26874,5.7563
2,4,6,6904,32387,44443,0.6904,3.2387,4.4443,4.69105,6.43728
2,4,6.25,7151,31224,48137,0.7151,3.1224,4.8137,4.36638,6.73151
2,4,6.5,7316,29782,51127,0.7316,2.9782,5.1127,4.0708,6.98838
2,4,6.75,7369,28812,52919,0.7369,2.8812,5.2919,3.90989,7.1813
2,4,7,7443,29150,53822,0.7443,2.915,5.3822,3.91643,7.23122
2,4,7.25,7404,28673,53312,0.7404,2.8673,5.3312,3.87264,7.20043
2,4,7.5,7374,28868,52599,0.7374,2.8868,5.2599,3.91484,7.13303
2,4,7.75,7355,29272,52031,0.7355,2.9272,5.2031,3.97988,7.07424
2,4,8,7416,29119,53236,0.7416,2.9119,5.3236,3.92651,7.17853
2,4,8.25,7448,28627,53508,0.7448,2.8627,5.3508,3.84358,7.18421
2,4,8.5,7457,28598,53606,0.7457,2.8598,5.3606,3.83505,7.18868
2,4,8.75,7451,28660,53397,0.7451,2.866,5.3397,3.84646,7.16642
2,4,9,7420,28420,53866,0.742,2.842,5.3866,3.83019,7.25957
2,4,9.25,7428,28546,53870,0.7428,2.8546,5.387,3.84303,7.25229
2,4,9.5,7418,28446,53608,0.7418,2.8446,5.3608,3.83473,7.22675
2,4,9.75,7427,28433,53506,0.7427,2.8433,5.3506,3.82833,7.20425
2,4,10,7474,28628,53429,0.7474,2.8628,5.3429,3.83035,7.14865
2,4,10.25,7517,28988,53862,0.7517,2.8988,5.3862,3.85633,7.16536
2,4,10.5,7465,28792,53663,0.7465,2.8792,5.3663,3.85693,7.18861
2,4,10.75,7509,28804,54133,0.7509,2.8804,5.4133,3.83593,7.20908
2,4,11,7535,28148,54593,0.7535,2.8148,5.4593,3.73563,7.24526
2,4,11.25,7479,27909,54259,0.7479,2.7909,5.4259,3.73165,7.25485
2,4,11.5,7428,29501,52574,0.7428,2.9501,5.2574,3.97159,7.07781
2,4,11.75,7450,28494,54050,0.745,2.8494,5.405,3.8247,7.25503
2,4,12,7424,29165,52760,0.7424,2.9165,5.276,3.92848,7.10668
2,4,12.25,7407,29013,52709,0.7407,2.9013,5.2709,3.91697,7.11611
2,4,12.5,7445,29168,53869,0.7445,2.9168,5.3869,3.9178,7.23559
2,4,12.75,7438,29063,53334,0.7438,2.9063,5.3334,3.90737,7.17048
2,4,13,7583,28370,55597,0.7583,2.837,5.5597,3.74126,7.33179
2,4,13.25,7552,28370,55041,0.7552,2.837,5.5041,3.75662,7.28827
2,4,13.5,7538,28388,55025,0.7538,2.8388,5.5025,3.76599,7.29968
2,4,13.75,7544,28619,54609,0.7544,2.8619,5.4609,3.79361,7.23873
2,4,14,7516,28565,54525,0.7516,2.8565,5.4525,3.80056,7.25452
2,4,14.25,7568,28314,54921,0.7568,2.8314,5.4921,3.74128,7.257
2,4,14.5,7531,28852,54205,0.7531,2.8852,5.4205,3.8311,7.19758
2,4,14.75,7487,29026,54197,0.7487,2.9026,5.4197,3.87685,7.23881
2,4,15,7547,28148,55285,0.7547,2.8148,5.5285,3.72969,7.32543
2,5,0,20,436,0,0.002,0.0436,0,21.8,0
2,5,0.25,42,558,24,0.0042,0.0558,0.0024,13.2857,0.571429
2,5,0.5,84,936,65,0.0084,0.0936,0.0065,11.1429,0.77381
2,5,0.75,137,1329,115,0.0137,0.1329,0.0115,9.70073,0.839416
2,5,1,206,1850,175,0.0206,0.185,0.0175,8.98058,0.849515
2,5,1.25,281,2438,238,0.0281,0.2438,0.0238,8.67616,0.846975
2,5,1.5,342,2785,279,0.0342,0.2785,0.0279,8.14327,0.815789
2,5,1.75,410,3137,351,0.041,0.3137,0.0351,7.65122,0.856098
2,5,2,550,4373,498,0.055,0.4373,0.0498,7.95091,0.905455
2,5,2.25,728,6036,712,0.0728,0.6036,0.0712,8.29121,0.978022
2,5,2.5,1007,8262,1179,0.1007,0.8262,0.1179,8.20457,1.1708
2,5,2.75,1363,10891,1853,0.1363,1.0891,0.1853,7.99046,1.3595
2,5,3,1836,14926,2907,0.1836,1.4926,0.2907,8.12963,1.58333
2,5,3.25,2378,18502,4552,0.2378,1.8502,0.4552,7.78049,1.91421
2,5,3.5,3109,24484,7366,0.3109,2.4484,0.7366,7.8752,2.36925
2,5,3.75,3977,29783,12268,0.3977,2.9783,1.2268,7.48881,3.08474
2,5,4,5031,33970,20602,0.5031,3.397,2.0602,6.75214,4.09501
2,5,4.25,5928,34695,30381,0.5928,3.4695,3.0381,5.85273,5.125
2,5,4.5,6636,33437,39765,0.6636,3.3437,3.9765,5.03873,5.99231
2,5,4.75,6974,31683,45102,0.6974,3.1683,4.5102,4.54302,6.46716
2,5,5,7230,30725,49633,0.723,3.0725,4.9633,4.24965,6.86487
2,5,5.25,7310,29809,51562,0.731,2.9809,5.1562,4.07784,7.05363
2,5,5.5,7463,28720,54643,0.7463,2.872,5.4643,3.84832,7.32185
2,5,5.75,7465,28214,54573,0.7465,2.8214,5.4573,3.7795,7.31052
2,5,6,7453,28571,53408,0.7453,2.8571,5.3408,3.83349,7.16597
2,5,6.25,7440,29068,52984,0.744,2.9068,5.2984,3.90699,7.12151
2,5,6.5,7538,28780,54971,0.7538,2.878,5.4971,3.81799,7.29252
2,5,6.75,7538,28299,54977,0.7538,2.8299,5.4977,3.75418,7.29331
2,5,7,7438,28865,53508,0.7438,2.8865,5.3508,3.88075,7.19387
2,5,7.25,7403,28842,52669,0.7403,2.8842,5.2669,3.89599,7.11455
2,5,7.5,7438,28766,52792,0.7438,2.8766,5.2792,3.86744,7.09761
2,5,7.75,7436,28878,52595,0.7436,2.8878,5.2595,3.88354,7.07302
2,5,8,7354,29326,51755,0.7354,2.9326,5.1755,3.98776,7.03767
2,5,8.25,7334,29332,51934,0.7334,2.9332,5.1934,3.99945,7.08127
2,5,8.5,7442,28752,53003,0.7442,2.8752,5.3003,3.86348,7.12214
2,5,8.75,7492,29296,53361,0.7492,2.9296,5.3361,3.9103,7.1224
2,5,9,7503,29183,53545,0.7503,2.9183,5.3545,3.88951,7.13648
2,5,9.25,7514,28532,54295,0.7514,2.8532,5.4295,3.79718,7.22585
2,5,9.5,7486,28859,54122,0.7486,2.8859,5.4122,3.85506,7.22976
2,5,9.75,7502,28701,54351,0.7502,2.8701,5.4351,3.82578,7.24487
2,5,10,7515,28470,54767,0.7515,2.847,5.4767,3.78842,7.28769
2,5,10.25,7485,28531,54475,0.7485,2.8531,5.4475,3.81176,7.27789
2,5,10.5,7486,28177,54435,0.7486,2.8177,5.4435,3.76396,7.27157
2,5,10.75,7416,28591,53170,0.7416,2.8591,5.317,3.85531,7.16963
2,5,11,7365,28638,52443,0.7365,2.8638,5.2443,3.88839,7.12057
2,5,11.25,7413,28954,53186,0.7413,2.8954,5.3186,3.90584,7.17469
2,5,11.5,7424,28972,53138,0.7424,2.8972,5.3138,3.90248,7.1576
2,5,11.75,7448,29013,52984,0.7448,2.9013,5.2984,3.89541,7.11386
2,5,12,7399,29962,52005,0.7399,2.9962,5.2005,4.04947,7.02865
2,5,12.25,7450,28966,53473,0.745,2.8966,5.3473,3.88805,7.17758
2,5,12.5,7507,28599,54341,0.7507,2.8599,5.4341,3.80964,7.23871
2,5,12.75,7437,28996,52969,0.7437,2.8996,5.2969,3.89888,7.12236
2,5,13,7410,28911,52951,0.741,2.8911,5.2951,3.90162,7.14588
2,5,13.25,7325,29239,51773,0.7325,2.9239,5.1773,3.99167,7.06799
2,5,13.5,7328,29048,52360,0.7328,2.9048,5.236,3.96397,7.1452
2,5,13.75,7287,29327,51097,0.7287,2.9327,5.1097,4.02456,7.01208
2,5,14,7329,29340,51442,0.7329,2.934,5.1442,4.00327,7.01897
2,5,14.25,7380,29011,52306,0.738,2.9011,5.2306,3.93103,7.08753
2,5,14.5,7429,29200,52615,0.7429,2.92,5.2615,3.93054,7.08238
2,5,14.75,7384,29399,52521,0.7384,2.9399,5.2521,3.98145,7.11281
2,5,15,7430,29120,53098,0.743,2.912,5.3098,3.91925,7.14643
2,6,0,20,367,0,0.002,0.0367,0,18.35,0
2,6,0.25,48,579,33,0.0048,0.0579,0.0033,12.0625,0.6875
2,6,0.5,75,698,59,0.0075,0.0698,0.0059,9.30667,0.786667
2,6,0.75,102,847,77,0.0102,0.0847,0.0077,8.30392,0.754902
2,6,1,134,1124,105,0.0134,0.1124,0.0105,8.38806,0.783582
2,6,1.25,159,1243,107,0.0159,0.1243,0.0107,7.81761,0.672956
2,6,1.5,192,1463,136,0.0192,0.1463,0.0136,7.61979,0.708333
2,6,1.75,214,1401,154,0.0214,0.1401,0.0154,6.54673,0.719626
2,6,2,267,1902,201,0.0267,0.1902,0.0201,7.1236,0.752809
2,6,2.25,365,2770,313,0.0365,0.277,0.0313,7.58904,0.857534
2,6,2.5,460,3602,420,0.046,0.3602,0.042,7.83043,0.913043
2,6,2.75,666,5952,687,0.0666,0.5952,0.0687,8.93694,1.03153
2,6,3,951,8595,1113,0.0951,0.8595,0.1113,9.03785,1.17035
2,6,3.25,1289,11036,1733,0.1289,1.1036,0.1733,8.56168,1.34445
2,6,3.5,1638,13402,2481,0.1638,1.3402,0.2481,8.18193,1.51465
2,6,3.75,2068,16838,3563,0.2068,1.6838,0.3563,8.14217,1.72292
2,6,4,2597,20778,5417,0.2597,2.0778,0.5417,8.00077,2.08587
2,6,4.25,3370,26324,9043,0.337,2.6324,0.9043,7.81128,2.68338
2,6,4.5,4302,31545,15093,0.4302,3.1545,1.5093,7.33264,3.50837
2,6,4.75,5248,34251,23667,0.5248,3.4251,2.3667,6.52649,4.50972
2,6,5,6049,34059,32268,0.6049,3.4059,3.2268,5.63052,5.33444
2,6,5.25,6731,33475,41702,0.6731,3.3475,4.1702,4.97326,6.19551
2,6,5.5,7153,30678,47999,0.7153,3.0678,4.7999,4.28883,6.71033
2,6,5.75,7275,29916,50425,0.7275,2.9916,5.0425,4.11216,6.93127
2,6,6,7295,29777,51474,0.7295,2.9777,5.1474,4.08184,7.05607
2,6,6.25,7375,29331,52636,0.7375,2.9331,5.2636,3.97708,7.13708
2,6,6.5,7397,29131,52758,0.7397,2.9131,5.2758,3.93822,7.13235
2,6,6.75,7414,29324,53013,0.7414,2.9324,5.3013,3.95522,7.15039
2,6,7,7349,28805,52347,0.7349,2.8805,5.2347,3.91958,7.12301
2,6,7.25,7431,29031,53299,0.7431,2.9031,5.3299,3.90674,7.17252
2,6,7.5,7447,28620,53140,0.7447,2.862,5.314,3.84316,7.13576
2,6,7.75,7423,29304,53189,0.7423,2.9304,5.3189,3.94773,7.16543
2,6,8,7459,28568,53757,0.7459,2.8568,5.3757,3.83,7.207
2,6,8.25,7437,28466,53481,0.7437,2.8466,5.3481,3.82762,7.19121
2,6,8.5,7479,28415,54275,0.7479,2.8415,5.4275,3.7993,7.25699
2,6,8.75,7370,29040,52471,0.737,2.904,5.2471,3.9403,7.11954
2,6,9,7423,28977,53066,0.7423,2.8977,5.3066,3.90368,7.14886
2,6,9.25,7402,28815,52720,0.7402,2.8815,5.272,3.89287,7.1224
2,6,9.5,7406,29060,52753,0.7406,2.906,5.2753,3.92385,7.12301
2,6,9.75,7590,28420,55592,0.759,2.842,5.5592,3.7444,7.32437
2,6,10,7475,28741,53899,0.7475,2.8741,5.3899,3.84495,7.21057
2,6,10.25,7475,28741,53933,0.7475,2.8741,5.3933,3.84495,7.21512
2,6,10.5,7482,28887,53909,0.7482,2.8887,5.3909,3.86087,7.20516
2,6,10.75,7422,29152,53059,0.7422,2.9152,5.3059,3.92778,7.14888
2,6,11,7450,28575,53187,0.745,2.8575,5.3187,3.83557,7.13919
2,6,11.25,7452,28905,53304,0.7452,2.8905,5.3304,3.87882,7.15298
2,6,11.5,7423,28961,52819,0.7423,2.8961,5.2819,3.90152,7.11559
2,6,11.75,7502,28413,54314,0.7502,2.8413,5.4314,3.78739,7.23994
2,6,12,7419,28748,52929,0.7419,2.8748,5.2929,3.87492,7.13425
2,6,12.25,7499,28249,54667,0.7499,2.8249,5.4667,3.76704,7.28991
2,6,12.5,7479,28890,54328,0.7479,2.889,5.4328,3.86282,7.26407
2,6,12.75,7484,27687,54963,0.7484,2.7687,5.4963,3.69949,7.34407
2,6,13,7398,28844,53331,0.7398,2.8844,5.3331,3.89889,7.20884
2,6,13.25,7410,28801,53100,0.741,2.8801,5.31,3.88677,7.16599
2,6,13.5,7446,28838,53766,0.7446,2.8838,5.3766,3.87295,7.22079
2,6,13.75,7504,27994,54468,0.7504,2.7994,5.4468,3.73054,7.25853
2,6,14,7496,28610,54257,0.7496,2.861,5.4257,3.8167,7.23813
2,6,14.25,7422,28761,53361,0.7422,2.8761,5.3361,3.8751,7.18957
2,6,14.5,7438,28704,53044,0.7438,2.8704,5.3044,3.8591,7.13149
2,6,14.75,7525,28761,54323,0.7525,2.8761,5.4323,3.82206,7.219
2,6,15,7511,28884,54110,0.7511,2.8884,5.411,3.84556,7.2041
2,7,0,20,438,2,0.002,0.0438,0.0002,21.9,0.1
2,7,0.25,47,606,26,0.0047,0.0606,0.0026,12.8936,0.553191
2,7,0.5,74,767,54,0.0074,0.0767,0.0054,10.3649,0.72973
2,7,0.75,117,1096,98,0.0117,0.1096,0.0098,9.36752,0.837607
2,7,1,133,1011,97,0.0133,0.1011,0.0097,7.6015,0.729323
2,7,1.25,155,1077,109,0.0155,0.1077,0.0109,6.94839,0.703226
2,7,1.5,187,1370,141,0.0187,0.137,0.0141,7.3262,0.754011
2,7,1.75,243,1828,195,0.0243,0.1828,0.0195,7.52263,0.802469
2,7,2,275,1990,223,0.0275,0.199,0.0223,7.23636,0.810909
2,7,2.25,356,2715,291,0.0356,0.2715,0.0291,7.6264,0.817416
2,7,2.5,472,3683,423,0.0472,0.3683,0.0423,7.80297,0.896186
2,7,2.75,597,4548,544,0.0597,0.4548,0.0544,7.61809,0.911223
2,7,3,743,5935,745,0.0743,0.5935,0.0745,7.98789,1.00269
2,7,3.25,929,7490,1017,0.0929,0.749,0.1017,8.06243,1.09473
2,7,3.5,1225,9936,1542,0.1225,0.9936,0.1542,8.11102,1.25878
2,7,3.75,1643,13426,2369,0.1643,1.3426,0.2369,8.17164,1.44187
2,7,4,2081,16683,3563,0.2081,1.6683,0.3563,8.01682,1.71216
2,7,4.25,2855,23040,6520,0.2855,2.304,0.652,8.07005,2.28371
2,7,4.5,3657,27785,10643,0.3657,2.7785,1.0643,7.59776,2.91031
2,7,4.75,4589,32721,17372,0.4589,3.2721,1.7372,7.13031,3.78557
2,7,5,5566,35119,26853,0.5566,3.5119,2.6853,6.30956,4.82447
2,7,5.25,6369,33920,37051,0.6369,3.392,3.7051,5.3258,5.8174
2,7,5.5,6847,32600,43720,0.6847,3.26,4.372,4.76121,6.38528
2,7,5.75,7089,31158,47675,0.7089,3.1158,4.7675,4.39526,6.72521
2,7,6,7261,30901,50269,0.7261,3.0901,5.0269,4.25575,6.92315
2,7,6.25,7379,29604,52401,0.7379,2.9604,5.2401,4.01193,7.10137
2,7,6.5,7449,28949,53911,0.7449,2.8949,5.3911,3.88629,7.23735
2,7,6.75,7438,28700,54147,0.7438,2.87,5.4147,3.85856,7.27978
2,7,7,7375,28846,52844,0.7375,2.8846,5.2844,3.91132,7.16529
2,7,7.25,7391,28917,52772,0.7391,2.8917,5.2772,3.91246,7.14004
2,7,7.5,7361,29589,51868,0.7361,2.9589,5.1868,4.0197,7.04633
2,7,7.75,7434,28801,53308,0.7434,2.8801,5.3308,3.87423,7.17084
2,7,8,7442,28757,53405,0.7442,2.8757,5.3405,3.86415,7.17616
2,7,8.25,7453,28891,53376,0.7453,2.8891,5.3376,3.87643,7.16168
2,7,8.5,7444,29338,53230,0.7444,2.9338,5.323,3.94116,7.15073
2,7,8.75,7489,29044,53847,0.7489,2.9044,5.3847,3.87822,7.19015
2,7,9,7446,28401,53636,0.7446,2.8401,5.3636,3.81426,7.20333
2,7,9.25,7386,28674,52494,0.7386,2.8674,5.2494,3.88221,7.10723
2,7,9.5,7373,29391,52184,0.7373,2.9391,5.2184,3.9863,7.07772
2,7,9.75,7429,29168,52499,0.7429,2.9168,5.2499,3.92624,7.06677
2,7,10,7439,28921,52578,0.7439,2.8921,5.2578,3.88775,7.06789
2,7,10.25,7519,28946,53983,0.7519,2.8946,5.3983,3.84971,7.17955
2,7,10.5,7562,28283,54816,0.7562,2.8283,5.4816,3.74015,7.24888
2,7,10.75,7598,27594,55878,0.7598,2.7594,5.5878,3.63175,7.3543
2,7,11,7492,28270,54726,0.7492,2.827,5.4726,3.77336,7.30459
2,7,11.25,7403,28856,53101,0.7403,2.8856,5.3101,3.89788,7.1729
2,7,11.5,7436,28359,53306,0.7436,2.8359,5.3306,3.81374,7.16864
2,7,11.75,7465,28724,53740,0.7465,2.8724,5.374,3.84782,7.19893
2,7,12,7461,28192,54178,0.7461,2.8192,5.4178,3.77858,7.26149
2,7,12.25,7404,29191,52425,0.7404,2.9191,5.2425,3.9426,7.08063
2,7,12.5,7441,28840,53144,0.7441,2.884,5.3144,3.87582,7.14205
2,7,12.75,7489,29445,53529,0.7489,2.9445,5.3529,3.93177,7.14768
2,7,13,7471,28846,54198,0.7471,2.8846,5.4198,3.86106,7.25445
2,7,13.25,7540,28845,54169,0.754,2.8845,5.4169,3.8256,7.18422
2,7,13.5,7515,28321,54112,0.7515,2.8321,5.4112,3.7686,7.20053
2,7,13.75,7529,28478,55021,0.7529,2.8478,5.5021,3.78244,7.30788
2,7,14,7442,28436,53454,0.7442,2.8436,5.3454,3.82102,7.18275
2,7,14.25,7456,28842,53566,0.7456,2.8842,5.3566,3.86829,7.18428
2,7,14.5,7432,28849,53176,0.7432,2.8849,5.3176,3.88173,7.15501
2,7,14.75,7448,28839,53723,0.7448,2.8839,5.3723,3.87205,7.21308
2,7,15,7573,28141,55098,0.7573,2.8141,5.5098,3.71596,7.27558
2,8,0,20,396,0,0.002,0.0396,0,19.8,0
2,8,0.25,42,490,21,0.0042,0.049,0.0021,11.6667,0.5
2,8,0.5,49,449,25,0.0049,0.0449,0.0025,9.16327,0.510204
2,8,0.75,50,331,30,0.005,0.0331,0.003,6.62,0.6
2,8,1,55,355,30,0.0055,0.0355,0.003,6.45455,0.545455
2,8,1.25,75,607,54,0.0075,0.0607,0.0054,8.09333,0.72
2,8,1.5,118,1055,99,0.0118,0.1055,0.0099,8.94068,0.838983
2,8,1.75,156,1357,122,0.0156,0.1357,0.0122,8.69872,0.782051
2,8,2,202,1566,158,0.0202,0.1566,0.0158,7.75248,0.782178
2,8,2.25,275,2197,222,0.0275,0.2197,0.0222,7.98909,0.807273
2,8,2.5,347,2858,281,0.0347,0.2858,0.0281,8.23631,0.809798
2,8,2.75,502,3991,469,0.0502,0.3991,0.0469,7.9502,0.934263
2,8,3,645,5030,647,0.0645,0.503,0.0647,7.79845,1.0031
2,8,3.25,793,5883,782,0.0793,0.5883,0.0782,7.41866,0.986129
2,8,3.5,1087,8426,1258,0.1087,0.8426,0.1258,7.75161,1.15731
2,8,3.75,1419,11145,1805,0.1419,1.1145,0.1805,7.85412,1.27202
2,8,4,1957,15903,3152,0.1957,1.5903,0.3152,8.12621,1.61063
2,8,4.25,2431,18639,4735,0.2431,1.8639,0.4735,7.66722,1.94776
2,8,4.5,3166,24676,7908,0.3166,2.4676,0.7908,7.79406,2.49779
2,8,4.75,3998,30094,12658,0.3998,3.0094,1.2658,7.52726,3.16608
2,8,5,5108,34441,22023,0.5108,3.4441,2.2023,6.74256,4.31147
2,8,5.25,5995,34628,31881,0.5995,3.4628,3.1881,5.77615,5.31793
2,8,5.5,6589,33371,40052,0.6589,3.3371,4.0052,5.06465,6.07862
2,8,5.75,7062,31124,46959,0.7062,3.1124,4.6959,4.40725,6.64953
2,8,6,7264,30058,50519,0.7264,3.0058,5.0519,4.13794,6.95471
2,8,6.25,7377,29059,52812,0.7377,2.9059,5.2812,3.93914,7.15901
2,8,6.5,7444,28724,53706,0.7444,2.8724,5.3706,3.85868,7.21467
2,8,6.75,7428,28896,53624,0.7428,2.8896,5.3624,3.89015,7.21917
2,8,7,7360,29214,52960,0.736,2.9214,5.296,3.96929,7.19565
2,8,7.25,7319,28922,52292,0.7319,2.8922,5.2292,3.95163,7.14469
2,8,7.5,7329,29290,51976,0.7329,2.929,5.1976,3.99645,7.09183
2,8,7.75,7422,29239,52598,0.7422,2.9239,5.2598,3.9395,7.08677
2,8,8,7399,29012,52311,0.7399,2.9012,5.2311,3.92107,7.07001
2,8,8.25,7371,28948,52184,0.7371,2.8948,5.2184,3.92728,7.07964
2,8,8.5,7435,28751,53015,0.7435,2.8751,5.3015,3.86698,7.13046
2,8,8.75,7396,29184,52769,0.7396,2.9184,5.2769,3.94592,7.1348
2,8,9,7386,29147,52648,0.7386,2.9147,5.2648,3.94625,7.12808
2,8,9.25,7476,28462,53841,0.7476,2.8462,5.3841,3.80712,7.20185
2,8,9.5,7520,28804,55050,0.752,2.8804,5.505,3.83032,7.32048
2,8,9.75,7508,28093,54790,0.7508,2.8093,5.479,3.74174,7.29755
2,8,10,7465,28704,53943,0.7465,2.8704,5.3943,3.84514,7.22612
2,8,10.25,7401,28993,53040,0.7401,2.8993,5.304,3.91744,7.1666
2,8,10.5,7435,28972,53334,0.7435,2.8972,5.3334,3.8967,7.17337
2,8,10.75,7555,28158,55399,0.7555,2.8158,5.5399,3.72707,7.33276
2,8,11,7463,29122,53711,0.7463,2.9122,5.3711,3.90218,7.19697
2,8,11.25,7453,28756,53013,0.7453,2.8756,5.3013,3.85831,7.11297
2,8,11.5,7430,29501,52733,0.743,2.9501,5.2733,3.97052,7.09731
2,8,11.75,7510,28815,53696,0.751,2.8815,5.3696,3.83688,7.14993
2,8,12,7506,28696,54273,0.7506,2.8696,5.4273,3.82307,7.23062
2,8,12.25,7503,28422,54767,0.7503,2.8422,5.4767,3.78808,7.29935
2,8,12.5,7506,27938,54954,0.7506,2.7938,5.4954,3.72209,7.32134
2,8,12.75,7484,28553,54483,0.7484,2.8553,5.4483,3.81521,7.27993
2,8,13,7598,27925,56173,0.7598,2.7925,5.6173,3.67531,7.39313
2,8,13.25,7604,26996,56100,0.7604,2.6996,5.61,3.55024,7.3777
2,8,13.5,7566,27735,55657,0.7566,2.7735,5.5657,3.66574,7.3562
2,8,13.75,7571,27529,56027,0.7571,2.7529,5.6027,3.63611,7.40021
2,8,14,7486,28710,54194,0.7486,2.871,5.4194,3.83516,7.23938
2,8,14.25,7503,28265,54600,0.7503,2.8265,5.46,3.76716,7.27709
2,8,14.5,7539,28251,54998,0.7539,2.8251,5.4998,3.74731,7.29513
2,8,14.75,7499,29010,54257,0.7499,2.901,5.4257,3.86852,7.23523
2,8,15,7499,28402,54691,0.7499,2.8402,5.4691,3.78744,7.29311
2,9,0,20,395,1,0.002,0.0395,0.0001,19.75,0.05
2,9,0.25,39,495,23,0.0039,0.0495,0.0023,12.6923,0.589744
2,9,0.5,48,444,30,0.0048,0.0444,0.003,9.25,0.625
2,9,0.75,56,458,32,0.0056,0.0458,0.0032,8.17857,0.571429
2,9,1,73,609,46,0.0073,0.0609,0.0046,8.34247,0.630137
2,9,1.25,97,806,64,0.0097,0.0806,0.0064,8.30928,0.659794
2,9,1.5,141,1325,98,0.0141,0.1325,0.0098,9.39716,0.695035
2,9,1.75,231,2108,185,0.0231,0.2108,0.0185,9.12554,0.800866
2,9,2,338,3147,305,0.0338,0.3147,0.0305,9.31065,0.902367
2,9,2.25,490,4298,469,0.049,0.4298,0.0469,8.77143,0.957143
2,9,2.5,648,5233,626,0.0648,0.5233,0.0626,8.07562,0.966049
2,9,2.75,840,6766,837,0.084,0.6766,0.0837,8.05476,0.996429
2,9,3,1189,10038,1446,0.1189,1.0038,0.1446,8.44239,1.21615
2,9,3.25,1609,13405,2389,0.1609,1.3405,0.2389,8.33126,1.48477
2,9,3.5,2096,16674,3611,0.2096,1.6674,0.3611,7.95515,1.72281
2,9,3.75,2779,22605,6103,0.2779,2.2605,0.6103,8.13422,2.19611
2,9,4,3737,29338,11138,0.3737,2.9338,1.1138,7.85068,2.98047
2,9,4.25,4684,32845,18021,0.4684,3.2845,1.8021,7.01217,3.84735
2,9,4.5,5570,35289,26511,0.557,3.5289,2.6511,6.33555,4.75961
2,9,4.75,6386,33781,36577,0.6386,3.3781,3.6577,5.28985,5.72769
2,9,5,6779,32046,42975,0.6779,3.2046,4.2975,4.72725,6.33943
2,9,5.25,7117,30791,48389,0.7117,3.0791,4.8389,4.3264,6.79907
2,9,5.5,7336,29499,52320,0.7336,2.9499,5.232,4.02113,7.13195
2,9,5.75,7405,28448,53502,0.7405,2.8448,5.3502,3.84173,7.22512
2,9,6,7453,28437,53477,0.7453,2.8437,5.3477,3.81551,7.17523
2,9,6.25,7428,28772,53631,0.7428,2.8772,5.3631,3.87345,7.22011
2,9,6.5,7505,28297,54704,0.7505,2.8297,5.4704,3.77042,7.28901
2,9,6.75,7503,28271,54665,0.7503,2.8271,5.4665,3.76796,7.28575
2,9,7,7557,28543,55046,0.7557,2.8543,5.5046,3.77703,7.28411
2,9,7.25,7574,28328,55234,0.7574,2.8328,5.5234,3.74016,7.29258
2,9,7.5,7566,28377,54758,0.7566,2.8377,5.4758,3.75059,7.23738
2,9,7.75,7595,28012,55280,0.7595,2.8012,5.528,3.68822,7.27847
2,9,8,7542,28470,54912,0.7542,2.847,5.4912,3.77486,7.28083
2,9,8.25,7500,28212,54685,0.75,2.8212,5.4685,3.7616,7.29133
2,9,8.5,7496,28634,54066,0.7496,2.8634,5.4066,3.8199,7.21265
2,9,8.75,7577,28251,55541,0.7577,2.8251,5.5541,3.72852,7.33021
2,9,9,7500,28474,54367,0.75,2.8474,5.4367,3.79653,7.24893
2,9,9.25,7394,28526,53539,0.7394,2.8526,5.3539,3.85799,7.24087
2,9,9.5,7424,28714,53225,0.7424,2.8714,5.3225,3.86773,7.16932
2,9,9.75,7461,29187,53340,0.7461,2.9187,5.334,3.91194,7.14918
2,9,10,7485,28606,54186,0.7485,2.8606,5.4186,3.82178,7.23928
2,9,10.25,7508,28555,53748,0.7508,2.8555,5.3748,3.80328,7.15876
2,9,10.5,7450,28872,53235,0.745,2.8872,5.3235,3.87544,7.14564
2,9,10.75,7397,29185,53078,0.7397,2.9185,5.3078,3.94552,7.17561
2,9,11,7410,28930,53383,0.741,2.893,5.3383,3.90418,7.20418
2,9,11.25,7413,28522,53529,0.7413,2.8522,5.3529,3.84757,7.22096
2,9,11.5,7404,28804,53294,0.7404,2.8804,5.3294,3.89033,7.198
2,9,11.75,7482,28286,53742,0.7482,2.8286,5.3742,3.78054,7.18284
2,9,12,7548,28242,54651,0.7548,2.8242,5.4651,3.74165,7.24046
2,9,12.25,7508,28468,54220,0.7508,2.8468,5.422,3.79169,7.22163
2,9,12.5,7516,28862,53907,0.7516,2.8862,5.3907,3.84007,7.1723
2,9,12.75,7556,28289,54971,0.7556,2.8289,5.4971,3.74391,7.27515
2,9,13,7507,28858,54050,0.7507,2.8858,5.405,3.84415,7.19995
2,9,13.25,7468,28508,53984,0.7468,2.8508,5.3984,3.81735,7.22871
2,9,13.5,7429,28742,53165,0.7429,2.8742,5.3165,3.86889,7.15641
2,9,13.75,7463,28503,54085,0.7463,2.8503,5.4085,3.81924,7.24709
2,9,14,7439,28717,53543,0.7439,2.8717,5.3543,3.86033,7.19761
2,9,14.25,7319,29646,51866,0.7319,2.9646,5.1866,4.05055,7.08649
2,9,14.5,7441,28764,53567,0.7441,2.8764,5.3567,3.86561,7.1989
2,9,14.75,7495,28383,54454,0.7495,2.8383,5.4454,3.78692,7.26538
2,9,15,7485,28340,53828,0.7485,2.834,5.3828,3.78624,7.19145
2,10,0,20,388,0,0.002,0.0388,0,19.4,0
2,10,0.25,42,490,28,0.0042,0.049,0.0028,11.6667,0.666667
2,10,0.5,56,492,41,0.0056,0.0492,0.0041,8.78571,0.732143
2,10,0.75,64,452,41,0.0064,0.0452,0.0041,7.0625,0.640625
2,10,1,82,643,58,0.0082,0.0643,0.0058,7.84146,0.707317
2,10,1.25,116,941,80,0.0116,0.0941,0.008,8.11207,0.689655
2,10,1.5,168,1457,132,0.0168,0.1457,0.0132,8.67262,0.785714
2,10,1.75,257,2228,211,0.0257,0.2228,0.0211,8.66926,0.821012
2,10,2,346,2773,287,0.0346,0.2773,0.0287,8.01445,0.82948
2,10,2.25,448,3333,394,0.0448,0.3333,0.0394,7.43973,0.879464
2,10,2.5,554,4218,506,0.0554,0.4218,0.0506,7.61372,0.913357
2,10,2.75,678,5263,634,0.0678,0.5263,0.0634,7.76254,0.935103
2,10,3,879,6835,908,0.0879,0.6835,0.0908,7.77588,1.03299
2,10,3.25,1141,8827,1363,0.1141,0.8827,0.1363,7.7362,1.19457
2,10,3.5,1501,11893,2086,0.1501,1.1893,0.2086,7.92338,1.38974
2,10,3.75,2068,16929,3582,0.2068,1.6929,0.3582,8.18617,1.73211
2,10,4,2690,20954,5729,0.269,2.0954,0.5729,7.78959,2.12974
2,10,4.25,3395,25588,8672,0.3395,2.5588,0.8672,7.53697,2.55434
2,10,4.5,4317,31284,14605,0.4317,3.1284,1.4605,7.2467,3.38314
2,10,4.75,5141,33829,21704,0.5141,3.3829,2.1704,6.58024,4.22175
2,10,5,6021,34571,32007,0.6021,3.4571,3.2007,5.74174,5.31589
2,10,5.25,6661,32952,40950,0.6661,3.2952,4.095,4.947,6.14773
2,10,5.5,7066,30824,47877,0.7066,3.0824,4.7877,4.3623,6.77569
2,10,5.75,7270,29560,51289,0.727,2.956,5.1289,4.06602,7.05488
2,10,6,7234,29996,50675,0.7234,2.9996,5.0675,4.14653,7.00511
2,10,6.25,7354,28965,52583,0.7354,2.8965,5.2583,3.93867,7.15026
2,10,6.5,7452,28756,53439,0.7452,2.8756,5.3439,3.85883,7.1711
2,10,6.75,7489,28787,54199,0.7489,2.8787,5.4199,3.8439,7.23715
2,10,7,7457,28615,54018,0.7457,2.8615,5.4018,3.83733,7.24393
2,10,7.25,7456,28638,54033,0.7456,2.8638,5.4033,3.84093,7.24692
2,10,7.5,7441,28626,53221,0.7441,2.8626,5.3221,3.84706,7.1524
2,10,7.75,7458,28570,53760,0.7458,2.857,5.376,3.83079,7.20837
2,10,8,7401,28634,53275,0.7401,2.8634,5.3275,3.86894,7.19835
2,10,8.25,7545,28103,55021,0.7545,2.8103,5.5021,3.72472,7.29238
2,10,8.5,7395,28850,52613,0.7395,2.885,5.2613,3.90128,7.11467
2,10,8.75,7390,29227,52436,0.739,2.9227,5.2436,3.95494,7.09553
2,10,9,7469,29192,53569,0.7469,2.9192,5.3569,3.90842,7.17218
2,10,9.25,7509,28313,54554,0.7509,2.8313,5.4554,3.77054,7.26515
2,10,9.5,7495,28581,54534,0.7495,2.8581,5.4534,3.81334,7.27605
2,10,9.75,7546,28182,55221,0.7546,2.8182,5.5221,3.73469,7.31792
2,10,10,7647,27982,56386,0.7647,2.7982,5.6386,3.65921,7.37361
2,10,10.25,7627,27634,56261,0.7627,2.7634,5.6261,3.62318,7.37656
2,10,10.5,7553,28482,55005,0.7553,2.8482,5.5005,3.77095,7.28254
2,10,10.75,7600,28544,55227,0.76,2.8544,5.5227,3.75579,7.26671
2,10,11,7469,28402,53734,0.7469,2.8402,5.3734,3.80265,7.19427
2,10,11.25,7424,29005,53011,0.7424,2.9005,5.3011,3.90692,7.14049
2,10,11.5,7540,28353,55104,0.754,2.8353,5.5104,3.76034,7.30822
2,10,11.75,7435,28773,53719,0.7435,2.8773,5.3719,3.86994,7.22515
2,10,12,7420,28309,53342,0.742,2.8309,5.3342,3.81523,7.18895
2,10,12.25,7409,29533,52667,0.7409,2.9533,5.2667,3.9861,7.10852
2,10,12.5,7370,29494,52221,0.737,2.9494,5.2221,4.0019,7.08562
2,10,12.75,7360,29047,52522,0.736,2.9047,5.2522,3.9466,7.13614
2,10,13,7456,29382,53145,0.7456,2.9382,5.3145,3.94072,7.12782
2,10,13.25,7449,29061,52751,0.7449,2.9061,5.2751,3.90133,7.08162
2,10,13.5,7466,28696,53479,0.7466,2.8696,5.3479,3.84356,7.16301
2,10,13.75,7527,28061,54681,0.7527,2.8061,5.4681,3.72805,7.26465
2,10,14,7460,28376,54041,0.746,2.8376,5.4041,3.80375,7.2441
2,10,14.25,7401,28739,53210,0.7401,2.8739,5.321,3.88312,7.18957
2,10,14.5,7477,28233,53989,0.7477,2.8233,5.3989,3.77598,7.22068
2,10,14.75,7521,28669,54504,0.7521,2.8669,5.4504,3.81186,7.24691
2,10,15,7436,28593,53793,0.7436,2.8593,5.3793,3.84521,7.23413
2,11,0,20,392,2,0.002,0.0392,0.0002,19.6,0.1
2,11,0.25,51,638,36,0.0051,0.0638,0.0036,12.5098,0.705882
2,11,0.5,79,793,62,0.0079,0.0793,0.0062,10.038,0.78481
2,11,0.75,108,967,74,0.0108,0.0967,0.0074,8.9537,0.685185
2,11,1,149,1238,113,0.0149,0.1238,0.0113,8.30872,0.758389
2,11,1.25,193,1653,148,0.0193,0.1653,0.0148,8.56477,0.766839
2,11,1.5,258,2046,213,0.0258,0.2046,0.0213,7.93023,0.825581
2,11,1.75,307,2270,239,0.0307,0.227,0.0239,7.39414,0.778502
2,11,2,401,3046,345,0.0401,0.3046,0.0345,7.59601,0.860349
2,11,2.25,489,3685,437,0.0489,0.3685,0.0437,7.53579,0.893661
2,11,2.5,611,4736,577,0.0611,0.4736,0.0577,7.75123,0.944354
2,11,2.75,815,6367,843,0.0815,0.6367,0.0843,7.81227,1.03436
2,11,3,1072,8505,1211,0.1072,0.8505,0.1211,7.93377,1.12966
2,11,3.25,1327,10447,1693,0.1327,1.0447,0.1693,7.87265,1.27581
2,11,3.5,1646,12576,2433,0.1646,1.2576,0.2433,7.64034,1.47813
2,11,3.75,2017,15641,3247,0.2017,1.5641,0.3247,7.75459,1.60982
2,11,4,2581,20750,5303,0.2581,2.075,0.5303,8.03952,2.05463
2,11,4.25,3325,25984,8800,0.3325,2.5984,0.88,7.81474,2.64662
2,11,4.5,4245,30883,14384,0.4245,3.0883,1.4384,7.27515,3.38846
2,11,4.75,5243,34372,23323,0.5243,3.4372,2.3323,6.55579,4.44841
2,11,5,6003,34376,32670,0.6003,3.4376,3.267,5.72647,5.44228
2,11,5.25,6670,32659,41481,0.667,3.2659,4.1481,4.8964,6.21904
2,11,5.5,7027,31797,46573,0.7027,3.1797,4.6573,4.52498,6.62772
2,11,5.75,7237,30682,49654,0.7237,3.0682,4.9654,4.2396,6.86113
2,11,6,7355,29278,52349,0.7355,2.9278,5.2349,3.98069,7.11747
2,11,6.25,7349,29479,52267,0.7349,2.9479,5.2267,4.01129,7.11212
2,11,6.5,7433,29099,53154,0.7433,2.9099,5.3154,3.91484,7.15108
2,11,6.75,7402,29432,52844,0.7402,2.9432,5.2844,3.97622,7.13915
2,11,7,7422,28973,52925,0.7422,2.8973,5.2925,3.90366,7.13083
2,11,7.25,7419,28984,53663,0.7419,2.8984,5.3663,3.90673,7.23319
2,11,7.5,7472,28772,54188,0.7472,2.8772,5.4188,3.85064,7.25214
2,11,7.75,7490,29074,53961,0.749,2.9074,5.3961,3.88171,7.20441
2,11,8,7517,28679,54089,0.7517,2.8679,5.4089,3.81522,7.19556
2,11,8.25,7503,28456,54098,0.7503,2.8456,5.4098,3.79262,7.21018
2,11,8.5,7525,28554,54305,0.7525,2.8554,5.4305,3.79455,7.21661
2,11,8.75,7460,29288,52910,0.746,2.9288,5.291,3.92601,7.09249
2,11,9,7484,28307,53895,0.7484,2.8307,5.3895,3.78234,7.20136
2,11,9.25,7473,28085,54189,0.7473,2.8085,5.4189,3.7582,7.2513
2,11,9.5,7492,28166,54477,0.7492,2.8166,5.4477,3.75948,7.27136
2,11,9.75,7509,28255,54750,0.7509,2.8255,5.475,3.76282,7.29125
2,11,10,7538,28285,54716,0.7538,2.8285,5.4716,3.75232,7.25869
2,11,10.25,7514,28706,54370,0.7514,2.8706,5.437,3.82034,7.23583
2,11,10.5,7477,28907,53864,0.7477,2.8907,5.3864,3.86612,7.20396
2,11,10.75,7480,28900,54156,0.748,2.89,5.4156,3.86364,7.24011
2,11,11,7533,28982,54551,0.7533,2.8982,5.4551,3.84734,7.2416
2,11,11.25,7537,28793,54652,0.7537,2.8793,5.4652,3.82022,7.25116
2,11,11.5,7510,28430,54507,0.751,2.843,5.4507,3.78562,7.25792
2,11,11.75,7429,29217,52673,0.7429,2.9217,5.2673,3.93283,7.09019
2,11,12,7549,28388,54977,0.7549,2.8388,5.4977,3.7605,7.28269
2,11,12.25,7470,28428,53767,0.747,2.8428,5.3767,3.80562,7.19772
2,11,12.5,7431,28697,52934,0.7431,2.8697,5.2934,3.8618,7.1234
2,11,12.75,7462,28519,53746,0.7462,2.8519,5.3746,3.8219,7.20263
2,11,13,7556,28546,55116,0.7556,2.8546,5.5116,3.77792,7.29434
2,11,13.25,7461,28650,53652,0.7461,2.865,5.3652,3.83997,7.19099
2,11,13.5,7491,28861,53868,0.7491,2.8861,5.3868,3.85276,7.19103
2,11,13.75,7435,29086,52735,0.7435,2.9086,5.2735,3.91204,7.0928
2,11,14,7431,29320,53139,0.7431,2.932,5.3139,3.94563,7.15099
2,11,14.25,7379,29091,52610,0.7379,2.9091,5.261,3.9424,7.12969
2,11,14.5,7430,29410,53117,0.743,2.941,5.3117,3.95828,7.14899
2,11,14.75,7469,28433,54073,0.7469,2.8433,5.4073,3.8068,7.23966
2,11,15,7335,28856,52059,0.7335,2.8856,5.2059,3.93401,7.09734
2,12,0,20,388,0,0.002,0.0388,0,19.4,0
2,12,0.25,38,420,23,0.0038,0.042,0.0023,11.0526,0.605263
2,12,0.5,41,294,24,0.0041,0.0294,0.0024,7.17073,0.585366
2,12,0.75,67,629,48,0.0067,0.0629,0.0048,9.38806,0.716418
2,12,1,93,757,69,0.0093,0.0757,0.0069,8.13978,0.741935
2,12,1.25,99,691,70,0.0099,0.0691,0.007,6.9798,0.707071
2,12,1.5,95,635,47,0.0095,0.0635,0.0047,6.68421,0.494737
2,12,1.75,103,674,58,0.0103,0.0674,0.0058,6.54369,0.563107
2,12,2,127,982,76,0.0127,0.0982,0.0076,7.73228,0.598425
2,12,2.25,187,1546,133,0.0187,0.1546,0.0133,8.26738,0.71123
2,12,2.5,255,2028,204,0.0255,0.2028,0.0204,7.95294,0.8
2,12,2.75,309,2319,238,0.0309,0.2319,0.0238,7.50485,0.770227
2,12,3,390,2909,314,0.039,0.2909,0.0314,7.45897,0.805128
2,12,3.25,531,4318,483,0.0531,0.4318,0.0483,8.13183,0.909605
2,12,3.5,722,5883,701,0.0722,0.5883,0.0701,8.1482,0.970914
2,12,3.75,947,7768,1047,0.0947,0.7768,0.1047,8.20275,1.1056
2,12,4,1243,10001,1620,0.1243,1.0001,0.162,8.04586,1.3033
2,12,4.25,1586,12523,2288,0.1586,1.2523,0.2288,7.89596,1.44262
2,12,4.5,1989,15722,3234,0.1989,1.5722,0.3234,7.90447,1.62594
2,12,4.75,2593,20494,5325,0.2593,2.0494,0.5325,7.90359,2.05361
2,12,5,3270,25092,8409,0.327,2.5092,0.8409,7.67339,2.57156
2,12,5.25,4137,30295,13740,0.4137,3.0295,1.374,7.32294,3.32125
2,12,5.5,5094,33975,21846,0.5094,3.3975,2.1846,6.66961,4.28857
2,12,5.75,5958,34652,31204,0.5958,3.4652,3.1204,5.81605,5.23733
2,12,6,6659,32667,41167,0.6659,3.2667,4.1167,4.90569,6.18216
2,12,6.25,6935,31769,46074,0.6935,3.1769,4.6074,4.58097,6.64369
2,12,6.5,7240,29770,50783,0.724,2.977,5.0783,4.11188,7.01423
2,12,6.75,7366,28609,52969,0.7366,2.8609,5.2969,3.88393,7.19101
2,12,7,7405,28550,53707,0.7405,2.855,5.3707,3.8555,7.2528
2,12,7.25,7351,29003,52242,0.7351,2.9003,5.2242,3.94545,7.10679
2,12,7.5,7422,28439,53147,0.7422,2.8439,5.3147,3.83172,7.16074
2,12,7.75,7494,28688,54207,0.7494,2.8688,5.4207,3.82813,7.23339
2,12,8,7484,28415,54237,0.7484,2.8415,5.4237,3.79677,7.24706
2,12,8.25,7513,28609,54727,0.7513,2.8609,5.4727,3.80793,7.28431
2,12,8.5,7476,28146,54204,0.7476,2.8146,5.4204,3.76485,7.2504
2,12,8.75,7467,28608,53817,0.7467,2.8608,5.3817,3.83126,7.20731
2,12,9,7563,28250,55386,0.7563,2.825,5.5386,3.73529,7.32328
2,12,9.25,7566,28495,55371,0.7566,2.8495,5.5371,3.76619,7.3184
2,12,9.5,7518,28652,54393,0.7518,2.8652,5.4393,3.81112,7.23504
2,12,9.75,7588,28811,55240,0.7588,2.8811,5.524,3.79692,7.27992
2,12,10,7584,28008,55533,0.7584,2.8008,5.5533,3.69304,7.32239
2,12,10.25,7593,28289,55244,0.7593,2.8289,5.5244,3.72567,7.27565
2,12,10.5,7509,28424,54783,0.7509,2.8424,5.4783,3.78532,7.29565
2,12,10.75,7437,28867,53434,0.7437,2.8867,5.3434,3.88154,7.18489
2,12,11,7338,29412,51394,0.7338,2.9412,5.1394,4.00818,7.00382
2,12,11.25,7398,29413,52274,0.7398,2.9413,5.2274,3.9758,7.06596
2,12,11.5,7403,29550,52275,0.7403,2.955,5.2275,3.99163,7.06133
2,12,11.75,7429,29404,52350,0.7429,2.9404,5.235,3.958,7.04671
2,12,12,7417,29428,52540,0.7417,2.9428,5.254,3.96764,7.08373
2,12,12.25,7452,28809,53440,0.7452,2.8809,5.344,3.86594,7.17123
2,12,12.5,7424,28729,52935,0.7424,2.8729,5.2935,3.86975,7.13025
2,12,12.75,7425,29483,52399,0.7425,2.9483,5.2399,3.97077,7.0571
2,12,13,7447,28876,53256,0.7447,2.8876,5.3256,3.87753,7.15134
2,12,13.25,7375,29272,52715,0.7375,2.9272,5.2715,3.96908,7.1478
2,12,13.5,7391,28925,52912,0.7391,2.8925,5.2912,3.91354,7.15898
2,12,13.75,7366,28904,52559,0.7366,2.8904,5.2559,3.92398,7.13535
2,12,14,7404,28582,52880,0.7404,2.8582,5.288,3.86035,7.14209
2,12,14.25,7430,28984,53222,0.743,2.8984,5.3222,3.90094,7.16312
2,12,14.5,7448,28706,53462,0.7448,2.8706,5.3462,3.85419,7.17803
2,12,14.75,7455,29004,53303,0.7455,2.9004,5.3303,3.89054,7.14997
2,12,15,7486,28638,54328,0.7486,2.8638,5.4328,3.82554,7.25728
2,13,0,20,399,3,0.002,0.0399,0.0003,19.95,0.15
2,13,0.25,42,490,25,0.0042,0.049,0.0025,11.6667,0.595238
2,13,0.5,67,676,45,0.0067,0.0676,0.0045,10.0896,0.671642
2,13,0.75,107,1017,80,0.0107,0.1017,0.008,9.50467,0.747664
2,13,1,142,1163,104,0.0142,0.1163,0.0104,8.19014,0.732394
2,13,1.25,183,1486,128,0.0183,0.1486,0.0128,8.12022,0.699454
2,13,1.5,248,1960,197,0.0248,0.196,0.0197,7.90323,0.794355
2,13,1.75,322,2556,269,0.0322,0.2556,0.0269,7.93789,0.835404
2,13,2,431,3241,377,0.0431,0.3241,0.0377,7.51972,0.87471
2,13,2.25,542,4068,497,0.0542,0.4068,0.0497,7.50554,0.916974
2,13,2.5,692,5427,647,0.0692,0.5427,0.0647,7.84249,0.934971
2,13,2.75,907,7337,967,0.0907,0.7337,0.0967,8.08931,1.06615
2,13,3,1193,9683,1430,0.1193,0.9683,0.143,8.11651,1.19866
2,13,3.25,1513,12312,2066,0.1513,1.2312,0.2066,8.13748,1.3655
2,13,3.5,2011,16197,3243,0.2011,1.6197,0.3243,8.0542,1.61263
2,13,3.75,2615,20097,5387,0.2615,2.0097,0.5387,7.68528,2.06004
2,13,4,3323,25274,8539,0.3323,2.5274,0.8539,7.60578,2.56967
2,13,4.25,4163,30138,13744,0.4163,3.0138,1.3744,7.23949,3.30147
2,13,4.5,5158,34266,22118,0.5158,3.4266,2.2118,6.64327,4.2881
2,13,4.75,5986,34608,31550,0.5986,3.4608,3.155,5.78149,5.27063
2,13,5,6708,33485,41712,0.6708,3.3485,4.1712,4.9918,6.21825
2,13,5.25,7110,30971,48153,0.711,3.0971,4.8153,4.35598,6.77257
2,13,5.5,7236,29644,50709,0.7236,2.9644,5.0709,4.09674,7.00788
2,13,5.75,7281,29510,52122,0.7281,2.951,5.2122,4.05301,7.15863
2,13,6,7364,29546,52582,0.7364,2.9546,5.2582,4.01222,7.14041
2,13,6.25,7387,28614,53170,0.7387,2.8614,5.317,3.87356,7.19778
2,13,6.5,7384,29584,52074,0.7384,2.9584,5.2074,4.0065,7.05228
2,13,6.75,7411,29240,52286,0.7411,2.924,5.2286,3.94549,7.05519
2,13,7,7491,28805,54072,0.7491,2.8805,5.4072,3.84528,7.21826
2,13,7.25,7423,28606,53523,0.7423,2.8606,5.3523,3.8537,7.21043
2,13,7.5,7380,29530,52461,0.738,2.953,5.2461,4.00136,7.10854
2,13,7.75,7440,28750,53599,0.744,2.875,5.3599,3.86425,7.20417
2,13,8,7529,28977,54537,0.7529,2.8977,5.4537,3.84872,7.24359
2,13,8.25,7483,28667,54025,0.7483,2.8667,5.4025,3.83095,7.2197
2,13,8.5,7472,29255,53679,0.7472,2.9255,5.3679,3.91528,7.18402
2,13,8.75,7504,28118,54941,0.7504,2.8118,5.4941,3.74707,7.32156
2,13,9,7527,28479,54968,0.7527,2.8479,5.4968,3.78358,7.30278
2,13,9.25,7444,28616,53221,0.7444,2.8616,5.3221,3.84417,7.14952
2,13,9.5,7492,28412,54110,0.7492,2.8412,5.411,3.79231,7.22237
2,13,9.75,7476,28676,53829,0.7476,2.8676,5.3829,3.83574,7.20024
2,13,10,7463,28912,53679,0.7463,2.8912,5.3679,3.87405,7.19268
2,13,10.25,7370,29072,51951,0.737,2.9072,5.1951,3.94464,7.04898
2,13,10.5,7444,28853,52904,0.7444,2.8853,5.2904,3.87601,7.10693
2,13,10.75,7472,29333,53030,0.7472,2.9333,5.303,3.92572,7.09716
2,13,11,7474,28793,53453,0.7474,2.8793,5.3453,3.85242,7.15186
2,13,11.25,7470,28660,53680,0.747,2.866,5.368,3.83668,7.18608
2,13,11.5,7431,28720,53688,0.7431,2.872,5.3688,3.86489,7.22487
2,13,11.75,7509,28354,54743,0.7509,2.8354,5.4743,3.776,7.29032
2,13,12,7493,28406,54442,0.7493,2.8406,5.4442,3.791,7.26571
2,13,12.25,7376,29203,52616,0.7376,2.9203,5.2616,3.95919,7.13341
2,13,12.5,7350,29196,52375,0.735,2.9196,5.2375,3.97224,7.12585
2,13,12.75,7480,28564,53961,0.748,2.8564,5.3961,3.81872,7.21404
2,13,13,7554,28282,55172,0.7554,2.8282,5.5172,3.74398,7.30368
2,13,13.25,7441,28859,53865,0.7441,2.8859,5.3865,3.87838,7.23895
2,13,13.5,7467,28518,53968,0.7467,2.8518,5.3968,3.8192,7.22753
2,13,13.75,7400,28990,52420,0.74,2.899,5.242,3.91757,7.08378
2,13,14,7411,29519,52968,0.7411,2.9519,5.2968,3.98313,7.14721
2,13,14.25,7525,28452,54619,0.7525,2.8452,5.4619,3.781,7.25834
2,13,14.5,7573,28352,55070,0.7573,2.8352,5.507,3.74383,7.27189
2,13,14.75,7548,28937,54445,0.7548,2.8937,5.4445,3.83373,7.21317
2,13,15,7562,28579,55043,0.7562,2.8579,5.5043,3.77929,7.27889
2,14,0,20,404,1,0.002,0.0404,0.0001,20.2,0.05
2,14,0.25,40,458,22,0.004,0.0458,0.0022,11.45,0.55
2,14,0.5,51,425,32,0.0051,0.0425,0.0032,8.33333,0.627451
2,14,0.75,56,389,32,0.0056,0.0389,0.0032,6.94643,0.571429
2,14,1,80,632,53,0.008,0.0632,0.0053,7.9,0.6625
2,14,1.25,109,883,73,0.0109,0.0883,0.0073,8.10092,0.669725
2,14,1.5,156,1234,120,0.0156,0.1234,0.012,7.91026,0.769231
2,14,1.75,190,1430,140,0.019,0.143,0.014,7.52632,0.736842
2,14,2,233,1876,172,0.0233,0.1876,0.0172,8.0515,0.738197
2,14,2.25,307,2346,239,0.0307,0.2346,0.0239,7.64169,0.778502
2,14,2.5,412,3316,355,0.0412,0.3316,0.0355,8.04854,0.86165
2,14,2.75,544,4680,504,0.0544,0.468,0.0504,8.60294,0.926471
2,14,3,692,5314,704,0.0692,0.5314,0.0704,7.67919,1.01734
2,14,3.25,868,6683,897,0.0868,0.6683,0.0897,7.69931,1.03341
2,14,3.5,1099,8856,1300,0.1099,0.8856,0.13,8.05823,1.18289
2,14,3.75,1417,11088,1888,0.1417,1.1088,0.1888,7.82498,1.33239
2,14,4,1840,14069,2835,0.184,1.4069,0.2835,7.6462,1.54076
2,14,4.25,2312,18469,4133,0.2312,1.8469,0.4133,7.98832,1.78763
2,14,4.5,2976,23176,6694,0.2976,2.3176,0.6694,7.78763,2.24933
2,14,4.75,3872,29469,11629,0.3872,2.9469,1.1629,7.6108,3.00336
2,14,5,4812,33608,19266,0.4812,3.3608,1.9266,6.98421,4.00374
2,14,5.25,5658,34894,28064,0.5658,3.4894,2.8064,6.1672,4.96006
2,14,5.5,6411,33479,38167,0.6411,3.3479,3.8167,5.22212,5.95336
2,14,5.75,6816,32339,43948,0.6816,3.2339,4.3948,4.74457,6.44777
2,14,6,7133,30986,48367,0.7133,3.0986,4.8367,4.34403,6.78074
2,14,6.25,7259,29634,51079,0.7259,2.9634,5.1079,4.08238,7.03664
2,14,6.5,7359,28801,53137,0.7359,2.8801,5.3137,3.91371,7.22068
2,14,6.75,7439,28485,54085,0.7439,2.8485,5.4085,3.82914,7.27047
2,14,7,7465,28486,54028,0.7465,2.8486,5.4028,3.81594,7.23751
2,14,7.25,7412,29167,52851,0.7412,2.9167,5.2851,3.93511,7.13046
2,14,7.5,7472,28836,53848,0.7472,2.8836,5.3848,3.85921,7.20664
2,14,7.75,7448,28604,53955,0.7448,2.8604,5.3955,3.84049,7.24423
2,14,8,7387,28781,53422,0.7387,2.8781,5.3422,3.89617,7.23189
2,14,8.25,7425,28628,53477,0.7425,2.8628,5.3477,3.85562,7.20229
2,14,8.5,7449,28668,53275,0.7449,2.8668,5.3275,3.84857,7.15197
2,14,8.75,7452,28414,53594,0.7452,2.8414,5.3594,3.81294,7.19189
2,14,9,7383,29794,52275,0.7383,2.9794,5.2275,4.03549,7.08046
2,14,9.25,7440,28561,53112,0.744,2.8561,5.3112,3.83884,7.13871
2,14,9.5,7515,28726,54854,0.7515,2.8726,5.4854,3.82249,7.29927
2,14,9.75,7547,28503,55109,0.7547,2.8503,5.5109,3.77673,7.30211
2,14,10,7535,28863,54704,0.7535,2.8863,5.4704,3.83052,7.25999
2,14,10.25,7484,28435,54686,0.7484,2.8435,5.4686,3.79944,7.30706
2,14,10.5,7400,28801,52961,0.74,2.8801,5.2961,3.89203,7.15689
2,14,10.75,7460,29145,53237,0.746,2.9145,5.3237,3.90684,7.13633
2,14,11,7557,28294,54952,0.7557,2.8294,5.4952,3.74408,7.27167
2,14,11.25,7552,28833,54597,0.7552,2.8833,5.4597,3.81793,7.22948
2,14,11.5,7475,28429,53802,0.7475,2.8429,5.3802,3.80321,7.19759
2,14,11.75,7518,28427,54709,0.7518,2.8427,5.4709,3.78119,7.27707
2,14,12,7454,28669,53610,0.7454,2.8669,5.361,3.84612,7.19211
2,14,12.25,7383,28764,52580,0.7383,2.8764,5.258,3.89598,7.12177
2,14,12.5,7518,28502,54629,0.7518,2.8502,5.4629,3.79117,7.26643
2,14,12.75,7498,28590,54443,0.7498,2.859,5.4443,3.81302,7.261
2,14,13,7465,28580,53769,0.7465,2.858,5.3769,3.82853,7.20281
2,14,13.25,7567,28055,55024,0.7567,2.8055,5.5024,3.70755,7.27157
2,14,13.5,7504,28469,54701,0.7504,2.8469,5.4701,3.79384,7.28958
2,14,13.75,7589,28307,55925,0.7589,2.8307,5.5925,3.73,7.36922
2,14,14,7520,28255,55557,0.752,2.8255,5.5557,3.75731,7.3879
2,14,14.25,7523,27912,55339,0.7523,2.7912,5.5339,3.71022,7.35598
2,14,14.5,7451,29101,53185,0.7451,2.9101,5.3185,3.90565,7.13797
2,14,14.75,7418,29086,53163,0.7418,2.9086,5.3163,3.921,7.16676
2,14,15,7484,28524,54002,0.7484,2.8524,5.4002,3.81133,7.21566
2,15,0,20,379,1,0.002,0.0379,0.0001,18.95,0.05
2,15,0.25,51,628,33,0.0051,0.0628,0.0033,12.3137,0.647059
2,15,0.5,95,1018,81,0.0095,0.1018,0.0081,10.7158,0.852632
2,15,0.75,138,1284,102,0.0138,0.1284,0.0102,9.30435,0.73913
2,15,1,206,1759,164,0.0206,0.1759,0.0164,8.53883,0.796117
2,15,1.25,238,1742,180,0.0238,0.1742,0.018,7.31933,0.756303
2,15,1.5,312,2325,251,0.0312,0.2325,0.0251,7.45192,0.804487
2,15,1.75,356,2467,272,0.0356,0.2467,0.0272,6.92978,0.764045
2,15,2,400,2609,283,0.04,0.2609,0.0283,6.5225,0.7075
2,15,2.25,483,3370,383,0.0483,0.337,0.0383,6.97723,0.792961
2,15,2.5,660,5184,626,0.066,0.5184,0.0626,7.85455,0.948485
2,15,2.75,799,6084,794,0.0799,0.6084,0.0794,7.61452,0.993742
2,15,3,1060,8563,1199,0.106,0.8563,0.1199,8.0783,1.13113
2,15,3.25,1413,11438,1901,0.1413,1.1438,0.1901,8.09483,1.34536
2,15,3.5,1817,14235,2806,0.1817,1.4235,0.2806,7.83434,1.5443
2,15,3.75,2308,18273,4264,0.2308,1.8273,0.4264,7.91724,1.84749
2,15,4,2892,22746,6477,0.2892,2.2746,0.6477,7.86515,2.23963
2,15,4.25,3685,28546,10778,0.3685,2.8546,1.0778,7.74654,2.92483
2,15,4.5,4685,32785,18304,0.4685,3.2785,1.8304,6.99787,3.90694
2,15,4.75,5617,35265,27342,0.5617,3.5265,2.7342,6.27826,4.86772
2,15,5,6319,34479,36387,0.6319,3.4479,3.6387,5.4564,5.75835
2,15,5.25,6721,33127,42753,0.6721,3.3127,4.2753,4.92888,6.36111
2,15,5.5,6937,31619,46137,0.6937,3.1619,4.6137,4.55802,6.65086
2,15,5.75,7112,30956,48258,0.7112,3.0956,4.8258,4.35264,6.78543
2,15,6,7246,29570,51131,0.7246,2.957,5.1131,4.08087,7.05644
2,15,6.25,7349,29156,52751,0.7349,2.9156,5.2751,3.96734,7.17798
2,15,6.5,7432,29003,53226,0.7432,2.9003,5.3226,3.90245,7.16173
2,15,6.75,7521,28338,54820,0.7521,2.8338,5.482,3.76785,7.28892
2,15,7,7477,28377,54422,0.7477,2.8377,5.4422,3.79524,7.27859
2,15,7.25,7463,28576,53795,0.7463,2.8576,5.3795,3.82902,7.20823
2,15,7.5,7521,28598,54488,0.7521,2.8598,5.4488,3.80242,7.24478
2,15,7.75,7445,28962,53398,0.7445,2.8962,5.3398,3.89013,7.17233
2,15,8,7439,28865,53423,0.7439,2.8865,5.3423,3.88023,7.18148
2,15,8.25,7409,28447,53320,0.7409,2.8447,5.332,3.83952,7.19665
2,15,8.5,7473,28440,53610,0.7473,2.844,5.361,3.8057,7.17383
2,15,8.75,7495,28794,53626,0.7495,2.8794,5.3626,3.84176,7.1549
2,15,9,7472,29362,53395,0.7472,2.9362,5.3395,3.9296,7.14601
2,15,9.25,7446,28956,53022,0.7446,2.8956,5.3022,3.8888,7.12087
2,15,9.5,7568,28106,55204,0.7568,2.8106,5.5204,3.71379,7.2944
2,15,9.75,7485,28529,53966,0.7485,2.8529,5.3966,3.81149,7.20989
2,15,10,7432,28866,53574,0.7432,2.8866,5.3574,3.88402,7.20856
2,15,10.25,7367,29427,52390,0.7367,2.9427,5.239,3.99443,7.11144
2,15,10.5,7417,29342,52515,0.7417,2.9342,5.2515,3.95605,7.08036
2,15,10.75,7454,29059,53408,0.7454,2.9059,5.3408,3.89844,7.16501
2,15,11,7522,28742,54310,0.7522,2.8742,5.431,3.82106,7.22015
2,15,11.25,7500,28853,54293,0.75,2.8853,5.4293,3.84707,7.23907
2,15,11.5,7447,28893,53417,0.7447,2.8893,5.3417,3.87982,7.17296
2,15,11.75,7394,28783,52740,0.7394,2.8783,5.274,3.89275,7.13281
2,15,12,7452,28895,53667,0.7452,2.8895,5.3667,3.87748,7.20169
2,15,12.25,7472,28634,53925,0.7472,2.8634,5.3925,3.83217,7.21694
2,15,12.5,7363,29415,52281,0.7363,2.9415,5.2281,3.99497,7.1005
2,15,12.75,7479,28477,54049,0.7479,2.8477,5.4049,3.80759,7.22677
2,15,13,7507,28326,54737,0.7507,2.8326,5.4737,3.77328,7.29146
2,15,13.25,7462,28803,53325,0.7462,2.8803,5.3325,3.85996,7.14621
2,15,13.5,7429,29611,52693,0.7429,2.9611,5.2693,3.98587,7.09288
2,15,13.75,7419,28995,52657,0.7419,2.8995,5.2657,3.90821,7.09759
2,15,14,7493,28879,53700,0.7493,2.8879,5.37,3.85413,7.16669
2,15,14.25,7460,28536,53403,0.746,2.8536,5.3403,3.8252,7.15858
2,15,14.5,7466,28878,53818,0.7466,2.8878,5.3818,3.86793,7.20841
2,15,14.75,7414,28966,53261,0.7414,2.8966,5.3261,3.90693,7.18384
2,15,15,7431,28650,54086,0.7431,2.865,5.4086,3.85547,7.27843
2,16,0,20,435,0,0.002,0.0435,0,21.75,0
2,16,0.25,25,290,11,0.0025,0.029,0.0011,11.6,0.44
2,16,0.5,34,297,13,0.0034,0.0297,0.0013,8.73529,0.382353
2,16,0.75,53,433,38,0.0053,0.0433,0.0038,8.16981,0.716981
2,16,1,58,424,41,0.0058,0.0424,0.0041,7.31034,0.706897
2,16,1.25,67,441,48,0.0067,0.0441,0.0048,6.58209,0.716418
2,16,1.5,66,418,42,0.0066,0.0418,0.0042,6.33333,0.636364
2,16,1.75,76,419,51,0.0076,0.0419,0.0051,5.51316,0.671053
2,16,2,110,827,83,0.011,0.0827,0.0083,7.51818,0.754545
2,16,2.25,134,945,100,0.0134,0.0945,0.01,7.05224,0.746269
2,16,2.5,150,957,112,0.015,0.0957,0.0112,6.38,0.746667
2,16,2.75,182,1331,132,0.0182,0.1331,0.0132,7.31319,0.725275
2,16,3,208,1444,149,0.0208,0.1444,0.0149,6.94231,0.716346
2,16,3.25,241,1549,181,0.0241,0.1549,0.0181,6.42739,0.751037
2,16,3.5,309,2146,242,0.0309,0.2146,0.0242,6.94498,0.783172
2,16,3.75,363,2574,272,0.0363,0.2574,0.0272,7.09091,0.749311
2,16,4,515,4255,456,0.0515,0.4255,0.0456,8.26214,0.885437
2,16,4.25,677,5161,646,0.0677,0.5161,0.0646,7.62334,0.95421
2,16,4.5,815,6187,814,0.0815,0.6187,0.0814,7.59141,0.998773
2,16,4.75,1030,8010,1162,0.103,0.801,0.1162,7.7767,1.12816
2,16,5,1332,10694,1680,0.1332,1.0694,0.168,8.02853,1.26126
2,16,5.25,1728,14021,2594,0.1728,1.4021,0.2594,8.114,1.50116
2,16,5.5,2303,18533,4405,0.2303,1.8533,0.4405,8.04733,1.91272
2,16,5.75,3046,24300,7400,0.3046,2.43,0.74,7.97768,2.42942
2,16,6,3906,29117,12152,0.3906,2.9117,1.2152,7.45443,3.11111
2,16,6.25,4836,33561,19401,0.4836,3.3561,1.9401,6.93983,4.01179
2,16,6.5,5775,34763,29337,0.5775,3.4763,2.9337,6.01957,5.08
2,16,6.75,6512,34303,38687,0.6512,3.4303,3.8687,5.26766,5.94088
2,16,7,6984,31911,46340,0.6984,3.1911,4.634,4.56916,6.63517
2,16,7.25,7184,29872,49776,0.7184,2.9872,4.9776,4.15813,6.92873
2,16,7.5,7284,29873,51026,0.7284,2.9873,5.1026,4.10118,7.00522
2,16,7.75,7272,29440,51345,0.7272,2.944,5.1345,4.0484,7.06064
2,16,8,7298,29521,51642,0.7298,2.9521,5.1642,4.04508,7.07619
2,16,8.25,7422,28563,53720,0.7422,2.8563,5.372,3.84842,7.23794
2,16,8.5,7443,29002,53857,0.7443,2.9002,5.3857,3.89655,7.23593
2,16,8.75,7497,28328,54266,0.7497,2.8328,5.4266,3.77858,7.23836
2,16,9,7428,28870,53299,0.7428,2.887,5.3299,3.88665,7.17542
2,16,9.25,7371,29315,52059,0.7371,2.9315,5.2059,3.97707,7.06268
2,16,9.5,7337,29400,51557,0.7337,2.94,5.1557,4.00709,7.02699
2,16,9.75,7459,29061,53690,0.7459,2.9061,5.369,3.8961,7.19802
2,16,10,7426,29016,52641,0.7426,2.9016,5.2641,3.90735,7.08874
2,16,10.25,7452,28793,53690,0.7452,2.8793,5.369,3.86379,7.20478
2,16,10.5,7560,28326,55003,0.756,2.8326,5.5003,3.74683,7.27553
2,16,10.75,7591,28291,55659,0.7591,2.8291,5.5659,3.72691,7.33224
2,16,11,7503,28424,54345,0.7503,2.8424,5.4345,3.78835,7.2431
2,16,11.25,7458,28743,53569,0.7458,2.8743,5.3569,3.85398,7.18276
2,16,11.5,7439,29174,53394,0.7439,2.9174,5.3394,3.92176,7.17758
2,16,11.75,7514,28345,54503,0.7514,2.8345,5.4503,3.77229,7.25353
2,16,12,7523,28286,54661,0.7523,2.8286,5.4661,3.75994,7.26585
2,16,12.25,7442,28799,53469,0.7442,2.8799,5.3469,3.86979,7.18476
2,16,12.5,7469,28865,53370,0.7469,2.8865,5.337,3.86464,7.14553
2,16,12.75,7466,28738,53598,0.7466,2.8738,5.3598,3.84918,7.17894
2,16,13,7520,28600,54418,0.752,2.86,5.4418,3.80319,7.23644
2,16,13.25,7529,28359,54798,0.7529,2.8359,5.4798,3.76664,7.27826
2,16,13.5,7451,28513,53567,0.7451,2.8513,5.3567,3.82673,7.18924
2,16,13.75,7457,29291,53565,0.7457,2.9291,5.3565,3.92799,7.18318
2,16,14,7542,28780,54802,0.7542,2.878,5.4802,3.81596,7.26624
2,16,14.25,7519,28300,54697,0.7519,2.83,5.4697,3.7638,7.2745
2,16,14.5,7491,28556,54313,0.7491,2.8556,5.4313,3.81204,7.25043
2,16,14.75,7523,28561,54831,0.7523,2.8561,5.4831,3.79649,7.28845
2,16,15,7498,28612,53993,0.7498,2.8612,5.3993,3.81595,7.20099
2,17,0,20,369,1,0.002,0.0369,0.0001,18.45,0.05
2,17,0.25,22,205,7,0.0022,0.0205,0.0007,9.31818,0.318182
2,17,0.5,35,287,18,0.0035,0.0287,0.0018,8.2,0.514286
2,17,0.75,51,472,32,0.0051,0.0472,0.0032,9.2549,0.627451
2,17,1,72,587,50,0.0072,0.0587,0.005,8.15278,0.694444
2,17,1.25,116,1033,89,0.0116,0.1033,0.0089,8.90517,0.767241
2,17,1.5,125,905,85,0.0125,0.0905,0.0085,7.24,0.68
2,17,1.75,154,1233,100,0.0154,0.1233,0.01,8.00649,0.649351
2,17,2,172,1275,114,0.0172,0.1275,0.0114,7.41279,0.662791
2,17,2.25,261,2184,210,0.0261,0.2184,0.021,8.36782,0.804598
2,17,2.5,337,2887,279,0.0337,0.2887,0.0279,8.56677,0.827893
2,17,2.75,448,3583,388,0.0448,0.3583,0.0388,7.99777,0.866071
2,17,3,552,4129,488,0.0552,0.4129,0.0488,7.48007,0.884058
2,17,3.25,709,5358,675,0.0709,0.5358,0.0675,7.55712,0.952045
2,17,3.5,897,6978,947,0.0897,0.6978,0.0947,7.77926,1.05574
2,17,3.75,1160,9242,1368,0.116,0.9242,0.1368,7.96724,1.17931
2,17,4,1474,11903,1957,0.1474,1.1903,0.1957,8.07531,1.32768
2,17,4.25,1957,15752,3222,0.1957,1.5752,0.3222,8.04905,1.6464
2,17,4.5,2532,19715,5284,0.2532,1.9715,0.5284,7.78633,2.08689
2,17,4.75,3358,26505,8820,0.3358,2.6505,0.882,7.89309,2.62656
2,17,5,4233,31189,14456,0.4233,3.1189,1.4456,7.36806,3.41507
2,17,5.25,5223,34468,22894,0.5223,3.4468,2.2894,6.59927,4.3833
2,17,5.5,6023,34418,32159,0.6023,3.4418,3.2159,5.71443,5.33937
2,17,5.75,6617,33200,40402,0.6617,3.32,4.0402,5.01738,6.10579
2,17,6,7100,30876,47800,0.71,3.0876,4.78,4.34873,6.73239
2,17,6.25,7310,30258,50895,0.731,3.0258,5.0895,4.13926,6.96238
2,17,6.5,7424,28937,53405,0.7424,2.8937,5.3405,3.89776,7.19356
2,17,6.75,7415,28696,53453,0.7415,2.8696,5.3453,3.86999,7.20877
2,17,7,7513,28451,54536,0.7513,2.8451,5.4536,3.7869,7.25888
2,17,7.25,7521,28888,54802,0.7521,2.8888,5.4802,3.84098,7.28653
2,17,7.5,7447,28696,54020,0.7447,2.8696,5.402,3.85336,7.25393
2,17,7.75,7389,28892,53159,0.7389,2.8892,5.3159,3.91014,7.19434
2,17,8,7453,28610,53961,0.7453,2.861,5.3961,3.83872,7.24017
2,17,8.25,7372,29448,51980,0.7372,2.9448,5.198,3.99457,7.051
2,17,8.5,7351,29659,51211,0.7351,2.9659,5.1211,4.03469,6.96654
2,17,8.75,7396,28977,52248,0.7396,2.8977,5.2248,3.91793,7.06436
2,17,9,7487,28664,53728,0.7487,2.8664,5.3728,3.8285,7.17617
2,17,9.25,7482,28988,53928,0.7482,2.8988,5.3928,3.87437,7.2077
2,17,9.5,7542,28653,55079,0.7542,2.8653,5.5079,3.79912,7.30297
2,17,9.75,7531,28693,54663,0.7531,2.8693,5.4663,3.80999,7.2584
2,17,10,7539,28411,54950,0.7539,2.8411,5.495,3.76854,7.28877
2,17,10.25,7457,28380,54410,0.7457,2.838,5.441,3.80582,7.2965
2,17,10.5,7431,28843,53329,0.7431,2.8843,5.3329,3.88144,7.17656
2,17,10.75,7457,28918,53707,0.7457,2.8918,5.3707,3.87797,7.20223
2,17,11,7482,29010,53669,0.7482,2.901,5.3669,3.87731,7.17308
2,17,11.25,7474,28577,53226,0.7474,2.8577,5.3226,3.82352,7.12149
2,17,11.5,7518,28578,54094,0.7518,2.8578,5.4094,3.80128,7.19526
2,17,11.75,7544,28740,54290,0.7544,2.874,5.429,3.80965,7.19645
2,17,12,7449,29065,53313,0.7449,2.9065,5.3313,3.90187,7.15707
2,17,12.25,7431,28596,53591,0.7431,2.8596,5.3591,3.8482,7.21182
2,17,12.5,7496,28612,54325,0.7496,2.8612,5.4325,3.81697,7.2472
2,17,12.75,7471,28860,53615,0.7471,2.886,5.3615,3.86294,7.17642
2,17,13,7555,27927,55157,0.7555,2.7927,5.5157,3.69649,7.30073
2,17,13.25,7530,28366,54863,0.753,2.8366,5.4863,3.76707,7.28592
2,17,13.5,7534,28354,55325,0.7534,2.8354,5.5325,3.76347,7.34338
2,17,13.75,7420,28799,53234,0.742,2.8799,5.3234,3.88127,7.17439
2,17,14,7411,29073,52774,0.7411,2.9073,5.2774,3.92295,7.12104
2,17,14.25,7413,29024,52951,0.7413,2.9024,5.2951,3.91528,7.14299
2,17,14.5,7479,28606,53818,0.7479,2.8606,5.3818,3.82484,7.19588
2,17,14.75,7420,29143,52452,0.742,2.9143,5.2452,3.92763,7.069
2,17,15,7356,29314,51407,0.7356,2.9314,5.1407,3.98505,6.98844
2,18,0,20,404,0,0.002,0.0404,0,20.2,0
2,18,0.25,43,537,26,0.0043,0.0537,0.0026,12.4884,0.604651
2,18,0.5,68,690,53,0.0068,0.069,0.0053,10.1471,0.779412
2,18,0.75,93,867,72,0.0093,0.0867,0.0072,9.32258,0.774194
2,18,1,132,1143,99,0.0132,0.1143,0.0099,8.65909,0.75
2,18,1.25,211,1966,167,0.0211,0.1966,0.0167,9.31754,0.791469
2,18,1.5,352,3128,321,0.0352,0.3128,0.0321,8.88636,0.911932
2,18,1.75,498,4202,472,0.0498,0.4202,0.0472,8.43775,0.947791
2,18,2,711,6181,739,0.0711,0.6181,0.0739,8.69339,1.03938
2,18,2.25,942,7490,1101,0.0942,0.749,0.1101,7.95117,1.16879
2,18,2.5,1231,10052,1602,0.1231,1.0052,0.1602,8.16572,1.30138
2,18,2.75,1633,13026,2423,0.1633,1.3026,0.2423,7.97673,1.48377
2,18,3,2103,16227,3619,0.2103,1.6227,0.3619,7.71612,1.72087
2,18,3.25,2701,21171,5664,0.2701,2.1171,0.5664,7.83821,2.097
2,18,3.5,3485,26212,9141,0.3485,2.6212,0.9141,7.52138,2.62296
2,18,3.75,4402,31655,15133,0.4402,3.1655,1.5133,7.19105,3.43776
2,18,4,5290,34430,23321,0.529,3.443,2.3321,6.50851,4.40851
2,18,4.25,6063,35135,32261,0.6063,3.5135,3.2261,5.79499,5.32096
2,18,4.5,6729,33213,42195,0.6729,3.3213,4.2195,4.9358,6.27062
2,18,4.75,7123,30455,48928,0.7123,3.0455,4.8928,4.27559,6.86902
2,18,5,7239,29616,51328,0.7239,2.9616,5.1328,4.09117,7.09048
2,18,5.25,7269,29204,51574,0.7269,2.9204,5.1574,4.01761,7.09506
2,18,5.5,7276,29536,51419,0.7276,2.9536,5.1419,4.05937,7.06693
2,18,5.75,7435,28943,53636,0.7435,2.8943,5.3636,3.8928,7.21399
2,18,6,7353,29516,52101,0.7353,2.9516,5.2101,4.01414,7.08568
2,18,6.25,7444,29037,53397,0.7444,2.9037,5.3397,3.90073,7.17316
2,18,6.5,7447,29215,53532,0.7447,2.9215,5.3532,3.92306,7.1884
2,18,6.75,7556,28101,55237,0.7556,2.8101,5.5237,3.71903,7.31035
2,18,7,7482,28526,54195,0.7482,2.8526,5.4195,3.81262,7.24338
2,18,7.25,7464,29095,53021,0.7464,2.9095,5.3021,3.89804,7.10356
2,18,7.5,7384,29309,52499,0.7384,2.9309,5.2499,3.96926,7.10983
2,18,7.75,7443,28623,53489,0.7443,2.8623,5.3489,3.84563,7.18648
2,18,8,7419,28959,53228,0.7419,2.8959,5.3228,3.90336,7.17455
2,18,8.25,7416,28677,53341,0.7416,2.8677,5.3341,3.86691,7.19269
2,18,8.5,7422,28412,53100,0.7422,2.8412,5.31,3.82808,7.15441
2,18,8.75,7434,28782,53249,0.7434,2.8782,5.3249,3.87167,7.1629
2,18,9,7412,29098,52755,0.7412,2.9098,5.2755,3.9258,7.11751
2,18,9.25,7393,29035,52951,0.7393,2.9035,5.2951,3.92736,7.16232
2,18,9.5,7360,29407,52436,0.736,2.9407,5.2436,3.99552,7.12446
2,18,9.75,7436,28912,53908,0.7436,2.8912,5.3908,3.88811,7.2496
2,18,10,7435,28818,53450,0.7435,2.8818,5.345,3.87599,7.18897
2,18,10.25,7449,28714,53505,0.7449,2.8714,5.3505,3.85475,7.18284
2,18,10.5,7380,29070,52419,0.738,2.907,5.2419,3.93902,7.10285
2,18,10.75,7379,29220,52472,0.7379,2.922,5.2472,3.95989,7.11099
2,18,11,7422,29197,52868,0.7422,2.9197,5.2868,3.93385,7.12315
2,18,11.25,7407,28903,52967,0.7407,2.8903,5.2967,3.90212,7.15094
2,18,11.5,7361,29083,52245,0.7361,2.9083,5.2245,3.95096,7.09754
2,18,11.75,7410,29003,52863,0.741,2.9003,5.2863,3.91404,7.13401
2,18,12,7460,28650,53683,0.746,2.865,5.3683,3.84048,7.19611
2,18,12.25,7438,29115,53250,0.7438,2.9115,5.325,3.91436,7.15918
2,18,12.5,7440,29164,53201,0.744,2.9164,5.3201,3.91989,7.15067
2,18,12.75,7390,28910,52882,0.739,2.891,5.2882,3.91204,7.15589
2,18,13,7391,28849,52694,0.7391,2.8849,5.2694,3.90326,7.12948
2,18,13.25,7404,29281,52792,0.7404,2.9281,5.2792,3.95475,7.1302
2,18,13.5,7451,28901,53648,0.7451,2.8901,5.3648,3.87881,7.20011
2,18,13.75,7495,28109,54189,0.7495,2.8109,5.4189,3.75037,7.23002
2,18,14,7476,28462,53559,0.7476,2.8462,5.3559,3.80712,7.16413
2,18,14.25,7495,28346,54368,0.7495,2.8346,5.4368,3.78199,7.2539
2,18,14.5,7391,28614,53177,0.7391,2.8614,5.3177,3.87147,7.19483
2,18,14.75,7447,28740,53513,0.7447,2.874,5.3513,3.85927,7.18585
2,18,15,7491,29429,53606,0.7491,2.9429,5.3606,3.92858,7.15605
2,19,0,20,378,1,0.002,0.0378,0.0001,18.9,0.05
2,19,0.25,33,347,16,0.0033,0.0347,0.0016,10.5152,0.484848
2,19,0.5,37,302,18,0.0037,0.0302,0.0018,8.16216,0.486486
2,19,0.75,59,517,41,0.0059,0.0517,0.0041,8.76271,0.694915
2,19,1,86,718,65,0.0086,0.0718,0.0065,8.34884,0.755814
2,19,1.25,95,656,63,0.0095,0.0656,0.0063,6.90526,0.663158
2,19,1.5,133,1023,99,0.0133,0.1023,0.0099,7.69173,0.744361
2,19,1.75,172,1380,122,0.0172,0.138,0.0122,8.02326,0.709302
2,19,2,240,1965,175,0.024,0.1965,0.0175,8.1875,0.729167
2,19,2.25,377,3269,330,0.0377,0.3269,0.033,8.67109,0.875332
2,19,2.5,486,3912,442,0.0486,0.3912,0.0442,8.04938,0.909465
2,19,2.75,629,4978,610,0.0629,0.4978,0.061,7.91415,0.969793
2,19,3,760,5844,753,0.076,0.5844,0.0753,7.68947,0.990789
2,19,3.25,977,7667,1074,0.0977,0.7667,0.1074,7.84749,1.09928
2,19,3.5,1270,10014,1600,0.127,1.0014,0.16,7.88504,1.25984
2,19,3.75,1700,13917,2526,0.17,1.3917,0.2526,8.18647,1.48588
2,19,4,2219,18037,3952,0.2219,1.8037,0.3952,8.12844,1.78098
2,19,4.25,2780,21322,5916,0.278,2.1322,0.5916,7.66978,2.12806
2,19,4.5,3598,26730,9835,0.3598,2.673,0.9835,7.42913,2.73346
2,19,4.75,4495,32343,16040,0.4495,3.2343,1.604,7.19533,3.56841
2,19,5,5534,34691,26118,0.5534,3.4691,2.6118,6.2687,4.71955
2,19,5.25,6340,34999,36365,0.634,3.4999,3.6365,5.52035,5.7358
2,19,5.5,6843,32112,44326,0.6843,3.2112,4.4326,4.69268,6.47757
2,19,5.75,7219,30293,50162,0.7219,3.0293,5.0162,4.19629,6.94861
2,19,6,7345,29443,52552,0.7345,2.9443,5.2552,4.00858,7.1548
2,19,6.25,7439,28282,54063,0.7439,2.8282,5.4063,3.80186,7.26751
2,19,6.5,7457,28579,53687,0.7457,2.8579,5.3687,3.83251,7.19954
2,19,6.75,7504,28259,55140,0.7504,2.8259,5.514,3.76586,7.34808
2,19,7,7422,28916,53965,0.7422,2.8916,5.3965,3.89598,7.27095
2,19,7.25,7422,29236,53399,0.7422,2.9236,5.3399,3.9391,7.19469
2,19,7.5,7359,28814,52983,0.7359,2.8814,5.2983,3.91548,7.19976
2,19,7.75,7385,28913,52747,0.7385,2.8913,5.2747,3.9151,7.14245
2,19,8,7406,28856,53217,0.7406,2.8856,5.3217,3.8963,7.18566
2,19,8.25,7508,28217,54549,0.7508,2.8217,5.4549,3.75826,7.26545
2,19,8.5,7461,28495,53462,0.7461,2.8495,5.3462,3.81919,7.16553
2,19,8.75,7421,29558,52612,0.7421,2.9558,5.2612,3.98302,7.08961
2,19,9,7389,29363,52414,0.7389,2.9363,5.2414,3.97388,7.09352
2,19,9.25,7424,28628,53654,0.7424,2.8628,5.3654,3.85614,7.2271
2,19,9.5,7429,28991,53062,0.7429,2.8991,5.3062,3.90241,7.14255
2,19,9.75,7306,29438,51602,0.7306,2.9438,5.1602,4.02929,7.06296
2,19,10,7414,28765,53111,0.7414,2.8765,5.3111,3.87982,7.16361
2,19,10.25,7477,28440,53281,0.7477,2.844,5.3281,3.80366,7.12599
2,19,10.5,7502,28441,53515,0.7502,2.8441,5.3515,3.79112,7.13343
2,19,10.75,7472,29139,53170,0.7472,2.9139,5.317,3.89976,7.1159
2,19,11,7561,27995,55565,0.7561,2.7995,5.5565,3.70255,7.3489
2,19,11.25,7625,27264,56524,0.7625,2.7264,5.6524,3.57561,7.41298
2,19,11.5,7596,27914,56330,0.7596,2.7914,5.633,3.67483,7.41575
2,19,11.75,7513,28025,55013,0.7513,2.8025,5.5013,3.7302,7.32237
2,19,12,7434,28722,53862,0.7434,2.8722,5.3862,3.8636,7.24536
2,19,12.25,7476,28738,54064,0.7476,2.8738,5.4064,3.84403,7.23167
2,19,12.5,7520,28901,54160,0.752,2.8901,5.416,3.84322,7.20213
2,19,12.75,7456,28713,53615,0.7456,2.8713,5.3615,3.85099,7.19085
2,19,13,7403,29224,52582,0.7403,2.9224,5.2582,3.94759,7.1028
2,19,13.25,7416,29335,52472,0.7416,2.9335,5.2472,3.95564,7.07551
2,19,13.5,7466,28659,53191,0.7466,2.8659,5.3191,3.8386,7.12443
2,19,13.75,7491,29015,53622,0.7491,2.9015,5.3622,3.87331,7.15819
2,19,14,7477,28851,53717,0.7477,2.8851,5.3717,3.85863,7.1843
2,19,14.25,7446,29031,52995,0.7446,2.9031,5.2995,3.89887,7.11724
2,19,14.5,7423,28893,52761,0.7423,2.8893,5.2761,3.89236,7.10777
2,19,14.75,7417,28840,52905,0.7417,2.884,5.2905,3.88836,7.13294
2,19,15,7510,28350,54486,0.751,2.835,5.4486,3.77497,7.25513
3,0,0,20,375,0,0.002,0.0375,0,18.75,0
3,0,0.25,34,402,14,0.0034,0.0402,0.0014,11.8235,0.411765
3,0,0.5,57,589,39,0.0057,0.0589,0.0039,10.3333,0.684211
3,0,0.75,102,1002,82,0.0102,0.1002,0.0082,9.82353,0.803922
3,0,1,126,1089,93,0.0126,0.1089,0.0093,8.64286,0.738095
3,0,1.25,180,1625,140,0.018,0.1625,0.014,9.02778,0.777778
3,0,1.5,267,2468,208,0.0267,0.2468,0.0208,9.24345,0.779026
3,0,1.75,371,3072,321,0.0371,0.3072,0.0321,8.28032,0.865229
3,0,2,508,4023,479,0.0508,0.4023,0.0479,7.91929,0.942913
3,0,2.25,669,5271,667,0.0669,0.5271,0.0667,7.87892,0.99701
3,0,2.5,895,7290,965,0.0895,0.729,0.0965,8.14525,1.07821
3,0,2.75,1201,9757,1417,0.1201,0.9757,0.1417,8.12406,1.17985
3,0,3,1579,12545,2229,0.1579,1.2545,0.2229,7.9449,1.41165
3,0,3.25,2037,16213,3346,0.2037,1.6213,0.3346,7.95925,1.64261
3,0,3.5,2647,20822,5394,0.2647,2.0822,0.5394,7.86626,2.03778
3,0,3.75,3401,25772,8833,0.3401,2.5772,0.8833,7.57777,2.59718
3,0,4,4399,32133,15384,0.4399,3.2133,1.5384,7.30461,3.49716
3,0,4.25,5326,34634,23958,0.5326,3.4634,2.3958,6.50282,4.49831
3,0,4.5,6200,34681,34362,0.62,3.4681,3.4362,5.59371,5.54226
3,0,4.75,6782,32290,42827,0.6782,3.229,4.2827,4.76113,6.3148
3,0,5,7167,30811,48843,0.7167,3.0811,4.8843,4.29901,6.81499
3,0,5.25,7278,29653,50941,0.7278,2.9653,5.0941,4.07433,6.99931
3,0,5.5,7359,28826,52538,0.7359,2.8826,5.2538,3.91711,7.13929
3,0,5.75,7326,29151,52305,0.7326,2.9151,5.2305,3.97912,7.13964
3,0,6,7289,29038,51928,0.7289,2.9038,5.1928,3.98381,7.12416
3,0,6.25,7491,28307,54806,0.7491,2.8307,5.4806,3.7788,7.31625
3,0,6.5,7559,27689,55625,0.7559,2.7689,5.5625,3.66305,7.35878
3,0,6.75,7514,28317,55074,0.7514,2.8317,5.5074,3.76857,7.32952
3,0,7,7466,28231,54436,0.7466,2.8231,5.4436,3.78128,7.29119
3,0,7.25,7410,28675,53376,0.741,2.8675,5.3376,3.86977,7.20324
3,0,7.5,7407,29054,53109,0.7407,2.9054,5.3109,3.92251,7.17011
3,0,7.75,7445,28961,53695,0.7445,2.8961,5.3695,3.88999,7.21222
3,0,8,7489,28803,54069,0.7489,2.8803,5.4069,3.84604,7.21979
3,0,8.25,7442,29351,53121,0.7442,2.9351,5.3121,3.94397,7.138
3,0,8.5,7457,28904,53168,0.7457,2.8904,5.3168,3.87609,7.12995
3,0,8.75,7454,28721,53755,0.7454,2.8721,5.3755,3.8531,7.21156
3,0,9,7468,28852,53680,0.7468,2.8852,5.368,3.86342,7.188
3,0,9.25,7484,28920,53704,0.7484,2.892,5.3704,3.86424,7.17584
3,0,9.5,7590,28220,55542,0.759,2.822,5.5542,3.71805,7.31779
3,0,9.75,7554,28549,55443,0.7554,2.8549,5.5443,3.77932,7.33956
3,0,10,7550,28096,55469,0.755,2.8096,5.5469,3.72132,7.34689
3,0,10.25,7498,28162,54409,0.7498,2.8162,5.4409,3.75593,7.25647
3,0,10.5,7587,28038,55820,0.7587,2.8038,5.582,3.69553,7.35732
3,0,10.75,7571,28631,55223,0.7571,2.8631,5.5223,3.78167,7.29402
3,0,11,7617,28412,55587,0.7617,2.8412,5.5587,3.73008,7.29776
3,0,11.25,7619,28102,56115,0.7619,2.8102,5.6115,3.68841,7.36514
3,0,11.5,7472,28620,54122,0.7472,2.862,5.4122,3.8303,7.24331
3,0,11.75,7512,28719,54431,0.7512,2.8719,5.4431,3.82308,7.24587
3,0,12,7394,29218,52956,0.7394,2.9218,5.2956,3.95158,7.16202
3,0,12.25,7408,28557,53005,0.7408,2.8557,5.3005,3.85489,7.1551
3,0,12.5,7353,28798,52163,0.7353,2.8798,5.2163,3.9165,7.09411
3,0,12.75,7356,29014,52281,0.7356,2.9014,5.2281,3.94426,7.10726
3,0,13,7357,28778,52544,0.7357,2.8778,5.2544,3.91165,7.14204
3,0,13.25,7395,28910,52875,0.7395,2.891,5.2875,3.9094,7.1501
3,0,13.5,7517,28220,54605,0.7517,2.822,5.4605,3.75416,7.2642
3,0,13.75,7410,28981,52761,0.741,2.8981,5.2761,3.91107,7.12024
3,0,14,7525,28711,54444,0.7525,2.8711,5.4444,3.81542,7.23508
3,0,14.25,7517,28364,54213,0.7517,2.8364,5.4213,3.77331,7.21205
3,0,14.5,7499,28883,54404,0.7499,2.8883,5.4404,3.85158,7.25483
3,0,14.75,7454,28454,53767,0.7454,2.8454,5.3767,3.81728,7.21317
3,0,15,7452,28858,53425,0.7452,2.8858,5.3425,3.87252,7.16922
3,1,0,20,390,0,0.002,0.039,0,19.5,0
3,1,0.25,33,460,23,0.0033,0.046,0.0023,13.9394,0.69697
3,1,0.5,44,396,32,0.0044,0.0396,0.0032,9,0.727273
3,1,0.75,58,481,42,0.0058,0.0481,0.0042,8.2931,0.724138
3,1,1,74,600,59,0.0074,0.06,0.0059,8.10811,0.797297
3,1,1.25,98,775,73,0.0098,0.0775,0.0073,7.90816,0.744898
3,1,1.5,117,960,75,0.0117,0.096,0.0075,8.20513,0.641026
3,1,1.75,160,1310,117,0.016,0.131,0.0117,8.1875,0.73125
3,1,2,233,1953,175,0.0233,0.1953,0.0175,8.38197,0.751073
3,1,2.25,317,2667,278,0.0317,0.2667,0.0278,8.41325,0.876972
3,1,2.5,442,3954,413,0.0442,0.3954,0.0413,8.9457,0.934389
3,1,2.75,627,5453,626,0.0627,0.5453,0.0626,8.69697,0.998405
3,1,3,833,6931,884,0.0833,0.6931,0.0884,8.32053,1.06122
3,1,3.25,1079,8680,1262,0.1079,0.868,0.1262,8.04449,1.1696
3,1,3.5,1433,11499,1958,0.1433,1.1499,0.1958,8.02442,1.36636
3,1,3.75,1860,14019,2882,0.186,1.4019,0.2882,7.5371,1.54946
3,1,4,2416,19142,4452,0.2416,1.9142,0.4452,7.92301,1.84272
3,1,4.25,3179,24917,7707,0.3179,2.4917,0.7707,7.838,2.42435
3,1,4.5,4065,30522,13065,0.4065,3.0522,1.3065,7.50849,3.21402
3,1,4.75,5050,34101,21087,0.505,3.4101,2.1087,6.75267,4.17564
3,1,5,5882,34589,29964,0.5882,3.4589,2.9964,5.88048,5.09419
3,1,5.25,6496,33524,38567,0.6496,3.3524,3.8567,5.16071,5.93704
3,1,5.5,6867,32364,44052,0.6867,3.2364,4.4052,4.71298,6.41503
3,1,5.75,7139,30377,49101,0.7139,3.0377,4.9101,4.25508,6.87785
3,1,6,7308,29512,52117,0.7308,2.9512,5.2117,4.03831,7.1315
3,1,6.25,7337,29192,52134,0.7337,2.9192,5.2134,3.97874,7.10563
3,1,6.5,7361,28658,52891,0.7361,2.8658,5.2891,3.89322,7.1853
3,1,6.75,7458,29004,54095,0.7458,2.9004,5.4095,3.88898,7.25329
3,1,7,7332,29193,52018,0.7332,2.9193,5.2018,3.98159,7.09465
3,1,7.25,7362,28702,52556,0.7362,2.8702,5.2556,3.89867,7.13882
3,1,7.5,7473,28756,54039,0.7473,2.8756,5.4039,3.84799,7.23123
3,1,7.75,7495,28711,54518,0.7495,2.8711,5.4518,3.83069,7.27392
3,1,8,7491,28149,54233,0.7491,2.8149,5.4233,3.75771,7.23975
3,1,8.25,7483,29624,53423,0.7483,2.9624,5.3423,3.95884,7.13925
3,1,8.5,7545,28448,54568,0.7545,2.8448,5.4568,3.77044,7.23234
3,1,8.75,7516,28741,54084,0.7516,2.8741,5.4084,3.82398,7.19585
3,1,9,7554,28298,54827,0.7554,2.8298,5.4827,3.74609,7.25801
3,1,9.25,7564,28140,55017,0.7564,2.814,5.5017,3.72025,7.27353
3,1,9.5,7610,27502,55566,0.761,2.7502,5.5566,3.61393,7.30171
3,1,9.75,7569,28209,54965,0.7569,2.8209,5.4965,3.72691,7.26186
3,1,10,7554,28424,55303,0.7554,2.8424,5.5303,3.76277,7.32102
3,1,10.25,7518,28612,54303,0.7518,2.8612,5.4303,3.8058,7.22306
3,1,10.5,7408,29008,52620,0.7408,2.9008,5.262,3.91577,7.10313
3,1,10.75,7371,29775,52274,0.7371,2.9775,5.2274,4.03948,7.09185
3,1,11,7355,29386,51679,0.7355,2.9386,5.1679,3.99538,7.02638
3,1,11.25,7385,29465,51989,0.7385,2.9465,5.1989,3.98984,7.03981
3,1,11.5,7462,29397,53153,0.7462,2.9397,5.3153,3.93956,7.12316
3,1,11.75,7535,28138,55194,0.7535,2.8138,5.5194,3.73431,7.32502
3,1,12,7467,28612,54221,0.7467,2.8612,5.4221,3.83179,7.26142
3,1,12.25,7465,28159,54207,0.7465,2.8159,5.4207,3.77214,7.26149
3,1,12.5,7442,28693,53626,0.7442,2.8693,5.3626,3.85555,7.20586
3,1,12.75,7457,28839,53733,0.7457,2.8839,5.3733,3.86737,7.20571
3,1,13,7515,28556,54292,0.7515,2.8556,5.4292,3.79987,7.22448
3,1,13.25,7508,28931,54130,0.7508,2.8931,5.413,3.85336,7.20964
3,1,13.5,7425,29039,53255,0.7425,2.9039,5.3255,3.91098,7.17239
3,1,13.75,7382,29255,52678,0.7382,2.9255,5.2678,3.96302,7.13601
3,1,14,7355,29710,51896,0.7355,2.971,5.1896,4.03943,7.05588
3,1,14.25,7485,29188,53556,0.7485,2.9188,5.3556,3.89953,7.15511
3,1,14.5,7492,28336,54143,0.7492,2.8336,5.4143,3.78217,7.22678
3,1,14.75,7431,29432,53013,0.7431,2.9432,5.3013,3.96071,7.13403
3,1,15,7527,28607,54634,0.7527,2.8607,5.4634,3.80058,7.2584
3,2,0,20,391,0,0.002,0.0391,0,19.55,0
3,2,0.25,45,513,29,0.0045,0.0513,0.0029,11.4,0.644444
3,2,0.5,67,676,45,0.0067,0.0676,0.0045,10.0896,0.671642
3,2,0.75,128,1282,105,0.0128,0.1282,0.0105,10.0156,0.820312
3,2,1,209,1902,169,0.0209,0.1902,0.0169,9.10048,0.808612
3,2,1.25,259,2029,206,0.0259,0.2029,0.0206,7.83398,0.795367
3,2,1.5,321,2356,262,0.0321,0.2356,0.0262,7.33956,0.816199
3,2,1.75,399,2852,326,0.0399,0.2852,0.0326,7.14787,0.817043
3,2,2,532,4218,474,0.0532,0.4218,0.0474,7.92857,0.890977
3,2,2.25,670,5323,646,0.067,0.5323,0.0646,7.94478,0.964179
3,2,2.5,836,6284,859,0.0836,0.6284,0.0859,7.51675,1.02751
3,2,2.75,1052,7960,1186,0.1052,0.796,0.1186,7.56654,1.12738
3,2,3,1354,10523,1706,0.1354,1.0523,0.1706,7.77179,1.25997
3,2,3.25,1692,13313,2371,0.1692,1.3313,0.2371,7.8682,1.4013
3,2,3.5,2164,17374,3705,0.2164,1.7374,0.3705,8.02865,1.71211
3,2,3.75,2802,22167,6180,0.2802,2.2167,0.618,7.91113,2.20557
3,2,4,3633,28004,10532,0.3633,2.8004,1.0532,7.70823,2.89898
3,2,4.25,4613,32561,17674,0.4613,3.2561,1.7674,7.05853,3.83135
3,2,4.5,5571,35237,27225,0.5571,3.5237,2.7225,6.32508,4.88691
3,2,4.75,6227,34331,35054,0.6227,3.4331,3.5054,5.51325,5.62936
3,2,5,6741,32783,42461,0.6741,3.2783,4.2461,4.86323,6.29892
3,2,5.25,7182,30515,49505,0.7182,3.0515,4.9505,4.24882,6.89293
3,2,5.5,7320,29621,51968,0.732,2.9621,5.1968,4.04658,7.09945
3,2,5.75,7380,28803,52843,0.738,2.8803,5.2843,3.90285,7.1603
3,2,6,7466,28491,54225,0.7466,2.8491,5.4225,3.8161,7.26293
3,2,6.25,7386,29021,52519,0.7386,2.9021,5.2519,3.92919,7.11061
3,2,6.5,7429,28900,52774,0.7429,2.89,5.2774,3.89016,7.10378
3,2,6.75,7436,28621,53626,0.7436,2.8621,5.3626,3.84898,7.21167
3,2,7,7388,29508,52477,0.7388,2.9508,5.2477,3.99404,7.103
3,2,7.25,7415,28920,52645,0.7415,2.892,5.2645,3.9002,7.0998
3,2,7.5,7390,29296,52795,0.739,2.9296,5.2795,3.96428,7.14411
3,2,7.75,7456,29038,53446,0.7456,2.9038,5.3446,3.89458,7.16819
3,2,8,7432,28371,54099,0.7432,2.8371,5.4099,3.81741,7.2792
3,2,8.25,7397,29057,53239,0.7397,2.9057,5.3239,3.92821,7.19738
3,2,8.5,7497,28752,54461,0.7497,2.8752,5.4461,3.83513,7.26437
3,2,8.75,7440,28600,53102,0.744,2.86,5.3102,3.84409,7.13737
3,2,9,7503,28507,54222,0.7503,2.8507,5.4222,3.79941,7.22671
3,2,9.25,7484,28528,54138,0.7484,2.8528,5.4138,3.81187,7.23383
3,2,9.5,7560,29078,54544,0.756,2.9078,5.4544,3.8463,7.21481
3,2,9.75,7478,28349,54035,0.7478,2.8349,5.4035,3.79099,7.22586
3,2,10,7403,29126,52711,0.7403,2.9126,5.2711,3.93435,7.12022
3,2,10.25,7472,28699,54204,0.7472,2.8699,5.4204,3.84087,7.25428
3,2,10.5,7466,28784,53955,0.7466,2.8784,5.3955,3.85534,7.22676
3,2,10.75,7392,28834,52619,0.7392,2.8834,5.2619,3.9007,7.11837
3,2,11,7419,29160,53109,0.7419,2.916,5.3109,3.93045,7.15851
3,2,11.25,7434,28776,53612,0.7434,2.8776,5.3612,3.87086,7.21173
3,2,11.5,7424,29144,53210,0.7424,2.9144,5.321,3.92565,7.1673
3,2,11.75,7374,29112,52580,0.7374,2.9112,5.258,3.94793,7.13046
3,2,12,7418,29352,52509,0.7418,2.9352,5.2509,3.95686,7.07859
3,2,12.25,7485,29064,53571,0.7485,2.9064,5.3571,3.88297,7.15711
3,2,12.5,7507,29061,53923,0.7507,2.9061,5.3923,3.87119,7.18303
3,2,12.75,7481,28737,54062,0.7481,2.8737,5.4062,3.84133,7.22657
3,2,13,7423,29382,53086,0.7423,2.9382,5.3086,3.95824,7.15156
3,2,13.25,7439,28601,53210,0.7439,2.8601,5.321,3.84474,7.15284
3,2,13.5,7377,29832,52096,0.7377,2.9832,5.2096,4.04392,7.06195
3,2,13.75,7458,29229,53336,0.7458,2.9229,5.3336,3.91915,7.15152
3,2,14,7458,28490,53577,0.7458,2.849,5.3577,3.82006,7.18383
3,2,14.25,7423,28410,52963,0.7423,2.841,5.2963,3.82729,7.13499
3,2,14.5,7402,29157,52262,0.7402,2.9157,5.2262,3.93907,7.06052
3,2,14.75,7345,29492,52429,0.7345,2.9492,5.2429,4.01525,7.13805
3,2,15,7357,28846,52245,0.7357,2.8846,5.2245,3.92089,7.1014
3,3,0,20,392,1,0.002,0.0392,0.0001,19.6,0.05
3,3,0.25,42,531,27,0.0042,0.0531,0.0027,12.6429,0.642857
3,3,0.5,74,749,62,0.0074,0.0749,0.0062,10.1216,0.837838
3,3,0.75,125,1266,110,0.0125,0.1266,0.011,10.128,0.88
3,3,1,181,1678,154,0.0181,0.1678,0.0154,9.27072,0.850829
3,3,1.25,253,2273,202,0.0253,0.2273,0.0202,8.98419,0.798419
3,3,1.5,375,3225,325,0.0375,0.3225,0.0325,8.6,0.866667
3,3,1.75,523,4402,469,0.0523,0.4402,0.0469,8.41683,0.89675
3,3,2,751,6353,750,0.0751,0.6353,0.075,8.45939,0.998668
3,3,2.25,956,7670,1030,0.0956,0.767,0.103,8.02301,1.07741
3,3,2.5,1233,9537,1473,0.1233,0.9537,0.1473,7.73479,1.19465
3,3,2.75,1660,12718,2350,0.166,1.2718,0.235,7.66145,1.41566
3,3,3,2099,16196,3419,0.2099,1.6196,0.3419,7.71606,1.62887
3,3,3.25,2758,21993,5753,0.2758,2.1993,0.5753,7.97426,2.08593
3,3,3.5,3604,27553,9989,0.3604,2.7553,0.9989,7.64512,2.77164
3,3,3.75,4442,31595,15605,0.4442,3.1595,1.5605,7.11279,3.51306
3,3,4,5454,34952,24998,0.5454,3.4952,2.4998,6.40851,4.58343
3,3,4.25,6333,34577,36337,0.6333,3.4577,3.6337,5.45981,5.73772
3,3,4.5,6810,32219,43674,0.681,3.2219,4.3674,4.73113,6.41322
3,3,4.75,7055,31094,47015,0.7055,3.1094,4.7015,4.40737,6.66407
3,3,5,7262,29930,50972,0.7262,2.993,5.0972,4.12145,7.019
3,3,5.25,7287,29850,50934,0.7287,2.985,5.0934,4.09634,6.98971
3,3,5.5,7342,29535,52153,0.7342,2.9535,5.2153,4.02275,7.10338
3,3,5.75,7353,29069,52841,0.7353,2.9069,5.2841,3.95335,7.18632
3,3,6,7337,29166,52221,0.7337,2.9166,5.2221,3.97519,7.11749
3,3,6.25,7334,29364,52083,0.7334,2.9364,5.2083,4.00382,7.10158
3,3,6.5,7308,29653,51835,0.7308,2.9653,5.1835,4.05761,7.09291
3,3,6.75,7383,29571,52545,0.7383,2.9571,5.2545,4.00528,7.11703
3,3,7,7445,29138,53453,0.7445,2.9138,5.3453,3.91377,7.17972
3,3,7.25,7477,29047,53601,0.7477,2.9047,5.3601,3.88485,7.16878
3,3,7.5,7493,28450,54040,0.7493,2.845,5.404,3.79688,7.21206
3,3,7.75,7433,28820,53141,0.7433,2.882,5.3141,3.8773,7.14933
3,3,8,7423,29045,52873,0.7423,2.9045,5.2873,3.91284,7.12286
3,3,8.25,7513,28438,54013,0.7513,2.8438,5.4013,3.78517,7.18927
3,3,8.5,7424,29091,52928,0.7424,2.9091,5.2928,3.91851,7.12931
3,3,8.75,7383,28768,52318,0.7383,2.8768,5.2318,3.89652,7.08628
3,3,9,7477,28577,54069,0.7477,2.8577,5.4069,3.82199,7.23138
3,3,9.25,7479,28408,54053,0.7479,2.8408,5.4053,3.79837,7.2273
3,3,9.5,7480,28720,54064,0.748,2.872,5.4064,3.83957,7.22781
3,3,9.75,7506,28574,54424,0.7506,2.8574,5.4424,3.80682,7.25073
3,3,10,7448,28782,53940,0.7448,2.8782,5.394,3.86439,7.24221
3,3,10.25,7436,29066,53680,0.7436,2.9066,5.368,3.90882,7.21893
3,3,10.5,7427,28840,53184,0.7427,2.884,5.3184,3.88313,7.1609
3,3,10.75,7466,28962,53657,0.7466,2.8962,5.3657,3.87919,7.18685
3,3,11,7437,29140,53162,0.7437,2.914,5.3162,3.91825,7.14831
3,3,11.25,7547,28363,55061,0.7547,2.8363,5.5061,3.75818,7.29575
3,3,11.5,7456,28867,54116,0.7456,2.8867,5.4116,3.87165,7.25805
3,3,11.75,7433,28418,53689,0.7433,2.8418,5.3689,3.82322,7.22306
3,3,12,7349,29122,52140,0.7349,2.9122,5.214,3.96272,7.09484
3,3,12.25,7337,29570,51284,0.7337,2.957,5.1284,4.03026,6.98978
3,3,12.5,7397,29748,52464,0.7397,2.9748,5.2464,4.02163,7.09261
3,3,12.75,7420,28474,53016,0.742,2.8474,5.3016,3.83747,7.14501
3,3,13,7435,28595,53140,0.7435,2.8595,5.314,3.846,7.14728
3,3,13.25,7402,29561,52350,0.7402,2.9561,5.235,3.99365,7.07241
3,3,13.5,7441,28985,52910,0.7441,2.8985,5.291,3.89531,7.1106
3,3,13.75,7444,28571,53166,0.7444,2.8571,5.3166,3.83812,7.14213
3,3,14,7528,28600,54833,0.7528,2.86,5.4833,3.79915,7.28387
3,3,14.25,7526,27481,55025,0.7526,2.7481,5.5025,3.65147,7.31132
3,3,14.5,7402,29186,52891,0.7402,2.9186,5.2891,3.94299,7.1455
3,3,14.75,7466,28730,53925,0.7466,2.873,5.3925,3.84811,7.22274
3,3,15,7451,28394,53717,0.7451,2.8394,5.3717,3.81076,7.20937
3,4,0,20,424,0,0.002,0.0424,0,21.2,0
3,4,0.25,59,696,47,0.0059,0.0696,0.0047,11.7966,0.79661
3,4,0.5,112,1252,81,0.0112,0.1252,0.0081,11.1786,0.723214
3,4,0.75,171,1664,130,0.0171,0.1664,0.013,9.73099,0.760234
3,4,1,219,1736,181,0.0219,0.1736,0.0181,7.92694,0.826484
3,4,1.25,292,2430,256,0.0292,0.243,0.0256,8.32192,0.876712
3,4,1.5,415,3508,382,0.0415,0.3508,0.0382,8.45301,0.920482
3,4,1.75,543,4349,526,0.0543,0.4349,0.0526,8.00921,0.968692
3,4,2,750,6196,777,0.075,0.6196,0.0777,8.26133,1.036
3,4,2.25,982,7605,1092,0.0982,0.7605,0.1092,7.7444,1.11202
3,4,2.5,1302,10253,1651,0.1302,1.0253,0.1651,7.87481,1.26805
3,4,2.75,1674,13305,2415,0.1674,1.3305,0.2415,7.94803,1.44265
3,4,3,2092,16251,3430,0.2092,1.6251,0.343,7.76816,1.63958
3,4,3.25,2796,21919,5954,0.2796,2.1919,0.5954,7.83941,2.12947
3,4,3.5,3596,27197,9897,0.3596,2.7197,0.9897,7.56313,2.75222
3,4,3.75,4533,32263,16436,0.4533,3.2263,1.6436,7.11736,3.62585
3,4,4,5418,34575,24754,0.5418,3.4575,2.4754,6.38151,4.56884
3,4,4.25,6173,34665,33487,0.6173,3.4665,3.3487,5.61558,5.42475
3,4,4.5,6861,32481,43862,0.6861,3.2481,4.3862,4.73415,6.39295
3,4,4.75,7171,30527,49926,0.7171,3.0527,4.9926,4.25701,6.96221
3,4,5,7339,29116,52878,0.7339,2.9116,5.2878,3.9673,7.20507
3,4,5.25,7283,28971,51692,0.7283,2.8971,5.1692,3.97789,7.09762
3,4,5.5,7390,28799,52987,0.739,2.8799,5.2987,3.89702,7.17009
3,4,5.75,7416,28752,53540,0.7416,2.8752,5.354,3.87702,7.21953
3,4,6,7488,28233,54192,0.7488,2.8233,5.4192,3.77043,7.23718
3,4,6.25,7530,28683,54703,0.753,2.8683,5.4703,3.80916,7.26467
3,4,6.5,7558,28536,55369,0.7558,2.8536,5.5369,3.7756,7.32588
3,4,6.75,7546,28190,55242,0.7546,2.819,5.5242,3.73575,7.3207
3,4,7,7539,28433,55044,0.7539,2.8433,5.5044,3.77146,7.30123
3,4,7.25,7546,28037,54710,0.7546,2.8037,5.471,3.71548,7.2502
3,4,7.5,7488,28977,53488,0.7488,2.8977,5.3488,3.86979,7.14316
3,4,7.75,7560,28538,55046,0.756,2.8538,5.5046,3.77487,7.28122
3,4,8,7641,27696,56661,0.7641,2.7696,5.6661,3.62466,7.41539
3,4,8.25,7524,27895,55012,0.7524,2.7895,5.5012,3.70747,7.31154
3,4,8.5,7423,29353,53369,0.7423,2.9353,5.3369,3.95433,7.18968
3,4,8.75,7463,29344,53480,0.7463,2.9344,5.348,3.93193,7.16602
3,4,9,7356,29217,52627,0.7356,2.9217,5.2627,3.97186,7.1543
3,4,9.25,7347,28939,52200,0.7347,2.8939,5.22,3.93889,7.10494
3,4,9.5,7364,28853,52253,0.7364,2.8853,5.2253,3.91812,7.09574
3,4,9.75,7327,29417,51554,0.7327,2.9417,5.1554,4.01488,7.03617
3,4,10,7435,29527,52710,0.7435,2.9527,5.271,3.97135,7.08944
3,4,10.25,7424,29529,52827,0.7424,2.9529,5.2827,3.97751,7.11571
3,4,10.5,7429,29166,53436,0.7429,2.9166,5.3436,3.92597,7.19289
3,4,10.75,7558,28106,55368,0.7558,2.8106,5.5368,3.71871,7.32575
3,4,11,7511,28475,54146,0.7511,2.8475,5.4146,3.79111,7.20889
3,4,11.25,7545,28324,54572,0.7545,2.8324,5.4572,3.75401,7.23287
3,4,11.5,7548,28383,55287,0.7548,2.8383,5.5287,3.76033,7.32472
3,4,11.75,7542,28412,54850,0.7542,2.8412,5.485,3.76717,7.27261
3,4,12,7504,28570,54011,0.7504,2.857,5.4011,3.8073,7.19763
3,4,12.25,7528,28684,54205,0.7528,2.8684,5.4205,3.81031,7.20045
3,4,12.5,7503,29061,53637,0.7503,2.9061,5.3637,3.87325,7.14874
3,4,12.75,7395,28915,52630,0.7395,2.8915,5.263,3.91007,7.11697
3,4,13,7420,29270,52755,0.742,2.927,5.2755,3.94474,7.10984
3,4,13.25,7491,28984,53748,0.7491,2.8984,5.3748,3.86918,7.17501
3,4,13.5,7504,28597,54459,0.7504,2.8597,5.4459,3.8109,7.25733
3,4,13.75,7445,28893,53712,0.7445,2.8893,5.3712,3.88086,7.21451
3,4,14,7484,28858,53820,0.7484,2.8858,5.382,3.85596,7.19134
3,4,14.25,7496,28901,53648,0.7496,2.8901,5.3648,3.85552,7.15688
3,4,14.5,7504,28693,54231,0.7504,2.8693,5.4231,3.82369,7.22695
3,4,14.75,7572,27888,55330,0.7572,2.7888,5.533,3.68304,7.30718
3,4,15,7550,28263,54898,0.755,2.8263,5.4898,3.74344,7.27126
3,5,0,20,412,1,0.002,0.0412,0.0001,20.6,0.05
3,5,0.25,53,616,34,0.0053,0.0616,0.0034,11.6226,0.641509
3,5,0.5,79,683,61,0.0079,0.0683,0.0061,8.64557,0.772152
3,5,0.75,104,879,79,0.0104,0.0879,0.0079,8.45192,0.759615
3,5,1,155,1323,120,0.0155,0.1323,0.012,8.53548,0.774194
3,5,1.25,200,1767,162,0.02,0.1767,0.0162,8.835,0.81
3,5,1.5,249,1913,201,0.0249,0.1913,0.0201,7.68273,0.807229
3,5,1.75,323,2432,262,0.0323,0.2432,0.0262,7.52941,0.811146
3,5,2,421,3147,347,0.0421,0.3147,0.0347,7.47506,0.824228
3,5,2.25,535,3969,469,0.0535,0.3969,0.0469,7.41869,0.876636
3,5,2.5,700,5289,686,0.07,0.5289,0.0686,7.55571,0.98
3,5,2.75,929,7399,1000,0.0929,0.7399,0.1,7.96448,1.07643
3,5,3,1221,9628,1508,0.1221,0.9628,0.1508,7.88534,1.23505
3,5,3.25,1545,12330,2151,0.1545,1.233,0.2151,7.98058,1.39223
3,5,3.5,2021,15904,3405,0.2021,1.5904,0.3405,7.86937,1.68481
3,5,3.75,2533,19252,4836,0.2533,1.9252,0.4836,7.60047,1.9092
3,5,4,3211,24480,7788,0.3211,2.448,0.7788,7.62379,2.42541
3,5,4.25,4094,30513,12885,0.4094,3.0513,1.2885,7.4531,3.14729
3,5,4.5,4987,33890,20171,0.4987,3.389,2.0171,6.79567,4.04472
3,5,4.75,5975,35697,30725,0.5975,3.5697,3.0725,5.97439,5.14226
3,5,5,6628,33420,40350,0.6628,3.342,4.035,5.04225,6.08781
3,5,5.25,7051,31175,47312,0.7051,3.1175,4.7312,4.42136,6.70997
3,5,5.5,7144,30223,49119,0.7144,3.0223,4.9119,4.23054,6.87556
3,5,5.75,7259,29757,50816,0.7259,2.9757,5.0816,4.09932,7.00041
3,5,6,7344,29257,52726,0.7344,2.9257,5.2726,3.9838,7.17947
3,5,6.25,7406,27993,53909,0.7406,2.7993,5.3909,3.77977,7.2791
3,5,6.5,7481,28245,54795,0.7481,2.8245,5.4795,3.77556,7.32456
3,5,6.75,7548,28009,55599,0.7548,2.8009,5.5599,3.71078,7.36606
3,5,7,7463,28435,54072,0.7463,2.8435,5.4072,3.81013,7.24534
3,5,7.25,7508,28103,54796,0.7508,2.8103,5.4796,3.74307,7.29835
3,5,7.5,7514,28331,54474,0.7514,2.8331,5.4474,3.77043,7.24967
3,5,7.75,7600,27927,55975,0.76,2.7927,5.5975,3.67461,7.36513
3,5,8,7487,28745,54288,0.7487,2.8745,5.4288,3.83932,7.25097
3,5,8.25,7498,28526,54217,0.7498,2.8526,5.4217,3.80448,7.23086
3,5,8.5,7489,28616,53832,0.7489,2.8616,5.3832,3.82107,7.18814
3,5,8.75,7512,28719,54452,0.7512,2.8719,5.4452,3.82308,7.24867
3,5,9,7496,28481,54131,0.7496,2.8481,5.4131,3.79949,7.22132
3,5,9.25,7448,28692,53546,0.7448,2.8692,5.3546,3.85231,7.18931
3,5,9.5,7468,28869,53574,0.7468,2.8869,5.3574,3.86569,7.17381
3,5,9.75,7416,29515,52579,0.7416,2.9515,5.2579,3.97991,7.08994
3,5,10,7415,29086,52951,0.7415,2.9086,5.2951,3.92259,7.14107
3,5,10.25,7380,29057,52619,0.738,2.9057,5.2619,3.93726,7.12995
3,5,10.5,7456,28664,53547,0.7456,2.8664,5.3547,3.84442,7.18173
3,5,10.75,7471,28562,54071,0.7471,2.8562,5.4071,3.82305,7.23745
3,5,11,7413,28855,53459,0.7413,2.8855,5.3459,3.89249,7.21152
3,5,11.25,7450,28477,53341,0.745,2.8477,5.3341,3.82242,7.15987
3,5,11.5,7402,29249,52712,0.7402,2.9249,5.2712,3.9515,7.12132
3,5,11.75,7440,28621,52734,0.744,2.8621,5.2734,3.84691,7.0879
3,5,12,7478,28805,53481,0.7478,2.8805,5.3481,3.85197,7.15178
3,5,12.25,7471,28805,53642,0.7471,2.8805,5.3642,3.85557,7.18003
3,5,12.5,7452,28575,54075,0.7452,2.8575,5.4075,3.83454,7.25644
3,5,12.75,7448,28487,53425,0.7448,2.8487,5.3425,3.82479,7.17307
3,5,13,7469,28353,53864,0.7469,2.8353,5.3864,3.79609,7.21167
3,5,13.25,7507,28574,54031,0.7507,2.8574,5.4031,3.80631,7.19742
3,5,13.5,7473,28882,53258,0.7473,2.8882,5.3258,3.86485,7.12672
3,5,13.75,7406,28765,52672,0.7406,2.8765,5.2672,3.88401,7.11207
3,5,14,7381,29238,52323,0.7381,2.9238,5.2323,3.96125,7.08888
3,5,14.25,7449,29035,53640,0.7449,2.9035,5.364,3.89784,7.20097
3,5,14.5,7411,28626,53110,0.7411,2.8626,5.311,3.86264,7.16637
3,5,14.75,7498,28444,54278,0.7498,2.8444,5.4278,3.79354,7.239
3,5,15,7581,28620,55412,0.7581,2.862,5.5412,3.77523,7.30933
3,6,0,20,415,1,0.002,0.0415,0.0001,20.75,0.05
3,6,0.25,44,586,30,0.0044,0.0586,0.003,13.3182,0.681818
3,6,0.5,96,1109,74,0.0096,0.1109,0.0074,11.5521,0.770833
3,6,0.75,136,1248,109,0.0136,0.1248,0.0109,9.17647,0.801471
3,6,1,197,1794,159,0.0197,0.1794,0.0159,9.1066,0.807107
3,6,1.25,303,2800,276,0.0303,0.28,0.0276,9.24092,0.910891
3,6,1.5,426,3675,408,0.0426,0.3675,0.0408,8.62676,0.957746
3,6,1.75,602,4894,642,0.0602,0.4894,0.0642,8.12957,1.06645
3,6,2,791,6470,876,0.0791,0.647,0.0876,8.17952,1.10746
3,6,2.25,1115,9313,1387,0.1115,0.9313,0.1387,8.35247,1.24395
3,6,2.5,1485,11930,2046,0.1485,1.193,0.2046,8.03367,1.37778
3,6,2.75,1812,13861,2774,0.1812,1.3861,0.2774,7.64956,1.53091
3,6,3,2334,18442,4265,0.2334,1.8442,0.4265,7.90146,1.82734
3,6,3.25,3050,23850,7105,0.305,2.385,0.7105,7.81967,2.32951
3,6,3.5,3955,29323,12158,0.3955,2.9323,1.2158,7.41416,3.07408
3,6,3.75,4781,32793,18370,0.4781,3.2793,1.837,6.85903,3.84229
3,6,4,5685,34719,27148,0.5685,3.4719,2.7148,6.10712,4.77537
3,6,4.25,6405,34093,36865,0.6405,3.4093,3.6865,5.32287,5.75566
3,6,4.5,6901,32462,44379,0.6901,3.2462,4.4379,4.70396,6.43081
3,6,4.75,7179,30481,49510,0.7179,3.0481,4.951,4.24586,6.8965
3,6,5,7334,29238,51641,0.7334,2.9238,5.1641,3.98664,7.04131
3,6,5.25,7351,29302,52517,0.7351,2.9302,5.2517,3.98612,7.1442
3,6,5.5,7453,28207,53996,0.7453,2.8207,5.3996,3.78465,7.24487
3,6,5.75,7468,28519,54270,0.7468,2.8519,5.427,3.81883,7.26701
3,6,6,7446,29066,53914,0.7446,2.9066,5.3914,3.90357,7.24067
3,6,6.25,7460,28544,53867,0.746,2.8544,5.3867,3.82627,7.22078
3,6,6.5,7465,28563,53649,0.7465,2.8563,5.3649,3.82626,7.18674
3,6,6.75,7495,28321,54191,0.7495,2.8321,5.4191,3.77865,7.23029
3,6,7,7491,29510,53644,0.7491,2.951,5.3644,3.93939,7.16113
3,6,7.25,7475,28496,53695,0.7475,2.8496,5.3695,3.81217,7.18328
3,6,7.5,7389,29275,52593,0.7389,2.9275,5.2593,3.96197,7.11774
3,6,7.75,7433,29411,52671,0.7433,2.9411,5.2671,3.95681,7.0861
3,6,8,7495,28947,53723,0.7495,2.8947,5.3723,3.86217,7.16785
3,6,8.25,7518,28745,53982,0.7518,2.8745,5.3982,3.82349,7.18037
3,6,8.5,7581,27971,55890,0.7581,2.7971,5.589,3.68962,7.37238
3,6,8.75,7554,28075,55295,0.7554,2.8075,5.5295,3.71657,7.31996
3,6,9,7524,28428,54525,0.7524,2.8428,5.4525,3.77831,7.24681
3,6,9.25,7483,28550,54371,0.7483,2.855,5.4371,3.81531,7.26594
3,6,9.5,7472,28507,54034,0.7472,2.8507,5.4034,3.81518,7.23153
3,6,9.75,7457,28458,54111,0.7457,2.8458,5.4111,3.81628,7.2564
3,6,10,7419,29127,53284,0.7419,2.9127,5.3284,3.926,7.1821
3,6,10.25,7517,28273,54892,0.7517,2.8273,5.4892,3.76121,7.30238
3,6,10.5,7447,28621,53638,0.7447,2.8621,5.3638,3.84329,7.20263
3,6,10.75,7390,29124,52409,0.739,2.9124,5.2409,3.941,7.09188
3,6,11,7360,29459,51859,0.736,2.9459,5.1859,4.00258,7.04606
3,6,11.25,7454,29116,53351,0.7454,2.9116,5.3351,3.90609,7.15737
3,6,11.5,7493,28419,54632,0.7493,2.8419,5.4632,3.79274,7.29107
3,6,11.75,7577,28206,55160,0.7577,2.8206,5.516,3.72258,7.27993
3,6,12,7557,27686,55752,0.7557,2.7686,5.5752,3.66362,7.37753
3,6,12.25,7437,28946,53215,0.7437,2.8946,5.3215,3.89216,7.15544
3,6,12.5,7419,29058,52902,0.7419,2.9058,5.2902,3.9167,7.13061
3,6,12.75,7433,28914,53196,0.7433,2.8914,5.3196,3.88995,7.15673
3,6,13,7419,28791,53145,0.7419,2.8791,5.3145,3.88071,7.16336
3,6,13.25,7459,29127,53342,0.7459,2.9127,5.3342,3.90495,7.15136
3,6,13.5,7461,28569,53746,0.7461,2.8569,5.3746,3.82911,7.20359
3,6,13.75,7465,28407,54186,0.7465,2.8407,5.4186,3.80536,7.25867
3,6,14,7422,29303,52697,0.7422,2.9303,5.2697,3.94813,7.10011
3,6,14.25,7470,28480,53985,0.747,2.848,5.3985,3.81258,7.22691
3,6,14.5,7551,28175,55195,0.7551,2.8175,5.5195,3.73129,7.30963
3,6,14.75,7522,28414,54734,0.7522,2.8414,5.4734,3.77745,7.27652
3,6,15,7541,28194,55196,0.7541,2.8194,5.5196,3.73876,7.31945
3,7,0,20,420,0,0.002,0.042,0,21,0
3,7,0.25,41,505,24,0.0041,0.0505,0.0024,12.3171,0.585366
3,7,0.5,57,584,31,0.0057,0.0584,0.0031,10.2456,0.54386
3,7,0.75,83,705,51,0.0083,0.0705,0.0051,8.49398,0.614458
3,7,1,106,854,68,0.0106,0.0854,0.0068,8.0566,0.641509
3,7,1.25,133,1030,86,0.0133,0.103,0.0086,7.74436,0.646617
3,7,1.5,169,1272,110,0.0169,0.1272,0.011,7.52663,0.650888
3,7,1.75,229,1818,163,0.0229,0.1818,0.0163,7.93886,0.71179
3,7,2,281,2245,210,0.0281,0.2245,0.021,7.98932,0.747331
3,7,2.25,376,3137,311,0.0376,0.3137,0.0311,8.34309,0.827128
3,7,2.5,525,4703,499,0.0525,0.4703,0.0499,8.9581,0.950476
3,7,2.75,690,5872,694,0.069,0.5872,0.0694,8.51014,1.0058
3,7,3,926,7939,1038,0.0926,0.7939,0.1038,8.57343,1.12095
3,7,3.25,1237,9870,1578,0.1237,0.987,0.1578,7.97898,1.27567
3,7,3.5,1657,13398,2513,0.1657,1.3398,0.2513,8.0857,1.5166
3,7,3.75,2240,18011,4060,0.224,1.8011,0.406,8.04063,1.8125
3,7,4,2978,23975,6847,0.2978,2.3975,0.6847,8.05071,2.29919
3,7,4.25,3884,29443,11854,0.3884,2.9443,1.1854,7.58059,3.05201
3,7,4.5,4925,34031,19957,0.4925,3.4031,1.9957,6.90985,4.05218
3,7,4.75,5920,35082,30335,0.592,3.5082,3.0335,5.92601,5.12416
3,7,5,6535,33889,38340,0.6535,3.3889,3.834,5.18577,5.86687
3,7,5.25,6951,31819,44966,0.6951,3.1819,4.4966,4.57761,6.469
3,7,5.5,7237,30487,49799,0.7237,3.0487,4.9799,4.21266,6.88117
3,7,5.75,7369,29595,52391,0.7369,2.9595,5.2391,4.01615,7.10965
3,7,6,7429,28711,53704,0.7429,2.8711,5.3704,3.86472,7.22897
3,7,6.25,7471,28331,54484,0.7471,2.8331,5.4484,3.79213,7.29273
3,7,6.5,7399,28496,53322,0.7399,2.8496,5.3322,3.85133,7.20665
3,7,6.75,7338,29252,52064,0.7338,2.9252,5.2064,3.98637,7.09512
3,7,7,7321,29439,51409,0.7321,2.9439,5.1409,4.02117,7.02213
3,7,7.25,7301,29741,50807,0.7301,2.9741,5.0807,4.07355,6.95891
3,7,7.5,7428,29594,53359,0.7428,2.9594,5.3359,3.98411,7.18349
3,7,7.75,7384,28958,52835,0.7384,2.8958,5.2835,3.92172,7.15534
3,7,8,7424,29062,52784,0.7424,2.9062,5.2784,3.9146,7.10991
3,7,8.25,7419,29343,52374,0.7419,2.9343,5.2374,3.95512,7.05944
3,7,8.5,7422,28544,53104,0.7422,2.8544,5.3104,3.84586,7.15494
3,7,8.75,7449,29287,52913,0.7449,2.9287,5.2913,3.93167,7.10337
3,7,9,7460,28593,53627,0.746,2.8593,5.3627,3.83284,7.18861
3,7,9.25,7444,29310,52922,0.7444,2.931,5.2922,3.9374,7.10935
3,7,9.5,7474,28782,53912,0.7474,2.8782,5.3912,3.85095,7.21327
3,7,9.75,7412,28984,52802,0.7412,2.8984,5.2802,3.91042,7.12385
3,7,10,7471,28749,53999,0.7471,2.8749,5.3999,3.84808,7.22781
3,7,10.25,7459,28872,53376,0.7459,2.8872,5.3376,3.87076,7.15592
3,7,10.5,7474,28578,54596,0.7474,2.8578,5.4596,3.82366,7.30479
3,7,10.75,7464,28049,53938,0.7464,2.8049,5.3938,3.7579,7.22642
3,7,11,7527,28248,54725,0.7527,2.8248,5.4725,3.75289,7.27049
3,7,11.25,7474,28976,53934,0.7474,2.8976,5.3934,3.87691,7.21622
3,7,11.5,7530,28752,54560,0.753,2.8752,5.456,3.81833,7.24568
3,7,11.75,7532,28716,54798,0.7532,2.8716,5.4798,3.81253,7.27536
3,7,12,7505,28720,54215,0.7505,2.872,5.4215,3.82678,7.22385
3,7,12.25,7527,28431,54636,0.7527,2.8431,5.4636,3.7772,7.25867
3,7,12.5,7563,28046,55698,0.7563,2.8046,5.5698,3.70832,7.36454
3,7,12.75,7522,28549,54794,0.7522,2.8549,5.4794,3.7954,7.2845
3,7,13,7500,28589,54189,0.75,2.8589,5.4189,3.81187,7.2252
3,7,13.25,7493,28533,54340,0.7493,2.8533,5.434,3.80795,7.2521
3,7,13.5,7523,28334,54629,0.7523,2.8334,5.4629,3.76632,7.2616
3,7,13.75,7433,28140,53807,0.7433,2.814,5.3807,3.78582,7.23893
3,7,14,7390,28383,52959,0.739,2.8383,5.2959,3.84073,7.16631
3,7,14.25,7453,28838,53376,0.7453,2.8838,5.3376,3.86931,7.16168
3,7,14.5,7519,28248,54964,0.7519,2.8248,5.4964,3.75688,7.31001
3,7,14.75,7510,28365,55056,0.751,2.8365,5.5056,3.77696,7.33103
3,7,15,7511,28320,54917,0.7511,2.832,5.4917,3.77047,7.31154
3,8,0,20,402,0,0.002,0.0402,0,20.1,0
3,8,0.25,39,478,21,0.0039,0.0478,0.0021,12.2564,0.538462
3,8,0.5,76,777,57,0.0076,0.0777,0.0057,10.2237,0.75
3,8,0.75,108,980,84,0.0108,0.098,0.0084,9.07407,0.777778
3,8,1,156,1317,122,0.0156,0.1317,0.0122,8.44231,0.782051
3,8,1.25,184,1376,136,0.0184,0.1376,0.0136,7.47826,0.73913
3,8,1.5,211,1407,157,0.0211,0.1407,0.0157,6.66825,0.744076
3,8,1.75,267,1926,202,0.0267,0.1926,0.0202,7.21348,0.756554
3,8,2,312,2172,240,0.0312,0.2172,0.024,6.96154,0.769231
3,8,2.25,420,3279,342,0.042,0.3279,0.0342,7.80714,0.814286
3,8,2.5,559,4579,500,0.0559,0.4579,0.05,8.19141,0.894454
3,8,2.75,716,5591,697,0.0716,0.5591,0.0697,7.80866,0.973464
3,8,3,888,6834,910,0.0888,0.6834,0.091,7.69595,1.02477
3,8,3.25,1104,8455,1238,0.1104,0.8455,0.1238,7.65851,1.12138
3,8,3.5,1415,11138,1876,0.1415,1.1138,0.1876,7.87138,1.3258
3,8,3.75,1760,13829,2648,0.176,1.3829,0.2648,7.85739,1.50455
3,8,4,2277,18196,4219,0.2277,1.8196,0.4219,7.99122,1.85288
3,8,4.25,3032,24356,7310,0.3032,2.4356,0.731,8.03298,2.41095
3,8,4.5,3834,28845,11753,0.3834,2.8845,1.1753,7.52347,3.06547
3,8,4.75,4778,33336,19102,0.4778,3.3336,1.9102,6.97698,3.99791
3,8,5,5712,35175,28573,0.5712,3.5175,2.8573,6.15809,5.00228
3,8,5.25,6486,33227,39114,0.6486,3.3227,3.9114,5.12288,6.03053
3,8,5.5,6821,31858,44258,0.6821,3.1858,4.4258,4.67058,6.48849
3,8,5.75,7093,30309,48702,0.7093,3.0309,4.8702,4.27309,6.86621
3,8,6,7291,29528,51581,0.7291,2.9528,5.1581,4.04992,7.07461
3,8,6.25,7410,28806,53715,0.741,2.8806,5.3715,3.88745,7.24899
3,8,6.5,7387,28762,53004,0.7387,2.8762,5.3004,3.8936,7.17531
3,8,6.75,7392,28921,52724,0.7392,2.8921,5.2724,3.91247,7.13258
3,8,7,7435,28566,53086,0.7435,2.8566,5.3086,3.8421,7.14001
3,8,7.25,7460,29007,53404,0.746,2.9007,5.3404,3.88834,7.15871
3,8,7.5,7397,28674,52964,0.7397,2.8674,5.2964,3.87644,7.1602
3,8,7.75,7379,29330,52508,0.7379,2.933,5.2508,3.97479,7.11587
3,8,8,7446,29319,53341,0.7446,2.9319,5.3341,3.93755,7.16371
3,8,8.25,7494,28573,54191,0.7494,2.8573,5.4191,3.81278,7.23125
3,8,8.5,7443,29120,53002,0.7443,2.912,5.3002,3.9124,7.12105
3,8,8.75,7465,28931,52880,0.7465,2.8931,5.288,3.87555,7.08372
3,8,9,7467,29179,53818,0.7467,2.9179,5.3818,3.90773,7.20745
3,8,9.25,7414,28737,53180,0.7414,2.8737,5.318,3.87605,7.17292
3,8,9.5,7489,28482,54215,0.7489,2.8482,5.4215,3.80318,7.23928
3,8,9.75,7544,28070,55028,0.7544,2.807,5.5028,3.72084,7.29427
3,8,10,7483,29147,53498,0.7483,2.9147,5.3498,3.8951,7.14927
3,8,10.25,7509,28702,54589,0.7509,2.8702,5.4589,3.82235,7.26981
3,8,10.5,7446,29187,53526,0.7446,2.9187,5.3526,3.91982,7.18856
3,8,10.75,7408,28465,52991,0.7408,2.8465,5.2991,3.84247,7.15321
3,8,11,7469,29414,53344,0.7469,2.9414,5.3344,3.93814,7.14205
3,8,11.25,7416,29012,52791,0.7416,2.9012,5.2791,3.91208,7.11853
3,8,11.5,7532,28731,54334,0.7532,2.8731,5.4334,3.81452,7.21375
3,8,11.75,7503,28579,54345,0.7503,2.8579,5.4345,3.80901,7.2431
3,8,12,7501,28638,54436,0.7501,2.8638,5.4436,3.81789,7.25717
3,8,12.25,7429,29227,53062,0.7429,2.9227,5.3062,3.93418,7.14255
3,8,12.5,7489,28889,53841,0.7489,2.8889,5.3841,3.85752,7.18934
3,8,12.75,7461,28921,53282,0.7461,2.8921,5.3282,3.87629,7.1414
3,8,13,7485,28918,53655,0.7485,2.8918,5.3655,3.86346,7.16834
3,8,13.25,7482,28667,53969,0.7482,2.8667,5.3969,3.83146,7.21318
3,8,13.5,7449,28842,53382,0.7449,2.8842,5.3382,3.87193,7.16633
3,8,13.75,7431,29655,52823,0.7431,2.9655,5.2823,3.99071,7.10846
3,8,14,7352,29040,52295,0.7352,2.904,5.2295,3.94995,7.11303
3,8,14.25,7373,29575,52158,0.7373,2.9575,5.2158,4.01126,7.07419
3,8,14.5,7405,29110,52593,0.7405,2.911,5.2593,3.93113,7.10236
3,8,14.75,7438,29003,53204,0.7438,2.9003,5.3204,3.8993,7.153
3,8,15,7434,28989,52770,0.7434,2.8989,5.277,3.89952,7.09847
3,9,0,20,392,0,0.002,0.0392,0,19.6,0
3,9,0.25,41,562,29,0.0041,0.0562,0.0029,13.7073,0.707317
3,9,0.5,61,667,41,0.0061,0.0667,0.0041,10.9344,0.672131
3,9,0.75,106,1008,90,0.0106,0.1008,0.009,9.50943,0.849057
3,9,1,139,1185,105,0.0139,0.1185,0.0105,8.52518,0.755396
3,9,1.25,173,1413,139,0.0173,0.1413,0.0139,8.16763,0.803468
3,9,1.5,226,1879,181,0.0226,0.1879,0.0181,8.31416,0.800885
3,9,1.75,295,2280,241,0.0295,0.228,0.0241,7.72881,0.816949
3,9,2,357,2585,296,0.0357,0.2585,0.0296,7.2409,0.829132
3,9,2.25,444,3380,387,0.0444,0.338,0.0387,7.61261,0.871622
3,9,2.5,571,4390,498,0.0571,0.439,0.0498,7.68827,0.872154
3,9,2.75,729,5706,696,0.0729,0.5706,0.0696,7.82716,0.954733
3,9,3,982,7812,1066,0.0982,0.7812,0.1066,7.95519,1.08554
3,9,3.25,1313,10590,1700,0.1313,1.059,0.17,8.0655,1.29474
3,9,3.5,1775,14487,2732,0.1775,1.4487,0.2732,8.16169,1.53915
3,9,3.75,2394,19641,4673,0.2394,1.9641,0.4673,8.20426,1.95196
3,9,4,3121,24502,7634,0.3121,2.4502,0.7634,7.85069,2.44601
3,9,4.25,4101,29965,13269,0.4101,2.9965,1.3269,7.30675,3.23555
3,9,4.5,5069,33913,21260,0.5069,3.3913,2.126,6.69027,4.19412
3,9,4.75,6051,35087,31999,0.6051,3.5087,3.1999,5.79855,5.28822
3,9,5,6689,33841,40781,0.6689,3.3841,4.0781,5.0592,6.09673
3,9,5.25,7076,30936,47458,0.7076,3.0936,4.7458,4.37196,6.7069
3,9,5.5,7324,29290,51999,0.7324,2.929,5.1999,3.99918,7.09981
3,9,5.75,7397,29601,52888,0.7397,2.9601,5.2888,4.00176,7.14993
3,9,6,7396,28870,53139,0.7396,2.887,5.3139,3.90346,7.18483
3,9,6.25,7390,28973,52754,0.739,2.8973,5.2754,3.92057,7.13857
3,9,6.5,7363,28614,52599,0.7363,2.8614,5.2599,3.88619,7.14369
3,9,6.75,7409,28690,52744,0.7409,2.869,5.2744,3.87232,7.11891
3,9,7,7419,29214,52786,0.7419,2.9214,5.2786,3.93773,7.11498
3,9,7.25,7433,29220,53280,0.7433,2.922,5.328,3.93112,7.16803
3,9,7.5,7422,28450,53328,0.7422,2.845,5.3328,3.8332,7.18513
3,9,7.75,7432,29114,53086,0.7432,2.9114,5.3086,3.91738,7.1429
3,9,8,7482,29046,53628,0.7482,2.9046,5.3628,3.88212,7.1676
3,9,8.25,7462,29006,53895,0.7462,2.9006,5.3895,3.88716,7.22259
3,9,8.5,7415,28652,52910,0.7415,2.8652,5.291,3.86406,7.13554
3,9,8.75,7498,28671,53986,0.7498,2.8671,5.3986,3.82382,7.20005
3,9,9,7435,29359,52924,0.7435,2.9359,5.2924,3.94876,7.11822
3,9,9.25,7396,28811,52405,0.7396,2.8811,5.2405,3.89548,7.08559
3,9,9.5,7461,28285,53839,0.7461,2.8285,5.3839,3.79105,7.21606
3,9,9.75,7436,28790,53910,0.7436,2.879,5.391,3.87171,7.24987
3,9,10,7494,28161,54926,0.7494,2.8161,5.4926,3.75781,7.32933
3,9,10.25,7483,28394,54101,0.7483,2.8394,5.4101,3.79447,7.22985
3,9,10.5,7505,28464,54946,0.7505,2.8464,5.4946,3.79267,7.32125
3,9,10.75,7458,28454,54348,0.7458,2.8454,5.4348,3.81523,7.28721
3,9,11,7541,27650,55326,0.7541,2.765,5.5326,3.66662,7.33669
3,9,11.25,7450,28370,54164,0.745,2.837,5.4164,3.80805,7.27034
3,9,11.5,7500,28456,54344,0.75,2.8456,5.4344,3.79413,7.24587
3,9,11.75,7478,28483,53706,0.7478,2.8483,5.3706,3.80891,7.18187
3,9,12,7400,29419,52272,0.74,2.9419,5.2272,3.97554,7.06378
3,9,12.25,7305,29664,51390,0.7305,2.9664,5.139,4.06078,7.03491
3,9,12.5,7470,29065,53487,0.747,2.9065,5.3487,3.8909,7.16024
3,9,12.75,7503,28696,54239,0.7503,2.8696,5.4239,3.8246,7.22898
3,9,13,7525,28788,54614,0.7525,2.8788,5.4614,3.82565,7.25767
3,9,13.25,7478,28710,53963,0.7478,2.871,5.3963,3.83926,7.21623
3,9,13.5,7472,28271,54532,0.7472,2.8271,5.4532,3.78359,7.29818
3,9,13.75,7407,29101,52960,0.7407,2.9101,5.296,3.92885,7.14999
3,9,14,7426,29333,52777,0.7426,2.9333,5.2777,3.95004,7.10706
3,9,14.25,7466,28828,53623,0.7466,2.8828,5.3623,3.86124,7.18229
3,9,14.5,7513,28560,54627,0.7513,2.856,5.4627,3.80141,7.271
3,9,14.75,7441,29019,53788,0.7441,2.9019,5.3788,3.89988,7.2286
3,9,15,7488,28836,54128,0.7488,2.8836,5.4128,3.85096,7.22863
3,10,0,20,363,1,0.002,0.0363,0.0001,18.15,0.05
3,10,0.25,30,366,14,0.003,0.0366,0.0014,12.2,0.466667
3,10,0.5,52,579,34,0.0052,0.0579,0.0034,11.1346,0.653846
3,10,0.75,58,523,38,0.0058,0.0523,0.0038,9.01724,0.655172
3,10,1,60,476,33,0.006,0.0476,0.0033,7.93333,0.55
3,10,1.25,75,595,45,0.0075,0.0595,0.0045,7.93333,0.6
3,10,1.5,82,603,51,0.0082,0.0603,0.0051,7.35366,0.621951
3,10,1.75,96,733,56,0.0096,0.0733,0.0056,7.63542,0.583333
3,10,2,131,1040,94,0.0131,0.104,0.0094,7.93893,0.717557
3,10,2.25,181,1539,141,0.0181,0.1539,0.0141,8.50276,0.779006
3,10,2.5,237,1947,192,0.0237,0.1947,0.0192,8.21519,0.810127
3,10,2.75,344,2951,316,0.0344,0.2951,0.0316,8.57849,0.918605
3,10,3,458,3808,429,0.0458,0.3808,0.0429,8.31441,0.936681
3,10,3.25,626,5074,634,0.0626,0.5074,0.0634,8.10543,1.01278
3,10,3.5,742,5585,742,0.0742,0.5585,0.0742,7.52695,1
3,10,3.75,932,7414,974,0.0932,0.7414,0.0974,7.95494,1.04506
3,10,4,1188,9227,1410,0.1188,0.9227,0.141,7.76684,1.18687
3,10,4.25,1575,12647,2167,0.1575,1.2647,0.2167,8.02984,1.37587
3,10,4.5,2054,16447,3344,0.2054,1.6447,0.3344,8.0073,1.62804
3,10,4.75,2719,21546,5629,0.2719,2.1546,0.5629,7.92424,2.07025
3,10,5,3506,27116,9634,0.3506,2.7116,0.9634,7.73417,2.74786
3,10,5.25,4485,32786,16460,0.4485,3.2786,1.646,7.31014,3.67001
3,10,5.5,5451,34399,25516,0.5451,3.4399,2.5516,6.31059,4.68098
3,10,5.75,6170,34313,33546,0.617,3.4313,3.3546,5.56126,5.43695
3,10,6,6769,33139,42553,0.6769,3.3139,4.2553,4.8957,6.28645
3,10,6.25,7108,31489,48168,0.7108,3.1489,4.8168,4.43008,6.77659
3,10,6.5,7237,29665,50635,0.7237,2.9665,5.0635,4.09907,6.99668
3,10,6.75,7353,28989,52312,0.7353,2.8989,5.2312,3.94247,7.11438
3,10,7,7441,28752,53920,0.7441,2.8752,5.392,3.864,7.24634
3,10,7.25,7407,28770,53853,0.7407,2.877,5.3853,3.88416,7.27055
3,10,7.5,7413,29100,53361,0.7413,2.91,5.3361,3.92554,7.1983
3,10,7.75,7390,28954,52976,0.739,2.8954,5.2976,3.918,7.16861
3,10,8,7481,28335,53976,0.7481,2.8335,5.3976,3.7876,7.21508
3,10,8.25,7456,29055,53489,0.7456,2.9055,5.3489,3.89686,7.17395
3,10,8.5,7552,28471,54160,0.7552,2.8471,5.416,3.76999,7.17161
3,10,8.75,7542,28747,54244,0.7542,2.8747,5.4244,3.81159,7.19226
3,10,9,7521,28645,53985,0.7521,2.8645,5.3985,3.80867,7.1779
3,10,9.25,7455,28943,53161,0.7455,2.8943,5.3161,3.88236,7.13092
3,10,9.5,7439,29319,53080,0.7439,2.9319,5.308,3.94126,7.13537
3,10,9.75,7574,28207,55195,0.7574,2.8207,5.5195,3.72419,7.28743
3,10,10,7581,28390,55409,0.7581,2.839,5.5409,3.74489,7.30893
3,10,10.25,7487,28148,54112,0.7487,2.8148,5.4112,3.75958,7.22746
3,10,10.5,7485,28420,53929,0.7485,2.842,5.3929,3.79693,7.20494
3,10,10.75,7474,28485,53962,0.7474,2.8485,5.3962,3.81121,7.21996
3,10,11,7549,28513,54925,0.7549,2.8513,5.4925,3.77706,7.2758
3,10,11.25,7546,28752,54998,0.7546,2.8752,5.4998,3.81023,7.28836
3,10,11.5,7570,28188,55685,0.757,2.8188,5.5685,3.72365,7.35601
3,10,11.75,7565,27843,55557,0.7565,2.7843,5.5557,3.6805,7.34395
3,10,12,7460,28844,53481,0.746,2.8844,5.3481,3.86649,7.16903
3,10,12.25,7388,28839,53077,0.7388,2.8839,5.3077,3.90349,7.18422
3,10,12.5,7414,29254,52905,0.7414,2.9254,5.2905,3.94578,7.13582
3,10,12.75,7465,29163,53668,0.7465,2.9163,5.3668,3.90663,7.18928
3,10,13,7488,28659,53632,0.7488,2.8659,5.3632,3.82732,7.16239
3,10,13.25,7499,28910,54048,0.7499,2.891,5.4048,3.85518,7.20736
3,10,13.5,7499,28853,54098,0.7499,2.8853,5.4098,3.84758,7.21403
3,10,13.75,7525,28857,54476,0.7525,2.8857,5.4476,3.83482,7.23934
3,10,14,7502,28664,54137,0.7502,2.8664,5.4137,3.82085,7.21634
3,10,14.25,7478,28798,54410,0.7478,2.8798,5.441,3.85103,7.27601
3,10,14.5,7478,28399,54065,0.7478,2.8399,5.4065,3.79767,7.22987
3,10,14.75,7519,28790,54220,0.7519,2.879,5.422,3.82897,7.21107
3,10,15,7590,28077,55472,0.759,2.8077,5.5472,3.69921,7.30856
3,11,0,20,444,1,0.002,0.0444,0.0001,22.2,0.05
3,11,0.25,40,458,23,0.004,0.0458,0.0023,11.45,0.575
3,11,0.5,56,539,38,0.0056,0.0539,0.0038,9.625,0.678571
3,11,0.75,85,816,63,0.0085,0.0816,0.0063,9.6,0.741176
3,11,1,106,816,76,0.0106,0.0816,0.0076,7.69811,0.716981
3,11,1.25,108,770,65,0.0108,0.077,0.0065,7.12963,0.601852
3,11,1.5,129,962,91,0.0129,0.0962,0.0091,7.45736,0.705426
3,11,1.75,156,979,111,0.0156,0.0979,0.0111,6.27564,0.711538
3,11,2,197,1483,149,0.0197,0.1483,0.0149,7.52792,0.756345
3,11,2.25,250,1896,190,0.025,0.1896,0.019,7.584,0.76
3,11,2.5,316,2357,244,0.0316,0.2357,0.0244,7.45886,0.772152
3,11,2.75,449,3696,394,0.0449,0.3696,0.0394,8.23163,0.877506
3,11,3,615,5235,605,0.0615,0.5235,0.0605,8.5122,0.98374
3,11,3.25,837,7039,930,0.0837,0.7039,0.093,8.4098,1.11111
3,11,3.5,1132,9633,1391,0.1132,0.9633,0.1391,8.50972,1.2288
3,11,3.75,1494,12343,2097,0.1494,1.2343,0.2097,8.26171,1.40361
3,11,4,2001,16317,3430,0.2001,1.6317,0.343,8.15442,1.71414
3,11,4.25,2708,21766,5931,0.2708,2.1766,0.5931,8.03767,2.19018
3,11,4.5,3463,26156,9469,0.3463,2.6156,0.9469,7.55299,2.73433
3,11,4.75,4331,30854,14930,0.4331,3.0854,1.493,7.12399,3.44724
3,11,5,5221,34006,22386,0.5221,3.4006,2.2386,6.51331,4.28768
3,11,5.25,6081,34191,32519,0.6081,3.4191,3.2519,5.62259,5.34764
3,11,5.5,6659,33766,41236,0.6659,3.3766,4.1236,5.07073,6.19252
3,11,5.75,7051,31139,47477,0.7051,3.1139,4.7477,4.41625,6.73337
3,11,6,7216,30149,49952,0.7216,3.0149,4.9952,4.17808,6.92239
3,11,6.25,7338,29253,52431,0.7338,2.9253,5.2431,3.98651,7.14513
3,11,6.5,7360,29348,52832,0.736,2.9348,5.2832,3.9875,7.17826
3,11,6.75,7378,28902,52969,0.7378,2.8902,5.2969,3.91732,7.17932
3,11,7,7402,28688,53352,0.7402,2.8688,5.3352,3.87571,7.20778
3,11,7.25,7372,29480,52120,0.7372,2.948,5.212,3.99891,7.06999
3,11,7.5,7537,29157,54010,0.7537,2.9157,5.401,3.86852,7.16598
3,11,7.75,7482,28923,54045,0.7482,2.8923,5.4045,3.86568,7.22334
3,11,8,7399,28690,52178,0.7399,2.869,5.2178,3.87755,7.05203
3,11,8.25,7477,28978,53623,0.7477,2.8978,5.3623,3.87562,7.17173
3,11,8.5,7517,28668,54266,0.7517,2.8668,5.4266,3.81376,7.2191
3,11,8.75,7539,28288,54843,0.7539,2.8288,5.4843,3.75222,7.27457
3,11,9,7533,28004,55087,0.7533,2.8004,5.5087,3.71751,7.31276
3,11,9.25,7471,28804,53883,0.7471,2.8804,5.3883,3.85544,7.21229
3,11,9.5,7488,28282,54692,0.7488,2.8282,5.4692,3.77698,7.30395
3,11,9.75,7427,28646,53348,0.7427,2.8646,5.3348,3.85701,7.18298
3,11,10,7411,29549,52772,0.7411,2.9549,5.2772,3.98718,7.12077
3,11,10.25,7501,28738,54189,0.7501,2.8738,5.4189,3.83122,7.22424
3,11,10.5,7442,28839,53613,0.7442,2.8839,5.3613,3.87517,7.20411
3,11,10.75,7490,28753,53716,0.749,2.8753,5.3716,3.83885,7.1717
3,11,11,7476,28589,53599,0.7476,2.8589,5.3599,3.8241,7.16948
3,11,11.25,7541,28698,54638,0.7541,2.8698,5.4638,3.8056,7.24546
3,11,11.5,7475,28922,53509,0.7475,2.8922,5.3509,3.86916,7.15839
3,11,11.75,7510,28454,54386,0.751,2.8454,5.4386,3.78881,7.24181
3,11,12,7532,28419,54943,0.7532,2.8419,5.4943,3.7731,7.29461
3,11,12.25,7579,28107,55588,0.7579,2.8107,5.5588,3.70854,7.33448
3,11,12.5,7386,29270,52316,0.7386,2.927,5.2316,3.9629,7.08313
3,11,12.75,7391,29114,52916,0.7391,2.9114,5.2916,3.93912,7.15952
3,11,13,7339,29306,51931,0.7339,2.9306,5.1931,3.99319,7.07603
3,11,13.25,7463,28913,53676,0.7463,2.8913,5.3676,3.87418,7.19228
3,11,13.5,7515,27926,54851,0.7515,2.7926,5.4851,3.71603,7.29887
3,11,13.75,7418,28821,53171,0.7418,2.8821,5.3171,3.88528,7.16783
3,11,14,7468,28667,54028,0.7468,2.8667,5.4028,3.83864,7.2346
3,11,14.25,7409,28685,52895,0.7409,2.8685,5.2895,3.87164,7.13929
3,11,14.5,7548,27900,55077,0.7548,2.79,5.5077,3.69634,7.2969
3,11,14.75,7419,28707,53204,0.7419,2.8707,5.3204,3.86939,7.17132
3,11,15,7434,29062,53158,0.7434,2.9062,5.3158,3.90934,7.15066
3,12,0,20,407,0,0.002,0.0407,0,20.35,0
3,12,0.25,59,817,45,0.0059,0.0817,0.0045,13.8475,0.762712
3,12,0.5,99,1033,72,0.0099,0.1033,0.0072,10.4343,0.727273
3,12,0.75,130,997,100,0.013,0.0997,0.01,7.66923,0.769231
3,12,1,168,1367,129,0.0168,0.1367,0.0129,8.1369,0.767857
3,12,1.25,231,1893,183,0.0231,0.1893,0.0183,8.19481,0.792208
3,12,1.5,300,2346,252,0.03,0.2346,0.0252,7.82,0.84
3,12,1.75,422,3626,390,0.0422,0.3626,0.039,8.59242,0.924171
3,12,2,579,4837,552,0.0579,0.4837,0.0552,8.35406,0.953368
3,12,2.25,760,6069,786,0.076,0.6069,0.0786,7.98553,1.03421
3,12,2.5,939,7311,1020,0.0939,0.7311,0.102,7.78594,1.08626
3,12,2.75,1243,9973,1501,0.1243,0.9973,0.1501,8.02333,1.20756
3,12,3,1650,13097,2369,0.165,1.3097,0.2369,7.93758,1.43576
3,12,3.25,2134,16545,3664,0.2134,1.6545,0.3664,7.75305,1.71696
3,12,3.5,2711,21314,5586,0.2711,2.1314,0.5586,7.86204,2.06049
3,12,3.75,3579,27352,9811,0.3579,2.7352,0.9811,7.64236,2.74127
3,12,4,4532,32440,16628,0.4532,3.244,1.6628,7.15799,3.66902
3,12,4.25,5508,34785,25665,0.5508,3.4785,2.5665,6.31536,4.65959
3,12,4.5,6323,34450,35896,0.6323,3.445,3.5896,5.44836,5.67705
3,12,4.75,6933,32202,45338,0.6933,3.2202,4.5338,4.64474,6.53945
3,12,5,7223,29837,50074,0.7223,2.9837,5.0074,4.13083,6.93258
3,12,5.25,7413,28646,52853,0.7413,2.8646,5.2853,3.86429,7.12977
3,12,5.5,7442,28903,53796,0.7442,2.8903,5.3796,3.88377,7.2287
3,12,5.75,7467,28614,54067,0.7467,2.8614,5.4067,3.83206,7.24079
3,12,6,7435,28666,53542,0.7435,2.8666,5.3542,3.85555,7.20134
3,12,6.25,7482,28522,54803,0.7482,2.8522,5.4803,3.81208,7.32465
3,12,6.5,7448,28750,53752,0.7448,2.875,5.3752,3.8601,7.21697
3,12,6.75,7490,29017,53800,0.749,2.9017,5.38,3.8741,7.18291
3,12,7,7513,28601,54441,0.7513,2.8601,5.4441,3.80687,7.24624
3,12,7.25,7568,28460,55540,0.7568,2.846,5.554,3.76057,7.33879
3,12,7.5,7512,28414,54259,0.7512,2.8414,5.4259,3.78248,7.22298
3,12,7.75,7548,28412,55077,0.7548,2.8412,5.5077,3.76418,7.2969
3,12,8,7538,27798,54734,0.7538,2.7798,5.4734,3.68772,7.26108
3,12,8.25,7478,28612,53337,0.7478,2.8612,5.3337,3.82616,7.13252
3,12,8.5,7568,28460,55000,0.7568,2.846,5.5,3.76057,7.26744
3,12,8.75,7605,28234,55868,0.7605,2.8234,5.5868,3.71256,7.34622
3,12,9,7544,28481,54475,0.7544,2.8481,5.4475,3.77532,7.22097
3,12,9.25,7476,28908,53490,0.7476,2.8908,5.349,3.86677,7.1549
3,12,9.5,7543,28418,54244,0.7543,2.8418,5.4244,3.76747,7.1913
3,12,9.75,7547,28598,55073,0.7547,2.8598,5.5073,3.78932,7.29734
3,12,10,7487,28796,53959,0.7487,2.8796,5.3959,3.84613,7.20703
3,12,10.25,7383,28807,52526,0.7383,2.8807,5.2526,3.9018,7.11445
3,12,10.5,7412,29109,52640,0.7412,2.9109,5.264,3.92728,7.102
3,12,10.75,7433,28891,52989,0.7433,2.8891,5.2989,3.88686,7.12888
3,12,11,7491,28563,54359,0.7491,2.8563,5.4359,3.81298,7.25657
3,12,11.25,7493,28113,54496,0.7493,2.8113,5.4496,3.7519,7.27292
3,12,11.5,7431,28905,53147,0.7431,2.8905,5.3147,3.88979,7.15207
3,12,11.75,7500,28233,54558,0.75,2.8233,5.4558,3.7644,7.2744
3,12,12,7494,28400,54732,0.7494,2.84,5.4732,3.7897,7.30344
3,12,12.25,7576,27984,55625,0.7576,2.7984,5.5625,3.69377,7.34227
3,12,12.5,7499,28396,54403,0.7499,2.8396,5.4403,3.78664,7.2547
3,12,12.75,7451,28803,53134,0.7451,2.8803,5.3134,3.86566,7.13112
3,12,13,7539,28189,54759,0.7539,2.8189,5.4759,3.73909,7.26343
3,12,13.25,7573,27960,55309,0.7573,2.796,5.5309,3.69206,7.30345
3,12,13.5,7461,28942,53719,0.7461,2.8942,5.3719,3.8791,7.19997
3,12,13.75,7489,28488,54110,0.7489,2.8488,5.411,3.80398,7.22526
3,12,14,7552,28201,55173,0.7552,2.8201,5.5173,3.73424,7.30575
3,12,14.25,7528,28171,54936,0.7528,2.8171,5.4936,3.74216,7.29756
3,12,14.5,7569,28350,54859,0.7569,2.835,5.4859,3.74554,7.24785
3,12,14.75,7535,28427,54408,0.7535,2.8427,5.4408,3.77266,7.2207
3,12,15,7603,27732,56326,0.7603,2.7732,5.6326,3.64751,7.40839
3,13,0,20,404,0,0.002,0.0404,0,20.2,0
3,13,0.25,34,373,19,0.0034,0.0373,0.0019,10.9706,0.558824
3,13,0.5,57,576,38,0.0057,0.0576,0.0038,10.1053,0.666667
3,13,0.75,76,676,46,0.0076,0.0676,0.0046,8.89474,0.605263
3,13,1,109,883,79,0.0109,0.0883,0.0079,8.10092,0.724771
3,13,1.25,130,993,96,0.013,0.0993,0.0096,7.63846,0.738462
3,13,1.5,181,1494,135,0.0181,0.1494,0.0135,8.25414,0.745856
3,13,1.75,259,2276,200,0.0259,0.2276,0.02,8.78764,0.772201
3,13,2,396,3469,337,0.0396,0.3469,0.0337,8.7601,0.85101
3,13,2.25,555,4742,527,0.0555,0.4742,0.0527,8.54414,0.94955
3,13,2.5,736,6307,751,0.0736,0.6307,0.0751,8.56929,1.02038
3,13,2.75,976,8058,1124,0.0976,0.8058,0.1124,8.25615,1.15164
3,13,3,1316,10755,1730,0.1316,1.0755,0.173,8.17249,1.31459
3,13,3.25,1728,13849,2661,0.1728,1.3849,0.2661,8.01447,1.53993
3,13,3.5,2343,18924,4419,0.2343,1.8924,0.4419,8.07682,1.88604
3,13,3.75,2966,23106,6911,0.2966,2.3106,0.6911,7.79029,2.33007
3,13,4,3886,28855,12075,0.3886,2.8855,1.2075,7.42537,3.10731
3,13,4.25,4646,31975,17394,0.4646,3.1975,1.7394,6.88226,3.74387
3,13,4.5,5668,35131,27521,0.5668,3.5131,2.7521,6.19813,4.8555
3,13,4.75,6416,34295,37297,0.6416,3.4295,3.7297,5.34523,5.81312
3,13,5,6880,31930,44787,0.688,3.193,4.4787,4.64099,6.50974
3,13,5.25,7175,30184,49594,0.7175,3.0184,4.9594,4.20683,6.91206
3,13,5.5,7283,29333,51784,0.7283,2.9333,5.1784,4.0276,7.11026
3,13,5.75,7319,29274,52040,0.7319,2.9274,5.204,3.99973,7.11026
3,13,6,7297,28956,52036,0.7297,2.8956,5.2036,3.96821,7.13115
3,13,6.25,7313,29359,51765,0.7313,2.9359,5.1765,4.01463,7.07849
3,13,6.5,7312,29427,50909,0.7312,2.9427,5.0909,4.02448,6.96239
3,13,6.75,7365,28961,52238,0.7365,2.8961,5.2238,3.93225,7.09274
3,13,7,7460,28966,53874,0.746,2.8966,5.3874,3.88284,7.22172
3,13,7.25,7396,28761,53270,0.7396,2.8761,5.327,3.88872,7.20254
3,13,7.5,7432,28698,53186,0.7432,2.8698,5.3186,3.86141,7.15635
3,13,7.75,7453,28841,52999,0.7453,2.8841,5.2999,3.86972,7.1111
3,13,8,7542,28372,54590,0.7542,2.8372,5.459,3.76187,7.23813
3,13,8.25,7559,27809,56195,0.7559,2.7809,5.6195,3.67893,7.43418
3,13,8.5,7507,27899,55041,0.7507,2.7899,5.5041,3.7164,7.33196
3,13,8.75,7520,27906,54628,0.752,2.7906,5.4628,3.7109,7.26436
3,13,9,7478,28477,54008,0.7478,2.8477,5.4008,3.8081,7.22225
3,13,9.25,7536,28404,54624,0.7536,2.8404,5.4624,3.76911,7.24841
3,13,9.5,7473,28922,54039,0.7473,2.8922,5.4039,3.8702,7.23123
3,13,9.75,7489,28494,54014,0.7489,2.8494,5.4014,3.80478,7.21244
3,13,10,7415,28615,53233,0.7415,2.8615,5.3233,3.85907,7.1791
3,13,10.25,7435,29236,53373,0.7435,2.9236,5.3373,3.93221,7.17861
3,13,10.5,7421,29040,53072,0.7421,2.904,5.3072,3.91322,7.1516
3,13,10.75,7343,29515,51780,0.7343,2.9515,5.178,4.01947,7.05161
3,13,11,7388,29091,52434,0.7388,2.9091,5.2434,3.9376,7.09718
3,13,11.25,7327,29577,51440,0.7327,2.9577,5.144,4.03671,7.02061
3,13,11.5,7388,29081,52528,0.7388,2.9081,5.2528,3.93625,7.10991
3,13,11.75,7502,28823,54205,0.7502,2.8823,5.4205,3.84204,7.22541
3,13,12,7520,28829,54250,0.752,2.8829,5.425,3.83364,7.2141
3,13,12.25,7527,28942,54280,0.7527,2.8942,5.428,3.84509,7.21137
3,13,12.5,7507,28581,53929,0.7507,2.8581,5.3929,3.80725,7.18383
3,13,12.75,7518,28491,54357,0.7518,2.8491,5.4357,3.7897,7.23025
3,13,13,7555,28364,55101,0.7555,2.8364,5.5101,3.75433,7.29332
3,13,13.25,7523,28466,54534,0.7523,2.8466,5.4534,3.78386,7.24897
3,13,13.5,7380,29098,52593,0.738,2.9098,5.2593,3.94282,7.12642
3,13,13.75,7446,28678,53156,0.7446,2.8678,5.3156,3.85146,7.13887
3,13,14,7519,28757,54478,0.7519,2.8757,5.4478,3.82458,7.24538
3,13,14.25,7554,28096,55564,0.7554,2.8096,5.5564,3.71935,7.35557
3,13,14.5,7450,28969,53746,0.745,2.8969,5.3746,3.88846,7.21423
3,13,14.75,7524,28094,54882,0.7524,2.8094,5.4882,3.73392,7.29426
3,13,15,7522,28416,54662,0.7522,2.8416,5.4662,3.77772,7.26695
3,14,0,20,394,0,0.002,0.0394,0,19.7,0
3,14,0.25,40,415,22,0.004,0.0415,0.0022,10.375,0.55
3,14,0.5,66,566,48,0.0066,0.0566,0.0048,8.57576,0.727273
3,14,0.75,99,879,75,0.0099,0.0879,0.0075,8.87879,0.757576
3,14,1,134,1034,109,0.0134,0.1034,0.0109,7.71642,0.813433
3,14,1.25,188,1495,147,0.0188,0.1495,0.0147,7.95213,0.781915
3,14,1.5,218,1647,165,0.0218,0.1647,0.0165,7.55505,0.756881
3,14,1.75,270,1938,206,0.027,0.1938,0.0206,7.17778,0.762963
3,14,2,336,2445,252,0.0336,0.2445,0.0252,7.27679,0.75
3,14,2.25,454,3758,383,0.0454,0.3758,0.0383,8.27753,0.843612
3,14,2.5,584,4634,561,0.0584,0.4634,0.0561,7.93493,0.960616
3,14,2.75,822,6778,903,0.0822,0.6778,0.0903,8.24574,1.09854
3,14,3,1070,8848,1258,0.107,0.8848,0.1258,8.26916,1.1757
3,14,3.25,1362,10717,1790,0.1362,1.0717,0.179,7.86858,1.31424
3,14,3.5,1765,14016,2673,0.1765,1.4016,0.2673,7.94108,1.51445
3,14,3.75,2322,18426,4277,0.2322,1.8426,0.4277,7.9354,1.84195
3,14,4,3037,24025,7174,0.3037,2.4025,0.7174,7.91077,2.3622
3,14,4.25,3985,29253,12453,0.3985,2.9253,1.2453,7.34078,3.12497
3,14,4.5,4865,33186,19197,0.4865,3.3186,1.9197,6.82138,3.94594
3,14,4.75,5744,34886,28483,0.5744,3.4886,2.8483,6.07347,4.95874
3,14,5,6394,33675,37180,0.6394,3.3675,3.718,5.26666,5.81483
3,14,5.25,6861,32338,44151,0.6861,3.2338,4.4151,4.71331,6.43507
3,14,5.5,7165,30904,49277,0.7165,3.0904,4.9277,4.31319,6.87746
3,14,5.75,7324,29483,51535,0.7324,2.9483,5.1535,4.02553,7.03646
3,14,6,7335,29494,51571,0.7335,2.9494,5.1571,4.021,7.03081
3,14,6.25,7368,28836,52639,0.7368,2.8836,5.2639,3.91368,7.14427
3,14,6.5,7344,29318,52340,0.7344,2.9318,5.234,3.9921,7.12691
3,14,6.75,7401,28990,52600,0.7401,2.899,5.26,3.91704,7.10715
3,14,7,7453,28967,53459,0.7453,2.8967,5.3459,3.88662,7.17282
3,14,7.25,7467,28762,54137,0.7467,2.8762,5.4137,3.85188,7.25017
3,14,7.5,7377,29248,52461,0.7377,2.9248,5.2461,3.96476,7.11143
3,14,7.75,7414,28666,52993,0.7414,2.8666,5.2993,3.86647,7.14769
3,14,8,7446,28326,53711,0.7446,2.8326,5.3711,3.80419,7.2134
3,14,8.25,7452,28786,53915,0.7452,2.8786,5.3915,3.86286,7.23497
3,14,8.5,7429,28714,53722,0.7429,2.8714,5.3722,3.86512,7.23139
3,14,8.75,7438,28301,53748,0.7438,2.8301,5.3748,3.80492,7.22614
3,14,9,7349,28988,52264,0.7349,2.8988,5.2264,3.94448,7.11172
3,14,9.25,7347,29394,51949,0.7347,2.9394,5.1949,4.00082,7.07078
3,14,9.5,7424,29070,53258,0.7424,2.907,5.3258,3.91568,7.17376
3,14,9.75,7469,29150,53669,0.7469,2.915,5.3669,3.9028,7.18557
3,14,10,7542,27981,54857,0.7542,2.7981,5.4857,3.71002,7.27353
3,14,10.25,7493,28608,53893,0.7493,2.8608,5.3893,3.81796,7.19245
3,14,10.5,7515,28567,54453,0.7515,2.8567,5.4453,3.80133,7.24591
3,14,10.75,7481,28261,53769,0.7481,2.8261,5.3769,3.7777,7.18741
3,14,11,7597,27928,55608,0.7597,2.7928,5.5608,3.67619,7.31973
3,14,11.25,7613,27944,55827,0.7613,2.7944,5.5827,3.67056,7.33311
3,14,11.5,7559,28091,55425,0.7559,2.8091,5.5425,3.71623,7.33232
3,14,11.75,7481,28338,54280,0.7481,2.8338,5.428,3.788,7.25571
3,14,12,7568,27959,55531,0.7568,2.7959,5.5531,3.69437,7.33761
3,14,12.25,7524,27756,54843,0.7524,2.7756,5.4843,3.689,7.28907
3,14,12.5,7515,28744,54332,0.7515,2.8744,5.4332,3.82488,7.22981
3,14,12.75,7507,28409,54052,0.7507,2.8409,5.4052,3.78433,7.20021
3,14,13,7495,28865,53627,0.7495,2.8865,5.3627,3.85123,7.15504
3,14,13.25,7547,28801,53982,0.7547,2.8801,5.3982,3.81622,7.15278
3,14,13.5,7543,28250,54729,0.7543,2.825,5.4729,3.74519,7.2556
3,14,13.75,7464,28452,54231,0.7464,2.8452,5.4231,3.8119,7.26568
3,14,14,7490,28316,54337,0.749,2.8316,5.4337,3.78051,7.25461
3,14,14.25,7494,28620,54200,0.7494,2.862,5.42,3.81906,7.23245
3,14,14.5,7440,28645,53503,0.744,2.8645,5.3503,3.85013,7.19126
3,14,14.75,7479,28592,53879,0.7479,2.8592,5.3879,3.82297,7.20404
3,14,15,7380,29239,52794,0.738,2.9239,5.2794,3.96192,7.15366
3,15,0,20,397,1,0.002,0.0397,0.0001,19.85,0.05
3,15,0.25,64,855,47,0.0064,0.0855,0.0047,13.3594,0.734375
3,15,0.5,99,945,70,0.0099,0.0945,0.007,9.54545,0.707071
3,15,0.75,133,1142,90,0.0133,0.1142,0.009,8.58647,0.676692
3,15,1,171,1409,127,0.0171,0.1409,0.0127,8.23977,0.74269
3,15,1.25,207,1725,160,0.0207,0.1725,0.016,8.33333,0.772947
3,15,1.5,285,2373,219,0.0285,0.2373,0.0219,8.32632,0.768421
3,15,1.75,411,3533,374,0.0411,0.3533,0.0374,8.59611,0.909976
3,15,2,548,4451,525,0.0548,0.4451,0.0525,8.12226,0.958029
3,15,2.25,680,5139,665,0.068,0.5139,0.0665,7.55735,0.977941
3,15,2.5,869,6635,924,0.0869,0.6635,0.0924,7.63521,1.06329
3,15,2.75,1102,8546,1227,0.1102,0.8546,0.1227,7.75499,1.11343
3,15,3,1430,11229,1886,0.143,1.1229,0.1886,7.85245,1.31888
3,15,3.25,1874,15085,3010,0.1874,1.5085,0.301,8.04963,1.60619
3,15,3.5,2546,20396,5250,0.2546,2.0396,0.525,8.011,2.06206
3,15,3.75,3265,25406,8342,0.3265,2.5406,0.8342,7.78132,2.55498
3,15,4,4114,29842,13447,0.4114,2.9842,1.3447,7.25377,3.2686
3,15,4.25,5106,33925,21495,0.5106,3.3925,2.1495,6.64414,4.20975
3,15,4.5,5989,35305,31146,0.5989,3.5305,3.1146,5.89497,5.20053
3,15,4.75,6599,33485,39496,0.6599,3.3485,3.9496,5.07425,5.98515
3,15,5,7045,31191,47303,0.7045,3.1191,4.7303,4.4274,6.71441
3,15,5.25,7291,29457,51336,0.7291,2.9457,5.1336,4.04019,7.04101
3,15,5.5,7357,29306,52568,0.7357,2.9306,5.2568,3.98342,7.1453
3,15,5.75,7447,28784,53968,0.7447,2.8784,5.3968,3.86518,7.24695
3,15,6,7436,28613,53759,0.7436,2.8613,5.3759,3.8479,7.22956
3,15,6.25,7433,28781,53344,0.7433,2.8781,5.3344,3.87206,7.17664
3,15,6.5,7467,28676,54073,0.7467,2.8676,5.4073,3.84036,7.2416
3,15,6.75,7459,28483,53871,0.7459,2.8483,5.3871,3.81861,7.22228
3,15,7,7475,28363,54416,0.7475,2.8363,5.4416,3.79438,7.27973
3,15,7.25,7504,28604,54155,0.7504,2.8604,5.4155,3.81183,7.21682
3,15,7.5,7452,28970,52829,0.7452,2.897,5.2829,3.88755,7.08924
3,15,7.75,7414,29238,52464,0.7414,2.9238,5.2464,3.94362,7.07634
3,15,8,7365,29831,52026,0.7365,2.9831,5.2026,4.05037,7.06395
3,15,8.25,7398,29666,52312,0.7398,2.9666,5.2312,4.01,7.0711
3,15,8.5,7438,29226,53158,0.7438,2.9226,5.3158,3.92928,7.14681
3,15,8.75,7355,29077,52230,0.7355,2.9077,5.223,3.95337,7.10129
3,15,9,7470,28770,53852,0.747,2.877,5.3852,3.85141,7.2091
3,15,9.25,7409,28911,53029,0.7409,2.8911,5.3029,3.90215,7.15738
3,15,9.5,7382,29006,52187,0.7382,2.9006,5.2187,3.92929,7.06949
3,15,9.75,7424,29504,52777,0.7424,2.9504,5.2777,3.97414,7.10897
3,15,10,7511,28560,54853,0.7511,2.856,5.4853,3.80242,7.30302
3,15,10.25,7450,28363,54292,0.745,2.8363,5.4292,3.80711,7.28752
3,15,10.5,7281,29487,51024,0.7281,2.9487,5.1024,4.04986,7.00783
3,15,10.75,7356,29571,51543,0.7356,2.9571,5.1543,4.01998,7.00693
3,15,11,7391,29660,52212,0.7391,2.966,5.2212,4.01299,7.06427
3,15,11.25,7475,28813,53932,0.7475,2.8813,5.3932,3.85458,7.21498
3,15,11.5,7451,28454,53286,0.7451,2.8454,5.3286,3.81882,7.15152
3,15,11.75,7531,28412,54143,0.7531,2.8412,5.4143,3.77267,7.18935
3,15,12,7468,28809,53593,0.7468,2.8809,5.3593,3.85766,7.17635
3,15,12.25,7562,28262,55529,0.7562,2.8262,5.5529,3.73737,7.34316
3,15,12.5,7487,28608,54454,0.7487,2.8608,5.4454,3.82102,7.27314
3,15,12.75,7420,28548,53417,0.742,2.8548,5.3417,3.84744,7.19906
3,15,13,7519,28628,54449,0.7519,2.8628,5.4449,3.80742,7.24152
3,15,13.25,7472,28924,53741,0.7472,2.8924,5.3741,3.87099,7.19232
3,15,13.5,7417,29064,53024,0.7417,2.9064,5.3024,3.91857,7.14898
3,15,13.75,7401,28927,53240,0.7401,2.8927,5.324,3.90853,7.19362
3,15,14,7464,28421,54020,0.7464,2.8421,5.402,3.80774,7.23741
3,15,14.25,7475,28898,53903,0.7475,2.8898,5.3903,3.86595,7.2111
3,15,14.5,7382,28277,52752,0.7382,2.8277,5.2752,3.83053,7.14603
3,15,14.75,7367,29429,51808,0.7367,2.9429,5.1808,3.99471,7.03244
3,15,15,7424,29041,52856,0.7424,2.9041,5.2856,3.91177,7.11961
3,16,0,20,396,0,0.002,0.0396,0,19.8,0
3,16,0.25,40,503,25,0.004,0.0503,0.0025,12.575,0.625
3,16,0.5,59,532,39,0.0059,0.0532,0.0039,9.01695,0.661017
3,16,0.75,74,590,57,0.0074,0.059,0.0057,7.97297,0.77027
3,16,1,81,532,56,0.0081,0.0532,0.0056,6.5679,0.691358
3,16,1.25,102,731,71,0.0102,0.0731,0.0071,7.16667,0.696078
3,16,1.5,119,920,82,0.0119,0.092,0.0082,7.73109,0.689076
3,16,1.75,163,1371,118,0.0163,0.1371,0.0118,8.41104,0.723926
3,16,2,201,1530,146,0.0201,0.153,0.0146,7.61194,0.726368
3,16,2.25,277,2182,210,0.0277,0.2182,0.021,7.87726,0.758123
3,16,2.5,361,2898,296,0.0361,0.2898,0.0296,8.0277,0.819945
3,16,2.75,491,4159,438,0.0491,0.4159,0.0438,8.47047,0.892057
3,16,3,695,5790,720,0.0695,0.579,0.072,8.33094,1.03597
3,16,3.25,996,8558,1169,0.0996,0.8558,0.1169,8.59237,1.17369
3,16,3.5,1365,11653,1836,0.1365,1.1653,0.1836,8.537,1.34505
3,16,3.75,1908,15887,3135,0.1908,1.5887,0.3135,8.32652,1.64308
3,16,4,2454,19492,4757,0.2454,1.9492,0.4757,7.94295,1.93847
3,16,4.25,3231,24832,7925,0.3231,2.4832,0.7925,7.68555,2.4528
3,16,4.5,4158,30553,13478,0.4158,3.0553,1.3478,7.348,3.24146
3,16,4.75,5051,34232,20904,0.5051,3.4232,2.0904,6.77727,4.13859
3,16,5,5915,34669,30531,0.5915,3.4669,3.0531,5.8612,5.16162
3,16,5.25,6544,33163,39671,0.6544,3.3163,3.9671,5.0677,6.06219
3,16,5.5,6963,31675,45927,0.6963,3.1675,4.5927,4.54904,6.59586
3,16,5.75,7287,29471,51558,0.7287,2.9471,5.1558,4.04433,7.07534
3,16,6,7351,29470,52263,0.7351,2.947,5.2263,4.00898,7.10964
3,16,6.25,7397,29099,53042,0.7397,2.9099,5.3042,3.93389,7.17074
3,16,6.5,7469,29022,53812,0.7469,2.9022,5.3812,3.88566,7.20471
3,16,6.75,7525,28914,54478,0.7525,2.8914,5.4478,3.84239,7.2396
3,16,7,7514,28822,54008,0.7514,2.8822,5.4008,3.83577,7.18765
3,16,7.25,7521,28729,54772,0.7521,2.8729,5.4772,3.81984,7.28254
3,16,7.5,7467,28761,54170,0.7467,2.8761,5.417,3.85175,7.25459
3,16,7.75,7521,28676,54598,0.7521,2.8676,5.4598,3.81279,7.25941
3,16,8,7511,28681,54529,0.7511,2.8681,5.4529,3.81853,7.25989
3,16,8.25,7513,28640,54594,0.7513,2.864,5.4594,3.81206,7.2666
3,16,8.5,7521,28119,54387,0.7521,2.8119,5.4387,3.73873,7.23135
3,16,8.75,7522,28348,54282,0.7522,2.8348,5.4282,3.76868,7.21643
3,16,9,7538,28567,54458,0.7538,2.8567,5.4458,3.78973,7.22446
3,16,9.25,7498,28032,54526,0.7498,2.8032,5.4526,3.7386,7.27207
3,16,9.5,7481,28243,54153,0.7481,2.8243,5.4153,3.7753,7.23874
3,16,9.75,7492,28711,54353,0.7492,2.8711,5.4353,3.83222,7.25481
3,16,10,7482,28364,54460,0.7482,2.8364,5.446,3.79096,7.2788
3,16,10.25,7492,28364,54495,0.7492,2.8364,5.4495,3.7859,7.27376
3,16,10.5,7396,28960,52639,0.7396,2.896,5.2639,3.91563,7.11723
3,16,10.75,7515,28828,54137,0.7515,2.8828,5.4137,3.83606,7.20386
3,16,11,7476,28450,54042,0.7476,2.845,5.4042,3.80551,7.22873
3,16,11.25,7388,29183,52487,0.7388,2.9183,5.2487,3.95005,7.10436
3,16,11.5,7399,29402,52920,0.7399,2.9402,5.292,3.97378,7.15232
3,16,11.75,7425,29044,53312,0.7425,2.9044,5.3312,3.91165,7.18007
3,16,12,7416,28977,52797,0.7416,2.8977,5.2797,3.90736,7.11934
3,16,12.25,7474,29305,52981,0.7474,2.9305,5.2981,3.92093,7.08871
3,16,12.5,7490,28656,53806,0.749,2.8656,5.3806,3.8259,7.18371
3,16,12.75,7392,28767,52559,0.7392,2.8767,5.2559,3.89164,7.11025
3,16,13,7473,28888,54061,0.7473,2.8888,5.4061,3.86565,7.23418
3,16,13.25,7403,28693,53079,0.7403,2.8693,5.3079,3.87586,7.16993
3,16,13.5,7470,28787,53574,0.747,2.8787,5.3574,3.85368,7.17189
3,16,13.75,7483,28916,53498,0.7483,2.8916,5.3498,3.86423,7.14927
3,16,14,7490,29022,53821,0.749,2.9022,5.3821,3.87477,7.18571
3,16,14.25,7548,28249,54819,0.7548,2.8249,5.4819,3.74258,7.26272
3,16,14.5,7567,27779,55400,0.7567,2.7779,5.54,3.67107,7.32126
3,16,14.75,7534,28249,55130,0.7534,2.8249,5.513,3.74954,7.31749
3,16,15,7497,28585,54308,0.7497,2.8585,5.4308,3.81286,7.24396
3,17,0,20,390,0,0.002,0.039,0,19.5,0
3,17,0.25,49,593,29,0.0049,0.0593,0.0029,12.102,0.591837
3,17,0.5,78,811,60,0.0078,0.0811,0.006,10.3974,0.769231
3,17,0.75,115,966,93,0.0115,0.0966,0.0093,8.4,0.808696
3,17,1,162,1316,135,0.0162,0.1316,0.0135,8.12346,0.833333
3,17,1.25,205,1473,176,0.0205,0.1473,0.0176,7.18537,0.858537
3,17,1.5,252,1809,200,0.0252,0.1809,0.02,7.17857,0.793651
3,17,1.75,340,2644,276,0.034,0.2644,0.0276,7.77647,0.811765
3,17,2,431,3293,357,0.0431,0.3293,0.0357,7.64037,0.828306
3,17,2.25,602,4987,568,0.0602,0.4987,0.0568,8.28405,0.943522
3,17,2.5,810,6792,831,0.081,0.6792,0.0831,8.38519,1.02593
3,17,2.75,1073,8873,1312,0.1073,0.8873,0.1312,8.26934,1.22274
3,17,3,1434,11597,1973,0.1434,1.1597,0.1973,8.08717,1.37587
3,17,3.25,1994,16508,3382,0.1994,1.6508,0.3382,8.27884,1.69609
3,17,3.5,2701,22037,5913,0.2701,2.2037,0.5913,8.15883,2.18919
3,17,3.75,3480,26457,9483,0.348,2.6457,0.9483,7.60259,2.725
3,17,4,4444,31866,15614,0.4444,3.1866,1.5614,7.17057,3.5135
3,17,4.25,5434,34931,24480,0.5434,3.4931,2.448,6.42823,4.50497
3,17,4.5,6250,34559,34883,0.625,3.4559,3.4883,5.52944,5.58128
3,17,4.75,6750,33245,41988,0.675,3.3245,4.1988,4.92519,6.22044
3,17,5,7057,31177,46997,0.7057,3.1177,4.6997,4.41788,6.65963
3,17,5.25,7274,29794,50984,0.7274,2.9794,5.0984,4.09596,7.00907
3,17,5.5,7431,28719,53380,0.7431,2.8719,5.338,3.86476,7.18342
3,17,5.75,7388,29255,52952,0.7388,2.9255,5.2952,3.9598,7.1673
3,17,6,7365,28890,52715,0.7365,2.889,5.2715,3.92261,7.1575
3,17,6.25,7424,28778,53785,0.7424,2.8778,5.3785,3.87635,7.24475
3,17,6.5,7397,29097,53427,0.7397,2.9097,5.3427,3.93362,7.22279
3,17,6.75,7435,28681,53644,0.7435,2.8681,5.3644,3.85757,7.21506
3,17,7,7456,28496,53761,0.7456,2.8496,5.3761,3.82189,7.21043
3,17,7.25,7500,28584,54575,0.75,2.8584,5.4575,3.8112,7.27667
3,17,7.5,7535,28406,54980,0.7535,2.8406,5.498,3.76987,7.29662
3,17,7.75,7458,28709,53848,0.7458,2.8709,5.3848,3.84942,7.22017
3,17,8,7538,28660,54769,0.7538,2.866,5.4769,3.80207,7.26572
3,17,8.25,7569,28117,55105,0.7569,2.8117,5.5105,3.71476,7.28035
3,17,8.5,7505,28552,53692,0.7505,2.8552,5.3692,3.8044,7.15416
3,17,8.75,7421,29081,53158,0.7421,2.9081,5.3158,3.91874,7.16319
3,17,9,7384,29347,52501,0.7384,2.9347,5.2501,3.9744,7.1101
3,17,9.25,7446,29000,53184,0.7446,2.9,5.3184,3.89471,7.14263
3,17,9.5,7407,29192,52475,0.7407,2.9192,5.2475,3.94114,7.08451
3,17,9.75,7497,28656,53971,0.7497,2.8656,5.3971,3.82233,7.19901
3,17,10,7487,28768,53801,0.7487,2.8768,5.3801,3.84239,7.18592
3,17,10.25,7465,29025,53305,0.7465,2.9025,5.3305,3.88814,7.14066
3,17,10.5,7421,28925,52863,0.7421,2.8925,5.2863,3.89772,7.12343
3,17,10.75,7498,28954,53320,0.7498,2.8954,5.332,3.86156,7.11123
3,17,11,7467,28581,53642,0.7467,2.8581,5.3642,3.82764,7.18388
3,17,11.25,7500,28483,54068,0.75,2.8483,5.4068,3.79773,7.20907
3,17,11.5,7533,28536,54514,0.7533,2.8536,5.4514,3.78813,7.23669
3,17,11.75,7451,28500,53331,0.7451,2.85,5.3331,3.82499,7.15756
3,17,12,7477,28365,54102,0.7477,2.8365,5.4102,3.79363,7.23579
3,17,12.25,7475,28799,53811,0.7475,2.8799,5.3811,3.85271,7.1988
3,17,12.5,7497,28788,53995,0.7497,2.8788,5.3995,3.83994,7.20221
3,17,12.75,7527,28463,55147,0.7527,2.8463,5.5147,3.78145,7.32656
3,17,13,7569,28040,55487,0.7569,2.804,5.5487,3.70458,7.33082
3,17,13.25,7495,28463,54151,0.7495,2.8463,5.4151,3.7976,7.22495
3,17,13.5,7454,28770,53704,0.7454,2.877,5.3704,3.85967,7.20472
3,17,13.75,7534,28488,54736,0.7534,2.8488,5.4736,3.78126,7.2652
3,17,14,7468,29008,53727,0.7468,2.9008,5.3727,3.88431,7.1943
3,17,14.25,7465,29024,53728,0.7465,2.9024,5.3728,3.88801,7.19732
3,17,14.5,7440,28677,53216,0.744,2.8677,5.3216,3.85444,7.15269
3,17,14.75,7392,28932,52328,0.7392,2.8932,5.2328,3.91396,7.079
3,17,15,7443,29268,52972,0.7443,2.9268,5.2972,3.93229,7.11702
3,18,0,20,390,0,0.002,0.039,0,19.5,0
3,18,0.25,35,422,18,0.0035,0.0422,0.0018,12.0571,0.514286
3,18,0.5,50,446,33,0.005,0.0446,0.0033,8.92,0.66
3,18,0.75,67,601,42,0.0067,0.0601,0.0042,8.97015,0.626866
3,18,1,88,645,64,0.0088,0.0645,0.0064,7.32955,0.727273
3,18,1.25,103,751,76,0.0103,0.0751,0.0076,7.29126,0.737864
3,18,1.5,126,874,99,0.0126,0.0874,0.0099,6.93651,0.785714
3,18,1.75,152,1046,112,0.0152,0.1046,0.0112,6.88158,0.736842
3,18,2,205,1487,159,0.0205,0.1487,0.0159,7.25366,0.77561
3,18,2.25,244,1741,196,0.0244,0.1741,0.0196,7.13525,0.803279
3,18,2.5,319,2517,278,0.0319,0.2517,0.0278,7.89028,0.871473
3,18,2.75,390,3136,328,0.039,0.3136,0.0328,8.04103,0.841026
3,18,3,566,4811,552,0.0566,0.4811,0.0552,8.5,0.975265
3,18,3.25,780,6491,815,0.078,0.6491,0.0815,8.32179,1.04487
3,18,3.5,1028,8142,1196,0.1028,0.8142,0.1196,7.92023,1.16342
3,18,3.75,1322,10317,1668,0.1322,1.0317,0.1668,7.80408,1.26172
3,18,4,1694,13323,2455,0.1694,1.3323,0.2455,7.86482,1.44923
3,18,4.25,2239,17929,3980,0.2239,1.7929,0.398,8.00759,1.77758
3,18,4.5,2965,23382,6887,0.2965,2.3382,0.6887,7.886,2.32277
3,18,4.75,3710,28309,10881,0.371,2.8309,1.0881,7.63046,2.93288
3,18,5,4579,32610,17035,0.4579,3.261,1.7035,7.12164,3.72024
3,18,5.25,5510,34649,25852,0.551,3.4649,2.5852,6.28838,4.69183
3,18,5.5,6355,33979,36603,0.6355,3.3979,3.6603,5.34681,5.75972
3,18,5.75,6799,32229,43226,0.6799,3.2229,4.3226,4.74026,6.3577
3,18,6,7155,30992,48232,0.7155,3.0992,4.8232,4.33152,6.74102
3,18,6.25,7261,30092,50393,0.7261,3.0092,5.0393,4.14433,6.94023
3,18,6.5,7299,29359,52048,0.7299,2.9359,5.2048,4.02233,7.13084
3,18,6.75,7347,28906,52792,0.7347,2.8906,5.2792,3.93439,7.18552
3,18,7,7381,28568,53526,0.7381,2.8568,5.3526,3.87048,7.25186
3,18,7.25,7380,29154,52836,0.738,2.9154,5.2836,3.95041,7.15935
3,18,7.5,7443,28987,53470,0.7443,2.8987,5.347,3.89453,7.18393
3,18,7.75,7536,27897,55109,0.7536,2.7897,5.5109,3.70183,7.31277
3,18,8,7517,28331,54592,0.7517,2.8331,5.4592,3.76892,7.26247
3,18,8.25,7543,28554,54372,0.7543,2.8554,5.4372,3.7855,7.20827
3,18,8.5,7502,29061,53488,0.7502,2.9061,5.3488,3.87377,7.12983
3,18,8.75,7532,28736,54271,0.7532,2.8736,5.4271,3.81519,7.20539
3,18,9,7480,28885,53316,0.748,2.8885,5.3316,3.86163,7.12781
3,18,9.25,7463,29239,52975,0.7463,2.9239,5.2975,3.91786,7.09835
3,18,9.5,7523,28751,54069,0.7523,2.8751,5.4069,3.82175,7.18716
3,18,9.75,7556,28699,54645,0.7556,2.8699,5.4645,3.79817,7.232
3,18,10,7589,27849,55698,0.7589,2.7849,5.5698,3.66965,7.33931
3,18,10.25,7557,28086,55141,0.7557,2.8086,5.5141,3.71655,7.29668
3,18,10.5,7594,27491,55782,0.7594,2.7491,5.5782,3.62009,7.34554
3,18,10.75,7493,28377,54588,0.7493,2.8377,5.4588,3.78713,7.2852
3,18,11,7428,28390,54098,0.7428,2.839,5.4098,3.82202,7.28298
3,18,11.25,7461,28390,53920,0.7461,2.839,5.392,3.80512,7.22691
3,18,11.5,7532,28882,54589,0.7532,2.8882,5.4589,3.83457,7.24761
3,18,11.75,7463,28971,53779,0.7463,2.8971,5.3779,3.88195,7.20608
3,18,12,7525,28267,54426,0.7525,2.8267,5.4426,3.75641,7.23269
3,18,12.25,7477,28746,54276,0.7477,2.8746,5.4276,3.84459,7.25906
3,18,12.5,7462,28336,53543,0.7462,2.8336,5.3543,3.79737,7.17542
3,18,12.75,7428,28871,52706,0.7428,2.8871,5.2706,3.88678,7.09558
3,18,13,7388,29562,52276,0.7388,2.9562,5.2276,4.00135,7.0758
3,18,13.25,7526,28527,54537,0.7526,2.8527,5.4537,3.79046,7.24648
3,18,13.5,7444,29493,53333,0.7444,2.9493,5.3333,3.96198,7.16456
3,18,13.75,7489,28973,53615,0.7489,2.8973,5.3615,3.86874,7.15917
3,18,14,7485,28706,53538,0.7485,2.8706,5.3538,3.83514,7.15271
3,18,14.25,7466,28634,53452,0.7466,2.8634,5.3452,3.83525,7.15939
3,18,14.5,7515,29089,54094,0.7515,2.9089,5.4094,3.87079,7.19814
3,18,14.75,7545,28857,54518,0.7545,2.8857,5.4518,3.82465,7.22571
3,18,15,7476,28575,53556,0.7476,2.8575,5.3556,3.82223,7.16372
3,19,0,20,376,0,0.002,0.0376,0,18.8,0
3,19,0.25,49,591,34,0.0049,0.0591,0.0034,12.0612,0.693878
3,19,0.5,73,728,49,0.0073,0.0728,0.0049,9.9726,0.671233
3,19,0.75,114,991,94,0.0114,0.0991,0.0094,8.69298,0.824561
3,19,1,176,1457,152,0.0176,0.1457,0.0152,8.27841,0.863636
3,19,1.25,222,1853,171,0.0222,0.1853,0.0171,8.34685,0.77027
3,19,1.5,297,2374,251,0.0297,0.2374,0.0251,7.99327,0.845118
3,19,1.75,392,3074,340,0.0392,0.3074,0.034,7.84184,0.867347
3,19,2,492,3768,441,0.0492,0.3768,0.0441,7.65854,0.896341
3,19,2.25,636,4933,592,0.0636,0.4933,0.0592,7.75629,0.930818
3,19,2.5,838,6704,864,0.0838,0.6704,0.0864,8,1.03103
3,19,2.75,1081,8531,1225,0.1081,0.8531,0.1225,7.89177,1.13321
3,19,3,1400,11475,1823,0.14,1.1475,0.1823,8.19643,1.30214
3,19,3.25,1840,14578,2978,0.184,1.4578,0.2978,7.92283,1.61848
3,19,3.5,2352,19331,4447,0.2352,1.9331,0.4447,8.21896,1.89073
3,19,3.75,3064,24100,7239,0.3064,2.41,0.7239,7.86554,2.3626
3,19,4,4010,30120,12792,0.401,3.012,1.2792,7.51122,3.19002
3,19,4.25,4976,33721,20392,0.4976,3.3721,2.0392,6.77673,4.09807
3,19,4.5,5752,34653,28688,0.5752,3.4653,2.8688,6.02451,4.98748
3,19,4.75,6540,33740,39476,0.654,3.374,3.9476,5.15902,6.03609
3,19,5,6958,31369,45665,0.6958,3.1369,4.5665,4.50834,6.56295
3,19,5.25,7162,30875,48526,0.7162,3.0875,4.8526,4.31095,6.77548
3,19,5.5,7334,29819,51253,0.7334,2.9819,5.1253,4.06586,6.98841
3,19,5.75,7439,28914,53651,0.7439,2.8914,5.3651,3.88681,7.21213
3,19,6,7446,28808,54331,0.7446,2.8808,5.4331,3.86892,7.29667
3,19,6.25,7464,27976,54683,0.7464,2.7976,5.4683,3.74812,7.32623
3,19,6.5,7354,28900,52782,0.7354,2.89,5.2782,3.92983,7.17732
3,19,6.75,7321,29088,51684,0.7321,2.9088,5.1684,3.97323,7.05969
3,19,7,7343,29444,51764,0.7343,2.9444,5.1764,4.00981,7.04943
3,19,7.25,7469,28624,53581,0.7469,2.8624,5.3581,3.83237,7.17378
3,19,7.5,7451,28622,53362,0.7451,2.8622,5.3362,3.84136,7.16172
3,19,7.75,7428,28674,53002,0.7428,2.8674,5.3002,3.86026,7.13543
3,19,8,7437,29217,52891,0.7437,2.9217,5.2891,3.9286,7.11187
3,19,8.25,7476,29015,53770,0.7476,2.9015,5.377,3.88109,7.19235
3,19,8.5,7417,29265,52458,0.7417,2.9265,5.2458,3.94567,7.07267
3,19,8.75,7411,29117,53058,0.7411,2.9117,5.3058,3.92889,7.15936
3,19,9,7497,28913,54088,0.7497,2.8913,5.4088,3.85661,7.21462
3,19,9.25,7494,28632,54024,0.7494,2.8632,5.4024,3.82066,7.20897
3,19,9.5,7503,28626,54254,0.7503,2.8626,5.4254,3.81527,7.23097
3,19,9.75,7467,28984,53722,0.7467,2.8984,5.3722,3.88161,7.19459
3,19,10,7469,28370,54125,0.7469,2.837,5.4125,3.79837,7.24662
3,19,10.25,7445,28573,53287,0.7445,2.8573,5.3287,3.83788,7.15742
3,19,10.5,7417,29334,52572,0.7417,2.9334,5.2572,3.95497,7.08804
3,19,10.75,7494,28511,53860,0.7494,2.8511,5.386,3.80451,7.18708
3,19,11,7485,28906,53965,0.7485,2.8906,5.3965,3.86186,7.20975
3,19,11.25,7505,28549,54167,0.7505,2.8549,5.4167,3.804,7.21746
3,19,11.5,7541,28959,54464,0.7541,2.8959,5.4464,3.84021,7.22238
3,19,11.75,7449,28442,53900,0.7449,2.8442,5.39,3.81823,7.23587
3,19,12,7554,28239,55099,0.7554,2.8239,5.5099,3.73828,7.29402
3,19,12.25,7519,28514,54443,0.7519,2.8514,5.4443,3.79226,7.24072
3,19,12.5,7420,29102,53462,0.742,2.9102,5.3462,3.9221,7.20512
3,19,12.75,7503,28130,54796,0.7503,2.813,5.4796,3.74917,7.30321
3,19,13,7552,28441,55017,0.7552,2.8441,5.5017,3.76602,7.28509
3,19,13.25,7485,28724,53971,0.7485,2.8724,5.3971,3.83754,7.21055
3,19,13.5,7492,29085,54039,0.7492,2.9085,5.4039,3.88214,7.21289
3,19,13.75,7571,28085,55587,0.7571,2.8085,5.5587,3.70955,7.34209
3,19,14,7555,28034,55256,0.7555,2.8034,5.5256,3.71066,7.31383
3,19,14.25,7543,28606,54533,0.7543,2.8606,5.4533,3.79239,7.22962
3,19,14.5,7460,29151,53242,0.746,2.9151,5.3242,3.90764,7.137
3,19,14.75,7408,29343,52297,0.7408,2.9343,5.2297,3.96099,7.05953
3,19,15,7392,29336,52037,0.7392,2.9336,5.2037,3.96861,7.03964
4,0,0,20,422,1,0.002,0.0422,0.0001,21.1,0.05
4,0,0.25,34,425,20,0.0034,0.0425,0.002,12.5,0.588235
4,0,0.5,57,587,40,0.0057,0.0587,0.004,10.2982,0.701754
4,0,0.75,91,837,68,0.0091,0.0837,0.0068,9.1978,0.747253
4,0,1,112,900,82,0.0112,0.09,0.0082,8.03571,0.732143
4,0,1.25,142,1052,112,0.0142,0.1052,0.0112,7.40845,0.788732
4,0,1.5,185,1463,142,0.0185,0.1463,0.0142,7.90811,0.767568
4,0,1.75,275,2277,221,0.0275,0.2277,0.0221,8.28,0.803636
4,0,2,339,2620,265,0.0339,0.262,0.0265,7.72861,0.781711
4,0,2.25,476,3721,418,0.0476,0.3721,0.0418,7.81723,0.878151
4,0,2.5,640,4827,612,0.064,0.4827,0.0612,7.54219,0.95625
4,0,2.75,806,5992,809,0.0806,0.5992,0.0809,7.43424,1.00372
4,0,3,1034,8097,1125,0.1034,0.8097,0.1125,7.83075,1.08801
4,0,3.25,1306,10379,1623,0.1306,1.0379,0.1623,7.94717,1.24273
4,0,3.5,1753,14298,2608,0.1753,1.4298,0.2608,8.1563,1.48774
4,0,3.75,2279,17995,4140,0.2279,1.7995,0.414,7.89601,1.81659
4,0,4,3051,23808,7267,0.3051,2.3808,0.7267,7.80334,2.38184
4,0,4.25,3907,29326,11905,0.3907,2.9326,1.1905,7.50601,3.04709
4,0,4.5,4951,33849,20208,0.4951,3.3849,2.0208,6.8368,4.0816
4,0,4.75,5887,34882,30482,0.5887,3.4882,3.0482,5.92526,5.17785
4,0,5,6539,33570,39232,0.6539,3.357,3.9232,5.13381,5.99969
4,0,5.25,6919,31223,45718,0.6919,3.1223,4.5718,4.51265,6.6076
4,0,5.5,7146,30235,49754,0.7146,3.0235,4.9754,4.23104,6.9625
4,0,5.75,7163,29745,49907,0.7163,2.9745,4.9907,4.15259,6.96733
4,0,6,7272,29565,50931,0.7272,2.9565,5.0931,4.06559,7.00371
4,0,6.25,7325,29231,51548,0.7325,2.9231,5.1548,3.99058,7.03727
4,0,6.5,7359,29182,51973,0.7359,2.9182,5.1973,3.96548,7.06251
4,0,6.75,7334,29042,51647,0.7334,2.9042,5.1647,3.95991,7.04213
4,0,7,7342,29284,51852,0.7342,2.9284,5.1852,3.98856,7.06238
4,0,7.25,7463,28636,53609,0.7463,2.8636,5.3609,3.83706,7.1833
4,0,7.5,7497,29069,54232,0.7497,2.9069,5.4232,3.87742,7.23383
4,0,7.75,7576,28123,55420,0.7576,2.8123,5.542,3.71212,7.31521
4,0,8,7516,28600,54177,0.7516,2.86,5.4177,3.80522,7.20822
4,0,8.25,7465,28718,53589,0.7465,2.8718,5.3589,3.84702,7.1787
4,0,8.5,7400,28308,52926,0.74,2.8308,5.2926,3.82541,7.15216
4,0,8.75,7414,28786,53317,0.7414,2.8786,5.3317,3.88265,7.19139
4,0,9,7486,28741,54025,0.7486,2.8741,5.4025,3.8393,7.2168
4,0,9.25,7490,28513,54609,0.749,2.8513,5.4609,3.80681,7.29092
4,0,9.5,7419,28309,53932,0.7419,2.8309,5.3932,3.81574,7.26944
4,0,9.75,7420,29245,53412,0.742,2.9245,5.3412,3.94137,7.19838
4,0,10,7501,28397,53966,0.7501,2.8397,5.3966,3.78576,7.19451
4,0,10.25,7500,28862,53867,0.75,2.8862,5.3867,3.84827,7.18227
4,0,10.5,7482,28876,53904,0.7482,2.8876,5.3904,3.8594,7.20449
4,0,10.75,7472,28785,53610,0.7472,2.8785,5.361,3.85238,7.17479
4,0,11,7442,29111,52994,0.7442,2.9111,5.2994,3.91172,7.12094
4,0,11.25,7460,28888,53474,0.746,2.8888,5.3474,3.87239,7.1681
4,0,11.5,7415,28710,53196,0.7415,2.871,5.3196,3.87188,7.17411
4,0,11.75,7472,28442,53651,0.7472,2.8442,5.3651,3.80648,7.18027
4,0,12,7469,28112,54093,0.7469,2.8112,5.4093,3.76382,7.24233
4,0,12.25,7414,29094,52887,0.7414,2.9094,5.2887,3.9242,7.1334
4,0,12.5,7484,28771,53607,0.7484,2.8771,5.3607,3.84433,7.16288
4,0,12.75,7551,28090,55328,0.7551,2.809,5.5328,3.72004,7.32724
4,0,13,7482,28390,54240,0.7482,2.839,5.424,3.79444,7.2494
4,0,13.25,7468,28963,53791,0.7468,2.8963,5.3791,3.87828,7.20287
4,0,13.5,7478,28446,54139,0.7478,2.8446,5.4139,3.80396,7.23977
4,0,13.75,7486,28655,53866,0.7486,2.8655,5.3866,3.82781,7.19557
4,0,14,7508,28344,54712,0.7508,2.8344,5.4712,3.77517,7.28716
4,0,14.25,7480,28775,53782,0.748,2.8775,5.3782,3.84693,7.19011
4,0,14.5,7534,28536,54686,0.7534,2.8536,5.4686,3.78763,7.25856
4,0,14.75,7476,28371,54149,0.7476,2.8371,5.4149,3.79494,7.24304
4,0,15,7498,28889,53864,0.7498,2.8889,5.3864,3.85289,7.18378
4,1,0,20,388,0,0.002,0.0388,0,19.4,0
4,1,0.25,52,677,32,0.0052,0.0677,0.0032,13.0192,0.615385
4,1,0.5,85,758,74,0.0085,0.0758,0.0074,8.91765,0.870588
4,1,0.75,127,1150,108,0.0127,0.115,0.0108,9.05512,0.850394
4,1,1,190,1804,158,0.019,0.1804,0.0158,9.49474,0.831579
4,1,1.25,273,2482,235,0.0273,0.2482,0.0235,9.09158,0.860806
4,1,1.5,380,3272,336,0.038,0.3272,0.0336,8.61053,0.884211
4,1,1.75,472,3529,434,0.0472,0.3529,0.0434,7.47669,0.919492
4,1,2,580,4110,522,0.058,0.411,0.0522,7.08621,0.9
4,1,2.25,752,5714,724,0.0752,0.5714,0.0724,7.5984,0.962766
4,1,2.5,978,8093,1043,0.0978,0.8093,0.1043,8.27505,1.06646
4,1,2.75,1330,10579,1677,0.133,1.0579,0.1677,7.95414,1.2609
4,1,3,1830,15150,2886,0.183,1.515,0.2886,8.27869,1.57705
4,1,3.25,2529,20784,5219,0.2529,2.0784,0.5219,8.21827,2.06366
4,1,3.5,3354,25915,8896,0.3354,2.5915,0.8896,7.7266,2.65236
4,1,3.75,4359,31575,15075,0.4359,3.1575,1.5075,7.24363,3.45836
4,1,4,5446,34796,24686,0.5446,3.4796,2.4686,6.38928,4.53287
4,1,4.25,6316,34768,35224,0.6316,3.4768,3.5224,5.50475,5.57695
4,1,4.5,6825,32835,42604,0.6825,3.2835,4.2604,4.81099,6.24234
4,1,4.75,7016,31429,46300,0.7016,3.1429,4.63,4.47962,6.5992
4,1,5,7194,29990,49451,0.7194,2.999,4.9451,4.16875,6.87392
4,1,5.25,7337,29158,52175,0.7337,2.9158,5.2175,3.9741,7.11122
4,1,5.5,7435,28334,54267,0.7435,2.8334,5.4267,3.81089,7.29886
4,1,5.75,7454,28533,54256,0.7454,2.8533,5.4256,3.82788,7.27878
4,1,6,7407,28289,53860,0.7407,2.8289,5.386,3.81923,7.2715
4,1,6.25,7396,28510,53599,0.7396,2.851,5.3599,3.85479,7.24703
4,1,6.5,7393,28968,53234,0.7393,2.8968,5.3234,3.9183,7.2006
4,1,6.75,7402,28777,53040,0.7402,2.8777,5.304,3.88773,7.16563
4,1,7,7470,28896,53070,0.747,2.8896,5.307,3.86827,7.10442
4,1,7.25,7479,28946,53250,0.7479,2.8946,5.325,3.8703,7.11994
4,1,7.5,7507,28515,54574,0.7507,2.8515,5.4574,3.79845,7.26975
4,1,7.75,7446,28887,53526,0.7446,2.8887,5.3526,3.87953,7.18856
4,1,8,7480,28574,54331,0.748,2.8574,5.4331,3.82005,7.2635
4,1,8.25,7608,28022,55822,0.7608,2.8022,5.5822,3.68323,7.33728
4,1,8.5,7573,28419,54916,0.7573,2.8419,5.4916,3.75267,7.25155
4,1,8.75,7564,28306,54893,0.7564,2.8306,5.4893,3.7422,7.25714
4,1,9,7604,28398,55237,0.7604,2.8398,5.5237,3.73461,7.2642
4,1,9.25,7601,28348,55247,0.7601,2.8348,5.5247,3.72951,7.26839
4,1,9.5,7508,28693,54134,0.7508,2.8693,5.4134,3.82166,7.21018
4,1,9.75,7547,28795,54745,0.7547,2.8795,5.4745,3.81542,7.25388
4,1,10,7557,28269,55001,0.7557,2.8269,5.5001,3.74077,7.27815
4,1,10.25,7542,27823,55505,0.7542,2.7823,5.5505,3.68907,7.35945
4,1,10.5,7437,28631,53214,0.7437,2.8631,5.3214,3.84981,7.1553
4,1,10.75,7435,28744,53546,0.7435,2.8744,5.3546,3.86604,7.20188
4,1,11,7405,29036,52961,0.7405,2.9036,5.2961,3.92113,7.15206
4,1,11.25,7436,28534,53575,0.7436,2.8534,5.3575,3.83728,7.20481
4,1,11.5,7450,28378,54163,0.745,2.8378,5.4163,3.80913,7.2702
4,1,11.75,7416,28561,52847,0.7416,2.8561,5.2847,3.85127,7.12608
4,1,12,7411,29176,52780,0.7411,2.9176,5.278,3.93685,7.12185
4,1,12.25,7437,28898,52694,0.7437,2.8898,5.2694,3.88571,7.08538
4,1,12.5,7418,29226,52606,0.7418,2.9226,5.2606,3.93988,7.09167
4,1,12.75,7476,29134,53186,0.7476,2.9134,5.3186,3.897,7.11423
4,1,13,7448,28911,53753,0.7448,2.8911,5.3753,3.88171,7.21711
4,1,13.25,7400,29224,52705,0.74,2.9224,5.2705,3.94919,7.1223
4,1,13.5,7474,28846,54356,0.7474,2.8846,5.4356,3.85951,7.27268
4,1,13.75,7478,28510,54203,0.7478,2.851,5.4203,3.81252,7.24833
4,1,14,7429,28721,53392,0.7429,2.8721,5.3392,3.86607,7.18697
4,1,14.25,7406,28949,52931,0.7406,2.8949,5.2931,3.90886,7.14704
4,1,14.5,7424,29101,53228,0.7424,2.9101,5.3228,3.91985,7.16972
4,1,14.75,7436,29212,53125,0.7436,2.9212,5.3125,3.92846,7.1443
4,1,15,7460,29375,53446,0.746,2.9375,5.3446,3.93767,7.16434
4,2,0,20,395,0,0.002,0.0395,0,19.75,0
4,2,0.25,47,641,23,0.0047,0.0641,0.0023,13.6383,0.489362
4,2,0.5,63,606,35,0.0063,0.0606,0.0035,9.61905,0.555556
4,2,0.75,71,618,41,0.0071,0.0618,0.0041,8.70423,0.577465
4,2,1,114,1156,87,0.0114,0.1156,0.0087,10.1404,0.763158
4,2,1.25,157,1374,124,0.0157,0.1374,0.0124,8.75159,0.789809
4,2,1.5,236,2050,192,0.0236,0.205,0.0192,8.68644,0.813559
4,2,1.75,307,2543,254,0.0307,0.2543,0.0254,8.28339,0.827362
4,2,2,411,3388,359,0.0411,0.3388,0.0359,8.24331,0.873479
4,2,2.25,552,4406,492,0.0552,0.4406,0.0492,7.98188,0.891304
4,2,2.5,725,5693,708,0.0725,0.5693,0.0708,7.85241,0.976552
4,2,2.75,941,7277,1012,0.0941,0.7277,0.1012,7.73326,1.07545
4,2,3,1240,10120,1551,0.124,1.012,0.1551,8.16129,1.25081
4,2,3.25,1643,13177,2401,0.1643,1.3177,0.2401,8.02009,1.46135
4,2,3.5,1995,15076,3236,0.1995,1.5076,0.3236,7.55689,1.62206
4,2,3.75,2630,20207,5323,0.263,2.0207,0.5323,7.68327,2.02395
4,2,4,3377,26092,8759,0.3377,2.6092,0.8759,7.72638,2.59372
4,2,4.25,4344,31587,15201,0.4344,3.1587,1.5201,7.27141,3.49931
4,2,4.5,5159,33507,22321,0.5159,3.3507,2.2321,6.49486,4.32661
4,2,4.75,5983,35250,31893,0.5983,3.525,3.1893,5.89169,5.3306
4,2,5,6550,33174,39607,0.655,3.3174,3.9607,5.06473,6.04687
4,2,5.25,7027,31693,46500,0.7027,3.1693,4.65,4.51018,6.61733
4,2,5.5,7352,29724,51743,0.7352,2.9724,5.1743,4.04298,7.03795
4,2,5.75,7432,28894,53636,0.7432,2.8894,5.3636,3.88778,7.2169
4,2,6,7409,29018,53262,0.7409,2.9018,5.3262,3.91659,7.18882
4,2,6.25,7279,29519,50968,0.7279,2.9519,5.0968,4.05536,7.00206
4,2,6.5,7306,29748,50867,0.7306,2.9748,5.0867,4.07172,6.96236
4,2,6.75,7386,29245,52205,0.7386,2.9245,5.2205,3.95952,7.0681
4,2,7,7448,29020,53158,0.7448,2.902,5.3158,3.89635,7.13722
4,2,7.25,7488,28989,53819,0.7488,2.8989,5.3819,3.87139,7.18737
4,2,7.5,7417,28645,53194,0.7417,2.8645,5.3194,3.86207,7.1719
4,2,7.75,7326,28765,51964,0.7326,2.8765,5.1964,3.92643,7.09309
4,2,8,7428,29305,53164,0.7428,2.9305,5.3164,3.94521,7.15724
4,2,8.25,7612,28023,55929,0.7612,2.8023,5.5929,3.68142,7.34748
4,2,8.5,7545,28342,54911,0.7545,2.8342,5.4911,3.75639,7.2778
4,2,8.75,7451,29103,53414,0.7451,2.9103,5.3414,3.90592,7.1687
4,2,9,7549,28078,55422,0.7549,2.8078,5.5422,3.71943,7.34163
4,2,9.25,7512,28743,54311,0.7512,2.8743,5.4311,3.82628,7.2299
4,2,9.5,7550,28367,55317,0.755,2.8367,5.5317,3.75722,7.32675
4,2,9.75,7535,28174,54714,0.7535,2.8174,5.4714,3.73908,7.26131
4,2,10,7515,28817,54564,0.7515,2.8817,5.4564,3.8346,7.26068
4,2,10.25,7441,28835,53292,0.7441,2.8835,5.3292,3.87515,7.16194
4,2,10.5,7442,29074,52817,0.7442,2.9074,5.2817,3.90675,7.09715
4,2,10.75,7410,29309,52433,0.741,2.9309,5.2433,3.95533,7.07598
4,2,11,7426,29220,52965,0.7426,2.922,5.2965,3.93482,7.13237
4,2,11.25,7469,28969,53196,0.7469,2.8969,5.3196,3.87856,7.12224
4,2,11.5,7513,28276,54708,0.7513,2.8276,5.4708,3.76361,7.28178
4,2,11.75,7471,28918,53891,0.7471,2.8918,5.3891,3.8707,7.21336
4,2,12,7453,29027,53593,0.7453,2.9027,5.3593,3.89467,7.1908
4,2,12.25,7430,28568,53021,0.743,2.8568,5.3021,3.84495,7.13607
4,2,12.5,7495,28854,53682,0.7495,2.8854,5.3682,3.84977,7.16237
4,2,12.75,7549,28402,54759,0.7549,2.8402,5.4759,3.76235,7.25381
4,2,13,7422,28861,53367,0.7422,2.8861,5.3367,3.88857,7.19038
4,2,13.25,7456,28763,53714,0.7456,2.8763,5.3714,3.8577,7.20413
4,2,13.5,7431,29082,52585,0.7431,2.9082,5.2585,3.91361,7.07644
4,2,13.75,7451,28543,53600,0.7451,2.8543,5.36,3.83076,7.19367
4,2,14,7453,29159,53421,0.7453,2.9159,5.3421,3.91238,7.16772
4,2,14.25,7383,28897,52630,0.7383,2.8897,5.263,3.91399,7.12854
4,2,14.5,7484,28661,54277,0.7484,2.8661,5.4277,3.82964,7.25241
4,2,14.75,7456,29113,53688,0.7456,2.9113,5.3688,3.90464,7.20064
4,2,15,7426,28513,53956,0.7426,2.8513,5.3956,3.83962,7.26582
4,3,0,20,408,1,0.002,0.0408,0.0001,20.4,0.05
4,3,0.25,44,579,29,0.0044,0.0579,0.0029,13.1591,0.659091
4,3,0.5,92,976,76,0.0092,0.0976,0.0076,10.6087,0.826087
4,3,0.75,128,1229,102,0.0128,0.1229,0.0102,9.60156,0.796875
4,3,1,204,1926,180,0.0204,0.1926,0.018,9.44118,0.882353
4,3,1.25,280,2324,252,0.028,0.2324,0.0252,8.3,0.9
4,3,1.5,353,2762,308,0.0353,0.2762,0.0308,7.82436,0.872521
4,3,1.75,455,3338,400,0.0455,0.3338,0.04,7.33626,0.879121
4,3,2,544,3963,489,0.0544,0.3963,0.0489,7.28493,0.898897
4,3,2.25,627,4274,569,0.0627,0.4274,0.0569,6.81659,0.907496
4,3,2.5,782,5804,771,0.0782,0.5804,0.0771,7.42199,0.985934
4,3,2.75,970,7663,1017,0.097,0.7663,0.1017,7.9,1.04845
4,3,3,1238,9695,1474,0.1238,0.9695,0.1474,7.83118,1.19063
4,3,3.25,1684,13659,2462,0.1684,1.3659,0.2462,8.11105,1.462
4,3,3.5,2185,17368,3983,0.2185,1.7368,0.3983,7.94874,1.82288
4,3,3.75,2750,21337,6007,0.275,2.1337,0.6007,7.75891,2.18436
4,3,4,3547,27167,9959,0.3547,2.7167,0.9959,7.65915,2.80772
4,3,4.25,4541,32544,16897,0.4541,3.2544,1.6897,7.1667,3.72099
4,3,4.5,5518,35008,26183,0.5518,3.5008,2.6183,6.34433,4.74502
4,3,4.75,6303,34597,36317,0.6303,3.4597,3.6317,5.48897,5.76186
4,3,5,6804,32182,43372,0.6804,3.2182,4.3372,4.72986,6.37449
4,3,5.25,7144,31167,48587,0.7144,3.1167,4.8587,4.36268,6.80109
4,3,5.5,7319,29721,51564,0.7319,2.9721,5.1564,4.0608,7.04522
4,3,5.75,7441,28733,53496,0.7441,2.8733,5.3496,3.86144,7.18936
4,3,6,7508,28628,54493,0.7508,2.8628,5.4493,3.813,7.25799
4,3,6.25,7408,29056,53143,0.7408,2.9056,5.3143,3.92225,7.17373
4,3,6.5,7411,28772,53736,0.7411,2.8772,5.3736,3.88234,7.25084
4,3,6.75,7394,28465,52876,0.7394,2.8465,5.2876,3.84974,7.1512
4,3,7,7413,29247,52551,0.7413,2.9247,5.2551,3.94537,7.08903
4,3,7.25,7409,29396,52184,0.7409,2.9396,5.2184,3.96761,7.04333
4,3,7.5,7538,28756,54470,0.7538,2.8756,5.447,3.8148,7.22605
4,3,7.75,7510,27809,54911,0.751,2.7809,5.4911,3.70293,7.31172
4,3,8,7463,28552,53834,0.7463,2.8552,5.3834,3.82581,7.21345
4,3,8.25,7396,28975,52449,0.7396,2.8975,5.2449,3.91766,7.09154
4,3,8.5,7428,28783,53274,0.7428,2.8783,5.3274,3.87493,7.17205
4,3,8.75,7475,28859,54130,0.7475,2.8859,5.413,3.86074,7.24147
4,3,9,7420,29144,53474,0.742,2.9144,5.3474,3.92776,7.20674
4,3,9.25,7518,28826,54332,0.7518,2.8826,5.4332,3.83426,7.22692
4,3,9.5,7583,28293,55015,0.7583,2.8293,5.5015,3.73111,7.25504
4,3,9.75,7508,28295,54160,0.7508,2.8295,5.416,3.76865,7.21364
4,3,10,7513,28840,54344,0.7513,2.884,5.4344,3.83868,7.23333
4,3,10.25,7485,28705,53692,0.7485,2.8705,5.3692,3.835,7.17328
4,3,10.5,7428,28820,53026,0.7428,2.882,5.3026,3.87991,7.13866
4,3,10.75,7467,28516,53742,0.7467,2.8516,5.3742,3.81894,7.19727
4,3,11,7515,28271,54722,0.7515,2.8271,5.4722,3.76194,7.2817
4,3,11.25,7490,28488,54366,0.749,2.8488,5.4366,3.80347,7.25848
4,3,11.5,7484,28549,54168,0.7484,2.8549,5.4168,3.81467,7.23784
4,3,11.75,7395,29186,52573,0.7395,2.9186,5.2573,3.94672,7.10926
4,3,12,7355,29204,52070,0.7355,2.9204,5.207,3.97063,7.07954
4,3,12.25,7393,28857,52575,0.7393,2.8857,5.2575,3.90329,7.11146
4,3,12.5,7418,28497,52913,0.7418,2.8497,5.2913,3.8416,7.13305
4,3,12.75,7442,29217,52760,0.7442,2.9217,5.276,3.92596,7.08949
4,3,13,7488,29059,53869,0.7488,2.9059,5.3869,3.88074,7.19404
4,3,13.25,7535,28438,54038,0.7535,2.8438,5.4038,3.77412,7.1716
4,3,13.5,7494,28605,53834,0.7494,2.8605,5.3834,3.81705,7.18361
4,3,13.75,7482,29254,53156,0.7482,2.9254,5.3156,3.90992,7.10452
4,3,14,7489,28774,53131,0.7489,2.8774,5.3131,3.84217,7.09454
4,3,14.25,7464,28583,53746,0.7464,2.8583,5.3746,3.82945,7.2007
4,3,14.5,7513,28191,54442,0.7513,2.8191,5.4442,3.7523,7.24637
4,3,14.75,7552,28351,55425,0.7552,2.8351,5.5425,3.7541,7.33912
4,3,15,7438,28702,53598,0.7438,2.8702,5.3598,3.85883,7.20597
4,4,0,20,400,0,0.002,0.04,0,20,0
4,4,0.25,49,600,34,0.0049,0.06,0.0034,12.2449,0.693878
4,4,0.5,83,881,64,0.0083,0.0881,0.0064,10.6145,0.771084
4,4,0.75,86,717,54,0.0086,0.0717,0.0054,8.33721,0.627907
4,4,1,115,930,82,0.0115,0.093,0.0082,8.08696,0.713043
4,4,1.25,148,1107,112,0.0148,0.1107,0.0112,7.47973,0.756757
4,4,1.5,166,1240,119,0.0166,0.124,0.0119,7.46988,0.716867
4,4,1.75,203,1547,141,0.0203,0.1547,0.0141,7.62069,0.694581
4,4,2,244,1788,172,0.0244,0.1788,0.0172,7.32787,0.704918
4,4,2.25,305,2419,236,0.0305,0.2419,0.0236,7.93115,0.77377
4,4,2.5,378,2829,300,0.0378,0.2829,0.03,7.48413,0.793651
4,4,2.75,478,3606,395,0.0478,0.3606,0.0395,7.54393,0.82636
4,4,3,543,3736,457,0.0543,0.3736,0.0457,6.88029,0.841621
4,4,3.25,678,5045,621,0.0678,0.5045,0.0621,7.441,0.915929
4,4,3.5,860,7028,906,0.086,0.7028,0.0906,8.17209,1.05349
4,4,3.75,1158,9599,1393,0.1158,0.9599,0.1393,8.28929,1.20294
4,4,4,1433,10930,1927,0.1433,1.093,0.1927,7.62736,1.34473
4,4,4.25,1806,13969,2787,0.1806,1.3969,0.2787,7.73477,1.54319
4,4,4.5,2303,18425,4395,0.2303,1.8425,0.4395,8.00043,1.90838
4,4,4.75,3016,24332,7361,0.3016,2.4332,0.7361,8.06764,2.44065
4,4,5,4034,30285,13243,0.4034,3.0285,1.3243,7.50744,3.28285
4,4,5.25,4959,33103,20796,0.4959,3.3103,2.0796,6.67534,4.19359
4,4,5.5,5829,34066,29273,0.5829,3.4066,2.9273,5.84423,5.02196
4,4,5.75,6444,34004,37092,0.6444,3.4004,3.7092,5.27685,5.75605
4,4,6,6889,32194,44432,0.6889,3.2194,4.4432,4.67325,6.4497
4,4,6.25,7180,30042,49470,0.718,3.0042,4.947,4.18412,6.88997
4,4,6.5,7347,29192,52833,0.7347,2.9192,5.2833,3.97332,7.1911
4,4,6.75,7296,29327,51783,0.7296,2.9327,5.1783,4.0196,7.09745
4,4,7,7431,29016,53485,0.7431,2.9016,5.3485,3.90472,7.19755
4,4,7.25,7410,29567,53164,0.741,2.9567,5.3164,3.99015,7.17463
4,4,7.5,7318,28959,51710,0.7318,2.8959,5.171,3.95723,7.06614
4,4,7.75,7322,29362,51491,0.7322,2.9362,5.1491,4.01011,7.03237
4,4,8,7355,29073,52327,0.7355,2.9073,5.2327,3.95282,7.11448
4,4,8.25,7380,29155,52400,0.738,2.9155,5.24,3.95054,7.10027
4,4,8.5,7557,28451,55044,0.7557,2.8451,5.5044,3.76485,7.28384
4,4,8.75,7528,28296,54548,0.7528,2.8296,5.4548,3.75877,7.24601
4,4,9,7472,28852,53640,0.7472,2.8852,5.364,3.86135,7.1788
4,4,9.25,7405,29084,52791,0.7405,2.9084,5.2791,3.92762,7.1291
4,4,9.5,7486,28574,54534,0.7486,2.8574,5.4534,3.81699,7.2848
4,4,9.75,7468,28384,53943,0.7468,2.8384,5.3943,3.80075,7.22322
4,4,10,7439,28853,53455,0.7439,2.8853,5.3455,3.87861,7.18578
4,4,10.25,7509,28072,54665,0.7509,2.8072,5.4665,3.73845,7.27993
4,4,10.5,7475,28069,54349,0.7475,2.8069,5.4349,3.75505,7.27077
4,4,10.75,7434,29107,52889,0.7434,2.9107,5.2889,3.91539,7.11447
4,4,11,7401,29855,52481,0.7401,2.9855,5.2481,4.03391,7.09107
4,4,11.25,7481,29166,53546,0.7481,2.9166,5.3546,3.89868,7.1576
4,4,11.5,7421,28743,53671,0.7421,2.8743,5.3671,3.8732,7.23231
4,4,11.75,7411,28525,53168,0.7411,2.8525,5.3168,3.84901,7.1742
4,4,12,7422,28909,52615,0.7422,2.8909,5.2615,3.89504,7.08906
4,4,12.25,7404,29203,52404,0.7404,2.9203,5.2404,3.94422,7.0778
4,4,12.5,7405,29081,52557,0.7405,2.9081,5.2557,3.92721,7.0975
4,4,12.75,7467,29563,53227,0.7467,2.9563,5.3227,3.95915,7.1283
4,4,13,7409,30044,52340,0.7409,3.0044,5.234,4.05507,7.06438
4,4,13.25,7407,28718,52733,0.7407,2.8718,5.2733,3.87714,7.11935
4,4,13.5,7363,28995,52310,0.7363,2.8995,5.231,3.93793,7.10444
4,4,13.75,7361,29340,51963,0.7361,2.934,5.1963,3.98587,7.05923
4,4,14,7298,29680,50975,0.7298,2.968,5.0975,4.06687,6.98479
4,4,14.25,7383,29005,52549,0.7383,2.9005,5.2549,3.92862,7.11757
4,4,14.5,7494,29247,53661,0.7494,2.9247,5.3661,3.90272,7.16053
4,4,14.75,7499,28506,54048,0.7499,2.8506,5.4048,3.80131,7.20736
4,4,15,7380,28624,52741,0.738,2.8624,5.2741,3.87859,7.14648
4,5,0,20,394,0,0.002,0.0394,0,19.7,0
4,5,0.25,42,549,26,0.0042,0.0549,0.0026,13.0714,0.619048
4,5,0.5,61,575,42,0.0061,0.0575,0.0042,9.42623,0.688525
4,5,0.75,77,621,57,0.0077,0.0621,0.0057,8.06494,0.74026
4,5,1,103,879,74,0.0103,0.0879,0.0074,8.53398,0.718447
4,5,1.25,164,1459,138,0.0164,0.1459,0.0138,8.89634,0.841463
4,5,1.5,220,1647,184,0.022,0.1647,0.0184,7.48636,0.836364
4,5,1.75,274,2053,217,0.0274,0.2053,0.0217,7.4927,0.791971
4,5,2,341,2618,269,0.0341,0.2618,0.0269,7.67742,0.788856
4,5,2.25,442,3453,379,0.0442,0.3453,0.0379,7.81222,0.857466
4,5,2.5,586,4930,534,0.0586,0.493,0.0534,8.41297,0.911263
4,5,2.75,757,5841,765,0.0757,0.5841,0.0765,7.71598,1.01057
4,5,3,975,7808,1040,0.0975,0.7808,0.104,8.00821,1.06667
4,5,3.25,1331,10717,1705,0.1331,1.0717,0.1705,8.05184,1.28099
4,5,3.5,1748,14385,2721,0.1748,1.4385,0.2721,8.22941,1.55664
4,5,3.75,2324,18403,4338,0.2324,1.8403,0.4338,7.91867,1.86661
4,5,4,3076,24164,7452,0.3076,2.4164,0.7452,7.85566,2.42263
4,5,4.25,4024,29842,12716,0.4024,2.9842,1.2716,7.416,3.16004
4,5,4.5,4970,33513,20109,0.497,3.3513,2.0109,6.74306,4.04608
4,5,4.75,5859,34637,29533,0.5859,3.4637,2.9533,5.91176,5.04062
4,5,5,6529,33788,38891,0.6529,3.3788,3.8891,5.17507,5.95665
4,5,5.25,6938,31795,45857,0.6938,3.1795,4.5857,4.58273,6.60954
4,5,5.5,7159,30527,49134,0.7159,3.0527,4.9134,4.26414,6.86325
4,5,5.75,7305,29422,52176,0.7305,2.9422,5.2176,4.02765,7.14251
4,5,6,7304,29288,51421,0.7304,2.9288,5.1421,4.00986,7.04012
4,5,6.25,7389,29403,52909,0.7389,2.9403,5.2909,3.97929,7.16051
4,5,6.5,7427,29050,53512,0.7427,2.905,5.3512,3.9114,7.20506
4,5,6.75,7438,28238,53819,0.7438,2.8238,5.3819,3.79645,7.23568
4,5,7,7491,28291,54396,0.7491,2.8291,5.4396,3.77667,7.26151
4,5,7.25,7528,28553,55109,0.7528,2.8553,5.5109,3.79291,7.32054
4,5,7.5,7497,28312,54482,0.7497,2.8312,5.4482,3.77644,7.26717
4,5,7.75,7411,28350,53687,0.7411,2.835,5.3687,3.82539,7.24423
4,5,8,7433,28726,53359,0.7433,2.8726,5.3359,3.86466,7.17866
4,5,8.25,7417,28919,52802,0.7417,2.8919,5.2802,3.89902,7.11905
4,5,8.5,7437,29622,52569,0.7437,2.9622,5.2569,3.98306,7.06858
4,5,8.75,7433,29026,52743,0.7433,2.9026,5.2743,3.90502,7.09579
4,5,9,7447,29013,52768,0.7447,2.9013,5.2768,3.89593,7.08581
4,5,9.25,7464,28899,53175,0.7464,2.8899,5.3175,3.87178,7.1242
4,5,9.5,7558,28151,55295,0.7558,2.8151,5.5295,3.72466,7.31609
4,5,9.75,7403,28491,53316,0.7403,2.8491,5.3316,3.84857,7.20195
4,5,10,7398,28864,52797,0.7398,2.8864,5.2797,3.9016,7.13666
4,5,10.25,7406,29127,52681,0.7406,2.9127,5.2681,3.93289,7.11329
4,5,10.5,7415,29183,52486,0.7415,2.9183,5.2486,3.93567,7.07835
4,5,10.75,7516,28735,53884,0.7516,2.8735,5.3884,3.82318,7.16924
4,5,11,7540,28345,54253,0.754,2.8345,5.4253,3.75928,7.19536
4,5,11.25,7489,28827,53959,0.7489,2.8827,5.3959,3.84925,7.2051
4,5,11.5,7488,29216,53809,0.7488,2.9216,5.3809,3.90171,7.18603
4,5,11.75,7450,29234,53727,0.745,2.9234,5.3727,3.92403,7.21168
4,5,12,7470,28602,54164,0.747,2.8602,5.4164,3.82892,7.25087
4,5,12.25,7489,28338,53981,0.7489,2.8338,5.3981,3.78395,7.20804
4,5,12.5,7380,28964,52426,0.738,2.8964,5.2426,3.92466,7.10379
4,5,12.75,7409,28493,53435,0.7409,2.8493,5.3435,3.84573,7.21217
4,5,13,7469,28665,53897,0.7469,2.8665,5.3897,3.83786,7.21609
4,5,13.25,7561,28503,55267,0.7561,2.8503,5.5267,3.76974,7.30948
4,5,13.5,7569,28009,54890,0.7569,2.8009,5.489,3.70049,7.25195
4,5,13.75,7470,28817,53283,0.747,2.8817,5.3283,3.8577,7.13293
4,5,14,7476,28588,53633,0.7476,2.8588,5.3633,3.82397,7.17402
4,5,14.25,7501,28341,54693,0.7501,2.8341,5.4693,3.7783,7.29143
4,5,14.5,7474,28273,53973,0.7474,2.8273,5.3973,3.78285,7.22143
4,5,14.75,7417,28245,53706,0.7417,2.8245,5.3706,3.80814,7.24093
4,5,15,7430,28762,53747,0.743,2.8762,5.3747,3.87106,7.23378
4,6,0,20,399,2,0.002,0.0399,0.0002,19.95,0.1
4,6,0.25,51,632,33,0.0051,0.0632,0.0033,12.3922,0.647059
4,6,0.5,82,800,62,0.0082,0.08,0.0062,9.7561,0.756098
4,6,0.75,101,845,73,0.0101,0.0845,0.0073,8.36634,0.722772
4,6,1,130,1103,100,0.013,0.1103,0.01,8.48462,0.769231
4,6,1.25,164,1119,131,0.0164,0.1119,0.0131,6.82317,0.79878
4,6,1.5,208,1437,165,0.0208,0.1437,0.0165,6.90865,0.793269
4,6,1.75,278,2136,229,0.0278,0.2136,0.0229,7.68345,0.823741
4,6,2,399,3264,346,0.0399,0.3264,0.0346,8.18045,0.867168
4,6,2.25,567,4775,554,0.0567,0.4775,0.0554,8.42152,0.977072
4,6,2.5,751,6308,785,0.0751,0.6308,0.0785,8.39947,1.04527
4,6,2.75,993,8168,1120,0.0993,0.8168,0.112,8.22558,1.1279
4,6,3,1311,10649,1678,0.1311,1.0649,0.1678,8.12281,1.27994
4,6,3.25,1779,14176,2724,0.1779,1.4176,0.2724,7.96852,1.5312
4,6,3.5,2214,17194,3886,0.2214,1.7194,0.3886,7.76603,1.75519
4,6,3.75,2862,22353,6208,0.2862,2.2353,0.6208,7.81027,2.16911
4,6,4,3690,27820,10551,0.369,2.782,1.0551,7.5393,2.85935
4,6,4.25,4607,32219,16857,0.4607,3.2219,1.6857,6.99349,3.659
4,6,4.5,5471,34678,25381,0.5471,3.4678,2.5381,6.33851,4.63919
4,6,4.75,6345,35191,35752,0.6345,3.5191,3.5752,5.54626,5.63467
4,6,5,7024,31959,46058,0.7024,3.1959,4.6058,4.54997,6.55723
4,6,5.25,7306,30052,51032,0.7306,3.0052,5.1032,4.11333,6.98494
4,6,5.5,7368,29037,52851,0.7368,2.9037,5.2851,3.94096,7.17305
4,6,5.75,7348,28485,53017,0.7348,2.8485,5.3017,3.87657,7.21516
4,6,6,7307,28895,52004,0.7307,2.8895,5.2004,3.95443,7.11701
4,6,6.25,7272,30043,50869,0.7272,3.0043,5.0869,4.13133,6.99519
4,6,6.5,7403,28891,52984,0.7403,2.8891,5.2984,3.90261,7.1571
4,6,6.75,7470,28687,54254,0.747,2.8687,5.4254,3.84029,7.26292
4,6,7,7416,28713,53458,0.7416,2.8713,5.3458,3.87176,7.20847
4,6,7.25,7362,28957,52550,0.7362,2.8957,5.255,3.93331,7.13801
4,6,7.5,7406,29090,53796,0.7406,2.909,5.3796,3.9279,7.26384
4,6,7.75,7427,28592,53495,0.7427,2.8592,5.3495,3.84974,7.20277
4,6,8,7431,29093,52926,0.7431,2.9093,5.2926,3.91509,7.12233
4,6,8.25,7500,28326,54827,0.75,2.8326,5.4827,3.7768,7.31027
4,6,8.5,7433,29000,53223,0.7433,2.9,5.3223,3.90152,7.16037
4,6,8.75,7485,28597,54089,0.7485,2.8597,5.4089,3.82057,7.22632
4,6,9,7505,28315,54596,0.7505,2.8315,5.4596,3.77282,7.27462
4,6,9.25,7458,28445,53246,0.7458,2.8445,5.3246,3.81403,7.13945
4,6,9.5,7529,28511,54782,0.7529,2.8511,5.4782,3.78682,7.27613
4,6,9.75,7503,27648,54762,0.7503,2.7648,5.4762,3.68493,7.29868
4,6,10,7450,28446,53546,0.745,2.8446,5.3546,3.81826,7.18738
4,6,10.25,7418,29385,52854,0.7418,2.9385,5.2854,3.96131,7.1251
4,6,10.5,7402,28811,52642,0.7402,2.8811,5.2642,3.89233,7.11186
4,6,10.75,7442,29330,53093,0.7442,2.933,5.3093,3.94114,7.13424
4,6,11,7496,28940,54365,0.7496,2.894,5.4365,3.86073,7.25253
4,6,11.25,7513,28587,54615,0.7513,2.8587,5.4615,3.805,7.2694
4,6,11.5,7444,28588,53658,0.7444,2.8588,5.3658,3.84041,7.20822
4,6,11.75,7450,29101,52991,0.745,2.9101,5.2991,3.90617,7.11289
4,6,12,7456,28767,53192,0.7456,2.8767,5.3192,3.85823,7.13412
4,6,12.25,7422,28909,52993,0.7422,2.8909,5.2993,3.89504,7.13999
4,6,12.5,7561,28183,55330,0.7561,2.8183,5.533,3.72742,7.31782
4,6,12.75,7490,28453,54664,0.749,2.8453,5.4664,3.7988,7.29826
4,6,13,7418,28875,53235,0.7418,2.8875,5.3235,3.89256,7.17646
4,6,13.25,7434,28726,53331,0.7434,2.8726,5.3331,3.86414,7.17393
4,6,13.5,7509,28468,54336,0.7509,2.8468,5.4336,3.79118,7.23612
4,6,13.75,7441,28579,53268,0.7441,2.8579,5.3268,3.84075,7.15872
4,6,14,7464,28736,53614,0.7464,2.8736,5.3614,3.84995,7.18301
4,6,14.25,7502,28654,54398,0.7502,2.8654,5.4398,3.81951,7.25113
4,6,14.5,7559,28336,55416,0.7559,2.8336,5.5416,3.74864,7.33113
4,6,14.75,7512,28486,54275,0.7512,2.8486,5.4275,3.79207,7.22511
4,6,15,7511,28768,53790,0.7511,2.8768,5.379,3.83012,7.1615
4,7,0,20,386,2,0.002,0.0386,0.0002,19.3,0.1
4,7,0.25,55,701,37,0.0055,0.0701,0.0037,12.7455,0.672727
4,7,0.5,79,832,51,0.0079,0.0832,0.0051,10.5316,0.64557
4,7,0.75,139,1423,107,0.0139,0.1423,0.0107,10.2374,0.769784
4,7,1,198,1815,157,0.0198,0.1815,0.0157,9.16667,0.792929
4,7,1.25,276,2336,230,0.0276,0.2336,0.023,8.46377,0.833333
4,7,1.5,392,3477,344,0.0392,0.3477,0.0344,8.8699,0.877551
4,7,1.75,546,4649,513,0.0546,0.4649,0.0513,8.51465,0.93956
4,7,2,787,6754,842,0.0787,0.6754,0.0842,8.58196,1.06989
4,7,2.25,1037,8666,1158,0.1037,0.8666,0.1158,8.3568,1.11668
4,7,2.5,1379,11337,1833,0.1379,1.1337,0.1833,8.22117,1.32922
4,7,2.75,1765,13757,2735,0.1765,1.3757,0.2735,7.79433,1.54958
4,7,3,2289,17853,4204,0.2289,1.7853,0.4204,7.79948,1.83661
4,7,3.25,2914,22556,6500,0.2914,2.2556,0.65,7.74056,2.23061
4,7,3.5,3651,26726,10158,0.3651,2.6726,1.0158,7.32019,2.78225
4,7,3.75,4648,33058,17217,0.4648,3.3058,1.7217,7.11231,3.70417
4,7,4,5571,35068,26388,0.5571,3.5068,2.6388,6.29474,4.73667
4,7,4.25,6271,33669,35638,0.6271,3.3669,3.5638,5.369,5.68299
4,7,4.5,6768,32653,43120,0.6768,3.2653,4.312,4.82462,6.37116
4,7,4.75,7145,30872,49107,0.7145,3.0872,4.9107,4.32078,6.87292
4,7,5,7312,29224,51509,0.7312,2.9224,5.1509,3.99672,7.04445
4,7,5.25,7371,28876,52692,0.7371,2.8876,5.2692,3.91751,7.14856
4,7,5.5,7411,29053,53430,0.7411,2.9053,5.343,3.92025,7.20955
4,7,5.75,7471,28376,54780,0.7471,2.8376,5.478,3.79815,7.33235
4,7,6,7442,28635,54011,0.7442,2.8635,5.4011,3.84776,7.25759
4,7,6.25,7406,28727,53488,0.7406,2.8727,5.3488,3.87888,7.22225
4,7,6.5,7448,29285,53041,0.7448,2.9285,5.3041,3.93193,7.12151
4,7,6.75,7527,28485,54702,0.7527,2.8485,5.4702,3.78438,7.26744
4,7,7,7440,28724,53504,0.744,2.8724,5.3504,3.86075,7.1914
4,7,7.25,7409,28951,53031,0.7409,2.8951,5.3031,3.90754,7.15765
4,7,7.5,7421,28693,52684,0.7421,2.8693,5.2684,3.86646,7.09931
4,7,7.75,7460,29215,52732,0.746,2.9215,5.2732,3.91622,7.06863
4,7,8,7529,28972,54550,0.7529,2.8972,5.455,3.84805,7.24532
4,7,8.25,7568,27444,55397,0.7568,2.7444,5.5397,3.62632,7.3199
4,7,8.5,7467,28851,53251,0.7467,2.8851,5.3251,3.8638,7.13151
4,7,8.75,7447,28846,53110,0.7447,2.8846,5.311,3.87351,7.13173
4,7,9,7592,27811,55459,0.7592,2.7811,5.5459,3.6632,7.30493
4,7,9.25,7522,28636,54500,0.7522,2.8636,5.45,3.80697,7.24541
4,7,9.5,7498,28410,54219,0.7498,2.841,5.4219,3.78901,7.23113
4,7,9.75,7461,28797,53785,0.7461,2.8797,5.3785,3.85967,7.20882
4,7,10,7451,28757,53672,0.7451,2.8757,5.3672,3.85948,7.20333
4,7,10.25,7492,28918,53676,0.7492,2.8918,5.3676,3.85985,7.16444
4,7,10.5,7590,27828,55528,0.759,2.7828,5.5528,3.6664,7.31594
4,7,10.75,7559,28312,55144,0.7559,2.8312,5.5144,3.74547,7.29514
4,7,11,7513,28182,54362,0.7513,2.8182,5.4362,3.7511,7.23572
4,7,11.25,7453,28878,53521,0.7453,2.8878,5.3521,3.87468,7.18114
4,7,11.5,7519,28316,54575,0.7519,2.8316,5.4575,3.76593,7.25828
4,7,11.75,7486,28634,54041,0.7486,2.8634,5.4041,3.82501,7.21894
4,7,12,7510,28348,54945,0.751,2.8348,5.4945,3.7747,7.31625
4,7,12.25,7489,28090,54772,0.7489,2.809,5.4772,3.75083,7.31366
4,7,12.5,7531,28370,54896,0.7531,2.837,5.4896,3.7671,7.28934
4,7,12.75,7478,28874,53860,0.7478,2.8874,5.386,3.86119,7.20246
4,7,13,7464,28814,53557,0.7464,2.8814,5.3557,3.8604,7.17538
4,7,13.25,7488,28915,53989,0.7488,2.8915,5.3989,3.86151,7.21007
4,7,13.5,7493,28844,53461,0.7493,2.8844,5.3461,3.84946,7.13479
4,7,13.75,7428,29251,52764,0.7428,2.9251,5.2764,3.93794,7.10339
4,7,14,7403,29019,52625,0.7403,2.9019,5.2625,3.9199,7.1086
4,7,14.25,7478,29236,53907,0.7478,2.9236,5.3907,3.9096,7.20875
4,7,14.5,7494,28398,53940,0.7494,2.8398,5.394,3.78943,7.19776
4,7,14.75,7488,28564,54138,0.7488,2.8564,5.4138,3.81464,7.22997
4,7,15,7444,28803,53465,0.7444,2.8803,5.3465,3.86929,7.18229
4,8,0,20,413,0,0.002,0.0413,0,20.65,0
4,8,0.25,23,246,8,0.0023,0.0246,0.0008,10.6957,0.347826
4,8,0.5,30,319,19,0.003,0.0319,0.0019,10.6333,0.633333
4,8,0.75,40,401,25,0.004,0.0401,0.0025,10.025,0.625
4,8,1,55,456,39,0.0055,0.0456,0.0039,8.29091,0.709091
4,8,1.25,70,486,55,0.007,0.0486,0.0055,6.94286,0.785714
4,8,1.5,85,630,58,0.0085,0.063,0.0058,7.41176,0.682353
4,8,1.75,97,688,70,0.0097,0.0688,0.007,7.09278,0.721649
4,8,2,115,919,82,0.0115,0.0919,0.0082,7.9913,0.713043
4,8,2.25,142,1097,97,0.0142,0.1097,0.0097,7.72535,0.683099
4,8,2.5,180,1505,126,0.018,0.1505,0.0126,8.36111,0.7
4,8,2.75,290,2603,255,0.029,0.2603,0.0255,8.97586,0.87931
4,8,3,417,3588,411,0.0417,0.3588,0.0411,8.60432,0.985612
4,8,3.25,529,4286,496,0.0529,0.4286,0.0496,8.10208,0.937618
4,8,3.5,671,5219,641,0.0671,0.5219,0.0641,7.77794,0.955291
4,8,3.75,869,6844,896,0.0869,0.6844,0.0896,7.87572,1.03107
4,8,4,1139,8549,1351,0.1139,0.8549,0.1351,7.50571,1.18613
4,8,4.25,1443,11057,1908,0.1443,1.1057,0.1908,7.66251,1.32225
4,8,4.5,1833,14085,2822,0.1833,1.4085,0.2822,7.68412,1.53955
4,8,4.75,2283,17640,4090,0.2283,1.764,0.409,7.72668,1.7915
4,8,5,3015,23481,7077,0.3015,2.3481,0.7077,7.78806,2.34726
4,8,5.25,3869,29214,11859,0.3869,2.9214,1.1859,7.55079,3.06513
4,8,5.5,4858,34029,19616,0.4858,3.4029,1.9616,7.00473,4.03788
4,8,5.75,5826,35224,29435,0.5826,3.5224,2.9435,6.046,5.05235
4,8,6,6517,34008,38204,0.6517,3.4008,3.8204,5.21835,5.86221
4,8,6.25,6997,31569,45719,0.6997,3.1569,4.5719,4.51179,6.53409
4,8,6.5,7192,30290,49488,0.7192,3.029,4.9488,4.21162,6.88098
4,8,6.75,7315,29067,52146,0.7315,2.9067,5.2146,3.97362,7.12864
4,8,7,7350,29148,52019,0.735,2.9148,5.2019,3.96571,7.07741
4,8,7.25,7448,28602,53771,0.7448,2.8602,5.3771,3.84023,7.21952
4,8,7.5,7531,27791,54976,0.7531,2.7791,5.4976,3.69021,7.29996
4,8,7.75,7544,28231,55600,0.7544,2.8231,5.56,3.74218,7.3701
4,8,8,7576,28476,55794,0.7576,2.8476,5.5794,3.75871,7.36457
4,8,8.25,7614,27627,56300,0.7614,2.7627,5.63,3.62845,7.39427
4,8,8.5,7418,28622,52925,0.7418,2.8622,5.2925,3.85845,7.13467
4,8,8.75,7397,28900,53292,0.7397,2.89,5.3292,3.90699,7.20454
4,8,9,7360,29410,52084,0.736,2.941,5.2084,3.99592,7.07663
4,8,9.25,7435,29068,53061,0.7435,2.9068,5.3061,3.90962,7.13665
4,8,9.5,7605,28335,55790,0.7605,2.8335,5.579,3.72584,7.33596
4,8,9.75,7510,28206,54675,0.751,2.8206,5.4675,3.75579,7.28029
4,8,10,7456,28219,54335,0.7456,2.8219,5.4335,3.78474,7.28742
4,8,10.25,7511,28660,54682,0.7511,2.866,5.4682,3.81574,7.28026
4,8,10.5,7481,28175,54645,0.7481,2.8175,5.4645,3.76621,7.3045
4,8,10.75,7449,28904,53356,0.7449,2.8904,5.3356,3.88025,7.16284
4,8,11,7501,29227,53768,0.7501,2.9227,5.3768,3.89641,7.16811
4,8,11.25,7527,28849,53988,0.7527,2.8849,5.3988,3.83274,7.17258
4,8,11.5,7472,28742,53720,0.7472,2.8742,5.372,3.84663,7.18951
4,8,11.75,7411,29362,52684,0.7411,2.9362,5.2684,3.96195,7.10889
4,8,12,7443,29192,53056,0.7443,2.9192,5.3056,3.92207,7.12831
4,8,12.25,7592,28497,55190,0.7592,2.8497,5.519,3.75356,7.26949
4,8,12.5,7548,28551,54986,0.7548,2.8551,5.4986,3.78259,7.28484
4,8,12.75,7575,28249,55737,0.7575,2.8249,5.5737,3.72924,7.35802
4,8,13,7542,28291,55112,0.7542,2.8291,5.5112,3.75113,7.30735
4,8,13.25,7441,29143,53719,0.7441,2.9143,5.3719,3.91654,7.21933
4,8,13.5,7472,28221,54422,0.7472,2.8221,5.4422,3.7769,7.28346
4,8,13.75,7489,28701,53930,0.7489,2.8701,5.393,3.83242,7.20123
4,8,14,7472,28828,53676,0.7472,2.8828,5.3676,3.85814,7.18362
4,8,14.25,7510,28743,53931,0.751,2.8743,5.3931,3.8273,7.18123
4,8,14.5,7490,28762,53659,0.749,2.8762,5.3659,3.84005,7.16409
4,8,14.75,7435,28788,52923,0.7435,2.8788,5.2923,3.87196,7.11809
4,8,15,7424,28990,53098,0.7424,2.899,5.3098,3.9049,7.15221
4,9,0,20,445,0,0.002,0.0445,0,22.25,0
4,9,0.25,48,623,30,0.0048,0.0623,0.003,12.9792,0.625
4,9,0.5,88,938,67,0.0088,0.0938,0.0067,10.6591,0.761364
4,9,0.75,121,981,94,0.0121,0.0981,0.0094,8.10744,0.77686
4,9,1,155,1112,119,0.0155,0.1112,0.0119,7.17419,0.767742
4,9,1.25,169,1174,116,0.0169,0.1174,0.0116,6.94675,0.686391
4,9,1.5,192,1287,129,0.0192,0.1287,0.0129,6.70312,0.671875
4,9,1.75,243,1810,185,0.0243,0.181,0.0185,7.44856,0.761317
4,9,2,310,2351,259,0.031,0.2351,0.0259,7.58387,0.835484
4,9,2.25,380,2833,313,0.038,0.2833,0.0313,7.45526,0.823684
4,9,2.5,476,3446,405,0.0476,0.3446,0.0405,7.2395,0.85084
4,9,2.75,591,4562,530,0.0591,0.4562,0.053,7.71912,0.896785
4,9,3,710,5546,659,0.071,0.5546,0.0659,7.81127,0.928169
4,9,3.25,860,6447,863,0.086,0.6447,0.0863,7.49651,1.00349
4,9,3.5,1113,8637,1239,0.1113,0.8637,0.1239,7.76011,1.11321
4,9,3.75,1370,10437,1701,0.137,1.0437,0.1701,7.61825,1.24161
4,9,4,1712,13105,2446,0.1712,1.3105,0.2446,7.65479,1.42874
4,9,4.25,2253,17637,4012,0.2253,1.7637,0.4012,7.82823,1.78074
4,9,4.5,2972,23075,6788,0.2972,2.3075,0.6788,7.76413,2.28398
4,9,4.75,3714,27299,10693,0.3714,2.7299,1.0693,7.3503,2.87911
4,9,5,4632,32688,17284,0.4632,3.2688,1.7284,7.05699,3.73143
4,9,5.25,5646,35379,27572,0.5646,3.5379,2.7572,6.26621,4.88346
4,9,5.5,6287,33806,36114,0.6287,3.3806,3.6114,5.37713,5.74423
4,9,5.75,6799,32388,43288,0.6799,3.2388,4.3288,4.76364,6.36682
4,9,6,7130,30535,49034,0.713,3.0535,4.9034,4.28261,6.87714
4,9,6.25,7248,29614,50814,0.7248,2.9614,5.0814,4.08582,7.01076
4,9,6.5,7400,29115,53017,0.74,2.9115,5.3017,3.93446,7.16446
4,9,6.75,7436,28750,53901,0.7436,2.875,5.3901,3.86633,7.24866
4,9,7,7347,29223,52791,0.7347,2.9223,5.2791,3.97754,7.18538
4,9,7.25,7454,28887,54088,0.7454,2.8887,5.4088,3.87537,7.25624
4,9,7.5,7425,28886,53043,0.7425,2.8886,5.3043,3.89037,7.14384
4,9,7.75,7465,28476,53817,0.7465,2.8476,5.3817,3.8146,7.20924
4,9,8,7446,29100,53454,0.7446,2.91,5.3454,3.90814,7.17889
4,9,8.25,7400,29316,52514,0.74,2.9316,5.2514,3.96162,7.09649
4,9,8.5,7458,29111,53420,0.7458,2.9111,5.342,3.90333,7.16278
4,9,8.75,7472,28569,53770,0.7472,2.8569,5.377,3.82347,7.1962
4,9,9,7444,28654,53341,0.7444,2.8654,5.3341,3.84927,7.16564
4,9,9.25,7555,28729,55237,0.7555,2.8729,5.5237,3.80265,7.31132
4,9,9.5,7477,28739,53930,0.7477,2.8739,5.393,3.84365,7.21279
4,9,9.75,7450,28994,53329,0.745,2.8994,5.3329,3.89181,7.15826
4,9,10,7346,29568,51669,0.7346,2.9568,5.1669,4.02505,7.03362
4,9,10.25,7354,29514,51821,0.7354,2.9514,5.1821,4.01333,7.04664
4,9,10.5,7434,28627,53261,0.7434,2.8627,5.3261,3.85082,7.16451
4,9,10.75,7565,28351,54523,0.7565,2.8351,5.4523,3.74765,7.20727
4,9,11,7491,28876,54014,0.7491,2.8876,5.4014,3.85476,7.21052
4,9,11.25,7498,28572,54170,0.7498,2.8572,5.417,3.81062,7.22459
4,9,11.5,7494,28786,54143,0.7494,2.8786,5.4143,3.84121,7.22485
4,9,11.75,7514,28307,54301,0.7514,2.8307,5.4301,3.76723,7.22664
4,9,12,7560,28087,55200,0.756,2.8087,5.52,3.71521,7.30159
4,9,12.25,7581,27554,55982,0.7581,2.7554,5.5982,3.63461,7.38451
4,9,12.5,7537,28291,54756,0.7537,2.8291,5.4756,3.75362,7.26496
4,9,12.75,7548,28584,55001,0.7548,2.8584,5.5001,3.78696,7.28683
4,9,13,7499,28294,54443,0.7499,2.8294,5.4443,3.77304,7.26003
4,9,13.25,7484,28473,54475,0.7484,2.8473,5.4475,3.80452,7.27886
4,9,13.5,7441,28583,53564,0.7441,2.8583,5.3564,3.84128,7.19849
4,9,13.75,7389,29298,52487,0.7389,2.9298,5.2487,3.96508,7.1034
4,9,14,7520,28848,54854,0.752,2.8848,5.4854,3.83617,7.29441
4,9,14.25,7590,28157,56125,0.759,2.8157,5.6125,3.70975,7.3946
4,9,14.5,7499,28333,54954,0.7499,2.8333,5.4954,3.77824,7.32818
4,9,14.75,7539,28244,54981,0.7539,2.8244,5.4981,3.74639,7.29288
4,9,15,7503,28672,54406,0.7503,2.8672,5.4406,3.8214,7.25123
4,10,0,20,407,0,0.002,0.0407,0,20.35,0
4,10,0.25,42,464,25,0.0042,0.0464,0.0025,11.0476,0.595238
4,10,0.5,50,427,32,0.005,0.0427,0.0032,8.54,0.64
4,10,0.75,55,315,36,0.0055,0.0315,0.0036,5.72727,0.654545
4,10,1,51,212,30,0.0051,0.0212,0.003,4.15686,0.588235
4,10,1.25,56,276,32,0.0056,0.0276,0.0032,4.92857,0.571429
4,10,1.5,49,250,21,0.0049,0.025,0.0021,5.10204,0.428571
4,10,1.75,47,204,22,0.0047,0.0204,0.0022,4.34043,0.468085
4,10,2,64,416,37,0.0064,0.0416,0.0037,6.5,0.578125
4,10,2.25,101,868,73,0.0101,0.0868,0.0073,8.59406,0.722772
4,10,2.5,148,1254,113,0.0148,0.1254,0.0113,8.47297,0.763514
4,10,2.75,170,1246,120,0.017,0.1246,0.012,7.32941,0.705882
4,10,3,209,1513,149,0.0209,0.1513,0.0149,7.23923,0.712919
4,10,3.25,252,1911,183,0.0252,0.1911,0.0183,7.58333,0.72619
4,10,3.5,305,2164,222,0.0305,0.2164,0.0222,7.09508,0.727869
4,10,3.75,405,3109,326,0.0405,0.3109,0.0326,7.67654,0.804938
4,10,4,534,4046,482,0.0534,0.4046,0.0482,7.57678,0.902622
4,10,4.25,693,5390,647,0.0693,0.539,0.0647,7.77778,0.933622
4,10,4.5,876,6630,941,0.0876,0.663,0.0941,7.56849,1.0742
4,10,4.75,1142,9196,1375,0.1142,0.9196,0.1375,8.05254,1.20403
4,10,5,1464,11639,1991,0.1464,1.1639,0.1991,7.95014,1.35997
4,10,5.25,1925,15267,3171,0.1925,1.5267,0.3171,7.93091,1.64727
4,10,5.5,2494,19977,4976,0.2494,1.9977,0.4976,8.01002,1.99519
4,10,5.75,3255,25346,8389,0.3255,2.5346,0.8389,7.78679,2.57727
4,10,6,4135,30715,13759,0.4135,3.0715,1.3759,7.42805,3.32745
4,10,6.25,5016,33409,20719,0.5016,3.3409,2.0719,6.66049,4.13058
4,10,6.5,5856,34849,29402,0.5856,3.4849,2.9402,5.95099,5.02083
4,10,6.75,6551,33842,39484,0.6551,3.3842,3.9484,5.16593,6.02717
4,10,7,7048,31194,46695,0.7048,3.1194,4.6695,4.42594,6.62528
4,10,7.25,7227,30284,50594,0.7227,3.0284,5.0594,4.1904,7.00069
4,10,7.5,7392,28937,52836,0.7392,2.8937,5.2836,3.91464,7.14773
4,10,7.75,7385,29139,52587,0.7385,2.9139,5.2587,3.9457,7.12079
4,10,8,7401,29134,53075,0.7401,2.9134,5.3075,3.9365,7.17133
4,10,8.25,7491,28467,54500,0.7491,2.8467,5.45,3.80016,7.2754
4,10,8.5,7463,28431,53966,0.7463,2.8431,5.3966,3.80959,7.23114
4,10,8.75,7477,28277,54351,0.7477,2.8277,5.4351,3.78186,7.26909
4,10,9,7458,28557,54121,0.7458,2.8557,5.4121,3.82904,7.25677
4,10,9.25,7443,28741,53207,0.7443,2.8741,5.3207,3.86148,7.1486
4,10,9.5,7547,28420,54376,0.7547,2.842,5.4376,3.76573,7.20498
4,10,9.75,7488,28983,53784,0.7488,2.8983,5.3784,3.87059,7.18269
4,10,10,7400,29133,52994,0.74,2.9133,5.2994,3.93689,7.16135
4,10,10.25,7383,28881,52708,0.7383,2.8881,5.2708,3.91182,7.1391
4,10,10.5,7380,29097,53003,0.738,2.9097,5.3003,3.94268,7.18198
4,10,10.75,7452,28756,53799,0.7452,2.8756,5.3799,3.85883,7.2194
4,10,11,7449,29290,53235,0.7449,2.929,5.3235,3.93207,7.1466
4,10,11.25,7554,28605,54796,0.7554,2.8605,5.4796,3.78674,7.25391
4,10,11.5,7591,28221,55596,0.7591,2.8221,5.5596,3.71769,7.32394
4,10,11.75,7485,28389,54307,0.7485,2.8389,5.4307,3.79279,7.25544
4,10,12,7453,28648,54162,0.7453,2.8648,5.4162,3.84382,7.26714
4,10,12.25,7535,27926,55343,0.7535,2.7926,5.5343,3.70617,7.34479
4,10,12.5,7489,28854,54624,0.7489,2.8854,5.4624,3.85285,7.2939
4,10,12.75,7405,29263,52849,0.7405,2.9263,5.2849,3.95179,7.13693
4,10,13,7500,28228,54488,0.75,2.8228,5.4488,3.76373,7.26507
4,10,13.25,7545,28719,55202,0.7545,2.8719,5.5202,3.80636,7.31637
4,10,13.5,7615,28179,55599,0.7615,2.8179,5.5599,3.70046,7.30125
4,10,13.75,7518,28568,54370,0.7518,2.8568,5.437,3.79995,7.23198
4,10,14,7596,28012,55972,0.7596,2.8012,5.5972,3.68773,7.36862
4,10,14.25,7541,28498,54854,0.7541,2.8498,5.4854,3.77907,7.2741
4,10,14.5,7468,28592,53731,0.7468,2.8592,5.3731,3.8286,7.19483
4,10,14.75,7419,29285,53004,0.7419,2.9285,5.3004,3.9473,7.14436
4,10,15,7494,27863,54712,0.7494,2.7863,5.4712,3.71804,7.30077
4,11,0,20,410,0,0.002,0.041,0,20.5,0
4,11,0.25,37,475,19,0.0037,0.0475,0.0019,12.8378,0.513514
4,11,0.5,81,923,61,0.0081,0.0923,0.0061,11.3951,0.753086
4,11,0.75,133,1236,113,0.0133,0.1236,0.0113,9.29323,0.849624
4,11,1,168,1422,133,0.0168,0.1422,0.0133,8.46429,0.791667
4,11,1.25,215,1731,163,0.0215,0.1731,0.0163,8.05116,0.75814
4,11,1.5,296,2433,233,0.0296,0.2433,0.0233,8.21959,0.787162
4,11,1.75,375,2814,315,0.0375,0.2814,0.0315,7.504,0.84
4,11,2,447,3278,370,0.0447,0.3278,0.037,7.33333,0.82774
4,11,2.25,587,4529,565,0.0587,0.4529,0.0565,7.7155,0.962521
4,11,2.5,744,5814,774,0.0744,0.5814,0.0774,7.81452,1.04032
4,11,2.75,965,7715,1078,0.0965,0.7715,0.1078,7.99482,1.1171
4,11,3,1247,9981,1554,0.1247,0.9981,0.1554,8.00401,1.24619
4,11,3.25,1685,13652,2592,0.1685,1.3652,0.2592,8.10208,1.53828
4,11,3.5,2083,15819,3563,0.2083,1.5819,0.3563,7.59434,1.71051
4,11,3.75,2695,20888,5693,0.2695,2.0888,0.5693,7.75065,2.11243
4,11,4,3382,25847,8789,0.3382,2.5847,0.8789,7.64252,2.59876
4,11,4.25,4296,30847,14622,0.4296,3.0847,1.4622,7.1804,3.40363
4,11,4.5,5262,35065,23257,0.5262,3.5065,2.3257,6.66382,4.4198
4,11,4.75,6155,34558,34213,0.6155,3.4558,3.4213,5.61462,5.55857
4,11,5,6754,32833,42861,0.6754,3.2833,4.2861,4.86127,6.34602
4,11,5.25,7133,30670,48596,0.7133,3.067,4.8596,4.29973,6.81284
4,11,5.5,7277,29818,50871,0.7277,2.9818,5.0871,4.09757,6.99066
4,11,5.75,7344,30347,51358,0.7344,3.0347,5.1358,4.13222,6.99319
4,11,6,7377,29163,52578,0.7377,2.9163,5.2578,3.95323,7.12729
4,11,6.25,7404,28644,53220,0.7404,2.8644,5.322,3.86872,7.18801
4,11,6.5,7392,28810,53650,0.7392,2.881,5.365,3.89746,7.25785
4,11,6.75,7359,28984,52406,0.7359,2.8984,5.2406,3.93858,7.12135
4,11,7,7399,28467,52900,0.7399,2.8467,5.29,3.84741,7.14961
4,11,7.25,7365,29022,52273,0.7365,2.9022,5.2273,3.94053,7.09749
4,11,7.5,7434,28986,53442,0.7434,2.8986,5.3442,3.89911,7.18886
4,11,7.75,7464,29307,53652,0.7464,2.9307,5.3652,3.92645,7.1881
4,11,8,7457,28971,53946,0.7457,2.8971,5.3946,3.88507,7.23428
4,11,8.25,7494,28208,54496,0.7494,2.8208,5.4496,3.76408,7.27195
4,11,8.5,7435,28909,53639,0.7435,2.8909,5.3639,3.88823,7.21439
4,11,8.75,7464,28555,53566,0.7464,2.8555,5.3566,3.8257,7.17658
4,11,9,7471,27811,54506,0.7471,2.7811,5.4506,3.72253,7.29568
4,11,9.25,7420,28759,53372,0.742,2.8759,5.3372,3.87588,7.19299
4,11,9.5,7444,28799,53488,0.7444,2.8799,5.3488,3.86875,7.18538
4,11,9.75,7468,28544,53175,0.7468,2.8544,5.3175,3.82217,7.12038
4,11,10,7480,28987,53604,0.748,2.8987,5.3604,3.87527,7.16631
4,11,10.25,7468,28648,53424,0.7468,2.8648,5.3424,3.8361,7.15372
4,11,10.5,7523,28825,53894,0.7523,2.8825,5.3894,3.83158,7.1639
4,11,10.75,7551,28135,55010,0.7551,2.8135,5.501,3.726,7.28513
4,11,11,7527,28341,54785,0.7527,2.8341,5.4785,3.76525,7.27846
4,11,11.25,7540,28329,55034,0.754,2.8329,5.5034,3.75716,7.29894
4,11,11.5,7434,28404,54222,0.7434,2.8404,5.4222,3.82082,7.29379
4,11,11.75,7406,28639,52861,0.7406,2.8639,5.2861,3.867,7.13759
4,11,12,7413,29171,52694,0.7413,2.9171,5.2694,3.93511,7.10832
4,11,12.25,7395,29086,53089,0.7395,2.9086,5.3089,3.9332,7.17904
4,11,12.5,7421,29311,52995,0.7421,2.9311,5.2995,3.94974,7.14122
4,11,12.75,7462,28595,53505,0.7462,2.8595,5.3505,3.83208,7.17033
4,11,13,7406,29003,53127,0.7406,2.9003,5.3127,3.91615,7.17351
4,11,13.25,7438,28411,53386,0.7438,2.8411,5.3386,3.81971,7.17747
4,11,13.5,7450,28522,53723,0.745,2.8522,5.3723,3.82846,7.21114
4,11,13.75,7409,29235,53041,0.7409,2.9235,5.3041,3.94588,7.159
4,11,14,7472,28692,53424,0.7472,2.8692,5.3424,3.83994,7.14989
4,11,14.25,7537,28701,54414,0.7537,2.8701,5.4414,3.80801,7.21958
4,11,14.5,7545,28314,55259,0.7545,2.8314,5.5259,3.75268,7.32392
4,11,14.75,7478,28506,54133,0.7478,2.8506,5.4133,3.81198,7.23897
4,11,15,7466,28495,53472,0.7466,2.8495,5.3472,3.81664,7.16207
4,12,0,20,417,0,0.002,0.0417,0,20.85,0
4,12,0.25,49,624,33,0.0049,0.0624,0.0033,12.7347,0.673469
4,12,0.5,72,675,53,0.0072,0.0675,0.0053,9.375,0.736111
4,12,0.75,103,924,76,0.0103,0.0924,0.0076,8.97087,0.737864
4,12,1,150,1325,113,0.015,0.1325,0.0113,8.83333,0.753333
4,12,1.25,216,1895,178,0.0216,0.1895,0.0178,8.77315,0.824074
4,12,1.5,314,2781,278,0.0314,0.2781,0.0278,8.85669,0.88535
4,12,1.75,446,3847,429,0.0446,0.3847,0.0429,8.62556,0.961883
4,12,2,615,5131,642,0.0615,0.5131,0.0642,8.34309,1.0439
4,12,2.25,857,7330,984,0.0857,0.733,0.0984,8.55309,1.14819
4,12,2.5,1136,9410,1425,0.1136,0.941,0.1425,8.28345,1.2544
4,12,2.75,1547,12586,2224,0.1547,1.2586,0.2224,8.13575,1.43762
4,12,3,2076,16404,3542,0.2076,1.6404,0.3542,7.90173,1.70617
4,12,3.25,2824,22821,6158,0.2824,2.2821,0.6158,8.08109,2.18059
4,12,3.5,3715,27918,10714,0.3715,2.7918,1.0714,7.51494,2.88398
4,12,3.75,4572,31829,16548,0.4572,3.1829,1.6548,6.96172,3.61942
4,12,4,5459,34598,24468,0.5459,3.4598,2.4468,6.33779,4.48214
4,12,4.25,6276,35009,35257,0.6276,3.5009,3.5257,5.57823,5.61775
4,12,4.5,6908,32361,44780,0.6908,3.2361,4.478,4.68457,6.48234
4,12,4.75,7133,30992,48355,0.7133,3.0992,4.8355,4.34488,6.77906
4,12,5,7247,29689,50839,0.7247,2.9689,5.0839,4.09673,7.01518
4,12,5.25,7345,29491,52103,0.7345,2.9491,5.2103,4.01511,7.09367
4,12,5.5,7418,28761,53106,0.7418,2.8761,5.3106,3.87719,7.15907
4,12,5.75,7449,28671,53580,0.7449,2.8671,5.358,3.84897,7.19291
4,12,6,7498,28469,54769,0.7498,2.8469,5.4769,3.79688,7.30448
4,12,6.25,7470,28559,53991,0.747,2.8559,5.3991,3.82316,7.22771
4,12,6.5,7482,29020,53569,0.7482,2.902,5.3569,3.87864,7.15972
4,12,6.75,7496,28493,54377,0.7496,2.8493,5.4377,3.80109,7.25414
4,12,7,7447,28427,54089,0.7447,2.8427,5.4089,3.81724,7.26319
4,12,7.25,7487,28162,54740,0.7487,2.8162,5.474,3.76145,7.31134
4,12,7.5,7475,28386,54375,0.7475,2.8386,5.4375,3.79746,7.27425
4,12,7.75,7392,28959,53146,0.7392,2.8959,5.3146,3.91761,7.18966
4,12,8,7472,29075,53873,0.7472,2.9075,5.3873,3.89119,7.20998
4,12,8.25,7474,28321,53844,0.7474,2.8321,5.3844,3.78927,7.20417
4,12,8.5,7410,29529,52490,0.741,2.9529,5.249,3.98502,7.08367
4,12,8.75,7448,28805,53343,0.7448,2.8805,5.3343,3.86748,7.16206
4,12,9,7436,29017,52980,0.7436,2.9017,5.298,3.90223,7.1248
4,12,9.25,7473,28414,53988,0.7473,2.8414,5.3988,3.80222,7.22441
4,12,9.5,7448,28927,53345,0.7448,2.8927,5.3345,3.88386,7.16233
4,12,9.75,7460,29065,53490,0.746,2.9065,5.349,3.89611,7.17024
4,12,10,7476,28109,53654,0.7476,2.8109,5.3654,3.7599,7.17683
4,12,10.25,7566,28789,54755,0.7566,2.8789,5.4755,3.80505,7.23698
4,12,10.5,7489,28384,53673,0.7489,2.8384,5.3673,3.79009,7.16691
4,12,10.75,7362,28775,51956,0.7362,2.8775,5.1956,3.90858,7.05732
4,12,11,7423,29128,53160,0.7423,2.9128,5.316,3.92402,7.16152
4,12,11.25,7424,28897,53474,0.7424,2.8897,5.3474,3.89238,7.20286
4,12,11.5,7442,28606,53689,0.7442,2.8606,5.3689,3.84386,7.21432
4,12,11.75,7426,29149,52468,0.7426,2.9149,5.2468,3.92526,7.06545
4,12,12,7448,28766,53302,0.7448,2.8766,5.3302,3.86224,7.15655
4,12,12.25,7450,29194,53356,0.745,2.9194,5.3356,3.91866,7.16188
4,12,12.5,7393,28882,52960,0.7393,2.8882,5.296,3.90667,7.16353
4,12,12.75,7390,29155,52810,0.739,2.9155,5.281,3.9452,7.14614
4,12,13,7415,28971,53233,0.7415,2.8971,5.3233,3.90708,7.1791
4,12,13.25,7422,29140,52651,0.7422,2.914,5.2651,3.92617,7.09391
4,12,13.5,7468,29032,53142,0.7468,2.9032,5.3142,3.88752,7.11596
4,12,13.75,7557,28618,54925,0.7557,2.8618,5.4925,3.78695,7.2681
4,12,14,7472,29002,53662,0.7472,2.9002,5.3662,3.88142,7.18175
4,12,14.25,7459,28761,53924,0.7459,2.8761,5.3924,3.85588,7.22939
4,12,14.5,7446,28368,54316,0.7446,2.8368,5.4316,3.80983,7.29465
4,12,14.75,7471,29129,53926,0.7471,2.9129,5.3926,3.89894,7.21804
4,12,15,7558,28140,55312,0.7558,2.814,5.5312,3.72321,7.31834
4,13,0,20,407,2,0.002,0.0407,0.0002,20.35,0.1
4,13,0.25,62,771,45,0.0062,0.0771,0.0045,12.4355,0.725806
4,13,0.5,96,854,77,0.0096,0.0854,0.0077,8.89583,0.802083
4,13,0.75,143,1347,115,0.0143,0.1347,0.0115,9.41958,0.804196
4,13,1,213,1871,189,0.0213,0.1871,0.0189,8.78404,0.887324
4,13,1.25,299,2488,251,0.0299,0.2488,0.0251,8.32107,0.839465
4,13,1.5,403,3395,354,0.0403,0.3395,0.0354,8.42432,0.878412
4,13,1.75,544,4441,508,0.0544,0.4441,0.0508,8.1636,0.933824
4,13,2,734,6192,739,0.0734,0.6192,0.0739,8.43597,1.00681
4,13,2.25,990,8012,1115,0.099,0.8012,0.1115,8.09293,1.12626
4,13,2.5,1264,10357,1592,0.1264,1.0357,0.1592,8.19383,1.25949
4,13,2.75,1668,13283,2462,0.1668,1.3283,0.2462,7.96343,1.47602
4,13,3,2255,17889,4130,0.2255,1.7889,0.413,7.93304,1.83149
4,13,3.25,2911,22625,6604,0.2911,2.2625,0.6604,7.77224,2.26864
4,13,3.5,3738,27693,10725,0.3738,2.7693,1.0725,7.40851,2.86918
4,13,3.75,4697,32291,17328,0.4697,3.2291,1.7328,6.87481,3.68916
4,13,4,5590,34750,25999,0.559,3.475,2.5999,6.21646,4.65098
4,13,4.25,6323,34385,34967,0.6323,3.4385,3.4967,5.43808,5.53013
4,13,4.5,6840,32644,43381,0.684,3.2644,4.3381,4.77251,6.34225
4,13,4.75,7187,30639,49250,0.7187,3.0639,4.925,4.26311,6.85265
4,13,5,7239,29920,51092,0.7239,2.992,5.1092,4.13317,7.05788
4,13,5.25,7232,29526,51149,0.7232,2.9526,5.1149,4.08269,7.07259
4,13,5.5,7278,29424,51678,0.7278,2.9424,5.1678,4.04287,7.10058
4,13,5.75,7404,28624,53202,0.7404,2.8624,5.3202,3.86602,7.18558
4,13,6,7384,29025,52833,0.7384,2.9025,5.2833,3.9308,7.15507
4,13,6.25,7378,28875,52505,0.7378,2.8875,5.2505,3.91366,7.11643
4,13,6.5,7426,29266,53145,0.7426,2.9266,5.3145,3.94102,7.15661
4,13,6.75,7523,28887,54143,0.7523,2.8887,5.4143,3.83982,7.197
4,13,7,7472,28345,53926,0.7472,2.8345,5.3926,3.7935,7.21708
4,13,7.25,7517,28437,54265,0.7517,2.8437,5.4265,3.78303,7.21897
4,13,7.5,7493,28747,53706,0.7493,2.8747,5.3706,3.83651,7.16749
4,13,7.75,7471,28844,53551,0.7471,2.8844,5.3551,3.8608,7.16785
4,13,8,7434,28907,52988,0.7434,2.8907,5.2988,3.88849,7.12779
4,13,8.25,7413,28629,53285,0.7413,2.8629,5.3285,3.862,7.18805
4,13,8.5,7414,29184,52932,0.7414,2.9184,5.2932,3.93634,7.13947
4,13,8.75,7471,28731,53899,0.7471,2.8731,5.3899,3.84567,7.21443
4,13,9,7487,28907,54478,0.7487,2.8907,5.4478,3.86096,7.27635
4,13,9.25,7503,28177,54696,0.7503,2.8177,5.4696,3.75543,7.28988
4,13,9.5,7504,28990,54631,0.7504,2.899,5.4631,3.86327,7.28025
4,13,9.75,7494,28176,54726,0.7494,2.8176,5.4726,3.75981,7.30264
4,13,10,7439,29043,53454,0.7439,2.9043,5.3454,3.90415,7.18564
4,13,10.25,7389,29557,52402,0.7389,2.9557,5.2402,4.00014,7.09189
4,13,10.5,7467,28972,53491,0.7467,2.8972,5.3491,3.88001,7.16365
4,13,10.75,7508,28401,53816,0.7508,2.8401,5.3816,3.78277,7.16782
4,13,11,7458,28999,52988,0.7458,2.8999,5.2988,3.88831,7.10485
4,13,11.25,7488,28610,53354,0.7488,2.861,5.3354,3.82078,7.12527
4,13,11.5,7501,29333,53196,0.7501,2.9333,5.3196,3.91055,7.09185
4,13,11.75,7453,29037,53264,0.7453,2.9037,5.3264,3.89602,7.14665
4,13,12,7427,29194,53148,0.7427,2.9194,5.3148,3.93079,7.15605
4,13,12.25,7426,29100,53689,0.7426,2.91,5.3689,3.91866,7.22987
4,13,12.5,7496,28488,54495,0.7496,2.8488,5.4495,3.80043,7.26988
4,13,12.75,7449,28559,53679,0.7449,2.8559,5.3679,3.83394,7.2062
4,13,13,7397,29067,52224,0.7397,2.9067,5.2224,3.92957,7.06016
4,13,13.25,7448,28885,53160,0.7448,2.8885,5.316,3.87822,7.13749
4,13,13.5,7457,29092,53650,0.7457,2.9092,5.365,3.9013,7.19458
4,13,13.75,7436,28686,53406,0.7436,2.8686,5.3406,3.85772,7.18209
4,13,14,7468,28582,53870,0.7468,2.8582,5.387,3.82726,7.21344
4,13,14.25,7484,28515,54043,0.7484,2.8515,5.4043,3.81013,7.22114
4,13,14.5,7562,28616,55192,0.7562,2.8616,5.5192,3.78418,7.2986
4,13,14.75,7509,28184,54563,0.7509,2.8184,5.4563,3.75336,7.26635
4,13,15,7497,29065,53566,0.7497,2.9065,5.3566,3.87688,7.14499
4,14,0,20,390,0,0.002,0.039,0,19.5,0
4,14,0.25,35,406,19,0.0035,0.0406,0.0019,11.6,0.542857
4,14,0.5,42,399,28,0.0042,0.0399,0.0028,9.5,0.666667
4,14,0.75,63,502,50,0.0063,0.0502,0.005,7.96825,0.793651
4,14,1,92,800,68,0.0092,0.08,0.0068,8.69565,0.73913
4,14,1.25,109,796,84,0.0109,0.0796,0.0084,7.30275,0.770642
4,14,1.5,139,1159,103,0.0139,0.1159,0.0103,8.33813,0.741007
4,14,1.75,189,1533,140,0.0189,0.1533,0.014,8.11111,0.740741
4,14,2,250,1965,197,0.025,0.1965,0.0197,7.86,0.788
4,14,2.25,305,2244,250,0.0305,0.2244,0.025,7.35738,0.819672
4,14,2.5,380,2852,308,0.038,0.2852,0.0308,7.50526,0.810526
4,14,2.75,516,4067,463,0.0516,0.4067,0.0463,7.88178,0.897287
4,14,3,658,5155,623,0.0658,0.5155,0.0623,7.83435,0.946809
4,14,3.25,897,7018,995,0.0897,0.7018,0.0995,7.82386,1.10925
4,14,3.5,1142,8530,1351,0.1142,0.853,0.1351,7.46935,1.18301
4,14,3.75,1401,10640,1853,0.1401,1.064,0.1853,7.59458,1.32263
4,14,4,1786,13454,2710,0.1786,1.3454,0.271,7.53303,1.51736
4,14,4.25,2217,16921,3887,0.2217,1.6921,0.3887,7.63239,1.75327
4,14,4.5,2827,22208,6202,0.2827,2.2208,0.6202,7.85568,2.19385
4,14,4.75,3637,27941,10236,0.3637,2.7941,1.0236,7.68243,2.81441
4,14,5,4527,32549,16752,0.4527,3.2549,1.6752,7.18997,3.70046
4,14,5.25,5612,35627,27185,0.5612,3.5627,2.7185,6.34836,4.84408
4,14,5.5,6401,34004,37257,0.6401,3.4004,3.7257,5.31229,5.8205
4,14,5.75,6959,32086,45771,0.6959,3.2086,4.5771,4.61072,6.57724
4,14,6,7158,30326,48908,0.7158,3.0326,4.8908,4.23666,6.83263
4,14,6.25,7253,29686,50069,0.7253,2.9686,5.0069,4.09293,6.90321
4,14,6.5,7254,30430,50147,0.7254,3.043,5.0147,4.19493,6.91301
4,14,6.75,7238,29585,50170,0.7238,2.9585,5.017,4.08746,6.93147
4,14,7,7352,29309,52282,0.7352,2.9309,5.2282,3.98653,7.11126
4,14,7.25,7435,28694,53881,0.7435,2.8694,5.3881,3.85931,7.24694
4,14,7.5,7447,28864,53873,0.7447,2.8864,5.3873,3.87592,7.23419
4,14,7.75,7474,28798,54471,0.7474,2.8798,5.4471,3.85309,7.28807
4,14,8,7426,29038,53055,0.7426,2.9038,5.3055,3.91032,7.14449
4,14,8.25,7518,28631,54509,0.7518,2.8631,5.4509,3.80833,7.25047
4,14,8.5,7498,29029,53817,0.7498,2.9029,5.3817,3.87157,7.17751
4,14,8.75,7626,27922,55942,0.7626,2.7922,5.5942,3.66142,7.33569
4,14,9,7578,28126,55718,0.7578,2.8126,5.5718,3.71153,7.3526
4,14,9.25,7481,27939,54336,0.7481,2.7939,5.4336,3.73466,7.2632
4,14,9.5,7466,28612,53966,0.7466,2.8612,5.3966,3.83231,7.22823
4,14,9.75,7437,28496,53920,0.7437,2.8496,5.392,3.83165,7.25024
4,14,10,7485,28976,54128,0.7485,2.8976,5.4128,3.87121,7.23153
4,14,10.25,7498,28628,54296,0.7498,2.8628,5.4296,3.81808,7.2414
4,14,10.5,7458,28599,53669,0.7458,2.8599,5.3669,3.83467,7.19617
4,14,10.75,7412,29285,52742,0.7412,2.9285,5.2742,3.95103,7.11576
4,14,11,7432,29038,52917,0.7432,2.9038,5.2917,3.90716,7.12016
4,14,11.25,7449,28615,53460,0.7449,2.8615,5.346,3.84146,7.1768
4,14,11.5,7508,28578,54200,0.7508,2.8578,5.42,3.80634,7.21897
4,14,11.75,7504,28833,54307,0.7504,2.8833,5.4307,3.84235,7.23707
4,14,12,7466,28924,53659,0.7466,2.8924,5.3659,3.8741,7.18711
4,14,12.25,7497,28377,54112,0.7497,2.8377,5.4112,3.78511,7.21782
4,14,12.5,7442,28629,53729,0.7442,2.8629,5.3729,3.84695,7.2197
4,14,12.75,7393,29425,52622,0.7393,2.9425,5.2622,3.98012,7.11781
4,14,13,7462,28737,53721,0.7462,2.8737,5.3721,3.85111,7.19928
4,14,13.25,7420,28958,52898,0.742,2.8958,5.2898,3.9027,7.12911
4,14,13.5,7377,29091,52120,0.7377,2.9091,5.212,3.94347,7.0652
4,14,13.75,7446,28682,52709,0.7446,2.8682,5.2709,3.852,7.07883
4,14,14,7510,28930,54100,0.751,2.893,5.41,3.8522,7.20373
4,14,14.25,7561,28119,55696,0.7561,2.8119,5.5696,3.71895,7.36622
4,14,14.5,7526,28253,55574,0.7526,2.8253,5.5574,3.75405,7.38427
4,14,14.75,7457,28679,54307,0.7457,2.8679,5.4307,3.84592,7.28269
4,14,15,7424,28628,53497,0.7424,2.8628,5.3497,3.85614,7.20595
4,15,0,20,409,1,0.002,0.0409,0.0001,20.45,0.05
4,15,0.25,34,411,22,0.0034,0.0411,0.0022,12.0882,0.647059
4,15,0.5,65,659,51,0.0065,0.0659,0.0051,10.1385,0.784615
4,15,0.75,68,488,46,0.0068,0.0488,0.0046,7.17647,0.676471
4,15,1,84,596,59,0.0084,0.0596,0.0059,7.09524,0.702381
4,15,1.25,109,822,84,0.0109,0.0822,0.0084,7.54128,0.770642
4,15,1.5,144,1180,107,0.0144,0.118,0.0107,8.19444,0.743056
4,15,1.75,177,1350,125,0.0177,0.135,0.0125,7.62712,0.706215
4,15,2,195,1444,135,0.0195,0.1444,0.0135,7.40513,0.692308
4,15,2.25,252,2037,181,0.0252,0.2037,0.0181,8.08333,0.718254
4,15,2.5,343,2871,266,0.0343,0.2871,0.0266,8.37026,0.77551
4,15,2.75,494,4148,441,0.0494,0.4148,0.0441,8.39676,0.892713
4,15,3,657,5354,617,0.0657,0.5354,0.0617,8.14916,0.939117
4,15,3.25,845,6827,846,0.0845,0.6827,0.0846,8.07929,1.00118
4,15,3.5,1066,8359,1200,0.1066,0.8359,0.12,7.84146,1.1257
4,15,3.75,1361,10868,1829,0.1361,1.0868,0.1829,7.9853,1.34386
4,15,4,1691,13095,2513,0.1691,1.3095,0.2513,7.74394,1.4861
4,15,4.25,2213,18043,4025,0.2213,1.8043,0.4025,8.15319,1.8188
4,15,4.5,2966,23653,6882,0.2966,2.3653,0.6882,7.97471,2.3203
4,15,4.75,3853,29303,11617,0.3853,2.9303,1.1617,7.60524,3.01505
4,15,5,4782,32878,18369,0.4782,3.2878,1.8369,6.87537,3.84128
4,15,5.25,5732,34980,28152,0.5732,3.498,2.8152,6.10258,4.91137
4,15,5.5,6500,34262,38215,0.65,3.4262,3.8215,5.27108,5.87923
4,15,5.75,6956,32796,44874,0.6956,3.2796,4.4874,4.71478,6.45112
4,15,6,7233,29674,50184,0.7233,2.9674,5.0184,4.10259,6.9382
4,15,6.25,7321,29861,51904,0.7321,2.9861,5.1904,4.07881,7.08974
4,15,6.5,7316,29116,52455,0.7316,2.9116,5.2455,3.97977,7.1699
4,15,6.75,7344,29033,52961,0.7344,2.9033,5.2961,3.9533,7.21147
4,15,7,7345,28486,52678,0.7345,2.8486,5.2678,3.87828,7.17195
4,15,7.25,7395,29253,52547,0.7395,2.9253,5.2547,3.95578,7.10575
4,15,7.5,7421,29187,52824,0.7421,2.9187,5.2824,3.93303,7.11818
4,15,7.75,7470,29142,53678,0.747,2.9142,5.3678,3.9012,7.18581
4,15,8,7514,29034,54346,0.7514,2.9034,5.4346,3.86399,7.23263
4,15,8.25,7554,28289,55109,0.7554,2.8289,5.5109,3.7449,7.29534
4,15,8.5,7447,29135,53349,0.7447,2.9135,5.3349,3.91231,7.16382
4,15,8.75,7424,28735,53326,0.7424,2.8735,5.3326,3.87055,7.18292
4,15,9,7420,28675,52660,0.742,2.8675,5.266,3.86456,7.09704
4,15,9.25,7448,28935,53281,0.7448,2.8935,5.3281,3.88494,7.15373
4,15,9.5,7494,28670,54489,0.7494,2.867,5.4489,3.82573,7.27102
4,15,9.75,7418,28423,53769,0.7418,2.8423,5.3769,3.83163,7.24845
4,15,10,7451,28762,53510,0.7451,2.8762,5.351,3.86015,7.18159
4,15,10.25,7470,28976,53364,0.747,2.8976,5.3364,3.87898,7.14378
4,15,10.5,7469,28515,53957,0.7469,2.8515,5.3957,3.81778,7.22413
4,15,10.75,7426,28489,52722,0.7426,2.8489,5.2722,3.83639,7.09965
4,15,11,7520,28451,54333,0.752,2.8451,5.4333,3.78338,7.22513
4,15,11.25,7514,28629,54826,0.7514,2.8629,5.4826,3.81009,7.29651
4,15,11.5,7537,28660,54979,0.7537,2.866,5.4979,3.80257,7.29455
4,15,11.75,7405,28877,53197,0.7405,2.8877,5.3197,3.89966,7.18393
4,15,12,7571,28309,55365,0.7571,2.8309,5.5365,3.73914,7.31277
4,15,12.25,7553,28452,55054,0.7553,2.8452,5.5054,3.76698,7.28902
4,15,12.5,7443,28884,53403,0.7443,2.8884,5.3403,3.88069,7.17493
4,15,12.75,7419,28926,53146,0.7419,2.8926,5.3146,3.89891,7.1635
4,15,13,7531,28549,54212,0.7531,2.8549,5.4212,3.79086,7.19851
4,15,13.25,7459,29069,53075,0.7459,2.9069,5.3075,3.89717,7.11557
4,15,13.5,7523,28983,53846,0.7523,2.8983,5.3846,3.85259,7.15752
4,15,13.75,7442,28671,53214,0.7442,2.8671,5.3214,3.85259,7.1505
4,15,14,7484,29080,53926,0.7484,2.908,5.3926,3.88562,7.20551
4,15,14.25,7505,29177,54331,0.7505,2.9177,5.4331,3.88767,7.23931
4,15,14.5,7473,28813,53923,0.7473,2.8813,5.3923,3.85561,7.21571
4,15,14.75,7433,28790,53354,0.7433,2.879,5.3354,3.87327,7.17799
4,15,15,7447,29090,53340,0.7447,2.909,5.334,3.90627,7.16262
4,16,0,20,394,0,0.002,0.0394,0,19.7,0
4,16,0.25,36,366,19,0.0036,0.0366,0.0019,10.1667,0.527778
4,16,0.5,56,492,31,0.0056,0.0492,0.0031,8.78571,0.553571
4,16,0.75,79,681,47,0.0079,0.0681,0.0047,8.62025,0.594937
4,16,1,104,856,67,0.0104,0.0856,0.0067,8.23077,0.644231
4,16,1.25,138,1156,96,0.0138,0.1156,0.0096,8.37681,0.695652
4,16,1.5,194,1658,142,0.0194,0.1658,0.0142,8.54639,0.731959
4,16,1.75,269,2235,212,0.0269,0.2235,0.0212,8.30855,0.788104
4,16,2,377,3213,319,0.0377,0.3213,0.0319,8.52255,0.846154
4,16,2.25,516,4205,474,0.0516,0.4205,0.0474,8.14922,0.918605
4,16,2.5,630,4878,596,0.063,0.4878,0.0596,7.74286,0.946032
4,16,2.75,803,6416,834,0.0803,0.6416,0.0834,7.99004,1.03861
4,16,3,1063,8688,1233,0.1063,0.8688,0.1233,8.1731,1.15992
4,16,3.25,1447,11949,1999,0.1447,1.1949,0.1999,8.25777,1.38148
4,16,3.5,1924,15529,3267,0.1924,1.5529,0.3267,8.07121,1.69802
4,16,3.75,2551,20560,5306,0.2551,2.056,0.5306,8.05958,2.07997
4,16,4,3325,26014,8562,0.3325,2.6014,0.8562,7.82376,2.57504
4,16,4.25,4218,30172,13927,0.4218,3.0172,1.3927,7.15315,3.3018
4,16,4.5,5207,34483,22449,0.5207,3.4483,2.2449,6.62243,4.31131
4,16,4.75,6030,34494,31927,0.603,3.4494,3.1927,5.7204,5.29469
4,16,5,6650,33246,40711,0.665,3.3246,4.0711,4.9994,6.12195
4,16,5.25,7038,31395,46965,0.7038,3.1395,4.6965,4.46078,6.67306
4,16,5.5,7259,30040,50406,0.7259,3.004,5.0406,4.13831,6.94393
4,16,5.75,7314,29566,51761,0.7314,2.9566,5.1761,4.04238,7.07698
4,16,6,7426,29013,52697,0.7426,2.9013,5.2697,3.90695,7.09628
4,16,6.25,7487,28896,54039,0.7487,2.8896,5.4039,3.85949,7.21771
4,16,6.5,7459,28514,54724,0.7459,2.8514,5.4724,3.82276,7.33664
4,16,6.75,7415,28177,54184,0.7415,2.8177,5.4184,3.8,7.30735
4,16,7,7382,28965,52863,0.7382,2.8965,5.2863,3.92373,7.16107
4,16,7.25,7450,28736,53793,0.745,2.8736,5.3793,3.85718,7.22054
4,16,7.5,7402,29176,52765,0.7402,2.9176,5.2765,3.94164,7.12848
4,16,7.75,7347,29863,51385,0.7347,2.9863,5.1385,4.06465,6.99401
4,16,8,7407,29076,52726,0.7407,2.9076,5.2726,3.92548,7.1184
4,16,8.25,7468,29167,53555,0.7468,2.9167,5.3555,3.9056,7.17126
4,16,8.5,7512,29221,54178,0.7512,2.9221,5.4178,3.88991,7.21219
4,16,8.75,7477,28913,53331,0.7477,2.8913,5.3331,3.86693,7.13267
4,16,9,7508,29049,53851,0.7508,2.9049,5.3851,3.86907,7.17248
4,16,9.25,7523,28410,54269,0.7523,2.841,5.4269,3.77642,7.21374
4,16,9.5,7487,28552,53893,0.7487,2.8552,5.3893,3.81354,7.19821
4,16,9.75,7531,28254,55023,0.7531,2.8254,5.5023,3.75169,7.3062
4,16,10,7480,28663,54424,0.748,2.8663,5.4424,3.83195,7.27594
4,16,10.25,7558,28250,55269,0.7558,2.825,5.5269,3.73776,7.31265
4,16,10.5,7469,28564,54008,0.7469,2.8564,5.4008,3.82434,7.23095
4,16,10.75,7538,28167,55395,0.7538,2.8167,5.5395,3.73667,7.34877
4,16,11,7552,27845,54860,0.7552,2.7845,5.486,3.6871,7.2643
4,16,11.25,7568,28409,55167,0.7568,2.8409,5.5167,3.75383,7.28951
4,16,11.5,7506,28195,54633,0.7506,2.8195,5.4633,3.75633,7.27858
4,16,11.75,7493,28353,54359,0.7493,2.8353,5.4359,3.78393,7.25464
4,16,12,7542,28461,54836,0.7542,2.8461,5.4836,3.77367,7.27075
4,16,12.25,7619,28098,56086,0.7619,2.8098,5.6086,3.68789,7.36133
4,16,12.5,7523,28762,54290,0.7523,2.8762,5.429,3.82321,7.21654
4,16,12.75,7467,28878,53450,0.7467,2.8878,5.345,3.86742,7.15816
4,16,13,7531,28694,54567,0.7531,2.8694,5.4567,3.81012,7.24565
4,16,13.25,7505,28395,54166,0.7505,2.8395,5.4166,3.78348,7.21732
4,16,13.5,7519,28563,54004,0.7519,2.8563,5.4004,3.79878,7.18234
4,16,13.75,7588,28329,55259,0.7588,2.8329,5.5259,3.73339,7.28242
4,16,14,7480,28181,53810,0.748,2.8181,5.381,3.76751,7.19385
4,16,14.25,7437,29307,52381,0.7437,2.9307,5.2381,3.9407,7.0433
4,16,14.5,7528,29235,53760,0.7528,2.9235,5.376,3.8835,7.14134
4,16,14.75,7533,28447,54719,0.7533,2.8447,5.4719,3.77632,7.26391
4,16,15,7458,28580,53631,0.7458,2.858,5.3631,3.83213,7.19107
4,17,0,20,399,0,0.002,0.0399,0,19.95,0
4,17,0.25,30,361,14,0.003,0.0361,0.0014,12.0333,0.466667
4,17,0.5,51,487,34,0.0051,0.0487,0.0034,9.54902,0.666667
4,17,0.75,85,795,68,0.0085,0.0795,0.0068,9.35294,0.8
4,17,1,135,1279,113,0.0135,0.1279,0.0113,9.47407,0.837037
4,17,1.25,196,1832,169,0.0196,0.1832,0.0169,9.34694,0.862245
4,17,1.5,291,2597,246,0.0291,0.2597,0.0246,8.9244,0.845361
4,17,1.75,392,3348,356,0.0392,0.3348,0.0356,8.54082,0.908163
4,17,2,535,4233,533,0.0535,0.4233,0.0533,7.91215,0.996262
4,17,2.25,706,5359,710,0.0706,0.5359,0.071,7.59065,1.00567
4,17,2.5,854,6446,889,0.0854,0.6446,0.0889,7.54801,1.04098
4,17,2.75,1096,8704,1219,0.1096,0.8704,0.1219,7.94161,1.11223
4,17,3,1381,11021,1706,0.1381,1.1021,0.1706,7.98045,1.23534
4,17,3.25,1794,14575,2622,0.1794,1.4575,0.2622,8.1243,1.46154
4,17,3.5,2360,18665,4495,0.236,1.8665,0.4495,7.9089,1.90466
4,17,3.75,3092,24269,7310,0.3092,2.4269,0.731,7.84897,2.36417
4,17,4,3999,29845,12593,0.3999,2.9845,1.2593,7.46312,3.14904
4,17,4.25,4978,33765,20433,0.4978,3.3765,2.0433,6.78284,4.10466
4,17,4.5,5910,35255,30150,0.591,3.5255,3.015,5.96531,5.10152
4,17,4.75,6611,33834,40179,0.6611,3.3834,4.0179,5.11783,6.0776
4,17,5,6952,31144,45627,0.6952,3.1144,4.5627,4.47986,6.56315
4,17,5.25,7184,30893,49402,0.7184,3.0893,4.9402,4.30025,6.87667
4,17,5.5,7332,29854,52225,0.7332,2.9854,5.2225,4.07174,7.12289
4,17,5.75,7402,28589,53339,0.7402,2.8589,5.3339,3.86233,7.20603
4,17,6,7394,28520,53174,0.7394,2.852,5.3174,3.85718,7.19151
4,17,6.25,7425,28563,53801,0.7425,2.8563,5.3801,3.84687,7.24593
4,17,6.5,7408,29497,52635,0.7408,2.9497,5.2635,3.98178,7.10516
4,17,6.75,7377,28931,52438,0.7377,2.8931,5.2438,3.92178,7.10831
4,17,7,7451,28705,53721,0.7451,2.8705,5.3721,3.8525,7.2099
4,17,7.25,7499,28305,54775,0.7499,2.8305,5.4775,3.7745,7.30431
4,17,7.5,7455,29009,53791,0.7455,2.9009,5.3791,3.89121,7.21543
4,17,7.75,7441,28876,53041,0.7441,2.8876,5.3041,3.88066,7.12821
4,17,8,7419,28956,52857,0.7419,2.8956,5.2857,3.90295,7.12455
4,17,8.25,7339,29413,52186,0.7339,2.9413,5.2186,4.00777,7.11078
4,17,8.5,7335,29733,51805,0.7335,2.9733,5.1805,4.05358,7.06271
4,17,8.75,7443,29357,53316,0.7443,2.9357,5.3316,3.94424,7.16324
4,17,9,7490,28637,54228,0.749,2.8637,5.4228,3.82336,7.24005
4,17,9.25,7475,29050,54098,0.7475,2.905,5.4098,3.88629,7.23719
4,17,9.5,7475,29047,53750,0.7475,2.9047,5.375,3.88589,7.19064
4,17,9.75,7489,28658,54044,0.7489,2.8658,5.4044,3.82668,7.21645
4,17,10,7488,28329,54321,0.7488,2.8329,5.4321,3.78325,7.25441
4,17,10.25,7427,28868,53167,0.7427,2.8868,5.3167,3.8869,7.15861
4,17,10.5,7471,29012,53775,0.7471,2.9012,5.3775,3.88328,7.19783
4,17,10.75,7443,28858,53286,0.7443,2.8858,5.3286,3.8772,7.15921
4,17,11,7471,28775,53648,0.7471,2.8775,5.3648,3.85156,7.18083
4,17,11.25,7487,28960,53795,0.7487,2.896,5.3795,3.86804,7.18512
4,17,11.5,7490,28411,53744,0.749,2.8411,5.3744,3.79319,7.17543
4,17,11.75,7528,29073,53876,0.7528,2.9073,5.3876,3.86198,7.15675
4,17,12,7526,28739,53699,0.7526,2.8739,5.3699,3.81863,7.13513
4,17,12.25,7496,28478,53768,0.7496,2.8478,5.3768,3.79909,7.17289
4,17,12.5,7542,28690,54875,0.7542,2.869,5.4875,3.80403,7.27592
4,17,12.75,7508,28160,54865,0.7508,2.816,5.4865,3.75067,7.30754
4,17,13,7427,28800,53399,0.7427,2.88,5.3399,3.87774,7.18985
4,17,13.25,7501,28554,53950,0.7501,2.8554,5.395,3.80669,7.19237
4,17,13.5,7526,28517,54341,0.7526,2.8517,5.4341,3.78913,7.22044
4,17,13.75,7570,28008,55456,0.757,2.8008,5.5456,3.69987,7.32576
4,17,14,7493,28291,54121,0.7493,2.8291,5.4121,3.77566,7.22287
4,17,14.25,7556,28057,55193,0.7556,2.8057,5.5193,3.71321,7.30453
4,17,14.5,7400,28846,53046,0.74,2.8846,5.3046,3.89811,7.16838
4,17,14.75,7426,28794,52987,0.7426,2.8794,5.2987,3.87746,7.13534
4,17,15,7491,28380,54375,0.7491,2.838,5.4375,3.78855,7.25871
4,18,0,20,393,0,0.002,0.0393,0,19.65,0
4,18,0.25,46,584,27,0.0046,0.0584,0.0027,12.6957,0.586957
4,18,0.5,88,911,64,0.0088,0.0911,0.0064,10.3523,0.727273
4,18,0.75,124,1150,83,0.0124,0.115,0.0083,9.27419,0.669355
4,18,1,167,1402,121,0.0167,0.1402,0.0121,8.39521,0.724551
4,18,1.25,236,2012,197,0.0236,0.2012,0.0197,8.52542,0.834746
4,18,1.5,342,2960,295,0.0342,0.296,0.0295,8.65497,0.862573
4,18,1.75,475,3925,445,0.0475,0.3925,0.0445,8.26316,0.936842
4,18,2,628,5097,614,0.0628,0.5097,0.0614,8.11624,0.977707
4,18,2.25,831,6694,885,0.0831,0.6694,0.0885,8.05535,1.06498
4,18,2.5,1154,9593,1422,0.1154,0.9593,0.1422,8.31282,1.23224
4,18,2.75,1565,12565,2273,0.1565,1.2565,0.2273,8.02875,1.4524
4,18,3,2151,17707,3932,0.2151,1.7707,0.3932,8.23199,1.82799
4,18,3.25,2779,21957,6066,0.2779,2.1957,0.6066,7.90104,2.1828
4,18,3.5,3598,27575,9911,0.3598,2.7575,0.9911,7.66398,2.75459
4,18,3.75,4561,32190,16499,0.4561,3.219,1.6499,7.05766,3.61741
4,18,4,5478,34745,25470,0.5478,3.4745,2.547,6.34264,4.64951
4,18,4.25,6268,34261,35289,0.6268,3.4261,3.5289,5.46602,5.63003
4,18,4.5,6789,32727,42094,0.6789,3.2727,4.2094,4.82059,6.20032
4,18,4.75,7139,30907,48457,0.7139,3.0907,4.8457,4.32932,6.78765
4,18,5,7250,30138,50070,0.725,3.0138,5.007,4.15697,6.90621
4,18,5.25,7415,28911,53281,0.7415,2.8911,5.3281,3.89899,7.18557
4,18,5.5,7442,28349,54097,0.7442,2.8349,5.4097,3.80933,7.26915
4,18,5.75,7507,28325,55544,0.7507,2.8325,5.5544,3.77315,7.39896
4,18,6,7439,28212,53936,0.7439,2.8212,5.3936,3.79245,7.25044
4,18,6.25,7526,28163,54943,0.7526,2.8163,5.4943,3.74209,7.30043
4,18,6.5,7490,28405,53921,0.749,2.8405,5.3921,3.79239,7.19907
4,18,6.75,7538,28252,54409,0.7538,2.8252,5.4409,3.74794,7.21796
4,18,7,7557,28474,54711,0.7557,2.8474,5.4711,3.7679,7.23978
4,18,7.25,7602,27841,55614,0.7602,2.7841,5.5614,3.66233,7.31571
4,18,7.5,7590,28270,55747,0.759,2.827,5.5747,3.72464,7.3448
4,18,7.75,7556,28367,54605,0.7556,2.8367,5.4605,3.75424,7.22671
4,18,8,7535,28600,54749,0.7535,2.86,5.4749,3.79562,7.26596
4,18,8.25,7549,28316,54961,0.7549,2.8316,5.4961,3.75096,7.28057
4,18,8.5,7424,28923,52648,0.7424,2.8923,5.2648,3.89588,7.09159
4,18,8.75,7425,29628,52669,0.7425,2.9628,5.2669,3.9903,7.09347
4,18,9,7462,29021,53072,0.7462,2.9021,5.3072,3.88917,7.1123
4,18,9.25,7448,29450,52968,0.7448,2.945,5.2968,3.95408,7.11171
4,18,9.5,7467,28657,53584,0.7467,2.8657,5.3584,3.83782,7.17611
4,18,9.75,7511,28667,53957,0.7511,2.8667,5.3957,3.81667,7.18373
4,18,10,7522,28622,54764,0.7522,2.8622,5.4764,3.80511,7.28051
4,18,10.25,7457,28889,53590,0.7457,2.8889,5.359,3.87408,7.18654
4,18,10.5,7437,28729,53454,0.7437,2.8729,5.3454,3.86298,7.18758
4,18,10.75,7412,28893,52565,0.7412,2.8893,5.2565,3.89814,7.09188
4,18,11,7455,28600,53625,0.7455,2.86,5.3625,3.83635,7.19316
4,18,11.25,7525,28791,54323,0.7525,2.8791,5.4323,3.82605,7.219
4,18,11.5,7541,28704,54768,0.7541,2.8704,5.4768,3.80639,7.2627
4,18,11.75,7592,28731,55616,0.7592,2.8731,5.5616,3.78438,7.32561
4,18,12,7470,28832,53799,0.747,2.8832,5.3799,3.85971,7.20201
4,18,12.25,7593,28366,55228,0.7593,2.8366,5.5228,3.73581,7.27354
4,18,12.5,7560,28388,54621,0.756,2.8388,5.4621,3.75503,7.225
4,18,12.75,7509,28361,54511,0.7509,2.8361,5.4511,3.77693,7.25942
4,18,13,7445,28815,53297,0.7445,2.8815,5.3297,3.87038,7.15876
4,18,13.25,7512,28563,54265,0.7512,2.8563,5.4265,3.80232,7.22378
4,18,13.5,7462,28337,54259,0.7462,2.8337,5.4259,3.79751,7.27137
4,18,13.75,7381,29087,52703,0.7381,2.9087,5.2703,3.94079,7.14036
4,18,14,7405,29349,52490,0.7405,2.9349,5.249,3.9634,7.08845
4,18,14.25,7503,28492,54143,0.7503,2.8492,5.4143,3.79741,7.21618
4,18,14.5,7444,29017,53503,0.7444,2.9017,5.3503,3.89804,7.1874
4,18,14.75,7515,28250,54281,0.7515,2.825,5.4281,3.75915,7.22302
4,18,15,7498,28576,54086,0.7498,2.8576,5.4086,3.81115,7.21339
4,19,0,20,423,0,0.002,0.0423,0,21.15,0
4,19,0.25,31,378,16,0.0031,0.0378,0.0016,12.1935,0.516129
4,19,0.5,47,501,28,0.0047,0.0501,0.0028,10.6596,0.595745
4,19,0.75,62,547,43,0.0062,0.0547,0.0043,8.82258,0.693548
4,19,1,96,828,70,0.0096,0.0828,0.007,8.625,0.729167
4,19,1.25,130,1035,98,0.013,0.1035,0.0098,7.96154,0.753846
4,19,1.5,170,1367,134,0.017,0.1367,0.0134,8.04118,0.788235
4,19,1.75,193,1267,138,0.0193,0.1267,0.0138,6.56477,0.715026
4,19,2,230,1576,169,0.023,0.1576,0.0169,6.85217,0.734783
4,19,2.25,287,2179,214,0.0287,0.2179,0.0214,7.59233,0.745645
4,19,2.5,395,3043,330,0.0395,0.3043,0.033,7.7038,0.835443
4,19,2.75,514,4253,455,0.0514,0.4253,0.0455,8.27432,0.885214
4,19,3,695,5842,684,0.0695,0.5842,0.0684,8.40576,0.984173
4,19,3.25,952,7765,1060,0.0952,0.7765,0.106,8.15651,1.11345
4,19,3.5,1238,10022,1545,0.1238,1.0022,0.1545,8.09532,1.24798
4,19,3.75,1638,13544,2340,0.1638,1.3544,0.234,8.26862,1.42857
4,19,4,2146,17185,3722,0.2146,1.7185,0.3722,8.00792,1.73439
4,19,4.25,2804,21873,6082,0.2804,2.1873,0.6082,7.80064,2.16904
4,19,4.5,3538,27039,9654,0.3538,2.7039,0.9654,7.64245,2.72866
4,19,4.75,4454,31821,15733,0.4454,3.1821,1.5733,7.14436,3.53233
4,19,5,5488,34910,25456,0.5488,3.491,2.5456,6.36115,4.63848
4,19,5.25,6357,34349,36290,0.6357,3.4349,3.629,5.40333,5.70867
4,19,5.5,6911,32046,44238,0.6911,3.2046,4.4238,4.63696,6.4011
4,19,5.75,7262,30067,50550,0.7262,3.0067,5.055,4.14032,6.96089
4,19,6,7336,29195,52543,0.7336,2.9195,5.2543,3.97969,7.16235
4,19,6.25,7404,28644,53816,0.7404,2.8644,5.3816,3.86872,7.2685
4,19,6.5,7432,28314,53924,0.7432,2.8314,5.3924,3.80974,7.25565
4,19,6.75,7473,28631,54158,0.7473,2.8631,5.4158,3.83126,7.24716
4,19,7,7508,28445,54563,0.7508,2.8445,5.4563,3.78863,7.26731
4,19,7.25,7448,28627,53709,0.7448,2.8627,5.3709,3.84358,7.2112
4,19,7.5,7481,28189,54237,0.7481,2.8189,5.4237,3.76808,7.24997
4,19,7.75,7490,28336,53622,0.749,2.8336,5.3622,3.78318,7.15915
4,19,8,7440,28749,52807,0.744,2.8749,5.2807,3.86411,7.09772
4,19,8.25,7392,29179,52239,0.7392,2.9179,5.2239,3.94738,7.06696
4,19,8.5,7436,28979,52954,0.7436,2.8979,5.2954,3.89712,7.1213
4,19,8.75,7472,28797,54245,0.7472,2.8797,5.4245,3.85399,7.25977
4,19,9,7518,28319,54593,0.7518,2.8319,5.4593,3.76683,7.26164
4,19,9.25,7459,28249,53879,0.7459,2.8249,5.3879,3.78724,7.22335
4,19,9.5,7455,29033,53601,0.7455,2.9033,5.3601,3.89443,7.18994
4,19,9.75,7504,28330,54415,0.7504,2.833,5.4415,3.77532,7.25147
4,19,10,7463,28539,53874,0.7463,2.8539,5.3874,3.82407,7.21881
4,19,10.25,7339,29020,51726,0.7339,2.902,5.1726,3.95422,7.0481
4,19,10.5,7344,29264,52211,0.7344,2.9264,5.2211,3.98475,7.10934
4,19,10.75,7439,29167,53597,0.7439,2.9167,5.3597,3.92082,7.20487
4,19,11,7527,28701,54935,0.7527,2.8701,5.4935,3.81307,7.29839
4,19,11.25,7459,28613,53834,0.7459,2.8613,5.3834,3.83604,7.21732
4,19,11.5,7393,28731,53138,0.7393,2.8731,5.3138,3.88624,7.18761
4,19,11.75,7394,29631,52116,0.7394,2.9631,5.2116,4.00744,7.04842
4,19,12,7407,29852,52310,0.7407,2.9852,5.231,4.03024,7.06224
4,19,12.25,7450,28653,53975,0.745,2.8653,5.3975,3.84604,7.24497
4,19,12.5,7513,28304,54805,0.7513,2.8304,5.4805,3.76734,7.29469
4,19,12.75,7531,28716,54407,0.7531,2.8716,5.4407,3.81304,7.22441
4,19,13,7498,28327,54205,0.7498,2.8327,5.4205,3.77794,7.22926
4,19,13.25,7504,28386,53883,0.7504,2.8386,5.3883,3.78278,7.18057
4,19,13.5,7507,28442,54326,0.7507,2.8442,5.4326,3.78873,7.23671
4,19,13.75,7517,28290,54808,0.7517,2.829,5.4808,3.76347,7.29121
4,19,14,7444,29238,53036,0.7444,2.9238,5.3036,3.92773,7.12466
4,19,14.25,7521,28539,54621,0.7521,2.8539,5.4621,3.79458,7.26247
4,19,14.5,7573,28109,55439,0.7573,2.8109,5.5439,3.71174,7.32061
4,19,14.75,7572,28339,55393,0.7572,2.8339,5.5393,3.7426,7.3155
4,19,15,7432,28847,52958,0.7432,2.8847,5.2958,3.88146,7.12567
