network,run,t,I,SI,T2,i,si,si_over_i
0,0,0,200,8432,145,0.02,0.8432,42.16
0,0,0.25,221,9168,120,0.0221,0.9168,41.4842
0,0,0.5,224,9280,91,0.0224,0.928,41.4286
0,0,0.75,221,9191,93,0.0221,0.9191,41.5882
0,0,1,236,9726,96,0.0236,0.9726,41.2119
0,0,1.25,234,9656,90,0.0234,0.9656,41.265
0,0,1.5,229,9471,81,0.0229,0.9471,41.3581
0,0,1.75,213,8842,71,0.0213,0.8842,41.5117
0,0,2,204,8473,76,0.0204,0.8473,41.5343
0,0,2.25,201,8347,69,0.0201,0.8347,41.5274
0,0,2.5,219,9067,82,0.0219,0.9067,41.4018
0,0,2.75,217,8931,90,0.0217,0.8931,41.1567
0,0,3,233,9620,96,0.0233,0.962,41.2876
0,0,3.25,265,10843,113,0.0265,1.0843,40.917
0,0,3.5,276,11296,108,0.0276,1.1296,40.9275
0,0,3.75,275,11300,127,0.0275,1.13,41.0909
0,0,4,303,12314,136,0.0303,1.2314,40.6403
0,0,4.25,312,12743,133,0.0312,1.2743,40.8429
0,0,4.5,339,13754,142,0.0339,1.3754,40.5723
0,0,4.75,352,14288,167,0.0352,1.4288,40.5909
0,0,5,368,14909,191,0.0368,1.4909,40.5136
0,0,5.25,381,15442,207,0.0381,1.5442,40.5302
0,0,5.5,430,17299,242,0.043,1.7299,40.2302
0,0,5.75,479,19144,284,0.0479,1.9144,39.9666
0,0,6,497,19849,307,0.0497,1.9849,39.9376
0,0,6.25,560,22136,357,0.056,2.2136,39.5286
0,0,6.5,617,24174,442,0.0617,2.4174,39.1799
0,0,6.75,723,27994,552,0.0723,2.7994,38.7192
0,0,7,849,32523,710,0.0849,3.2523,38.3074
0,0,7.25,1019,38214,990,0.1019,3.8214,37.5015
0,0,7.5,1297,47002,1494,0.1297,4.7002,36.239
0,0,7.75,1676,57956,2295,0.1676,5.7956,34.58
0,0,8,2457,76902,4378,0.2457,7.6902,31.2991
0,0,8.25,4297,101687,10237,0.4297,10.1687,23.6646
0,0,8.5,7673,76019,14684,0.7673,7.6019,9.90734
0,0,8.75,9212,31636,7848,0.9212,3.1636,3.43422
0,0,9,9335,27086,6821,0.9335,2.7086,2.90155
0,0,9.25,9333,27260,6877,0.9333,2.726,2.92082
0,0,9.5,9309,28160,7104,0.9309,2.816,3.02503
0,0,9.75,9335,27065,6806,0.9335,2.7065,2.8993
0,0,10,9346,26641,6709,0.9346,2.6641,2.85052
0,0,10.25,9298,28555,7163,0.9298,2.8555,3.07109
0,0,10.5,9351,26471,6699,0.9351,2.6471,2.83082
0,0,10.75,9342,26879,6775,0.9342,2.6879,2.87722
0,0,11,9304,28285,7120,0.9304,2.8285,3.04009
0,0,11.25,9302,28225,7087,0.9302,2.8225,3.03429
0,0,11.5,9293,28803,7243,0.9293,2.8803,3.09943
0,0,11.75,9300,28407,7147,0.93,2.8407,3.05452
0,0,12,9347,26674,6758,0.9347,2.6674,2.85375
0,0,12.25,9336,27111,6883,0.9336,2.7111,2.90392
0,0,12.5,9328,27374,6863,0.9328,2.7374,2.93461
0,0,12.75,9376,25587,6498,0.9376,2.5587,2.72899
0,0,13,9343,26785,6739,0.9343,2.6785,2.86685
0,0,13.25,9313,27956,7042,0.9313,2.7956,3.00183
0,0,13.5,9333,27198,6860,0.9333,2.7198,2.91418
0,0,13.75,9367,25901,6583,0.9367,2.5901,2.76513
0,0,14,9325,27494,6935,0.9325,2.7494,2.94842
0,0,14.25,9291,28707,7164,0.9291,2.8707,3.08976
0,0,14.5,9315,27792,6945,0.9315,2.7792,2.98357
0,0,14.75,9319,27762,6983,0.9319,2.7762,2.97908
0,0,15,9342,26928,6782,0.9342,2.6928,2.88247
0,0,15.25,9314,28055,7115,0.9314,2.8055,3.01213
0,0,15.5,9302,28241,7028,0.9302,2.8241,3.03601
0,0,15.75,9307,28130,7056,0.9307,2.813,3.02246
0,0,16,9360,26148,6624,0.936,2.6148,2.79359
0,0,16.25,9351,26466,6736,0.9351,2.6466,2.83029
0,0,16.5,9338,26955,6756,0.9338,2.6955,2.88659
0,0,16.75,9329,27318,6916,0.9329,2.7318,2.92829
0,0,17,9345,26804,6777,0.9345,2.6804,2.86827
0,0,17.25,9318,27775,7006,0.9318,2.7775,2.98079
0,0,17.5,9346,26700,6728,0.9346,2.67,2.85684
0,0,17.75,9370,25850,6556,0.937,2.585,2.7588
0,0,18,9324,27572,6973,0.9324,2.7572,2.9571
0,0,18.25,9353,26434,6670,0.9353,2.6434,2.82626
0,0,18.5,9315,27897,7034,0.9315,2.7897,2.99485
0,0,18.75,9334,27124,6807,0.9334,2.7124,2.90594
0,0,19,9380,25452,6456,0.938,2.5452,2.71343
0,0,19.25,9309,28031,7082,0.9309,2.8031,3.01117
0,0,19.5,9344,26747,6777,0.9344,2.6747,2.86248
0,0,19.75,9358,26236,6649,0.9358,2.6236,2.80359
0,0,20,9343,26835,6785,0.9343,2.6835,2.8722
0,0,20.25,9313,27902,7000,0.9313,2.7902,2.99603
0,0,20.5,9326,27408,6939,0.9326,2.7408,2.93888
0,0,20.75,9376,25540,6466,0.9376,2.554,2.72398
0,0,21,9316,27829,7039,0.9316,2.7829,2.98723
0,0,21.25,9379,25369,6390,0.9379,2.5369,2.70487
0,0,21.5,9347,26661,6768,0.9347,2.6661,2.85236
0,0,21.75,9351,26527,6691,0.9351,2.6527,2.83681
0,0,22,9349,26576,6697,0.9349,2.6576,2.84266
0,0,22.25,9325,27649,7030,0.9325,2.7649,2.96504
0,0,22.5,9305,28226,7097,0.9305,2.8226,3.03342
0,0,22.75,9361,26219,6620,0.9361,2.6219,2.80088
0,0,23,9360,26259,6661,0.936,2.6259,2.80545
0,0,23.25,9325,27493,6885,0.9325,2.7493,2.94831
0,0,23.5,9322,27762,7006,0.9322,2.7762,2.97812
0,0,23.75,9327,27479,6932,0.9327,2.7479,2.94618
0,0,24,9341,26843,6756,0.9341,2.6843,2.87368
0,0,24.25,9341,26926,6844,0.9341,2.6926,2.88256
0,0,24.5,9321,27633,7026,0.9321,2.7633,2.9646
0,0,24.75,9314,27821,6968,0.9314,2.7821,2.98701
0,0,25,9385,25125,6352,0.9385,2.5125,2.67714
0,0,25.25,9399,24786,6361,0.9399,2.4786,2.63709
0,0,25.5,9334,27093,6819,0.9334,2.7093,2.90261
0,0,25.75,9349,26736,6831,0.9349,2.6736,2.85977
0,0,26,9303,28333,7109,0.9303,2.8333,3.04558
0,0,26.25,9338,26982,6766,0.9338,2.6982,2.88948
0,0,26.5,9388,24983,6316,0.9388,2.4983,2.66116
0,0,26.75,9363,26010,6595,0.9363,2.601,2.77796
0,0,27,9322,27590,6970,0.9322,2.759,2.95967
0,0,27.25,9326,27418,6913,0.9326,2.7418,2.93995
0,0,27.5,9351,26584,6701,0.9351,2.6584,2.8429
0,0,27.75,9317,27798,7002,0.9317,2.7798,2.98358
0,0,28,9310,28129,7116,0.931,2.8129,3.02137
0,0,28.25,9286,29073,7332,0.9286,2.9073,3.13084
0,0,28.5,9368,25868,6576,0.9368,2.5868,2.76132
0,0,28.75,9329,27460,6921,0.9329,2.746,2.94351
0,0,29,9355,26268,6633,0.9355,2.6268,2.80791
0,0,29.25,9370,25879,6578,0.937,2.5879,2.7619
0,0,29.5,9334,27201,6884,0.9334,2.7201,2.91418
0,0,29.75,9347,26658,6748,0.9347,2.6658,2.85204
0,0,30,9319,27768,7014,0.9319,2.7768,2.97972
0,0,30.25,9351,26430,6704,0.9351,2.643,2.82644
0,0,30.5,9356,26397,6683,0.9356,2.6397,2.8214
0,0,30.75,9354,26449,6718,0.9354,2.6449,2.82756
0,0,31,9322,27651,7016,0.9322,2.7651,2.96621
0,0,31.25,9362,26071,6595,0.9362,2.6071,2.78477
0,0,31.5,9338,26966,6844,0.9338,2.6966,2.88777
0,0,31.75,9318,27866,7057,0.9318,2.7866,2.99056
0,0,32,9313,27885,7027,0.9313,2.7885,2.9942
0,0,32.25,9299,28378,7112,0.9299,2.8378,3.05173
0,0,32.5,9336,26959,6717,0.9336,2.6959,2.88764
0,0,32.75,9356,26314,6702,0.9356,2.6314,2.81253
0,0,33,9371,25769,6554,0.9371,2.5769,2.74987
0,0,33.25,9327,27498,6976,0.9327,2.7498,2.94821
0,0,33.5,9338,26998,6852,0.9338,2.6998,2.8912
0,0,33.75,9343,26835,6850,0.9343,2.6835,2.8722
0,0,34,9291,28722,7216,0.9291,2.8722,3.09138
0,0,34.25,9329,27313,6904,0.9329,2.7313,2.92775
0,0,34.5,9301,28319,7059,0.9301,2.8319,3.04473
0,0,34.75,9301,28414,7145,0.9301,2.8414,3.05494
0,0,35,9334,27140,6827,0.9334,2.714,2.90765
0,0,35.25,9282,29097,7275,0.9282,2.9097,3.13478
0,0,35.5,9310,28040,7037,0.931,2.804,3.01182
0,0,35.75,9291,28663,7121,0.9291,2.8663,3.08503
0,0,36,9381,25373,6454,0.9381,2.5373,2.70472
0,0,36.25,9364,26026,6590,0.9364,2.6026,2.77937
0,0,36.5,9352,26482,6706,0.9352,2.6482,2.83169
0,0,36.75,9344,26680,6748,0.9344,2.668,2.85531
0,0,37,9345,26792,6790,0.9345,2.6792,2.86699
0,0,37.25,9350,26541,6690,0.935,2.6541,2.83861
0,0,37.5,9298,28387,7127,0.9298,2.8387,3.05302
0,0,37.75,9316,27833,6954,0.9316,2.7833,2.98766
0,0,38,9350,26540,6701,0.935,2.654,2.8385
0,0,38.25,9369,25879,6557,0.9369,2.5879,2.76219
0,0,38.5,9329,27370,6875,0.9329,2.737,2.93386
0,0,38.75,9385,25184,6387,0.9385,2.5184,2.68343
0,0,39,9358,26282,6657,0.9358,2.6282,2.80851
0,0,39.25,9364,25897,6537,0.9364,2.5897,2.76559
0,0,39.5,9355,26383,6673,0.9355,2.6383,2.8202
0,0,39.75,9373,25740,6557,0.9373,2.574,2.74619
0,0,40,9352,26486,6709,0.9352,2.6486,2.83212
0,1,0,200,8388,138,0.02,0.8388,41.94
0,1,0.25,226,9381,110,0.0226,0.9381,41.5088
0,1,0.5,222,9202,88,0.0222,0.9202,41.4505
0,1,0.75,224,9295,83,0.0224,0.9295,41.4955
0,1,1,224,9276,78,0.0224,0.9276,41.4107
0,1,1.25,241,9942,93,0.0241,0.9942,41.2531
0,1,1.5,252,10390,94,0.0252,1.039,41.2302
0,1,1.75,268,11054,110,0.0268,1.1054,41.2463
0,1,2,275,11331,124,0.0275,1.1331,41.2036
0,1,2.25,310,12713,142,0.031,1.2713,41.0097
0,1,2.5,331,13521,154,0.0331,1.3521,40.8489
0,1,2.75,351,14271,156,0.0351,1.4271,40.6581
0,1,3,357,14519,162,0.0357,1.4519,40.6695
0,1,3.25,369,14995,167,0.0369,1.4995,40.6369
0,1,3.5,415,16756,202,0.0415,1.6756,40.3759
0,1,3.75,439,17632,225,0.0439,1.7632,40.164
0,1,4,448,17945,245,0.0448,1.7945,40.0558
0,1,4.25,469,18735,257,0.0469,1.8735,39.9467
0,1,4.5,502,19985,295,0.0502,1.9985,39.8108
0,1,4.75,535,21279,326,0.0535,2.1279,39.7738
0,1,5,570,22568,400,0.057,2.2568,39.593
0,1,5.25,632,24804,468,0.0632,2.4804,39.2468
0,1,5.5,719,28008,570,0.0719,2.8008,38.9541
0,1,5.75,873,33292,772,0.0873,3.3292,38.1352
0,1,6,1015,38083,1041,0.1015,3.8083,37.5202
0,1,6.25,1306,47229,1545,0.1306,4.7229,36.1631
0,1,6.5,1684,58117,2339,0.1684,5.8117,34.5113
0,1,6.75,2427,76059,4331,0.2427,7.6059,31.3387
0,1,7,3997,99589,9342,0.3997,9.9589,24.9159
0,1,7.25,7293,83632,15205,0.7293,8.3632,11.4674
0,1,7.5,9118,34946,8472,0.9118,3.4946,3.83264
0,1,7.75,9325,27499,6950,0.9325,2.7499,2.94895
0,1,8,9342,26818,6706,0.9342,2.6818,2.87069
0,1,8.25,9374,25727,6510,0.9374,2.5727,2.74451
0,1,8.5,9322,27617,6935,0.9322,2.7617,2.96256
0,1,8.75,9300,28404,7144,0.93,2.8404,3.05419
0,1,9,9357,26268,6674,0.9357,2.6268,2.80731
0,1,9.25,9247,30488,7618,0.9247,3.0488,3.29707
0,1,9.5,9342,26950,6836,0.9342,2.695,2.88482
0,1,9.75,9322,27647,6954,0.9322,2.7647,2.96578
0,1,10,9343,26847,6788,0.9343,2.6847,2.87349
0,1,10.25,9326,27464,6909,0.9326,2.7464,2.94489
0,1,10.5,9292,28829,7191,0.9292,2.8829,3.10256
0,1,10.75,9354,26428,6696,0.9354,2.6428,2.82532
0,1,11,9376,25609,6511,0.9376,2.5609,2.73134
0,1,11.25,9340,27045,6858,0.934,2.7045,2.89561
0,1,11.5,9371,25767,6504,0.9371,2.5767,2.74965
0,1,11.75,9336,27162,6913,0.9336,2.7162,2.90938
0,1,12,9338,26974,6866,0.9338,2.6974,2.88863
0,1,12.25,9317,27754,7019,0.9317,2.7754,2.97886
0,1,12.5,9291,28804,7256,0.9291,2.8804,3.1002
0,1,12.75,9329,27343,6910,0.9329,2.7343,2.93097
0,1,13,9297,28504,7166,0.9297,2.8504,3.06594
0,1,13.25,9326,27545,6981,0.9326,2.7545,2.95357
0,1,13.5,9298,28428,7075,0.9298,2.8428,3.05743
0,1,13.75,9365,25987,6567,0.9365,2.5987,2.77491
0,1,14,9279,29200,7330,0.9279,2.92,3.14689
0,1,14.25,9373,25555,6403,0.9373,2.5555,2.72645
0,1,14.5,9334,27213,6918,0.9334,2.7213,2.91547
0,1,14.75,9343,26783,6780,0.9343,2.6783,2.86664
0,1,15,9357,26254,6610,0.9357,2.6254,2.80581
0,1,15.25,9314,27904,7001,0.9314,2.7904,2.99592
0,1,15.5,9372,25693,6532,0.9372,2.5693,2.74146
0,1,15.75,9382,25278,6374,0.9382,2.5278,2.69431
0,1,16,9322,27578,6903,0.9322,2.7578,2.95838
0,1,16.25,9318,27823,7045,0.9318,2.7823,2.98594
0,1,16.5,9332,27189,6855,0.9332,2.7189,2.91352
0,1,16.75,9357,26332,6637,0.9357,2.6332,2.81415
0,1,17,9329,27252,6818,0.9329,2.7252,2.92121
0,1,17.25,9325,27527,6938,0.9325,2.7527,2.95196
0,1,17.5,9286,28969,7278,0.9286,2.8969,3.11964
0,1,17.75,9340,26940,6842,0.934,2.694,2.88437
0,1,18,9324,27614,6945,0.9324,2.7614,2.9616
0,1,18.25,9354,26475,6759,0.9354,2.6475,2.83034
0,1,18.5,9359,26226,6678,0.9359,2.6226,2.80222
0,1,18.75,9346,26673,6722,0.9346,2.6673,2.85395
0,1,19,9346,26706,6762,0.9346,2.6706,2.85748
0,1,19.25,9345,26772,6757,0.9345,2.6772,2.86485
0,1,19.5,9323,27568,6978,0.9323,2.7568,2.95699
0,1,19.75,9353,26524,6800,0.9353,2.6524,2.83588
0,1,20,9364,26060,6640,0.9364,2.606,2.783
0,1,20.25,9333,27231,6859,0.9333,2.7231,2.91771
0,1,20.5,9338,27044,6861,0.9338,2.7044,2.89612
0,1,20.75,9339,27002,6839,0.9339,2.7002,2.89132
0,1,21,9331,27182,6841,0.9331,2.7182,2.91309
0,1,21.25,9304,28332,7120,0.9304,2.8332,3.04514
0,1,21.5,9291,28803,7217,0.9291,2.8803,3.1001
0,1,21.75,9323,27615,6899,0.9323,2.7615,2.96203
0,1,22,9328,27409,6852,0.9328,2.7409,2.93836
0,1,22.25,9390,25045,6419,0.939,2.5045,2.6672
0,1,22.5,9380,25336,6409,0.938,2.5336,2.70107
0,1,22.75,9379,25423,6421,0.9379,2.5423,2.71063
0,1,23,9323,27664,6983,0.9323,2.7664,2.96729
0,1,23.25,9349,26541,6714,0.9349,2.6541,2.83891
0,1,23.5,9365,25961,6602,0.9365,2.5961,2.77213
0,1,23.75,9369,25800,6500,0.9369,2.58,2.75376
0,1,24,9379,25482,6475,0.9379,2.5482,2.71692
0,1,24.25,9362,26082,6596,0.9362,2.6082,2.78594
0,1,24.5,9354,26354,6672,0.9354,2.6354,2.8174
0,1,24.75,9306,28284,7118,0.9306,2.8284,3.03933
0,1,25,9300,28387,7079,0.93,2.8387,3.05237
0,1,25.25,9310,28163,7074,0.931,2.8163,3.02503
0,1,25.5,9346,26782,6788,0.9346,2.6782,2.86561
0,1,25.75,9290,28836,7210,0.929,2.8836,3.10398
0,1,26,9324,27551,6897,0.9324,2.7551,2.95485
0,1,26.25,9299,28430,7132,0.9299,2.843,3.05732
0,1,26.5,9312,27911,6966,0.9312,2.7911,2.99732
0,1,26.75,9290,28796,7209,0.929,2.8796,3.09968
0,1,27,9360,26109,6528,0.936,2.6109,2.78942
0,1,27.25,9366,25895,6583,0.9366,2.5895,2.76479
0,1,27.5,9330,27391,6954,0.933,2.7391,2.9358
0,1,27.75,9303,28317,7084,0.9303,2.8317,3.04386
0,1,28,9322,27515,6914,0.9322,2.7515,2.95162
0,1,28.25,9352,26406,6627,0.9352,2.6406,2.82357
0,1,28.5,9333,27126,6852,0.9333,2.7126,2.90646
0,1,28.75,9367,25956,6542,0.9367,2.5956,2.771
0,1,29,9311,28008,7009,0.9311,2.8008,3.00805
0,1,29.25,9345,26786,6758,0.9345,2.6786,2.86635
0,1,29.5,9346,26730,6781,0.9346,2.673,2.86005
0,1,29.75,9310,28022,7058,0.931,2.8022,3.00988
0,1,30,9379,25491,6487,0.9379,2.5491,2.71788
0,1,30.25,9312,27982,7058,0.9312,2.7982,3.00494
0,1,30.5,9346,26675,6750,0.9346,2.6675,2.85416
0,1,30.75,9298,28583,7210,0.9298,2.8583,3.0741
0,1,31,9310,28156,7074,0.931,2.8156,3.02427
0,1,31.25,9381,25438,6447,0.9381,2.5438,2.71165
0,1,31.5,9318,27762,6979,0.9318,2.7762,2.97939
0,1,31.75,9315,27798,6988,0.9315,2.7798,2.98422
0,1,32,9330,27349,6885,0.933,2.7349,2.9313
0,1,32.25,9394,24898,6341,0.9394,2.4898,2.65042
0,1,32.5,9346,26686,6720,0.9346,2.6686,2.85534
0,1,32.75,9333,27127,6839,0.9333,2.7127,2.90657
0,1,33,9327,27317,6838,0.9327,2.7317,2.92881
0,1,33.25,9359,26258,6652,0.9359,2.6258,2.80564
0,1,33.5,9332,27299,6915,0.9332,2.7299,2.92531
0,1,33.75,9324,27491,6964,0.9324,2.7491,2.94841
0,1,34,9346,26708,6748,0.9346,2.6708,2.85769
0,1,34.25,9363,26128,6642,0.9363,2.6128,2.79056
0,1,34.5,9341,26952,6864,0.9341,2.6952,2.88534
0,1,34.75,9342,26854,6767,0.9342,2.6854,2.87455
0,1,35,9311,27985,7025,0.9311,2.7985,3.00558
0,1,35.25,9349,26717,6800,0.9349,2.6717,2.85774
0,1,35.5,9355,26372,6732,0.9355,2.6372,2.81903
0,1,35.75,9361,26128,6591,0.9361,2.6128,2.79115
0,1,36,9330,27283,6934,0.933,2.7283,2.92422
0,1,36.25,9279,29196,7316,0.9279,2.9196,3.14646
0,1,36.5,9313,27986,7033,0.9313,2.7986,3.00505
0,1,36.75,9270,29550,7383,0.927,2.955,3.1877
0,1,37,9310,28123,7063,0.931,2.8123,3.02073
0,1,37.25,9381,25311,6367,0.9381,2.5311,2.69811
0,1,37.5,9357,26174,6601,0.9357,2.6174,2.79726
0,1,37.75,9363,26090,6558,0.9363,2.609,2.7865
0,1,38,9330,27317,6838,0.933,2.7317,2.92787
0,1,38.25,9297,28552,7159,0.9297,2.8552,3.0711
0,1,38.5,9323,27559,6947,0.9323,2.7559,2.95602
0,1,38.75,9337,27032,6863,0.9337,2.7032,2.89515
0,1,39,9326,27354,6855,0.9326,2.7354,2.93309
0,1,39.25,9297,28651,7267,0.9297,2.8651,3.08175
0,1,39.5,9273,29465,7349,0.9273,2.9465,3.1775
0,1,39.75,9306,28155,7068,0.9306,2.8155,3.02547
0,1,40,9323,27521,6926,0.9323,2.7521,2.95195
0,2,0,200,8431,139,0.02,0.8431,42.155
0,2,0.25,225,9373,101,0.0225,0.9373,41.6578
0,2,0.5,237,9840,102,0.0237,0.984,41.519
0,2,0.75,263,10843,109,0.0263,1.0843,41.2281
0,2,1,282,11582,128,0.0282,1.1582,41.0709
0,2,1.25,333,13572,148,0.0333,1.3572,40.7568
0,2,1.5,355,14441,171,0.0355,1.4441,40.6789
0,2,1.75,380,15383,190,0.038,1.5383,40.4816
0,2,2,396,16032,193,0.0396,1.6032,40.4848
0,2,2.25,453,18196,267,0.0453,1.8196,40.1678
0,2,2.5,500,19894,315,0.05,1.9894,39.788
0,2,2.75,561,22171,383,0.0561,2.2171,39.5205
0,2,3,613,24137,415,0.0613,2.4137,39.3752
0,2,3.25,690,26945,497,0.069,2.6945,39.0507
0,2,3.5,775,29945,600,0.0775,2.9945,38.6387
0,2,3.75,861,32896,720,0.0861,3.2896,38.2067
0,2,4,1040,38892,975,0.104,3.8892,37.3962
0,2,4.25,1292,46984,1479,0.1292,4.6984,36.3653
0,2,4.5,1728,59849,2440,0.1728,5.9849,34.6348
0,2,4.75,2658,81326,5006,0.2658,8.1326,30.5967
0,2,5,4516,103572,11061,0.4516,10.3572,22.9345
0,2,5.25,7888,71239,14299,0.7888,7.1239,9.03131
0,2,5.5,9270,29476,7336,0.927,2.9476,3.17972
0,2,5.75,9344,26806,6808,0.9344,2.6806,2.86879
0,2,6,9329,27370,6862,0.9329,2.737,2.93386
0,2,6.25,9330,27270,6894,0.933,2.727,2.92283
0,2,6.5,9343,26885,6765,0.9343,2.6885,2.87756
0,2,6.75,9349,26580,6739,0.9349,2.658,2.84308
0,2,7,9372,25720,6507,0.9372,2.572,2.74434
0,2,7.25,9347,26702,6737,0.9347,2.6702,2.85675
0,2,7.5,9349,26583,6757,0.9349,2.6583,2.84341
0,2,7.75,9331,27321,6893,0.9331,2.7321,2.92798
0,2,8,9280,29143,7286,0.928,2.9143,3.14041
0,2,8.25,9317,27796,6965,0.9317,2.7796,2.98336
0,2,8.5,9291,28774,7230,0.9291,2.8774,3.09698
0,2,8.75,9299,28417,7133,0.9299,2.8417,3.05592
0,2,9,9328,27368,6893,0.9328,2.7368,2.93396
0,2,9.25,9327,27456,6985,0.9327,2.7456,2.94371
0,2,9.5,9367,25912,6554,0.9367,2.5912,2.76631
0,2,9.75,9357,26311,6637,0.9357,2.6311,2.81191
0,2,10,9325,27566,6956,0.9325,2.7566,2.95614
0,2,10.25,9321,27674,6994,0.9321,2.7674,2.96899
0,2,10.5,9283,29016,7310,0.9283,2.9016,3.12571
0,2,10.75,9345,26899,6811,0.9345,2.6899,2.87844
0,2,11,9262,29873,7495,0.9262,2.9873,3.22533
0,2,11.25,9325,27472,6933,0.9325,2.7472,2.94606
0,2,11.5,9302,28388,7157,0.9302,2.8388,3.05182
0,2,11.75,9289,28901,7286,0.9289,2.8901,3.11131
0,2,12,9329,27348,6933,0.9329,2.7348,2.9315
0,2,12.25,9322,27608,6939,0.9322,2.7608,2.9616
0,2,12.5,9384,25261,6414,0.9384,2.5261,2.69192
0,2,12.75,9329,27505,7005,0.9329,2.7505,2.94833
0,2,13,9308,28087,7060,0.9308,2.8087,3.01751
0,2,13.25,9345,26732,6787,0.9345,2.6732,2.86057
0,2,13.5,9314,27790,6979,0.9314,2.779,2.98368
0,2,13.75,9344,26749,6766,0.9344,2.6749,2.86269
0,2,14,9338,27119,6919,0.9338,2.7119,2.90416
0,2,14.25,9367,25931,6569,0.9367,2.5931,2.76834
0,2,14.5,9320,27707,7017,0.932,2.7707,2.97285
0,2,14.75,9333,27172,6886,0.9333,2.7172,2.91139
0,2,15,9359,26203,6639,0.9359,2.6203,2.79976
0,2,15.25,9330,27301,6840,0.933,2.7301,2.92615
0,2,15.5,9288,28861,7244,0.9288,2.8861,3.10734
0,2,15.75,9342,26954,6864,0.9342,2.6954,2.88525
0,2,16,9349,26605,6729,0.9349,2.6605,2.84576
0,2,16.25,9362,26027,6552,0.9362,2.6027,2.78007
0,2,16.5,9316,27905,7058,0.9316,2.7905,2.99538
0,2,16.75,9340,27000,6857,0.934,2.7,2.89079
0,2,17,9317,27915,7091,0.9317,2.7915,2.99614
0,2,17.25,9319,27761,6948,0.9319,2.7761,2.97897
0,2,17.5,9321,27628,6962,0.9321,2.7628,2.96406
0,2,17.75,9353,26479,6671,0.9353,2.6479,2.83107
0,2,18,9352,26562,6734,0.9352,2.6562,2.84025
0,2,18.25,9413,24164,6109,0.9413,2.4164,2.56709
0,2,18.5,9372,25725,6523,0.9372,2.5725,2.74488
0,2,18.75,9317,27814,6985,0.9317,2.7814,2.9853
0,2,19,9321,27734,6993,0.9321,2.7734,2.97543
0,2,19.25,9382,25356,6417,0.9382,2.5356,2.70262
0,2,19.5,9365,26054,6643,0.9365,2.6054,2.78206
0,2,19.75,9366,25935,6558,0.9366,2.5935,2.76906
0,2,20,9332,27256,6833,0.9332,2.7256,2.9207
0,2,20.25,9339,27091,6886,0.9339,2.7091,2.90085
0,2,20.5,9323,27582,6952,0.9323,2.7582,2.95849
0,2,20.75,9313,27962,7008,0.9313,2.7962,3.00247
0,2,21,9386,25146,6370,0.9386,2.5146,2.6791
0,2,21.25,9336,27092,6818,0.9336,2.7092,2.90189
0,2,21.5,9336,27063,6807,0.9336,2.7063,2.89878
0,2,21.75,9312,28043,7081,0.9312,2.8043,3.01149
0,2,22,9336,26994,6837,0.9336,2.6994,2.89139
0,2,22.25,9330,27324,6912,0.933,2.7324,2.92862
0,2,22.5,9364,26077,6640,0.9364,2.6077,2.78481
0,2,22.75,9383,25249,6393,0.9383,2.5249,2.69093
0,2,23,9369,25882,6526,0.9369,2.5882,2.76251
0,2,23.25,9369,25785,6524,0.9369,2.5785,2.75216
0,2,23.5,9379,25473,6482,0.9379,2.5473,2.71596
0,2,23.75,9310,28145,7065,0.931,2.8145,3.02309
0,2,24,9301,28328,7111,0.9301,2.8328,3.04569
0,2,24.25,9327,27386,6901,0.9327,2.7386,2.93621
0,2,24.5,9307,28109,7050,0.9307,2.8109,3.0202
0,2,24.75,9327,27429,6926,0.9327,2.7429,2.94082
0,2,25,9337,27060,6823,0.9337,2.706,2.89815
0,2,25.25,9367,25919,6536,0.9367,2.5919,2.76705
0,2,25.5,9304,28421,7157,0.9304,2.8421,3.05471
0,2,25.75,9342,26845,6783,0.9342,2.6845,2.87358
0,2,26,9310,28125,7094,0.931,2.8125,3.02095
0,2,26.25,9380,25507,6536,0.938,2.5507,2.7193
0,2,26.5,9361,26189,6648,0.9361,2.6189,2.79767
0,2,26.75,9352,26352,6626,0.9352,2.6352,2.81779
0,2,27,9338,27041,6796,0.9338,2.7041,2.8958
0,2,27.25,9333,27242,6786,0.9333,2.7242,2.91889
0,2,27.5,9300,28518,7213,0.93,2.8518,3.06645
0,2,27.75,9319,27825,7024,0.9319,2.7825,2.98584
0,2,28,9327,27535,6966,0.9327,2.7535,2.95218
0,2,28.25,9327,27397,6881,0.9327,2.7397,2.93739
0,2,28.5,9337,27015,6735,0.9337,2.7015,2.89333
0,2,28.75,9316,27891,7013,0.9316,2.7891,2.99388
0,2,29,9328,27304,6837,0.9328,2.7304,2.9271
0,2,29.25,9332,27294,6891,0.9332,2.7294,2.92477
0,2,29.5,9331,27251,6843,0.9331,2.7251,2.92048
0,2,29.75,9347,26870,6839,0.9347,2.687,2.87472
0,2,30,9350,26659,6808,0.935,2.6659,2.85123
0,2,30.25,9315,27880,7021,0.9315,2.788,2.99302
0,2,30.5,9363,26095,6588,0.9363,2.6095,2.78703
0,2,30.75,9376,25610,6481,0.9376,2.561,2.73144
0,2,31,9355,26323,6700,0.9355,2.6323,2.81379
0,2,31.25,9339,26937,6787,0.9339,2.6937,2.88436
0,2,31.5,9369,25753,6555,0.9369,2.5753,2.74875
0,2,31.75,9325,27548,6936,0.9325,2.7548,2.95421
0,2,32,9318,27762,6997,0.9318,2.7762,2.97939
0,2,32.25,9360,26164,6611,0.936,2.6164,2.7953
0,2,32.5,9376,25589,6480,0.9376,2.5589,2.7292
0,2,32.75,9347,26745,6776,0.9347,2.6745,2.86135
0,2,33,9343,26833,6773,0.9343,2.6833,2.87199
0,2,33.25,9270,29514,7361,0.927,2.9514,3.18382
0,2,33.5,9258,30069,7501,0.9258,3.0069,3.24789
0,2,33.75,9301,28292,7039,0.9301,2.8292,3.04182
0,2,34,9326,27521,6969,0.9326,2.7521,2.951
0,2,34.25,9325,27450,6889,0.9325,2.745,2.9437
0,2,34.5,9412,24199,6104,0.9412,2.4199,2.57108
0,2,34.75,9368,25826,6507,0.9368,2.5826,2.75683
0,2,35,9342,26916,6772,0.9342,2.6916,2.88118
0,2,35.25,9370,25819,6525,0.937,2.5819,2.7555
0,2,35.5,9315,27844,7017,0.9315,2.7844,2.98916
0,2,35.75,9363,26122,6687,0.9363,2.6122,2.78992
0,2,36,9393,24934,6405,0.9393,2.4934,2.65453
0,2,36.25,9327,27394,6865,0.9327,2.7394,2.93706
0,2,36.5,9323,27669,7026,0.9323,2.7669,2.96782
0,2,36.75,9306,28268,7178,0.9306,2.8268,3.03761
0,2,37,9339,27016,6782,0.9339,2.7016,2.89282
0,2,37.25,9279,29270,7349,0.9279,2.927,3.15443
0,2,37.5,9300,28412,7136,0.93,2.8412,3.05505
0,2,37.75,9294,28744,7270,0.9294,2.8744,3.09275
0,2,38,9289,28739,7226,0.9289,2.8739,3.09387
0,2,38.25,9306,28245,7131,0.9306,2.8245,3.03514
0,2,38.5,9368,25891,6580,0.9368,2.5891,2.76377
0,2,38.75,9358,26225,6632,0.9358,2.6225,2.80242
0,2,39,9329,27359,6923,0.9329,2.7359,2.93268
0,2,39.25,9336,27157,6883,0.9336,2.7157,2.90885
0,2,39.5,9318,27829,7042,0.9318,2.7829,2.98659
0,2,39.75,9297,28604,7219,0.9297,2.8604,3.07669
0,2,40,9354,26388,6672,0.9354,2.6388,2.82104
0,3,0,200,8418,136,0.02,0.8418,42.09
0,3,0.25,230,9554,109,0.023,0.9554,41.5391
0,3,0.5,255,10515,121,0.0255,1.0515,41.2353
0,3,0.75,267,10992,117,0.0267,1.0992,41.1685
0,3,1,280,11478,131,0.028,1.1478,40.9929
0,3,1.25,300,12250,139,0.03,1.225,40.8333
0,3,1.5,316,12824,158,0.0316,1.2824,40.5823
0,3,1.75,332,13479,175,0.0332,1.3479,40.5994
0,3,2,358,14422,180,0.0358,1.4422,40.2849
0,3,2.25,365,14765,189,0.0365,1.4765,40.4521
0,3,2.5,387,15668,193,0.0387,1.5668,40.4858
0,3,2.75,420,16923,227,0.042,1.6923,40.2929
0,3,3,458,18374,281,0.0458,1.8374,40.1179
0,3,3.25,499,19869,299,0.0499,1.9869,39.8176
0,3,3.5,543,21551,344,0.0543,2.1551,39.6888
0,3,3.75,580,22939,410,0.058,2.2939,39.55
0,3,4,662,25934,486,0.0662,2.5934,39.1752
0,3,4.25,748,28902,560,0.0748,2.8902,38.639
0,3,4.5,888,33904,736,0.0888,3.3904,38.1802
0,3,4.75,1098,40962,1095,0.1098,4.0962,37.306
0,3,5,1394,50043,1660,0.1394,5.0043,35.8989
0,3,5.25,1931,64786,2912,0.1931,6.4786,33.5505
0,3,5.5,2985,87052,5980,0.2985,8.7052,29.1631
0,3,5.75,5475,103771,13578,0.5475,10.3771,18.9536
0,3,6,8570,53008,11868,0.857,5.3008,6.1853
0,3,6.25,9340,26944,6797,0.934,2.6944,2.8848
0,3,6.5,9306,28216,7044,0.9306,2.8216,3.03202
0,3,6.75,9347,26701,6718,0.9347,2.6701,2.85664
0,3,7,9326,27393,6928,0.9326,2.7393,2.93727
0,3,7.25,9344,26796,6768,0.9344,2.6796,2.86772
0,3,7.5,9354,26491,6731,0.9354,2.6491,2.83205
0,3,7.75,9377,25562,6449,0.9377,2.5562,2.72603
0,3,8,9392,24972,6323,0.9392,2.4972,2.65886
0,3,8.25,9308,28077,6986,0.9308,2.8077,3.01644
0,3,8.5,9317,27688,6941,0.9317,2.7688,2.97177
0,3,8.75,9337,27050,6833,0.9337,2.705,2.89708
0,3,9,9271,29499,7370,0.9271,2.9499,3.18186
0,3,9.25,9329,27408,6963,0.9329,2.7408,2.93794
0,3,9.5,9345,26663,6701,0.9345,2.6663,2.85318
0,3,9.75,9360,26114,6634,0.936,2.6114,2.78996
0,3,10,9348,26649,6765,0.9348,2.6649,2.85077
0,3,10.25,9329,27427,6941,0.9329,2.7427,2.93997
0,3,10.5,9331,27399,6956,0.9331,2.7399,2.93634
0,3,10.75,9367,25944,6545,0.9367,2.5944,2.76972
0,3,11,9298,28576,7146,0.9298,2.8576,3.07335
0,3,11.25,9316,27995,7084,0.9316,2.7995,3.00505
0,3,11.5,9327,27454,6932,0.9327,2.7454,2.9435
0,3,11.75,9353,26337,6604,0.9353,2.6337,2.81589
0,3,12,9387,25123,6384,0.9387,2.5123,2.67636
0,3,12.25,9339,26946,6778,0.9339,2.6946,2.88532
0,3,12.5,9314,27963,7031,0.9314,2.7963,3.00225
0,3,12.75,9361,26039,6566,0.9361,2.6039,2.78165
0,3,13,9369,25850,6620,0.9369,2.585,2.7591
0,3,13.25,9360,26229,6646,0.936,2.6229,2.80224
0,3,13.5,9291,28909,7311,0.9291,2.8909,3.11151
0,3,13.75,9323,27561,6946,0.9323,2.7561,2.95624
0,3,14,9357,26293,6652,0.9357,2.6293,2.80998
0,3,14.25,9320,27704,7011,0.932,2.7704,2.97253
0,3,14.5,9335,27224,6883,0.9335,2.7224,2.91634
0,3,14.75,9291,28793,7179,0.9291,2.8793,3.09902
0,3,15,9353,26419,6700,0.9353,2.6419,2.82466
0,3,15.25,9338,26965,6796,0.9338,2.6965,2.88766
0,3,15.5,9315,27871,6959,0.9315,2.7871,2.99206
0,3,15.75,9328,27317,6918,0.9328,2.7317,2.92849
0,3,16,9355,26383,6740,0.9355,2.6383,2.8202
0,3,16.25,9312,27971,7046,0.9312,2.7971,3.00376
0,3,16.5,9288,28882,7238,0.9288,2.8882,3.1096
0,3,16.75,9294,28585,7150,0.9294,2.8585,3.07564
0,3,17,9306,28283,7133,0.9306,2.8283,3.03922
0,3,17.25,9344,26881,6829,0.9344,2.6881,2.87682
0,3,17.5,9388,25105,6389,0.9388,2.5105,2.67416
0,3,17.75,9358,26221,6590,0.9358,2.6221,2.80199
0,3,18,9348,26580,6748,0.9348,2.658,2.84339
0,3,18.25,9365,26025,6584,0.9365,2.6025,2.77896
0,3,18.5,9331,27136,6774,0.9331,2.7136,2.90816
0,3,18.75,9329,27223,6846,0.9329,2.7223,2.9181
0,3,19,9320,27752,7006,0.932,2.7752,2.97768
0,3,19.25,9363,26016,6607,0.9363,2.6016,2.7786
0,3,19.5,9328,27402,6927,0.9328,2.7402,2.93761
0,3,19.75,9334,27190,6823,0.9334,2.719,2.91301
0,3,20,9325,27497,6910,0.9325,2.7497,2.94874
0,3,20.25,9323,27638,6975,0.9323,2.7638,2.9645
0,3,20.5,9328,27428,6904,0.9328,2.7428,2.94039
0,3,20.75,9349,26548,6688,0.9349,2.6548,2.83966
0,3,21,9340,26912,6774,0.934,2.6912,2.88137
0,3,21.25,9338,27109,6857,0.9338,2.7109,2.90308
0,3,21.5,9347,26743,6794,0.9347,2.6743,2.86113
0,3,21.75,9291,28831,7266,0.9291,2.8831,3.10311
0,3,22,9368,25904,6607,0.9368,2.5904,2.76516
0,3,22.25,9339,26996,6832,0.9339,2.6996,2.89067
0,3,22.5,9333,27253,6910,0.9333,2.7253,2.92007
0,3,22.75,9326,27465,6906,0.9326,2.7465,2.94499
0,3,23,9354,26469,6754,0.9354,2.6469,2.8297
0,3,23.25,9341,26917,6753,0.9341,2.6917,2.8816
0,3,23.5,9340,26825,6771,0.934,2.6825,2.87206
0,3,23.75,9352,26396,6671,0.9352,2.6396,2.8225
0,3,24,9322,27653,6974,0.9322,2.7653,2.96642
0,3,24.25,9344,26784,6792,0.9344,2.6784,2.86644
0,3,24.5,9298,28561,7169,0.9298,2.8561,3.07174
0,3,24.75,9339,26949,6779,0.9339,2.6949,2.88564
0,3,25,9357,26363,6680,0.9357,2.6363,2.81746
0,3,25.25,9320,27723,6941,0.932,2.7723,2.97457
0,3,25.5,9331,27232,6823,0.9331,2.7232,2.91844
0,3,25.75,9344,26721,6779,0.9344,2.6721,2.8597
0,3,26,9344,26825,6781,0.9344,2.6825,2.87083
0,3,26.25,9327,27467,6985,0.9327,2.7467,2.94489
0,3,26.5,9373,25705,6576,0.9373,2.5705,2.74245
0,3,26.75,9288,28929,7281,0.9288,2.8929,3.11466
0,3,27,9350,26500,6649,0.935,2.65,2.83422
0,3,27.25,9372,25828,6617,0.9372,2.5828,2.75587
0,3,27.5,9344,26819,6786,0.9344,2.6819,2.87018
0,3,27.75,9322,27545,6967,0.9322,2.7545,2.95484
0,3,28,9340,26874,6736,0.934,2.6874,2.8773
0,3,28.25,9327,27482,6929,0.9327,2.7482,2.9465
0,3,28.5,9323,27605,6976,0.9323,2.7605,2.96096
0,3,28.75,9305,28395,7191,0.9305,2.8395,3.05159
0,3,29,9279,29257,7367,0.9279,2.9257,3.15303
0,3,29.25,9347,26665,6712,0.9347,2.6665,2.85279
0,3,29.5,9342,26993,6875,0.9342,2.6993,2.88942
0,3,29.75,9307,28229,7085,0.9307,2.8229,3.03309
0,3,30,9309,28180,7141,0.9309,2.818,3.02718
0,3,30.25,9331,27297,6923,0.9331,2.7297,2.92541
0,3,30.5,9336,26999,6838,0.9336,2.6999,2.89192
0,3,30.75,9299,28560,7175,0.9299,2.856,3.0713
0,3,31,9309,28091,7061,0.9309,2.8091,3.01762
0,3,31.25,9398,24695,6257,0.9398,2.4695,2.62769
0,3,31.5,9329,27298,6885,0.9329,2.7298,2.92614
0,3,31.75,9318,27764,6974,0.9318,2.7764,2.97961
0,3,32,9368,25895,6620,0.9368,2.5895,2.7642
0,3,32.25,9368,25826,6501,0.9368,2.5826,2.75683
0,3,32.5,9369,25730,6478,0.9369,2.573,2.74629
0,3,32.75,9352,26377,6670,0.9352,2.6377,2.82047
0,3,33,9338,27012,6839,0.9338,2.7012,2.8927
0,3,33.25,9366,25896,6577,0.9366,2.5896,2.76489
0,3,33.5,9324,27449,6897,0.9324,2.7449,2.94391
0,3,33.75,9353,26356,6636,0.9353,2.6356,2.81792
0,3,34,9318,27812,7014,0.9318,2.7812,2.98476
0,3,34.25,9343,26777,6761,0.9343,2.6777,2.866
0,3,34.5,9364,26034,6549,0.9364,2.6034,2.78022
0,3,34.75,9335,27221,6864,0.9335,2.7221,2.91601
0,3,35,9309,27973,7036,0.9309,2.7973,3.00494
0,3,35.25,9313,27951,7049,0.9313,2.7951,3.00129
0,3,35.5,9279,29234,7320,0.9279,2.9234,3.15056
0,3,35.75,9353,26508,6704,0.9353,2.6508,2.83417
0,3,36,9338,26971,6787,0.9338,2.6971,2.88831
0,3,36.25,9296,28653,7199,0.9296,2.8653,3.08229
0,3,36.5,9339,26969,6773,0.9339,2.6969,2.88778
0,3,36.75,9367,25859,6557,0.9367,2.5859,2.76065
0,3,37,9314,28020,7113,0.9314,2.802,3.00837
0,3,37.25,9368,25951,6605,0.9368,2.5951,2.77018
0,3,37.5,9338,27043,6837,0.9338,2.7043,2.89602
0,3,37.75,9361,26136,6598,0.9361,2.6136,2.79201
0,3,38,9346,26712,6723,0.9346,2.6712,2.85812
0,3,38.25,9299,28617,7266,0.9299,2.8617,3.07743
0,3,38.5,9304,28390,7144,0.9304,2.839,3.05138
0,3,38.75,9311,28116,7081,0.9311,2.8116,3.01965
0,3,39,9344,26840,6741,0.9344,2.684,2.87243
0,3,39.25,9335,27248,6901,0.9335,2.7248,2.91891
0,3,39.5,9303,28342,7093,0.9303,2.8342,3.04654
0,3,39.75,9349,26586,6706,0.9349,2.6586,2.84373
0,3,40,9325,27503,6926,0.9325,2.7503,2.94938
0,4,0,200,8427,131,0.02,0.8427,42.135
0,4,0.25,213,8882,89,0.0213,0.8882,41.6995
0,4,0.5,196,8206,79,0.0196,0.8206,41.8673
0,4,0.75,202,8426,76,0.0202,0.8426,41.7129
0,4,1,219,9082,69,0.0219,0.9082,41.4703
0,4,1.25,234,9689,78,0.0234,0.9689,41.406
0,4,1.5,253,10434,85,0.0253,1.0434,41.2411
0,4,1.75,273,11215,107,0.0273,1.1215,41.0806
0,4,2,279,11464,120,0.0279,1.1464,41.0896
0,4,2.25,300,12303,129,0.03,1.2303,41.01
0,4,2.5,315,12865,145,0.0315,1.2865,40.8413
0,4,2.75,340,13781,169,0.034,1.3781,40.5324
0,4,3,368,14905,198,0.0368,1.4905,40.5027
0,4,3.25,412,16589,233,0.0412,1.6589,40.2646
0,4,3.5,431,17334,253,0.0431,1.7334,40.2181
0,4,3.75,498,19821,292,0.0498,1.9821,39.8012
0,4,4,539,21400,334,0.0539,2.14,39.7032
0,4,4.25,621,24406,410,0.0621,2.4406,39.3011
0,4,4.5,706,27463,500,0.0706,2.7463,38.8994
0,4,4.75,779,30179,577,0.0779,3.0179,38.7407
0,4,5,933,35396,820,0.0933,3.5396,37.9378
0,4,5.25,1156,42797,1198,0.1156,4.2797,37.0216
0,4,5.5,1489,53101,1853,0.1489,5.3101,35.6622
0,4,5.75,2135,70212,3432,0.2135,7.0212,32.8862
0,4,6,3348,92764,7114,0.3348,9.2764,27.7073
0,4,6.25,6107,100135,14912,0.6107,10.0135,16.3968
0,4,6.5,8902,42162,9829,0.8902,4.2162,4.73624
0,4,6.75,9336,27163,6882,0.9336,2.7163,2.90949
0,4,7,9328,27429,6909,0.9328,2.7429,2.9405
0,4,7.25,9326,27442,6934,0.9326,2.7442,2.94253
0,4,7.5,9338,27010,6851,0.9338,2.701,2.89248
0,4,7.75,9291,28881,7304,0.9291,2.8881,3.10849
0,4,8,9343,26804,6754,0.9343,2.6804,2.86889
0,4,8.25,9384,25297,6394,0.9384,2.5297,2.69576
0,4,8.5,9362,26118,6599,0.9362,2.6118,2.78979
0,4,8.75,9330,27298,6847,0.933,2.7298,2.92583
0,4,9,9300,28418,7144,0.93,2.8418,3.0557
0,4,9.25,9347,26618,6739,0.9347,2.6618,2.84776
0,4,9.5,9291,28607,7146,0.9291,2.8607,3.079
0,4,9.75,9317,27812,7003,0.9317,2.7812,2.98508
0,4,10,9342,26937,6798,0.9342,2.6937,2.88343
0,4,10.25,9351,26620,6736,0.9351,2.662,2.84675
0,4,10.5,9317,27921,7046,0.9317,2.7921,2.99678
0,4,10.75,9323,27476,6907,0.9323,2.7476,2.94712
0,4,11,9324,27545,6962,0.9324,2.7545,2.9542
0,4,11.25,9316,27902,7094,0.9316,2.7902,2.99506
0,4,11.5,9372,25924,6591,0.9372,2.5924,2.76611
0,4,11.75,9343,26781,6759,0.9343,2.6781,2.86642
0,4,12,9377,25611,6509,0.9377,2.5611,2.73126
0,4,12.25,9331,27260,6846,0.9331,2.726,2.92144
0,4,12.5,9316,27889,7032,0.9316,2.7889,2.99367
0,4,12.75,9339,26989,6827,0.9339,2.6989,2.88992
0,4,13,9362,26113,6607,0.9362,2.6113,2.78925
0,4,13.25,9317,27797,6987,0.9317,2.7797,2.98347
0,4,13.5,9340,26876,6757,0.934,2.6876,2.87752
0,4,13.75,9335,27300,6956,0.9335,2.73,2.92448
0,4,14,9322,27627,6953,0.9322,2.7627,2.96363
0,4,14.25,9335,27134,6837,0.9335,2.7134,2.9067
0,4,14.5,9346,26781,6818,0.9346,2.6781,2.8655
0,4,14.75,9337,26904,6712,0.9337,2.6904,2.88144
0,4,15,9326,27460,6955,0.9326,2.746,2.94446
0,4,15.25,9330,27357,6955,0.933,2.7357,2.93215
0,4,15.5,9310,28050,7085,0.931,2.805,3.01289
0,4,15.75,9291,28784,7220,0.9291,2.8784,3.09805
0,4,16,9296,28612,7145,0.9296,2.8612,3.07788
0,4,16.25,9322,27610,6966,0.9322,2.761,2.96181
0,4,16.5,9389,25094,6398,0.9389,2.5094,2.6727
0,4,16.75,9336,27124,6888,0.9336,2.7124,2.90531
0,4,17,9348,26633,6710,0.9348,2.6633,2.84906
0,4,17.25,9309,28129,7038,0.9309,2.8129,3.0217
0,4,17.5,9325,27543,6950,0.9325,2.7543,2.95367
0,4,17.75,9322,27700,6979,0.9322,2.77,2.97147
0,4,18,9298,28574,7165,0.9298,2.8574,3.07313
0,4,18.25,9353,26365,6689,0.9353,2.6365,2.81888
0,4,18.5,9377,25527,6482,0.9377,2.5527,2.7223
0,4,18.75,9336,27012,6796,0.9336,2.7012,2.89332
0,4,19,9300,28410,7106,0.93,2.841,3.05484
0,4,19.25,9351,26555,6679,0.9351,2.6555,2.8398
0,4,19.5,9371,25689,6484,0.9371,2.5689,2.74133
0,4,19.75,9293,28801,7251,0.9293,2.8801,3.09921
0,4,20,9292,28758,7246,0.9292,2.8758,3.09492
0,4,20.25,9331,27361,6904,0.9331,2.7361,2.93227
0,4,20.5,9323,27532,6913,0.9323,2.7532,2.95313
0,4,20.75,9326,27412,6886,0.9326,2.7412,2.93931
0,4,21,9305,28250,7123,0.9305,2.825,3.036
0,4,21.25,9351,26462,6648,0.9351,2.6462,2.82986
0,4,21.5,9324,27509,6953,0.9324,2.7509,2.95034
0,4,21.75,9391,24912,6286,0.9391,2.4912,2.65275
0,4,22,9355,26479,6782,0.9355,2.6479,2.83046
0,4,22.25,9341,26870,6781,0.9341,2.687,2.87657
0,4,22.5,9312,28028,7070,0.9312,2.8028,3.00988
0,4,22.75,9328,27381,6851,0.9328,2.7381,2.93536
0,4,23,9386,25187,6424,0.9386,2.5187,2.68346
0,4,23.25,9330,27433,6937,0.933,2.7433,2.9403
0,4,23.5,9349,26589,6695,0.9349,2.6589,2.84405
0,4,23.75,9340,26854,6752,0.934,2.6854,2.87516
0,4,24,9362,26082,6583,0.9362,2.6082,2.78594
0,4,24.25,9327,27459,6918,0.9327,2.7459,2.94403
0,4,24.5,9339,26895,6763,0.9339,2.6895,2.87986
0,4,24.75,9346,26819,6795,0.9346,2.6819,2.86957
0,4,25,9289,28884,7276,0.9289,2.8884,3.10948
0,4,25.25,9327,27438,6912,0.9327,2.7438,2.94178
0,4,25.5,9372,25817,6557,0.9372,2.5817,2.75469
0,4,25.75,9387,25189,6430,0.9387,2.5189,2.68339
0,4,26,9320,27683,7045,0.932,2.7683,2.97028
0,4,26.25,9283,29160,7367,0.9283,2.916,3.14123
0,4,26.5,9365,25902,6573,0.9365,2.5902,2.76583
0,4,26.75,9346,26729,6758,0.9346,2.6729,2.85994
0,4,27,9323,27568,6965,0.9323,2.7568,2.95699
0,4,27.25,9312,27964,7034,0.9312,2.7964,3.00301
0,4,27.5,9337,27020,6818,0.9337,2.702,2.89386
0,4,27.75,9316,27847,7047,0.9316,2.7847,2.98916
0,4,28,9330,27234,6810,0.933,2.7234,2.91897
0,4,28.25,9331,27290,6859,0.9331,2.729,2.92466
0,4,28.5,9311,28039,7093,0.9311,2.8039,3.01138
0,4,28.75,9388,25169,6359,0.9388,2.5169,2.68098
0,4,29,9350,26644,6770,0.935,2.6644,2.84963
0,4,29.25,9336,27091,6842,0.9336,2.7091,2.90178
0,4,29.5,9304,28345,7211,0.9304,2.8345,3.04654
0,4,29.75,9372,25784,6605,0.9372,2.5784,2.75117
0,4,30,9330,27330,6902,0.933,2.733,2.92926
0,4,30.25,9322,27686,6975,0.9322,2.7686,2.96996
0,4,30.5,9312,28029,7101,0.9312,2.8029,3.00999
0,4,30.75,9318,27749,6988,0.9318,2.7749,2.978
0,4,31,9356,26368,6699,0.9356,2.6368,2.8183
0,4,31.25,9301,28570,7204,0.9301,2.857,3.07171
0,4,31.5,9314,27914,6983,0.9314,2.7914,2.99699
0,4,31.75,9348,26618,6669,0.9348,2.6618,2.84745
0,4,32,9290,28874,7289,0.929,2.8874,3.10807
0,4,32.25,9351,26504,6721,0.9351,2.6504,2.83435
0,4,32.5,9387,25152,6401,0.9387,2.5152,2.67945
0,4,32.75,9302,28423,7152,0.9302,2.8423,3.05558
0,4,33,9349,26588,6734,0.9349,2.6588,2.84394
0,4,33.25,9348,26694,6720,0.9348,2.6694,2.85558
0,4,33.5,9320,27753,6986,0.932,2.7753,2.97779
0,4,33.75,9315,27817,6958,0.9315,2.7817,2.98626
0,4,34,9350,26573,6736,0.935,2.6573,2.84203
0,4,34.25,9347,26677,6736,0.9347,2.6677,2.85407
0,4,34.5,9371,25794,6605,0.9371,2.5794,2.75253
0,4,34.75,9315,27959,7006,0.9315,2.7959,3.0015
0,4,35,9316,27808,7018,0.9316,2.7808,2.98497
0,4,35.25,9312,28073,7056,0.9312,2.8073,3.01471
0,4,35.5,9354,26414,6662,0.9354,2.6414,2.82382
0,4,35.75,9354,26388,6658,0.9354,2.6388,2.82104
0,4,36,9309,28077,7101,0.9309,2.8077,3.01611
0,4,36.25,9369,25844,6575,0.9369,2.5844,2.75846
0,4,36.5,9339,27085,6871,0.9339,2.7085,2.9002
0,4,36.75,9313,27958,7031,0.9313,2.7958,3.00204
0,4,37,9323,27475,6874,0.9323,2.7475,2.94701
0,4,37.25,9321,27666,6978,0.9321,2.7666,2.96814
0,4,37.5,9338,27058,6813,0.9338,2.7058,2.89762
0,4,37.75,9381,25228,6364,0.9381,2.5228,2.68927
0,4,38,9402,24568,6261,0.9402,2.4568,2.61306
0,4,38.25,9265,29863,7489,0.9265,2.9863,3.22321
0,4,38.5,9309,28113,7079,0.9309,2.8113,3.01998
0,4,38.75,9304,28320,7102,0.9304,2.832,3.04385
0,4,39,9376,25503,6476,0.9376,2.5503,2.72003
0,4,39.25,9347,26655,6730,0.9347,2.6655,2.85172
0,4,39.5,9347,26734,6724,0.9347,2.6734,2.86017
0,4,39.75,9371,25773,6550,0.9371,2.5773,2.75029
0,4,40,9374,25723,6538,0.9374,2.5723,2.74408
0,5,0,200,8427,135,0.02,0.8427,42.135
0,5,0.25,215,8947,98,0.0215,0.8947,41.614
0,5,0.5,233,9678,90,0.0233,0.9678,41.5365
0,5,0.75,251,10369,102,0.0251,1.0369,41.3108
0,5,1,242,10024,89,0.0242,1.0024,41.4215
0,5,1.25,259,10684,100,0.0259,1.0684,41.251
0,5,1.5,267,10955,113,0.0267,1.0955,41.03
0,5,1.75,291,11874,123,0.0291,1.1874,40.8041
0,5,2,304,12415,125,0.0304,1.2415,40.8388
0,5,2.25,321,13119,144,0.0321,1.3119,40.8692
0,5,2.5,345,14010,147,0.0345,1.401,40.6087
0,5,2.75,373,15056,163,0.0373,1.5056,40.3646
0,5,3,368,14908,167,0.0368,1.4908,40.5109
0,5,3.25,381,15426,195,0.0381,1.5426,40.4882
0,5,3.5,402,16249,206,0.0402,1.6249,40.4204
0,5,3.75,435,17508,246,0.0435,1.7508,40.2483
0,5,4,463,18580,278,0.0463,1.858,40.1296
0,5,4.25,516,20535,306,0.0516,2.0535,39.7965
0,5,4.5,584,23006,396,0.0584,2.3006,39.3938
0,5,4.75,639,24918,439,0.0639,2.4918,38.9953
0,5,5,747,28796,590,0.0747,2.8796,38.5489
0,5,5.25,881,33515,744,0.0881,3.3515,38.042
0,5,5.5,1071,39952,1085,0.1071,3.9952,37.3035
0,5,5.75,1403,50306,1666,0.1403,5.0306,35.856
0,5,6,1923,64361,2940,0.1923,6.4361,33.4691
0,5,6.25,3026,88167,6159,0.3026,8.8167,29.1365
0,5,6.5,5540,103581,13710,0.554,10.3581,18.6969
0,5,6.75,8674,49912,11337,0.8674,4.9912,5.75421
0,5,7,9297,28609,7156,0.9297,2.8609,3.07723
0,5,7.25,9344,26927,6856,0.9344,2.6927,2.88174
0,5,7.5,9284,28934,7292,0.9284,2.8934,3.11654
0,5,7.75,9326,27550,6913,0.9326,2.755,2.95411
0,5,8,9384,25322,6432,0.9384,2.5322,2.69842
0,5,8.25,9376,25500,6446,0.9376,2.55,2.71971
0,5,8.5,9336,27091,6803,0.9336,2.7091,2.90178
0,5,8.75,9351,26607,6772,0.9351,2.6607,2.84536
0,5,9,9319,27579,6887,0.9319,2.7579,2.95944
0,5,9.25,9333,27181,6880,0.9333,2.7181,2.91235
0,5,9.5,9357,26381,6703,0.9357,2.6381,2.81939
0,5,9.75,9363,26008,6585,0.9363,2.6008,2.77774
0,5,10,9331,27351,6911,0.9331,2.7351,2.9312
0,5,10.25,9327,27423,6884,0.9327,2.7423,2.94017
0,5,10.5,9315,27849,7025,0.9315,2.7849,2.98969
0,5,10.75,9341,26874,6778,0.9341,2.6874,2.87699
0,5,11,9350,26584,6752,0.935,2.6584,2.84321
0,5,11.25,9337,27026,6758,0.9337,2.7026,2.89451
0,5,11.5,9339,26910,6798,0.9339,2.691,2.88146
0,5,11.75,9290,28811,7184,0.929,2.8811,3.10129
0,5,12,9320,27811,7031,0.932,2.7811,2.98401
0,5,12.25,9347,26646,6693,0.9347,2.6646,2.85075
0,5,12.5,9312,28038,7085,0.9312,2.8038,3.01095
0,5,12.75,9339,26966,6842,0.9339,2.6966,2.88746
0,5,13,9329,27311,6870,0.9329,2.7311,2.92754
0,5,13.25,9355,26334,6685,0.9355,2.6334,2.81497
0,5,13.5,9313,28000,7012,0.9313,2.8,3.00655
0,5,13.75,9349,26697,6821,0.9349,2.6697,2.8556
0,5,14,9331,27328,6945,0.9331,2.7328,2.92873
0,5,14.25,9338,26936,6760,0.9338,2.6936,2.88456
0,5,14.5,9329,27486,6949,0.9329,2.7486,2.9463
0,5,14.75,9323,27661,6988,0.9323,2.7661,2.96696
0,5,15,9324,27550,6934,0.9324,2.755,2.95474
0,5,15.25,9321,27632,6965,0.9321,2.7632,2.96449
0,5,15.5,9377,25514,6447,0.9377,2.5514,2.72091
0,5,15.75,9328,27429,6898,0.9328,2.7429,2.9405
0,5,16,9369,25798,6494,0.9369,2.5798,2.75355
0,5,16.25,9397,24726,6259,0.9397,2.4726,2.63127
0,5,16.5,9364,25946,6547,0.9364,2.5946,2.77082
0,5,16.75,9359,26308,6682,0.9359,2.6308,2.81098
0,5,17,9327,27415,6964,0.9327,2.7415,2.93932
0,5,17.25,9364,26080,6625,0.9364,2.608,2.78513
0,5,17.5,9283,29108,7304,0.9283,2.9108,3.13562
0,5,17.75,9317,27747,6979,0.9317,2.7747,2.9781
0,5,18,9313,27956,7059,0.9313,2.7956,3.00183
0,5,18.25,9319,27699,6968,0.9319,2.7699,2.97231
0,5,18.5,9317,27824,6999,0.9317,2.7824,2.98637
0,5,18.75,9345,26662,6712,0.9345,2.6662,2.85308
0,5,19,9342,26861,6758,0.9342,2.6861,2.87529
0,5,19.25,9355,26476,6719,0.9355,2.6476,2.83014
0,5,19.5,9366,25917,6557,0.9366,2.5917,2.76714
0,5,19.75,9341,26925,6824,0.9341,2.6925,2.88245
0,5,20,9383,25322,6372,0.9383,2.5322,2.69871
0,5,20.25,9344,26803,6753,0.9344,2.6803,2.86847
0,5,20.5,9292,28705,7180,0.9292,2.8705,3.08922
0,5,20.75,9349,26689,6750,0.9349,2.6689,2.85474
0,5,21,9379,25534,6524,0.9379,2.5534,2.72247
0,5,21.25,9312,28013,7079,0.9312,2.8013,3.00827
0,5,21.5,9329,27249,6848,0.9329,2.7249,2.92089
0,5,21.75,9281,29227,7319,0.9281,2.9227,3.14912
0,5,22,9347,26706,6816,0.9347,2.6706,2.85717
0,5,22.25,9349,26722,6796,0.9349,2.6722,2.85827
0,5,22.5,9287,28963,7275,0.9287,2.8963,3.11866
0,5,22.75,9306,28121,7086,0.9306,2.8121,3.02181
0,5,23,9374,25723,6547,0.9374,2.5723,2.74408
0,5,23.25,9346,26660,6685,0.9346,2.666,2.85256
0,5,23.5,9321,27657,6943,0.9321,2.7657,2.96717
0,5,23.75,9333,27258,6883,0.9333,2.7258,2.9206
0,5,24,9360,26142,6619,0.936,2.6142,2.79295
0,5,24.25,9386,25136,6312,0.9386,2.5136,2.67803
0,5,24.5,9341,27030,6779,0.9341,2.703,2.89369
0,5,24.75,9329,27242,6869,0.9329,2.7242,2.92014
0,5,25,9296,28663,7195,0.9296,2.8663,3.08337
0,5,25.25,9329,27463,6956,0.9329,2.7463,2.94383
0,5,25.5,9322,27722,6980,0.9322,2.7722,2.97383
0,5,25.75,9308,28207,7117,0.9308,2.8207,3.0304
0,5,26,9311,27993,7013,0.9311,2.7993,3.00644
0,5,26.25,9318,27805,6991,0.9318,2.7805,2.98401
0,5,26.5,9324,27538,6905,0.9324,2.7538,2.95345
0,5,26.75,9337,27134,6882,0.9337,2.7134,2.90607
0,5,27,9304,28400,7116,0.9304,2.84,3.05245
0,5,27.25,9322,27603,6906,0.9322,2.7603,2.96106
0,5,27.5,9343,26855,6787,0.9343,2.6855,2.87434
0,5,27.75,9366,25985,6608,0.9366,2.5985,2.7744
0,5,28,9321,27669,6887,0.9321,2.7669,2.96846
0,5,28.25,9353,26302,6653,0.9353,2.6302,2.81215
0,5,28.5,9350,26410,6612,0.935,2.641,2.8246
0,5,28.75,9337,27022,6819,0.9337,2.7022,2.89408
0,5,29,9296,28588,7190,0.9296,2.8588,3.0753
0,5,29.25,9314,27886,7002,0.9314,2.7886,2.99399
0,5,29.5,9342,26757,6768,0.9342,2.6757,2.86416
0,5,29.75,9317,27874,7033,0.9317,2.7874,2.99174
0,5,30,9317,27745,6957,0.9317,2.7745,2.97789
0,5,30.25,9375,25632,6464,0.9375,2.5632,2.73408
0,5,30.5,9308,28124,7126,0.9308,2.8124,3.02149
0,5,30.75,9340,26924,6820,0.934,2.6924,2.88266
0,5,31,9318,27709,6971,0.9318,2.7709,2.97371
0,5,31.25,9351,26531,6724,0.9351,2.6531,2.83724
0,5,31.5,9341,26943,6823,0.9341,2.6943,2.88438
0,5,31.75,9363,26083,6593,0.9363,2.6083,2.78575
0,5,32,9318,27830,6982,0.9318,2.783,2.98669
0,5,32.25,9324,27549,6955,0.9324,2.7549,2.95463
0,5,32.5,9378,25393,6485,0.9378,2.5393,2.70772
0,5,32.75,9372,25633,6488,0.9372,2.5633,2.73506
0,5,33,9385,25129,6343,0.9385,2.5129,2.67757
0,5,33.25,9307,28230,7110,0.9307,2.823,3.0332
0,5,33.5,9358,26222,6588,0.9358,2.6222,2.80209
0,5,33.75,9331,27308,6927,0.9331,2.7308,2.92659
0,5,34,9361,26259,6676,0.9361,2.6259,2.80515
0,5,34.25,9327,27287,6836,0.9327,2.7287,2.92559
0,5,34.5,9301,28415,7156,0.9301,2.8415,3.05505
0,5,34.75,9313,28099,7115,0.9313,2.8099,3.01718
0,5,35,9325,27523,6965,0.9325,2.7523,2.95153
0,5,35.25,9354,26424,6675,0.9354,2.6424,2.82489
0,5,35.5,9315,27953,7027,0.9315,2.7953,3.00086
0,5,35.75,9362,25985,6524,0.9362,2.5985,2.77558
0,5,36,9312,27988,7087,0.9312,2.7988,3.00558
0,5,36.25,9302,28353,7079,0.9302,2.8353,3.04805
0,5,36.5,9313,27908,7002,0.9313,2.7908,2.99667
0,5,36.75,9385,25235,6442,0.9385,2.5235,2.68887
0,5,37,9390,25000,6380,0.939,2.5,2.66241
0,5,37.25,9369,25760,6507,0.9369,2.576,2.74949
0,5,37.5,9317,27866,7049,0.9317,2.7866,2.99088
0,5,37.75,9313,27991,7044,0.9313,2.7991,3.00558
0,5,38,9359,26195,6620,0.9359,2.6195,2.79891
0,5,38.25,9302,28390,7101,0.9302,2.839,3.05203
0,5,38.5,9323,27527,6941,0.9323,2.7527,2.95259
0,5,38.75,9371,25816,6507,0.9371,2.5816,2.75488
0,5,39,9337,27130,6856,0.9337,2.713,2.90564
0,5,39.25,9337,27180,6864,0.9337,2.718,2.911
0,5,39.5,9326,27436,6883,0.9326,2.7436,2.94188
0,5,39.75,9353,26303,6639,0.9353,2.6303,2.81225
0,5,40,9351,26490,6645,0.9351,2.649,2.83285
0,6,0,200,8421,132,0.02,0.8421,42.105
0,6,0.25,219,9113,110,0.0219,0.9113,41.6119
0,6,0.5,244,10085,95,0.0244,1.0085,41.332
0,6,0.75,249,10219,106,0.0249,1.0219,41.0402
0,6,1,236,9729,98,0.0236,0.9729,41.2246
0,6,1.25,255,10480,103,0.0255,1.048,41.098
0,6,1.5,264,10894,118,0.0264,1.0894,41.2652
0,6,1.75,262,10816,109,0.0262,1.0816,41.2824
0,6,2,277,11366,121,0.0277,1.1366,41.0325
0,6,2.25,319,12997,156,0.0319,1.2997,40.7429
0,6,2.5,337,13720,154,0.0337,1.372,40.7122
0,6,2.75,361,14698,171,0.0361,1.4698,40.7147
0,6,3,383,15558,189,0.0383,1.5558,40.6214
0,6,3.25,372,15140,169,0.0372,1.514,40.6989
0,6,3.5,381,15530,185,0.0381,1.553,40.7612
0,6,3.75,400,16263,207,0.04,1.6263,40.6575
0,6,4,448,17989,232,0.0448,1.7989,40.154
0,6,4.25,488,19533,281,0.0488,1.9533,40.0266
0,6,4.5,543,21585,317,0.0543,2.1585,39.7514
0,6,4.75,605,23893,403,0.0605,2.3893,39.4926
0,6,5,656,25798,469,0.0656,2.5798,39.3262
0,6,5.25,737,28674,546,0.0737,2.8674,38.9064
0,6,5.5,852,32827,716,0.0852,3.2827,38.5293
0,6,5.75,1020,38519,980,0.102,3.8519,37.7637
0,6,6,1260,46295,1377,0.126,4.6295,36.7421
0,6,6.25,1691,58663,2283,0.1691,5.8663,34.6913
0,6,6.5,2516,78594,4514,0.2516,7.8594,31.2377
0,6,6.75,4386,102931,10534,0.4386,10.2931,23.4681
0,6,7,7813,73168,14557,0.7813,7.3168,9.3649
0,6,7.25,9264,29872,7468,0.9264,2.9872,3.22453
0,6,7.5,9361,26262,6686,0.9361,2.6262,2.80547
0,6,7.75,9333,27152,6857,0.9333,2.7152,2.90925
0,6,8,9357,26294,6682,0.9357,2.6294,2.81009
0,6,8.25,9331,27226,6812,0.9331,2.7226,2.9178
0,6,8.5,9309,28202,7135,0.9309,2.8202,3.02954
0,6,8.75,9368,25973,6613,0.9368,2.5973,2.77252
0,6,9,9326,27404,6864,0.9326,2.7404,2.93845
0,6,9.25,9343,26747,6717,0.9343,2.6747,2.86278
0,6,9.5,9353,26395,6669,0.9353,2.6395,2.82209
0,6,9.75,9317,27844,6998,0.9317,2.7844,2.98852
0,6,10,9341,26870,6821,0.9341,2.687,2.87657
0,6,10.25,9282,29214,7333,0.9282,2.9214,3.14738
0,6,10.5,9340,26973,6838,0.934,2.6973,2.8879
0,6,10.75,9317,27699,6997,0.9317,2.7699,2.97295
0,6,11,9379,25444,6455,0.9379,2.5444,2.71287
0,6,11.25,9355,26388,6697,0.9355,2.6388,2.82074
0,6,11.5,9337,27073,6793,0.9337,2.7073,2.89954
0,6,11.75,9311,28042,7075,0.9311,2.8042,3.01171
0,6,12,9343,26725,6687,0.9343,2.6725,2.86043
0,6,12.25,9373,25651,6490,0.9373,2.5651,2.73669
0,6,12.5,9348,26620,6720,0.9348,2.662,2.84767
0,6,12.75,9287,28935,7252,0.9287,2.8935,3.11565
0,6,13,9302,28325,7138,0.9302,2.8325,3.04504
0,6,13.25,9313,27999,7034,0.9313,2.7999,3.00644
0,6,13.5,9328,27482,6914,0.9328,2.7482,2.94618
0,6,13.75,9262,29693,7383,0.9262,2.9693,3.2059
0,6,14,9319,27758,6953,0.9319,2.7758,2.97865
0,6,14.25,9328,27407,6920,0.9328,2.7407,2.93814
0,6,14.5,9385,25167,6391,0.9385,2.5167,2.68162
0,6,14.75,9365,26029,6614,0.9365,2.6029,2.77939
0,6,15,9352,26513,6752,0.9352,2.6513,2.83501
0,6,15.25,9357,26224,6603,0.9357,2.6224,2.80261
0,6,15.5,9308,28041,7000,0.9308,2.8041,3.01257
0,6,15.75,9333,27194,6866,0.9333,2.7194,2.91375
0,6,16,9324,27515,6946,0.9324,2.7515,2.95099
0,6,16.25,9320,27609,6905,0.932,2.7609,2.96234
0,6,16.5,9350,26499,6676,0.935,2.6499,2.83412
0,6,16.75,9341,26870,6826,0.9341,2.687,2.87657
0,6,17,9372,25634,6513,0.9372,2.5634,2.73517
0,6,17.25,9329,27258,6849,0.9329,2.7258,2.92186
0,6,17.5,9311,28108,7081,0.9311,2.8108,3.01879
0,6,17.75,9326,27557,6954,0.9326,2.7557,2.95486
0,6,18,9363,26149,6626,0.9363,2.6149,2.7928
0,6,18.25,9324,27603,6961,0.9324,2.7603,2.96042
0,6,18.5,9284,29014,7335,0.9284,2.9014,3.12516
0,6,18.75,9360,26119,6599,0.936,2.6119,2.79049
0,6,19,9349,26579,6745,0.9349,2.6579,2.84298
0,6,19.25,9346,26670,6744,0.9346,2.667,2.85363
0,6,19.5,9322,27661,6982,0.9322,2.7661,2.96728
0,6,19.75,9318,27722,6969,0.9318,2.7722,2.9751
0,6,20,9369,25998,6646,0.9369,2.5998,2.7749
0,6,20.25,9308,28101,7024,0.9308,2.8101,3.01902
0,6,20.5,9337,26932,6734,0.9337,2.6932,2.88444
0,6,20.75,9358,26289,6679,0.9358,2.6289,2.80925
0,6,21,9316,27953,7092,0.9316,2.7953,3.00054
0,6,21.25,9355,26354,6684,0.9355,2.6354,2.8171
0,6,21.5,9252,30321,7588,0.9252,3.0321,3.27724
0,6,21.75,9341,26902,6782,0.9341,2.6902,2.87999
0,6,22,9323,27659,7000,0.9323,2.7659,2.96675
0,6,22.25,9330,27347,6934,0.933,2.7347,2.93108
0,6,22.5,9277,29217,7300,0.9277,2.9217,3.1494
0,6,22.75,9311,28066,7024,0.9311,2.8066,3.01428
0,6,23,9319,27750,7034,0.9319,2.775,2.97779
0,6,23.25,9320,27698,6998,0.932,2.7698,2.97189
0,6,23.5,9287,28901,7212,0.9287,2.8901,3.11198
0,6,23.75,9329,27353,6870,0.9329,2.7353,2.93204
0,6,24,9309,28128,7108,0.9309,2.8128,3.02159
0,6,24.25,9358,26189,6601,0.9358,2.6189,2.79857
0,6,24.5,9403,24594,6312,0.9403,2.4594,2.61555
0,6,24.75,9303,28223,7057,0.9303,2.8223,3.03375
0,6,25,9361,26099,6650,0.9361,2.6099,2.78806
0,6,25.25,9342,26889,6773,0.9342,2.6889,2.87829
0,6,25.5,9316,27976,7019,0.9316,2.7976,3.00301
0,6,25.75,9332,27420,6972,0.9332,2.742,2.93828
0,6,26,9353,26412,6683,0.9353,2.6412,2.82391
0,6,26.25,9341,26863,6780,0.9341,2.6863,2.87582
0,6,26.5,9322,27633,7007,0.9322,2.7633,2.96428
0,6,26.75,9336,27062,6797,0.9336,2.7062,2.89867
0,6,27,9351,26401,6594,0.9351,2.6401,2.82333
0,6,27.25,9344,26827,6811,0.9344,2.6827,2.87104
0,6,27.5,9347,26780,6752,0.9347,2.678,2.86509
0,6,27.75,9269,29542,7371,0.9269,2.9542,3.18718
0,6,28,9370,25770,6495,0.937,2.577,2.75027
0,6,28.25,9305,28265,7178,0.9305,2.8265,3.03761
0,6,28.5,9330,27455,6913,0.933,2.7455,2.94266
0,6,28.75,9276,29433,7407,0.9276,2.9433,3.17303
0,6,29,9308,28170,7059,0.9308,2.817,3.02643
0,6,29.25,9315,27865,7023,0.9315,2.7865,2.99141
0,6,29.5,9365,25942,6575,0.9365,2.5942,2.7701
0,6,29.75,9313,27857,7001,0.9313,2.7857,2.9912
0,6,30,9325,27434,6877,0.9325,2.7434,2.94198
0,6,30.25,9318,27716,6985,0.9318,2.7716,2.97446
0,6,30.5,9317,27895,7060,0.9317,2.7895,2.99399
0,6,30.75,9297,28630,7228,0.9297,2.863,3.07949
0,6,31,9352,26466,6673,0.9352,2.6466,2.82998
0,6,31.25,9321,27646,6949,0.9321,2.7646,2.96599
0,6,31.5,9336,27171,6832,0.9336,2.7171,2.91035
0,6,31.75,9333,27166,6820,0.9333,2.7166,2.91075
0,6,32,9348,26701,6747,0.9348,2.6701,2.85633
0,6,32.25,9349,26602,6732,0.9349,2.6602,2.84544
0,6,32.5,9362,26026,6528,0.9362,2.6026,2.77996
0,6,32.75,9334,27249,6928,0.9334,2.7249,2.91933
0,6,33,9307,28275,7141,0.9307,2.8275,3.03804
0,6,33.25,9322,27723,7094,0.9322,2.7723,2.97393
0,6,33.5,9306,28190,7175,0.9306,2.819,3.02923
0,6,33.75,9320,27713,6996,0.932,2.7713,2.9735
0,6,34,9332,27187,6852,0.9332,2.7187,2.91331
0,6,34.25,9303,28387,7180,0.9303,2.8387,3.05138
0,6,34.5,9327,27327,6911,0.9327,2.7327,2.92988
0,6,34.75,9336,27130,6840,0.9336,2.713,2.90596
0,6,35,9317,27842,6992,0.9317,2.7842,2.9883
0,6,35.25,9302,28306,7104,0.9302,2.8306,3.043
0,6,35.5,9313,28009,7043,0.9313,2.8009,3.00752
0,6,35.75,9364,26061,6688,0.9364,2.6061,2.78311
0,6,36,9331,27265,6885,0.9331,2.7265,2.92198
0,6,36.25,9294,28763,7263,0.9294,2.8763,3.09479
0,6,36.5,9301,28383,7108,0.9301,2.8383,3.05161
0,6,36.75,9344,26784,6749,0.9344,2.6784,2.86644
0,6,37,9348,26725,6814,0.9348,2.6725,2.8589
0,6,37.25,9330,27359,6875,0.933,2.7359,2.93237
0,6,37.5,9337,27071,6867,0.9337,2.7071,2.89933
0,6,37.75,9309,28122,7060,0.9309,2.8122,3.02095
0,6,38,9291,28887,7287,0.9291,2.8887,3.10914
0,6,38.25,9326,27527,6946,0.9326,2.7527,2.95164
0,6,38.5,9346,26663,6756,0.9346,2.6663,2.85288
0,6,38.75,9270,29521,7340,0.927,2.9521,3.18457
0,6,39,9346,26674,6728,0.9346,2.6674,2.85406
0,6,39.25,9328,27323,6876,0.9328,2.7323,2.92914
0,6,39.5,9374,25660,6503,0.9374,2.566,2.73736
0,6,39.75,9310,28146,7089,0.931,2.8146,3.0232
0,6,40,9353,26550,6749,0.9353,2.655,2.83866
0,7,0,200,8408,146,0.02,0.8408,42.04
0,7,0.25,214,8921,100,0.0214,0.8921,41.6869
0,7,0.5,219,9089,97,0.0219,0.9089,41.5023
0,7,0.75,233,9617,83,0.0233,0.9617,41.2747
0,7,1,245,10064,91,0.0245,1.0064,41.0776
0,7,1.25,253,10371,92,0.0253,1.0371,40.9921
0,7,1.5,248,10200,101,0.0248,1.02,41.129
0,7,1.75,237,9763,116,0.0237,0.9763,41.1941
0,7,2,263,10775,118,0.0263,1.0775,40.9696
0,7,2.25,267,10978,123,0.0267,1.0978,41.1161
0,7,2.5,284,11669,144,0.0284,1.1669,41.088
0,7,2.75,303,12414,140,0.0303,1.2414,40.9703
0,7,3,288,11809,141,0.0288,1.1809,41.0035
0,7,3.25,298,12207,132,0.0298,1.2207,40.9631
0,7,3.5,303,12391,153,0.0303,1.2391,40.8944
0,7,3.75,300,12293,161,0.03,1.2293,40.9767
0,7,4,327,13317,164,0.0327,1.3317,40.7248
0,7,4.25,358,14573,166,0.0358,1.4573,40.7067
0,7,4.5,415,16706,214,0.0415,1.6706,40.2554
0,7,4.75,461,18465,245,0.0461,1.8465,40.0542
0,7,5,498,19910,271,0.0498,1.991,39.9799
0,7,5.25,554,21980,344,0.0554,2.198,39.6751
0,7,5.5,675,26241,469,0.0675,2.6241,38.8756
0,7,5.75,813,31191,638,0.0813,3.1191,38.3653
0,7,6,963,36459,823,0.0963,3.6459,37.8598
0,7,6.25,1160,42707,1214,0.116,4.2707,36.8164
0,7,6.5,1518,53478,1947,0.1518,5.3478,35.2292
0,7,6.75,2211,71676,3753,0.2211,7.1676,32.4179
0,7,7,3552,95515,7832,0.3552,9.5515,26.8905
0,7,7.25,6431,96688,15208,0.6431,9.6688,15.0347
0,7,7.5,8929,41299,9668,0.8929,4.1299,4.62527
0,7,7.75,9299,28505,7157,0.9299,2.8505,3.06538
0,7,8,9350,26621,6722,0.935,2.6621,2.84717
0,7,8.25,9365,26041,6629,0.9365,2.6041,2.78067
0,7,8.5,9334,27045,6823,0.9334,2.7045,2.89747
0,7,8.75,9353,26492,6744,0.9353,2.6492,2.83246
0,7,9,9304,28370,7179,0.9304,2.837,3.04923
0,7,9.25,9356,26356,6659,0.9356,2.6356,2.81702
0,7,9.5,9312,28002,7000,0.9312,2.8002,3.00709
0,7,9.75,9253,30173,7516,0.9253,3.0173,3.26089
0,7,10,9347,26710,6799,0.9347,2.671,2.8576
0,7,10.25,9319,27726,6901,0.9319,2.7726,2.97521
0,7,10.5,9310,28242,7153,0.931,2.8242,3.03351
0,7,10.75,9360,26157,6634,0.936,2.6157,2.79455
0,7,11,9328,27457,6914,0.9328,2.7457,2.9435
0,7,11.25,9362,25937,6516,0.9362,2.5937,2.77046
0,7,11.5,9353,26441,6737,0.9353,2.6441,2.82701
0,7,11.75,9331,27270,6852,0.9331,2.727,2.92252
0,7,12,9347,26711,6779,0.9347,2.6711,2.85771
0,7,12.25,9326,27414,6943,0.9326,2.7414,2.93952
0,7,12.5,9337,27075,6830,0.9337,2.7075,2.89975
0,7,12.75,9286,28958,7217,0.9286,2.8958,3.11846
0,7,13,9334,27213,6896,0.9334,2.7213,2.91547
0,7,13.25,9353,26497,6777,0.9353,2.6497,2.83299
0,7,13.5,9353,26452,6690,0.9353,2.6452,2.82818
0,7,13.75,9341,26929,6783,0.9341,2.6929,2.88288
0,7,14,9295,28605,7191,0.9295,2.8605,3.07746
0,7,14.25,9298,28455,7191,0.9298,2.8455,3.06034
0,7,14.5,9304,28374,7171,0.9304,2.8374,3.04966
0,7,14.75,9322,27669,7003,0.9322,2.7669,2.96814
0,7,15,9371,25775,6532,0.9371,2.5775,2.75051
0,7,15.25,9341,26865,6795,0.9341,2.6865,2.87603
0,7,15.5,9352,26460,6671,0.9352,2.646,2.82934
0,7,15.75,9347,26668,6736,0.9347,2.6668,2.85311
0,7,16,9329,27313,6864,0.9329,2.7313,2.92775
0,7,16.25,9403,24567,6262,0.9403,2.4567,2.61268
0,7,16.5,9318,27847,7060,0.9318,2.7847,2.98852
0,7,16.75,9301,28423,7121,0.9301,2.8423,3.05591
0,7,17,9349,26801,6845,0.9349,2.6801,2.86672
0,7,17.25,9352,26447,6711,0.9352,2.6447,2.82795
0,7,17.5,9316,27782,6994,0.9316,2.7782,2.98218
0,7,17.75,9319,27800,7001,0.9319,2.78,2.98315
0,7,18,9336,27131,6882,0.9336,2.7131,2.90606
0,7,18.25,9311,28060,7065,0.9311,2.806,3.01364
0,7,18.5,9355,26400,6657,0.9355,2.64,2.82202
0,7,18.75,9306,28142,7095,0.9306,2.8142,3.02407
0,7,19,9344,26731,6791,0.9344,2.6731,2.86077
0,7,19.25,9307,28148,7024,0.9307,2.8148,3.02439
0,7,19.5,9327,27370,6846,0.9327,2.737,2.93449
0,7,19.75,9359,26192,6631,0.9359,2.6192,2.79859
0,7,20,9346,26762,6754,0.9346,2.6762,2.86347
0,7,20.25,9296,28625,7204,0.9296,2.8625,3.07928
0,7,20.5,9319,27808,7029,0.9319,2.7808,2.98401
0,7,20.75,9345,26740,6697,0.9345,2.674,2.86142
0,7,21,9349,26645,6726,0.9349,2.6645,2.85004
0,7,21.25,9327,27374,6873,0.9327,2.7374,2.93492
0,7,21.5,9335,27066,6827,0.9335,2.7066,2.89941
0,7,21.75,9302,28364,7081,0.9302,2.8364,3.04924
0,7,22,9307,28213,7068,0.9307,2.8213,3.03137
0,7,22.25,9333,27242,6875,0.9333,2.7242,2.91889
0,7,22.5,9331,27282,6883,0.9331,2.7282,2.9238
0,7,22.75,9336,27106,6905,0.9336,2.7106,2.90338
0,7,23,9318,27828,7030,0.9318,2.7828,2.98648
0,7,23.25,9349,26591,6754,0.9349,2.6591,2.84426
0,7,23.5,9300,28554,7190,0.93,2.8554,3.07032
0,7,23.75,9331,27371,6942,0.9331,2.7371,2.93334
0,7,24,9306,28118,7044,0.9306,2.8118,3.02149
0,7,24.25,9302,28396,7154,0.9302,2.8396,3.05268
0,7,24.5,9323,27548,6937,0.9323,2.7548,2.95484
0,7,24.75,9274,29401,7370,0.9274,2.9401,3.17026
0,7,25,9319,27657,6865,0.9319,2.7657,2.96781
0,7,25.25,9335,27218,6929,0.9335,2.7218,2.91569
0,7,25.5,9339,26932,6830,0.9339,2.6932,2.88382
0,7,25.75,9349,26658,6731,0.9349,2.6658,2.85143
0,7,26,9303,28257,7101,0.9303,2.8257,3.03741
0,7,26.25,9279,29240,7347,0.9279,2.924,3.1512
0,7,26.5,9350,26557,6725,0.935,2.6557,2.84032
0,7,26.75,9288,28911,7248,0.9288,2.8911,3.11273
0,7,27,9290,28877,7276,0.929,2.8877,3.1084
0,7,27.25,9317,27862,7025,0.9317,2.7862,2.99045
0,7,27.5,9296,28642,7216,0.9296,2.8642,3.08111
0,7,27.75,9356,26299,6676,0.9356,2.6299,2.81092
0,7,28,9347,26725,6747,0.9347,2.6725,2.85921
0,7,28.25,9343,26929,6820,0.9343,2.6929,2.88226
0,7,28.5,9281,29193,7370,0.9281,2.9193,3.14546
0,7,28.75,9349,26591,6708,0.9349,2.6591,2.84426
0,7,29,9345,26718,6742,0.9345,2.6718,2.85907
0,7,29.25,9343,26800,6757,0.9343,2.68,2.86846
0,7,29.5,9346,26694,6785,0.9346,2.6694,2.8562
0,7,29.75,9373,25672,6530,0.9373,2.5672,2.73893
0,7,30,9357,26205,6616,0.9357,2.6205,2.80058
0,7,30.25,9327,27368,6862,0.9327,2.7368,2.93428
0,7,30.5,9348,26584,6662,0.9348,2.6584,2.84382
0,7,30.75,9299,28542,7167,0.9299,2.8542,3.06936
0,7,31,9370,25735,6550,0.937,2.5735,2.74653
0,7,31.25,9292,28620,7174,0.9292,2.862,3.08007
0,7,31.5,9348,26660,6729,0.9348,2.666,2.85195
0,7,31.75,9339,27041,6800,0.9339,2.7041,2.89549
0,7,32,9349,26656,6721,0.9349,2.6656,2.85121
0,7,32.25,9321,27603,6905,0.9321,2.7603,2.96138
0,7,32.5,9323,27673,6975,0.9323,2.7673,2.96825
0,7,32.75,9325,27453,6907,0.9325,2.7453,2.94402
0,7,33,9344,26815,6783,0.9344,2.6815,2.86976
0,7,33.25,9332,27182,6866,0.9332,2.7182,2.91277
0,7,33.5,9342,26852,6784,0.9342,2.6852,2.87433
0,7,33.75,9312,27987,7064,0.9312,2.7987,3.00548
0,7,34,9363,26167,6671,0.9363,2.6167,2.79472
0,7,34.25,9345,26748,6762,0.9345,2.6748,2.86228
0,7,34.5,9355,26268,6600,0.9355,2.6268,2.80791
0,7,34.75,9325,27383,6928,0.9325,2.7383,2.93651
0,7,35,9329,27405,6913,0.9329,2.7405,2.93761
0,7,35.25,9340,26918,6768,0.934,2.6918,2.88201
0,7,35.5,9341,26866,6768,0.9341,2.6866,2.87614
0,7,35.75,9286,28988,7234,0.9286,2.8988,3.12169
0,7,36,9349,26685,6747,0.9349,2.6685,2.85432
0,7,36.25,9352,26340,6603,0.9352,2.634,2.81651
0,7,36.5,9307,28218,7091,0.9307,2.8218,3.03191
0,7,36.75,9320,27701,7007,0.932,2.7701,2.97221
0,7,37,9370,25865,6560,0.937,2.5865,2.76041
0,7,37.25,9350,26558,6791,0.935,2.6558,2.84043
0,7,37.5,9315,27953,7060,0.9315,2.7953,3.00086
0,7,37.75,9333,27104,6813,0.9333,2.7104,2.9041
0,7,38,9352,26569,6720,0.9352,2.6569,2.841
0,7,38.25,9342,26830,6794,0.9342,2.683,2.87198
0,7,38.5,9342,26801,6782,0.9342,2.6801,2.86887
0,7,38.75,9349,26606,6711,0.9349,2.6606,2.84587
0,7,39,9359,26198,6621,0.9359,2.6198,2.79923
0,7,39.25,9324,27411,6960,0.9324,2.7411,2.93983
0,7,39.5,9364,26134,6654,0.9364,2.6134,2.7909
0,7,39.75,9354,26328,6629,0.9354,2.6328,2.81462
0,7,40,9349,26687,6753,0.9349,2.6687,2.85453
0,8,0,200,8419,140,0.02,0.8419,42.095
0,8,0.25,213,8904,99,0.0213,0.8904,41.8028
0,8,0.5,216,9004,79,0.0216,0.9004,41.6852
0,8,0.75,215,8948,83,0.0215,0.8948,41.6186
0,8,1,239,9862,88,0.0239,0.9862,41.2636
0,8,1.25,239,9858,91,0.0239,0.9858,41.2469
0,8,1.5,265,10921,113,0.0265,1.0921,41.2113
0,8,1.75,286,11719,114,0.0286,1.1719,40.9755
0,8,2,305,12464,144,0.0305,1.2464,40.8656
0,8,2.25,307,12550,128,0.0307,1.255,40.8795
0,8,2.5,333,13564,141,0.0333,1.3564,40.7327
0,8,2.75,330,13467,161,0.033,1.3467,40.8091
0,8,3,351,14193,165,0.0351,1.4193,40.4359
0,8,3.25,385,15642,213,0.0385,1.5642,40.6286
0,8,3.5,416,16762,239,0.0416,1.6762,40.2933
0,8,3.75,432,17354,231,0.0432,1.7354,40.1713
0,8,4,472,18860,253,0.0472,1.886,39.9576
0,8,4.25,567,22340,343,0.0567,2.234,39.4004
0,8,4.5,620,24351,450,0.062,2.4351,39.2758
0,8,4.75,687,26725,508,0.0687,2.6725,38.901
0,8,5,817,31339,644,0.0817,3.1339,38.3586
0,8,5.25,1025,38262,995,0.1025,3.8262,37.3288
0,8,5.5,1303,47415,1391,0.1303,4.7415,36.3891
0,8,5.75,1688,58353,2275,0.1688,5.8353,34.5693
0,8,6,2475,77545,4458,0.2475,7.7545,31.3313
0,8,6.25,4257,101783,10076,0.4257,10.1783,23.9096
0,8,6.5,7672,76397,14879,0.7672,7.6397,9.9579
0,8,6.75,9234,30977,7749,0.9234,3.0977,3.35467
0,8,7,9359,26175,6601,0.9359,2.6175,2.79677
0,8,7.25,9315,27831,6981,0.9315,2.7831,2.98776
0,8,7.5,9334,27180,6847,0.9334,2.718,2.91193
0,8,7.75,9363,26165,6661,0.9363,2.6165,2.79451
0,8,8,9338,26985,6806,0.9338,2.6985,2.88981
0,8,8.25,9342,26900,6763,0.9342,2.69,2.87947
0,8,8.5,9302,28436,7161,0.9302,2.8436,3.05698
0,8,8.75,9320,27633,6978,0.932,2.7633,2.96491
0,8,9,9330,27362,6934,0.933,2.7362,2.93269
0,8,9.25,9368,25890,6580,0.9368,2.589,2.76366
0,8,9.5,9309,28158,7081,0.9309,2.8158,3.02481
0,8,9.75,9321,27616,6976,0.9321,2.7616,2.96277
0,8,10,9315,27790,6974,0.9315,2.779,2.98336
0,8,10.25,9333,27188,6878,0.9333,2.7188,2.9131
0,8,10.5,9378,25415,6453,0.9378,2.5415,2.71007
0,8,10.75,9312,28074,7072,0.9312,2.8074,3.01482
0,8,11,9276,29395,7340,0.9276,2.9395,3.16893
0,8,11.25,9326,27436,6934,0.9326,2.7436,2.94188
0,8,11.5,9334,27098,6842,0.9334,2.7098,2.90315
0,8,11.75,9337,26972,6735,0.9337,2.6972,2.88872
0,8,12,9374,25669,6503,0.9374,2.5669,2.73832
0,8,12.25,9343,26765,6723,0.9343,2.6765,2.86471
0,8,12.5,9345,26700,6689,0.9345,2.67,2.85714
0,8,12.75,9384,25251,6407,0.9384,2.5251,2.69086
0,8,13,9298,28605,7200,0.9298,2.8605,3.07647
0,8,13.25,9344,26730,6764,0.9344,2.673,2.86066
0,8,13.5,9347,26657,6755,0.9347,2.6657,2.85193
0,8,13.75,9377,25554,6482,0.9377,2.5554,2.72518
0,8,14,9310,28056,7101,0.931,2.8056,3.01353
0,8,14.25,9352,26417,6635,0.9352,2.6417,2.82474
0,8,14.5,9298,28448,7127,0.9298,2.8448,3.05958
0,8,14.75,9334,27288,6931,0.9334,2.7288,2.92351
0,8,15,9343,26722,6707,0.9343,2.6722,2.86011
0,8,15.25,9292,28844,7203,0.9292,2.8844,3.10418
0,8,15.5,9314,27912,7032,0.9314,2.7912,2.99678
0,8,15.75,9307,28135,7077,0.9307,2.8135,3.02299
0,8,16,9341,26910,6798,0.9341,2.691,2.88085
0,8,16.25,9344,26867,6777,0.9344,2.6867,2.87532
0,8,16.5,9325,27522,6918,0.9325,2.7522,2.95142
0,8,16.75,9363,26082,6582,0.9363,2.6082,2.78565
0,8,17,9293,28691,7257,0.9293,2.8691,3.08738
0,8,17.25,9310,28071,7042,0.931,2.8071,3.01515
0,8,17.5,9280,29194,7320,0.928,2.9194,3.14591
0,8,17.75,9348,26661,6775,0.9348,2.6661,2.85205
0,8,18,9332,27226,6894,0.9332,2.7226,2.91749
0,8,18.25,9365,25970,6599,0.9365,2.597,2.77309
0,8,18.5,9417,24001,6124,0.9417,2.4001,2.54869
0,8,18.75,9311,28108,7114,0.9311,2.8108,3.01879
0,8,19,9331,27190,6844,0.9331,2.719,2.91394
0,8,19.25,9307,28062,7038,0.9307,2.8062,3.01515
0,8,19.5,9305,28268,7158,0.9305,2.8268,3.03794
0,8,19.75,9287,28809,7118,0.9287,2.8809,3.10208
0,8,20,9322,27666,6942,0.9322,2.7666,2.96782
0,8,20.25,9347,26733,6808,0.9347,2.6733,2.86006
0,8,20.5,9362,26140,6624,0.9362,2.614,2.79214
0,8,20.75,9328,27377,6934,0.9328,2.7377,2.93493
0,8,21,9374,25653,6474,0.9374,2.5653,2.73661
0,8,21.25,9315,27841,6983,0.9315,2.7841,2.98884
0,8,21.5,9334,27139,6848,0.9334,2.7139,2.90754
0,8,21.75,9316,27873,7013,0.9316,2.7873,2.99195
0,8,22,9321,27668,6932,0.9321,2.7668,2.96835
0,8,22.25,9343,26793,6771,0.9343,2.6793,2.86771
0,8,22.5,9325,27498,6974,0.9325,2.7498,2.94885
0,8,22.75,9298,28544,7149,0.9298,2.8544,3.06991
0,8,23,9338,27007,6770,0.9338,2.7007,2.89216
0,8,23.25,9362,26151,6630,0.9362,2.6151,2.79331
0,8,23.5,9335,27163,6844,0.9335,2.7163,2.9098
0,8,23.75,9340,26962,6839,0.934,2.6962,2.88672
0,8,24,9314,27908,7003,0.9314,2.7908,2.99635
0,8,24.25,9361,26093,6552,0.9361,2.6093,2.78742
0,8,24.5,9337,27072,6828,0.9337,2.7072,2.89943
0,8,24.75,9310,28010,7026,0.931,2.801,3.00859
0,8,25,9273,29376,7387,0.9273,2.9376,3.16791
0,8,25.25,9334,27158,6819,0.9334,2.7158,2.90958
0,8,25.5,9298,28597,7209,0.9298,2.8597,3.07561
0,8,25.75,9352,26429,6640,0.9352,2.6429,2.82603
0,8,26,9326,27515,6944,0.9326,2.7515,2.95035
0,8,26.25,9337,27046,6833,0.9337,2.7046,2.89665
0,8,26.5,9318,27927,7059,0.9318,2.7927,2.9971
0,8,26.75,9336,27093,6840,0.9336,2.7093,2.90199
0,8,27,9311,28095,7058,0.9311,2.8095,3.0174
0,8,27.25,9350,26489,6634,0.935,2.6489,2.83305
0,8,27.5,9374,25689,6609,0.9374,2.5689,2.74045
0,8,27.75,9294,28617,7163,0.9294,2.8617,3.07908
0,8,28,9395,24894,6364,0.9395,2.4894,2.64971
0,8,28.25,9317,27848,7066,0.9317,2.7848,2.98894
0,8,28.5,9315,27965,7045,0.9315,2.7965,3.00215
0,8,28.75,9323,27589,6950,0.9323,2.7589,2.95924
0,8,29,9306,28288,7111,0.9306,2.8288,3.03976
0,8,29.25,9347,26706,6751,0.9347,2.6706,2.85717
0,8,29.5,9325,27525,6945,0.9325,2.7525,2.95174
0,8,29.75,9321,27520,6871,0.9321,2.752,2.95247
0,8,30,9336,27052,6767,0.9336,2.7052,2.8976
0,8,30.25,9321,27663,6969,0.9321,2.7663,2.96781
0,8,30.5,9281,29207,7343,0.9281,2.9207,3.14697
0,8,30.75,9299,28334,7053,0.9299,2.8334,3.04699
0,8,31,9338,26976,6804,0.9338,2.6976,2.88884
0,8,31.25,9359,26130,6588,0.9359,2.613,2.79196
0,8,31.5,9330,27246,6861,0.933,2.7246,2.92026
0,8,31.75,9362,26172,6607,0.9362,2.6172,2.79556
0,8,32,9317,27743,6953,0.9317,2.7743,2.97768
0,8,32.25,9288,29012,7298,0.9288,2.9012,3.1236
0,8,32.5,9342,26758,6754,0.9342,2.6758,2.86427
0,8,32.75,9301,28417,7170,0.9301,2.8417,3.05526
0,8,33,9353,26423,6708,0.9353,2.6423,2.82508
0,8,33.25,9325,27580,6989,0.9325,2.758,2.95764
0,8,33.5,9359,26155,6552,0.9359,2.6155,2.79464
0,8,33.75,9341,26875,6749,0.9341,2.6875,2.8771
0,8,34,9378,25442,6460,0.9378,2.5442,2.71295
0,8,34.25,9339,26932,6792,0.9339,2.6932,2.88382
0,8,34.5,9344,26695,6778,0.9344,2.6695,2.85691
0,8,34.75,9306,28271,7074,0.9306,2.8271,3.03793
0,8,35,9280,29162,7232,0.928,2.9162,3.14246
0,8,35.25,9338,27014,6833,0.9338,2.7014,2.89291
0,8,35.5,9308,28096,7071,0.9308,2.8096,3.01848
0,8,35.75,9297,28554,7126,0.9297,2.8554,3.07131
0,8,36,9304,28267,7181,0.9304,2.8267,3.03816
0,8,36.25,9289,28825,7257,0.9289,2.8825,3.10313
0,8,36.5,9356,26366,6655,0.9356,2.6366,2.81808
0,8,36.75,9348,26567,6693,0.9348,2.6567,2.842
0,8,37,9346,26615,6689,0.9346,2.6615,2.84774
0,8,37.25,9323,27431,6805,0.9323,2.7431,2.94229
0,8,37.5,9308,28202,7143,0.9308,2.8202,3.02987
0,8,37.75,9323,27541,6961,0.9323,2.7541,2.95409
0,8,38,9339,26952,6821,0.9339,2.6952,2.88596
0,8,38.25,9297,28585,7234,0.9297,2.8585,3.07465
0,8,38.5,9316,27973,7084,0.9316,2.7973,3.00268
0,8,38.75,9302,28376,7128,0.9302,2.8376,3.05053
0,8,39,9334,27257,6944,0.9334,2.7257,2.92018
0,8,39.25,9350,26555,6774,0.935,2.6555,2.84011
0,8,39.5,9294,28655,7202,0.9294,2.8655,3.08317
0,8,39.75,9339,27027,6821,0.9339,2.7027,2.89399
0,8,40,9326,27488,6903,0.9326,2.7488,2.94746
0,9,0,200,8393,147,0.02,0.8393,41.965
0,9,0.25,237,9823,116,0.0237,0.9823,41.4473
0,9,0.5,249,10262,99,0.0249,1.0262,41.2129
0,9,0.75,269,11066,120,0.0269,1.1066,41.1375
0,9,1,266,10983,96,0.0266,1.0983,41.2895
0,9,1.25,279,11515,127,0.0279,1.1515,41.2724
0,9,1.5,322,13191,135,0.0322,1.3191,40.9658
0,9,1.75,319,13049,145,0.0319,1.3049,40.906
0,9,2,354,14434,173,0.0354,1.4434,40.774
0,9,2.25,378,15252,184,0.0378,1.5252,40.3492
0,9,2.5,399,16134,216,0.0399,1.6134,40.4361
0,9,2.75,447,17938,247,0.0447,1.7938,40.1298
0,9,3,466,18680,266,0.0466,1.868,40.0858
0,9,3.25,531,21049,294,0.0531,2.1049,39.6403
0,9,3.5,590,23306,366,0.059,2.3306,39.5017
0,9,3.75,677,26386,509,0.0677,2.6386,38.9749
0,9,4,761,29421,599,0.0761,2.9421,38.661
0,9,4.25,934,35512,868,0.0934,3.5512,38.0214
0,9,4.5,1102,41003,1124,0.1102,4.1003,37.2078
0,9,4.75,1455,51793,1813,0.1455,5.1793,35.5966
0,9,5,2018,66828,3035,0.2018,6.6828,33.116
0,9,5.25,3201,90392,6721,0.3201,9.0392,28.2387
0,9,5.5,5928,101565,14628,0.5928,10.1565,17.1331
0,9,5.75,8803,45646,10712,0.8803,4.5646,5.18528
0,9,6,9285,29030,7307,0.9285,2.903,3.12655
0,9,6.25,9373,25602,6492,0.9373,2.5602,2.73146
0,9,6.5,9380,25350,6431,0.938,2.535,2.70256
0,9,6.75,9364,26055,6591,0.9364,2.6055,2.78246
0,9,7,9307,28139,7033,0.9307,2.8139,3.02342
0,9,7.25,9345,26782,6719,0.9345,2.6782,2.86592
0,9,7.5,9333,27193,6875,0.9333,2.7193,2.91364
0,9,7.75,9360,26174,6612,0.936,2.6174,2.79637
0,9,8,9343,26853,6792,0.9343,2.6853,2.87413
0,9,8.25,9352,26517,6789,0.9352,2.6517,2.83544
0,9,8.5,9311,28105,7107,0.9311,2.8105,3.01847
0,9,8.75,9329,27500,6956,0.9329,2.75,2.9478
0,9,9,9328,27467,6941,0.9328,2.7467,2.94458
0,9,9.25,9306,28199,7016,0.9306,2.8199,3.0302
0,9,9.5,9316,27825,6984,0.9316,2.7825,2.9868
0,9,9.75,9286,28953,7280,0.9286,2.8953,3.11792
0,9,10,9333,27133,6813,0.9333,2.7133,2.90721
0,9,10.25,9339,26939,6753,0.9339,2.6939,2.88457
0,9,10.5,9290,28943,7289,0.929,2.8943,3.1155
0,9,10.75,9334,27212,6937,0.9334,2.7212,2.91536
0,9,11,9348,26739,6780,0.9348,2.6739,2.8604
0,9,11.25,9337,27039,6829,0.9337,2.7039,2.8959
0,9,11.5,9294,28596,7178,0.9294,2.8596,3.07682
0,9,11.75,9313,27971,7080,0.9313,2.7971,3.00344
0,9,12,9326,27435,6870,0.9326,2.7435,2.94178
0,9,12.25,9322,27604,6961,0.9322,2.7604,2.96117
0,9,12.5,9320,27674,6983,0.932,2.7674,2.96931
0,9,12.75,9311,28054,7079,0.9311,2.8054,3.013
0,9,13,9320,27608,6895,0.932,2.7608,2.96223
0,9,13.25,9328,27351,6888,0.9328,2.7351,2.93214
0,9,13.5,9269,29592,7396,0.9269,2.9592,3.19258
0,9,13.75,9328,27318,6845,0.9328,2.7318,2.9286
0,9,14,9311,28123,7113,0.9311,2.8123,3.02041
0,9,14.25,9357,26268,6626,0.9357,2.6268,2.80731
0,9,14.5,9354,26292,6652,0.9354,2.6292,2.81078
0,9,14.75,9293,28669,7228,0.9293,2.8669,3.08501
0,9,15,9368,25769,6485,0.9368,2.5769,2.75075
0,9,15.25,9323,27649,6993,0.9323,2.7649,2.96568
0,9,15.5,9301,28390,7083,0.9301,2.839,3.05236
0,9,15.75,9338,27043,6886,0.9338,2.7043,2.89602
0,9,16,9310,28091,7117,0.931,2.8091,3.01729
0,9,16.25,9331,27320,6886,0.9331,2.732,2.92787
0,9,16.5,9340,26896,6774,0.934,2.6896,2.87966
0,9,16.75,9327,27469,6954,0.9327,2.7469,2.94511
0,9,17,9374,25614,6468,0.9374,2.5614,2.73245
0,9,17.25,9331,27261,6838,0.9331,2.7261,2.92155
0,9,17.5,9343,26795,6701,0.9343,2.6795,2.86792
0,9,17.75,9327,27439,6920,0.9327,2.7439,2.94189
0,9,18,9329,27373,6909,0.9329,2.7373,2.93418
0,9,18.25,9379,25466,6449,0.9379,2.5466,2.71521
0,9,18.5,9342,26794,6777,0.9342,2.6794,2.86812
0,9,18.75,9305,28248,7126,0.9305,2.8248,3.03579
0,9,19,9311,28002,7073,0.9311,2.8002,3.00741
0,9,19.25,9333,27171,6871,0.9333,2.7171,2.91128
0,9,19.5,9322,27595,6974,0.9322,2.7595,2.9602
0,9,19.75,9346,26754,6820,0.9346,2.6754,2.86262
0,9,20,9342,26832,6758,0.9342,2.6832,2.87219
0,9,20.25,9312,27874,7041,0.9312,2.7874,2.99334
0,9,20.5,9421,23879,6069,0.9421,2.3879,2.53466
0,9,20.75,9322,27532,6871,0.9322,2.7532,2.95344
0,9,21,9394,24931,6344,0.9394,2.4931,2.65393
0,9,21.25,9366,25881,6505,0.9366,2.5881,2.76329
0,9,21.5,9342,26863,6786,0.9342,2.6863,2.87551
0,9,21.75,9318,27675,6920,0.9318,2.7675,2.97006
0,9,22,9333,27141,6856,0.9333,2.7141,2.90807
0,9,22.25,9334,27172,6879,0.9334,2.7172,2.91108
0,9,22.5,9344,26858,6786,0.9344,2.6858,2.87436
0,9,22.75,9378,25429,6432,0.9378,2.5429,2.71156
0,9,23,9337,27085,6865,0.9337,2.7085,2.90082
0,9,23.25,9305,28336,7172,0.9305,2.8336,3.04524
0,9,23.5,9370,25786,6515,0.937,2.5786,2.75197
0,9,23.75,9343,26772,6734,0.9343,2.6772,2.86546
0,9,24,9327,27354,6836,0.9327,2.7354,2.93278
0,9,24.25,9291,28671,7150,0.9291,2.8671,3.08589
0,9,24.5,9315,27848,6967,0.9315,2.7848,2.98959
0,9,24.75,9354,26397,6651,0.9354,2.6397,2.822
0,9,25,9295,28673,7237,0.9295,2.8673,3.08478
0,9,25.25,9366,26010,6568,0.9366,2.601,2.77707
0,9,25.5,9359,26178,6583,0.9359,2.6178,2.79709
0,9,25.75,9381,25370,6405,0.9381,2.537,2.7044
0,9,26,9316,27729,6988,0.9316,2.7729,2.97649
0,9,26.25,9363,26131,6659,0.9363,2.6131,2.79088
0,9,26.5,9317,27901,7081,0.9317,2.7901,2.99463
0,9,26.75,9308,28153,7085,0.9308,2.8153,3.0246
0,9,27,9317,27792,7013,0.9317,2.7792,2.98293
0,9,27.25,9366,25973,6613,0.9366,2.5973,2.77312
0,9,27.5,9329,27343,6880,0.9329,2.7343,2.93097
0,9,27.75,9295,28424,7090,0.9295,2.8424,3.05799
0,9,28,9333,27231,6886,0.9333,2.7231,2.91771
0,9,28.25,9312,28048,7084,0.9312,2.8048,3.01203
0,9,28.5,9407,24366,6223,0.9407,2.4366,2.5902
0,9,28.75,9351,26509,6732,0.9351,2.6509,2.83488
0,9,29,9351,26591,6756,0.9351,2.6591,2.84365
0,9,29.25,9351,26457,6656,0.9351,2.6457,2.82932
0,9,29.5,9350,26535,6712,0.935,2.6535,2.83797
0,9,29.75,9275,29393,7334,0.9275,2.9393,3.16906
0,9,30,9342,26742,6740,0.9342,2.6742,2.86256
0,9,30.25,9365,25982,6613,0.9365,2.5982,2.77437
0,9,30.5,9385,25226,6355,0.9385,2.5226,2.68791
0,9,30.75,9352,26554,6772,0.9352,2.6554,2.83939
0,9,31,9325,27533,6892,0.9325,2.7533,2.9526
0,9,31.25,9339,27059,6853,0.9339,2.7059,2.89742
0,9,31.5,9357,26334,6678,0.9357,2.6334,2.81436
0,9,31.75,9326,27414,6871,0.9326,2.7414,2.93952
0,9,32,9361,26081,6596,0.9361,2.6081,2.78613
0,9,32.25,9317,27890,7040,0.9317,2.789,2.99345
0,9,32.5,9370,25691,6466,0.937,2.5691,2.74184
0,9,32.75,9365,26086,6640,0.9365,2.6086,2.78548
0,9,33,9338,27018,6771,0.9338,2.7018,2.89334
0,9,33.25,9331,27308,6877,0.9331,2.7308,2.92659
0,9,33.5,9339,26893,6795,0.9339,2.6893,2.87964
0,9,33.75,9341,26777,6733,0.9341,2.6777,2.86661
0,9,34,9381,25394,6467,0.9381,2.5394,2.70696
0,9,34.25,9358,26213,6680,0.9358,2.6213,2.80113
0,9,34.5,9316,27834,7019,0.9316,2.7834,2.98776
0,9,34.75,9388,25051,6350,0.9388,2.5051,2.66841
0,9,35,9284,28903,7243,0.9284,2.8903,3.11321
0,9,35.25,9344,26828,6810,0.9344,2.6828,2.87115
0,9,35.5,9337,27127,6879,0.9337,2.7127,2.90532
0,9,35.75,9307,28051,7033,0.9307,2.8051,3.01397
0,9,36,9314,27920,7058,0.9314,2.792,2.99764
0,9,36.25,9381,25400,6451,0.9381,2.54,2.7076
0,9,36.5,9348,26737,6785,0.9348,2.6737,2.86018
0,9,36.75,9326,27439,6887,0.9326,2.7439,2.9422
0,9,37,9346,26692,6755,0.9346,2.6692,2.85598
0,9,37.25,9406,24426,6208,0.9406,2.4426,2.59685
0,9,37.5,9306,28128,7088,0.9306,2.8128,3.02257
0,9,37.75,9309,28119,7090,0.9309,2.8119,3.02063
0,9,38,9301,28350,7126,0.9301,2.835,3.04806
0,9,38.25,9357,26275,6631,0.9357,2.6275,2.80806
0,9,38.5,9362,26176,6684,0.9362,2.6176,2.79598
0,9,38.75,9354,26432,6700,0.9354,2.6432,2.82574
0,9,39,9309,28217,7125,0.9309,2.8217,3.03115
0,9,39.25,9352,26483,6725,0.9352,2.6483,2.8318
0,9,39.5,9328,27434,6907,0.9328,2.7434,2.94104
0,9,39.75,9342,26840,6797,0.9342,2.684,2.87305
0,9,40,9340,26844,6786,0.934,2.6844,2.87409
0,10,0,200,8427,137,0.02,0.8427,42.135
0,10,0.25,222,9255,103,0.0222,0.9255,41.6892
0,10,0.5,239,9903,100,0.0239,0.9903,41.4351
0,10,0.75,255,10528,104,0.0255,1.0528,41.2863
0,10,1,274,11260,124,0.0274,1.126,41.0949
0,10,1.25,276,11328,114,0.0276,1.1328,41.0435
0,10,1.5,288,11826,132,0.0288,1.1826,41.0625
0,10,1.75,290,11874,124,0.029,1.1874,40.9448
0,10,2,306,12520,141,0.0306,1.252,40.915
0,10,2.25,316,12868,146,0.0316,1.2868,40.7215
0,10,2.5,351,14205,188,0.0351,1.4205,40.4701
0,10,2.75,388,15640,214,0.0388,1.564,40.3093
0,10,3,442,17703,276,0.0442,1.7703,40.052
0,10,3.25,455,18256,283,0.0455,1.8256,40.1231
0,10,3.5,521,20630,328,0.0521,2.063,39.5969
0,10,3.75,543,21540,340,0.0543,2.154,39.6685
0,10,4,608,23863,418,0.0608,2.3863,39.2484
0,10,4.25,701,27251,548,0.0701,2.7251,38.8745
0,10,4.5,843,32299,749,0.0843,3.2299,38.3144
0,10,4.75,1068,39795,1015,0.1068,3.9795,37.2612
0,10,5,1347,48566,1492,0.1347,4.8566,36.0549
0,10,5.25,1814,61629,2619,0.1814,6.1629,33.9741
0,10,5.5,2750,82896,5197,0.275,8.2896,30.144
0,10,5.75,4910,104651,12260,0.491,10.4651,21.3138
0,10,6,8125,65385,13663,0.8125,6.5385,8.04738
0,10,6.25,9278,29170,7273,0.9278,2.917,3.144
0,10,6.5,9318,27756,6989,0.9318,2.7756,2.97875
0,10,6.75,9327,27407,6880,0.9327,2.7407,2.93846
0,10,7,9370,25731,6513,0.937,2.5731,2.7461
0,10,7.25,9312,28081,7130,0.9312,2.8081,3.01557
0,10,7.5,9317,27766,7008,0.9317,2.7766,2.98014
0,10,7.75,9361,26155,6647,0.9361,2.6155,2.79404
0,10,8,9340,26996,6826,0.934,2.6996,2.89036
0,10,8.25,9337,27135,6835,0.9337,2.7135,2.90618
0,10,8.5,9332,27244,6899,0.9332,2.7244,2.91942
0,10,8.75,9333,27066,6797,0.9333,2.7066,2.90003
0,10,9,9310,28111,7055,0.931,2.8111,3.01944
0,10,9.25,9331,27274,6892,0.9331,2.7274,2.92295
0,10,9.5,9354,26450,6707,0.9354,2.645,2.82767
0,10,9.75,9319,27753,6994,0.9319,2.7753,2.97811
0,10,10,9298,28486,7145,0.9298,2.8486,3.06367
0,10,10.25,9338,27036,6854,0.9338,2.7036,2.89527
0,10,10.5,9302,28451,7142,0.9302,2.8451,3.05859
0,10,10.75,9335,27215,6901,0.9335,2.7215,2.91537
0,10,11,9269,29680,7486,0.9269,2.968,3.20207
0,10,11.25,9332,27227,6853,0.9332,2.7227,2.9176
0,10,11.5,9354,26364,6647,0.9354,2.6364,2.81847
0,10,11.75,9317,27762,7016,0.9317,2.7762,2.97971
0,10,12,9352,26471,6677,0.9352,2.6471,2.83052
0,10,12.25,9344,26849,6766,0.9344,2.6849,2.87339
0,10,12.5,9288,28975,7303,0.9288,2.8975,3.11962
0,10,12.75,9313,27876,7026,0.9313,2.7876,2.99324
0,10,13,9312,27969,7018,0.9312,2.7969,3.00354
0,10,13.25,9339,26991,6834,0.9339,2.6991,2.89014
0,10,13.5,9298,28523,7125,0.9298,2.8523,3.06765
0,10,13.75,9357,26362,6709,0.9357,2.6362,2.81736
0,10,14,9346,26870,6812,0.9346,2.687,2.87503
0,10,14.25,9400,24766,6314,0.94,2.4766,2.63468
0,10,14.5,9362,26278,6726,0.9362,2.6278,2.80688
0,10,14.75,9310,28097,7108,0.931,2.8097,3.01794
0,10,15,9322,27563,7001,0.9322,2.7563,2.95677
0,10,15.25,9368,25957,6561,0.9368,2.5957,2.77082
0,10,15.5,9357,26253,6590,0.9357,2.6253,2.80571
0,10,15.75,9379,25558,6551,0.9379,2.5558,2.72502
0,10,16,9370,25787,6480,0.937,2.5787,2.75208
0,10,16.25,9311,28062,7027,0.9311,2.8062,3.01385
0,10,16.5,9286,28971,7289,0.9286,2.8971,3.11986
0,10,16.75,9305,28309,7112,0.9305,2.8309,3.04234
0,10,17,9369,25813,6570,0.9369,2.5813,2.75515
0,10,17.25,9373,25630,6498,0.9373,2.563,2.73445
0,10,17.5,9348,26534,6694,0.9348,2.6534,2.83847
0,10,17.75,9378,25503,6460,0.9378,2.5503,2.71945
0,10,18,9339,27020,6866,0.9339,2.702,2.89324
0,10,18.25,9341,26880,6757,0.9341,2.688,2.87764
0,10,18.5,9298,28603,7195,0.9298,2.8603,3.07625
0,10,18.75,9363,25969,6525,0.9363,2.5969,2.77358
0,10,19,9312,27960,7017,0.9312,2.796,3.00258
0,10,19.25,9314,27881,7002,0.9314,2.7881,2.99345
0,10,19.5,9343,26898,6795,0.9343,2.6898,2.87895
0,10,19.75,9266,29827,7422,0.9266,2.9827,3.21897
0,10,20,9348,26595,6673,0.9348,2.6595,2.84499
0,10,20.25,9339,26966,6784,0.9339,2.6966,2.88746
0,10,20.5,9316,27846,6991,0.9316,2.7846,2.98905
0,10,20.75,9317,27692,6980,0.9317,2.7692,2.9722
0,10,21,9337,27097,6813,0.9337,2.7097,2.90211
0,10,21.25,9284,29210,7363,0.9284,2.921,3.14627
0,10,21.5,9330,27330,6911,0.933,2.733,2.92926
0,10,21.75,9366,26101,6632,0.9366,2.6101,2.78678
0,10,22,9388,25159,6381,0.9388,2.5159,2.67991
0,10,22.25,9358,26223,6590,0.9358,2.6223,2.8022
0,10,22.5,9323,27602,6988,0.9323,2.7602,2.96063
0,10,22.75,9270,29568,7400,0.927,2.9568,3.18964
0,10,23,9351,26516,6708,0.9351,2.6516,2.83563
0,10,23.25,9280,29297,7348,0.928,2.9297,3.157
0,10,23.5,9349,26621,6750,0.9349,2.6621,2.84747
0,10,23.75,9339,26871,6799,0.9339,2.6871,2.87729
0,10,24,9376,25491,6432,0.9376,2.5491,2.71875
0,10,24.25,9325,27539,6937,0.9325,2.7539,2.95324
0,10,24.5,9311,27917,7023,0.9311,2.7917,2.99828
0,10,24.75,9370,25823,6593,0.937,2.5823,2.75592
0,10,25,9286,28936,7284,0.9286,2.8936,3.11609
0,10,25.25,9326,27452,6846,0.9326,2.7452,2.9436
0,10,25.5,9297,28545,7143,0.9297,2.8545,3.07035
0,10,25.75,9319,27693,6932,0.9319,2.7693,2.97167
0,10,26,9346,26813,6765,0.9346,2.6813,2.86893
0,10,26.25,9322,27593,6945,0.9322,2.7593,2.95999
0,10,26.5,9386,25282,6425,0.9386,2.5282,2.69359
0,10,26.75,9330,27259,6825,0.933,2.7259,2.92165
0,10,27,9328,27456,6953,0.9328,2.7456,2.9434
0,10,27.25,9348,26778,6841,0.9348,2.6778,2.86457
0,10,27.5,9328,27445,6958,0.9328,2.7445,2.94222
0,10,27.75,9366,26009,6619,0.9366,2.6009,2.77696
0,10,28,9356,26351,6699,0.9356,2.6351,2.81648
0,10,28.25,9345,26721,6773,0.9345,2.6721,2.85939
0,10,28.5,9338,26981,6862,0.9338,2.6981,2.88938
0,10,28.75,9329,27352,6910,0.9329,2.7352,2.93193
0,10,29,9340,26948,6829,0.934,2.6948,2.88522
0,10,29.25,9369,25877,6594,0.9369,2.5877,2.76198
0,10,29.5,9350,26636,6770,0.935,2.6636,2.84877
0,10,29.75,9391,24946,6304,0.9391,2.4946,2.65637
0,10,30,9355,26331,6679,0.9355,2.6331,2.81464
0,10,30.25,9368,25998,6646,0.9368,2.5998,2.77519
0,10,30.5,9355,26353,6674,0.9355,2.6353,2.817
0,10,30.75,9336,26976,6806,0.9336,2.6976,2.88946
0,10,31,9310,28075,7116,0.931,2.8075,3.01557
0,10,31.25,9285,29062,7311,0.9285,2.9062,3.12999
0,10,31.5,9333,27221,6899,0.9333,2.7221,2.91664
0,10,31.75,9364,26093,6598,0.9364,2.6093,2.78652
0,10,32,9290,28900,7268,0.929,2.89,3.11087
0,10,32.25,9352,26450,6695,0.9352,2.645,2.82827
0,10,32.5,9324,27599,6952,0.9324,2.7599,2.96
0,10,32.75,9305,28283,7154,0.9305,2.8283,3.03955
0,10,33,9331,27324,6889,0.9331,2.7324,2.9283
0,10,33.25,9322,27606,6941,0.9322,2.7606,2.96138
0,10,33.5,9361,26100,6599,0.9361,2.61,2.78816
0,10,33.75,9351,26621,6773,0.9351,2.6621,2.84686
0,10,34,9338,26961,6787,0.9338,2.6961,2.88723
0,10,34.25,9324,27515,6917,0.9324,2.7515,2.95099
0,10,34.5,9336,27207,6879,0.9336,2.7207,2.9142
0,10,34.75,9340,26896,6761,0.934,2.6896,2.87966
0,10,35,9336,27041,6870,0.9336,2.7041,2.89642
0,10,35.25,9329,27265,6838,0.9329,2.7265,2.92261
0,10,35.5,9373,25811,6523,0.9373,2.5811,2.75376
0,10,35.75,9371,25797,6562,0.9371,2.5797,2.75285
0,10,36,9375,25706,6529,0.9375,2.5706,2.74197
0,10,36.25,9322,27505,6902,0.9322,2.7505,2.95055
0,10,36.5,9339,27048,6905,0.9339,2.7048,2.89624
0,10,36.75,9341,26860,6797,0.9341,2.686,2.8755
0,10,37,9368,25907,6577,0.9368,2.5907,2.76548
0,10,37.25,9350,26610,6761,0.935,2.661,2.84599
0,10,37.5,9340,26830,6805,0.934,2.683,2.87259
0,10,37.75,9351,26398,6634,0.9351,2.6398,2.82301
0,10,38,9354,26375,6644,0.9354,2.6375,2.81965
0,10,38.25,9367,25886,6600,0.9367,2.5886,2.76353
0,10,38.5,9370,25789,6537,0.937,2.5789,2.75229
0,10,38.75,9393,24959,6319,0.9393,2.4959,2.65719
0,10,39,9366,25945,6586,0.9366,2.5945,2.77013
0,10,39.25,9363,26038,6574,0.9363,2.6038,2.78095
0,10,39.5,9316,27857,7026,0.9316,2.7857,2.99023
0,10,39.75,9295,28476,7117,0.9295,2.8476,3.06358
0,10,40,9328,27419,6891,0.9328,2.7419,2.93943
0,11,0,200,8396,141,0.02,0.8396,41.98
0,11,0.25,232,9644,123,0.0232,0.9644,41.569
0,11,0.5,246,10202,96,0.0246,1.0202,41.4715
0,11,0.75,248,10235,88,0.0248,1.0235,41.2702
0,11,1,236,9736,117,0.0236,0.9736,41.2542
0,11,1.25,250,10312,103,0.025,1.0312,41.248
0,11,1.5,248,10239,116,0.0248,1.0239,41.2863
0,11,1.75,255,10503,111,0.0255,1.0503,41.1882
0,11,2,266,10958,109,0.0266,1.0958,41.1955
0,11,2.25,275,11245,112,0.0275,1.1245,40.8909
0,11,2.5,280,11467,120,0.028,1.1467,40.9536
0,11,2.75,294,12032,123,0.0294,1.2032,40.9252
0,11,3,307,12547,128,0.0307,1.2547,40.8697
0,11,3.25,307,12585,132,0.0307,1.2585,40.9935
0,11,3.5,305,12525,143,0.0305,1.2525,41.0656
0,11,3.75,316,12906,153,0.0316,1.2906,40.8418
0,11,4,347,14083,182,0.0347,1.4083,40.585
0,11,4.25,368,14922,198,0.0368,1.4922,40.5489
0,11,4.5,350,14272,197,0.035,1.4272,40.7771
0,11,4.75,387,15631,202,0.0387,1.5631,40.3902
0,11,5,398,16098,206,0.0398,1.6098,40.4472
0,11,5.25,428,17288,217,0.0428,1.7288,40.3925
0,11,5.5,468,18839,252,0.0468,1.8839,40.2543
0,11,5.75,503,20215,279,0.0503,2.0215,40.1889
0,11,6,539,21560,348,0.0539,2.156,40
0,11,6.25,631,24841,431,0.0631,2.4841,39.3677
0,11,6.5,710,27571,514,0.071,2.7571,38.8324
0,11,6.75,825,31542,690,0.0825,3.1542,38.2327
0,11,7,1005,37623,960,0.1005,3.7623,37.4358
0,11,7.25,1219,44793,1309,0.1219,4.4793,36.7457
0,11,7.5,1620,56565,2098,0.162,5.6565,34.9167
0,11,7.75,2328,74306,3902,0.2328,7.4306,31.9184
0,11,8,3898,99227,8980,0.3898,9.9227,25.4559
0,11,8.25,7157,86127,15287,0.7157,8.6127,12.034
0,11,8.5,9156,33636,8262,0.9156,3.3636,3.67366
0,11,8.75,9276,29396,7347,0.9276,2.9396,3.16904
0,11,9,9353,26446,6712,0.9353,2.6446,2.82754
0,11,9.25,9336,27123,6899,0.9336,2.7123,2.90521
0,11,9.5,9373,25722,6589,0.9373,2.5722,2.74427
0,11,9.75,9355,26355,6650,0.9355,2.6355,2.81721
0,11,10,9270,29548,7405,0.927,2.9548,3.18749
0,11,10.25,9331,27231,6833,0.9331,2.7231,2.91834
0,11,10.5,9356,26289,6643,0.9356,2.6289,2.80985
0,11,10.75,9367,25899,6550,0.9367,2.5899,2.76492
0,11,11,9348,26594,6704,0.9348,2.6594,2.84489
0,11,11.25,9325,27504,6948,0.9325,2.7504,2.94949
0,11,11.5,9339,27065,6825,0.9339,2.7065,2.89806
0,11,11.75,9394,25057,6418,0.9394,2.5057,2.66734
0,11,12,9311,28073,7067,0.9311,2.8073,3.01504
0,11,12.25,9333,27283,6852,0.9333,2.7283,2.92328
0,11,12.5,9361,26063,6586,0.9361,2.6063,2.78421
0,11,12.75,9363,26114,6605,0.9363,2.6114,2.78906
0,11,13,9314,28034,7087,0.9314,2.8034,3.00988
0,11,13.25,9316,27850,7031,0.9316,2.785,2.98948
0,11,13.5,9328,27464,6934,0.9328,2.7464,2.94425
0,11,13.75,9293,28723,7159,0.9293,2.8723,3.09082
0,11,14,9303,28330,7110,0.9303,2.833,3.04525
0,11,14.25,9342,26862,6777,0.9342,2.6862,2.8754
0,11,14.5,9341,26870,6765,0.9341,2.687,2.87657
0,11,14.75,9318,27788,7036,0.9318,2.7788,2.98219
0,11,15,9331,27330,6927,0.9331,2.733,2.92895
0,11,15.25,9351,26490,6714,0.9351,2.649,2.83285
0,11,15.5,9362,26129,6618,0.9362,2.6129,2.79096
0,11,15.75,9328,27290,6794,0.9328,2.729,2.9256
0,11,16,9333,27135,6837,0.9333,2.7135,2.90743
0,11,16.25,9350,26510,6650,0.935,2.651,2.83529
0,11,16.5,9303,28452,7216,0.9303,2.8452,3.05837
0,11,16.75,9345,26777,6775,0.9345,2.6777,2.86538
0,11,17,9299,28521,7179,0.9299,2.8521,3.0671
0,11,17.25,9309,28075,7113,0.9309,2.8075,3.0159
0,11,17.5,9357,26314,6661,0.9357,2.6314,2.81223
0,11,17.75,9339,27007,6796,0.9339,2.7007,2.89185
0,11,18,9296,28614,7218,0.9296,2.8614,3.0781
0,11,18.25,9301,28515,7142,0.9301,2.8515,3.0658
0,11,18.5,9317,27858,7029,0.9317,2.7858,2.99002
0,11,18.75,9378,25524,6476,0.9378,2.5524,2.72169
0,11,19,9354,26392,6680,0.9354,2.6392,2.82147
0,11,19.25,9341,26909,6782,0.9341,2.6909,2.88074
0,11,19.5,9309,28182,7092,0.9309,2.8182,3.02739
0,11,19.75,9293,28776,7208,0.9293,2.8776,3.09652
0,11,20,9306,28139,7086,0.9306,2.8139,3.02375
0,11,20.25,9296,28497,7163,0.9296,2.8497,3.06551
0,11,20.5,9322,27566,6970,0.9322,2.7566,2.95709
0,11,20.75,9302,28295,7133,0.9302,2.8295,3.04182
0,11,21,9338,26967,6823,0.9338,2.6967,2.88788
0,11,21.25,9288,28795,7271,0.9288,2.8795,3.10024
0,11,21.5,9345,26787,6808,0.9345,2.6787,2.86645
0,11,21.75,9338,26948,6758,0.9338,2.6948,2.88584
0,11,22,9353,26492,6728,0.9353,2.6492,2.83246
0,11,22.25,9298,28585,7178,0.9298,2.8585,3.07432
0,11,22.5,9344,26851,6755,0.9344,2.6851,2.87361
0,11,22.75,9332,27207,6865,0.9332,2.7207,2.91545
0,11,23,9324,27574,7003,0.9324,2.7574,2.95731
0,11,23.25,9321,27702,6969,0.9321,2.7702,2.972
0,11,23.5,9343,26870,6782,0.9343,2.687,2.87595
0,11,23.75,9355,26379,6635,0.9355,2.6379,2.81978
0,11,24,9344,26803,6765,0.9344,2.6803,2.86847
0,11,24.25,9306,28233,7083,0.9306,2.8233,3.03385
0,11,24.5,9309,28174,7093,0.9309,2.8174,3.02653
0,11,24.75,9351,26635,6796,0.9351,2.6635,2.84836
0,11,25,9379,25529,6481,0.9379,2.5529,2.72193
0,11,25.25,9365,25915,6560,0.9365,2.5915,2.76722
0,11,25.5,9343,26764,6711,0.9343,2.6764,2.8646
0,11,25.75,9345,26672,6758,0.9345,2.6672,2.85415
0,11,26,9325,27620,7042,0.9325,2.762,2.96193
0,11,26.25,9318,27720,6983,0.9318,2.772,2.97489
0,11,26.5,9282,29173,7277,0.9282,2.9173,3.14296
0,11,26.75,9324,27627,6972,0.9324,2.7627,2.963
0,11,27,9319,27726,6971,0.9319,2.7726,2.97521
0,11,27.25,9318,27777,7032,0.9318,2.7777,2.981
0,11,27.5,9379,25514,6528,0.9379,2.5514,2.72033
0,11,27.75,9336,27171,6881,0.9336,2.7171,2.91035
0,11,28,9295,28639,7246,0.9295,2.8639,3.08112
0,11,28.25,9311,28009,7037,0.9311,2.8009,3.00816
0,11,28.5,9340,26992,6847,0.934,2.6992,2.88994
0,11,28.75,9373,25689,6582,0.9373,2.5689,2.74074
0,11,29,9324,27519,6955,0.9324,2.7519,2.95142
0,11,29.25,9341,26843,6772,0.9341,2.6843,2.87368
0,11,29.5,9341,26722,6784,0.9341,2.6722,2.86072
0,11,29.75,9332,27187,6841,0.9332,2.7187,2.91331
0,11,30,9346,26706,6739,0.9346,2.6706,2.85748
0,11,30.25,9298,28558,7210,0.9298,2.8558,3.07141
0,11,30.5,9335,27061,6840,0.9335,2.7061,2.89888
0,11,30.75,9365,26037,6622,0.9365,2.6037,2.78025
0,11,31,9306,28149,7122,0.9306,2.8149,3.02482
0,11,31.25,9367,25920,6597,0.9367,2.592,2.76716
0,11,31.5,9333,27170,6808,0.9333,2.717,2.91118
0,11,31.75,9306,28073,7017,0.9306,2.8073,3.01666
0,11,32,9301,28366,7137,0.9301,2.8366,3.04978
0,11,32.25,9390,25052,6405,0.939,2.5052,2.66794
0,11,32.5,9344,26762,6803,0.9344,2.6762,2.86408
0,11,32.75,9327,27466,6932,0.9327,2.7466,2.94478
0,11,33,9341,26998,6847,0.9341,2.6998,2.89027
0,11,33.25,9341,26880,6805,0.9341,2.688,2.87764
0,11,33.5,9350,26547,6685,0.935,2.6547,2.83925
0,11,33.75,9400,24693,6272,0.94,2.4693,2.62691
0,11,34,9313,27871,6968,0.9313,2.7871,2.9927
0,11,34.25,9278,29218,7317,0.9278,2.9218,3.14917
0,11,34.5,9293,28732,7227,0.9293,2.8732,3.09179
0,11,34.75,9315,27943,7037,0.9315,2.7943,2.99979
0,11,35,9341,26829,6811,0.9341,2.6829,2.87218
0,11,35.25,9296,28651,7211,0.9296,2.8651,3.08208
0,11,35.5,9304,28220,7123,0.9304,2.822,3.0331
0,11,35.75,9345,26791,6768,0.9345,2.6791,2.86688
0,11,36,9296,28506,7133,0.9296,2.8506,3.06648
0,11,36.25,9357,26186,6631,0.9357,2.6186,2.79855
0,11,36.5,9319,27839,7024,0.9319,2.7839,2.98734
0,11,36.75,9313,27869,6950,0.9313,2.7869,2.99248
0,11,37,9309,28159,7115,0.9309,2.8159,3.02492
0,11,37.25,9342,26850,6785,0.9342,2.685,2.87412
0,11,37.5,9285,29064,7298,0.9285,2.9064,3.13021
0,11,37.75,9294,28655,7204,0.9294,2.8655,3.08317
0,11,38,9374,25698,6503,0.9374,2.5698,2.74141
0,11,38.25,9359,26218,6662,0.9359,2.6218,2.80137
0,11,38.5,9327,27348,6861,0.9327,2.7348,2.93213
0,11,38.75,9341,26861,6786,0.9341,2.6861,2.8756
0,11,39,9297,28465,7169,0.9297,2.8465,3.06174
0,11,39.25,9326,27469,6928,0.9326,2.7469,2.94542
0,11,39.5,9356,26279,6626,0.9356,2.6279,2.80879
0,11,39.75,9354,26333,6626,0.9354,2.6333,2.81516
0,11,40,9342,26886,6755,0.9342,2.6886,2.87797
0,12,0,200,8417,129,0.02,0.8417,42.085
0,12,0.25,221,9173,100,0.0221,0.9173,41.5068
0,12,0.5,216,8993,84,0.0216,0.8993,41.6343
0,12,0.75,240,9971,86,0.024,0.9971,41.5458
0,12,1,241,9996,97,0.0241,0.9996,41.4772
0,12,1.25,231,9585,86,0.0231,0.9585,41.4935
0,12,1.5,253,10431,107,0.0253,1.0431,41.2292
0,12,1.75,258,10631,104,0.0258,1.0631,41.2054
0,12,2,262,10716,116,0.0262,1.0716,40.9008
0,12,2.25,278,11376,124,0.0278,1.1376,40.9209
0,12,2.5,294,12038,151,0.0294,1.2038,40.9456
0,12,2.75,313,12787,151,0.0313,1.2787,40.853
0,12,3,341,13888,155,0.0341,1.3888,40.7273
0,12,3.25,340,13891,149,0.034,1.3891,40.8559
0,12,3.5,381,15430,164,0.0381,1.543,40.4987
0,12,3.75,376,15297,197,0.0376,1.5297,40.6835
0,12,4,419,16900,223,0.0419,1.69,40.3341
0,12,4.25,444,17895,237,0.0444,1.7895,40.3041
0,12,4.5,516,20530,289,0.0516,2.053,39.7868
0,12,4.75,554,21895,348,0.0554,2.1895,39.5217
0,12,5,627,24671,416,0.0627,2.4671,39.3477
0,12,5.25,660,25916,465,0.066,2.5916,39.2667
0,12,5.5,775,29835,618,0.0775,2.9835,38.4968
0,12,5.75,899,34122,776,0.0899,3.4122,37.9555
0,12,6,1117,41377,1133,0.1117,4.1377,37.043
0,12,6.25,1393,50006,1677,0.1393,5.0006,35.8981
0,12,6.5,1849,62743,2743,0.1849,6.2743,33.9335
0,12,6.75,2895,85446,5737,0.2895,8.5446,29.515
0,12,7,5136,105084,12803,0.5136,10.5084,20.4603
0,12,7.25,8478,55791,12275,0.8478,5.5791,6.58068
0,12,7.5,9286,28982,7294,0.9286,2.8982,3.12104
0,12,7.75,9301,28376,7127,0.9301,2.8376,3.05085
0,12,8,9320,27685,6947,0.932,2.7685,2.97049
0,12,8.25,9359,26221,6628,0.9359,2.6221,2.80169
0,12,8.5,9307,28205,7070,0.9307,2.8205,3.03051
0,12,8.75,9357,26398,6718,0.9357,2.6398,2.8212
0,12,9,9351,26420,6738,0.9351,2.642,2.82537
0,12,9.25,9292,28828,7231,0.9292,2.8828,3.10245
0,12,9.5,9310,28044,7010,0.931,2.8044,3.01224
0,12,9.75,9313,27929,7043,0.9313,2.7929,2.99893
0,12,10,9363,26112,6590,0.9363,2.6112,2.78885
0,12,10.25,9315,27817,7018,0.9315,2.7817,2.98626
0,12,10.5,9270,29624,7408,0.927,2.9624,3.19569
0,12,10.75,9344,26809,6781,0.9344,2.6809,2.86911
0,12,11,9381,25276,6365,0.9381,2.5276,2.69438
0,12,11.25,9322,27672,7008,0.9322,2.7672,2.96846
0,12,11.5,9352,26469,6725,0.9352,2.6469,2.8303
0,12,11.75,9326,27558,6957,0.9326,2.7558,2.95496
0,12,12,9329,27307,6856,0.9329,2.7307,2.92711
0,12,12.25,9360,26219,6651,0.936,2.6219,2.80118
0,12,12.5,9321,27622,6977,0.9321,2.7622,2.96342
0,12,12.75,9350,26670,6728,0.935,2.667,2.85241
0,12,13,9349,26534,6714,0.9349,2.6534,2.83816
0,12,13.25,9345,26737,6780,0.9345,2.6737,2.8611
0,12,13.5,9347,26619,6742,0.9347,2.6619,2.84787
0,12,13.75,9384,25273,6470,0.9384,2.5273,2.6932
0,12,14,9284,28974,7282,0.9284,2.8974,3.12085
0,12,14.25,9339,26958,6794,0.9339,2.6958,2.8866
0,12,14.5,9333,27316,6929,0.9333,2.7316,2.92682
0,12,14.75,9349,26550,6688,0.9349,2.655,2.83988
0,12,15,9327,27311,6878,0.9327,2.7311,2.92817
0,12,15.25,9338,26970,6803,0.9338,2.697,2.8882
0,12,15.5,9290,28861,7277,0.929,2.8861,3.10667
0,12,15.75,9383,25276,6425,0.9383,2.5276,2.69381
0,12,16,9342,26854,6845,0.9342,2.6854,2.87455
0,12,16.25,9368,25993,6571,0.9368,2.5993,2.77466
0,12,16.5,9368,25883,6496,0.9368,2.5883,2.76292
0,12,16.75,9368,25844,6539,0.9368,2.5844,2.75875
0,12,17,9336,27130,6891,0.9336,2.713,2.90596
0,12,17.25,9343,26684,6681,0.9343,2.6684,2.85604
0,12,17.5,9380,25426,6437,0.938,2.5426,2.71066
0,12,17.75,9339,27001,6837,0.9339,2.7001,2.89121
0,12,18,9347,26668,6786,0.9347,2.6668,2.85311
0,12,18.25,9320,27683,6957,0.932,2.7683,2.97028
0,12,18.5,9355,26367,6657,0.9355,2.6367,2.81849
0,12,18.75,9328,27410,6883,0.9328,2.741,2.93846
0,12,19,9324,27548,6918,0.9324,2.7548,2.95453
0,12,19.25,9314,27932,7062,0.9314,2.7932,2.99893
0,12,19.5,9331,27331,6919,0.9331,2.7331,2.92905
0,12,19.75,9326,27482,6953,0.9326,2.7482,2.94682
0,12,20,9354,26513,6749,0.9354,2.6513,2.8344
0,12,20.25,9340,26921,6804,0.934,2.6921,2.88233
0,12,20.5,9304,28338,7137,0.9304,2.8338,3.04579
0,12,20.75,9362,26142,6616,0.9362,2.6142,2.79235
0,12,21,9340,26976,6815,0.934,2.6976,2.88822
0,12,21.25,9327,27485,6965,0.9327,2.7485,2.94682
0,12,21.5,9328,27356,6941,0.9328,2.7356,2.93268
0,12,21.75,9312,27938,7024,0.9312,2.7938,3.00021
0,12,22,9372,25657,6517,0.9372,2.5657,2.73762
0,12,22.25,9337,27024,6812,0.9337,2.7024,2.89429
0,12,22.5,9391,25046,6383,0.9391,2.5046,2.66702
0,12,22.75,9354,26344,6674,0.9354,2.6344,2.81634
0,12,23,9356,26363,6708,0.9356,2.6363,2.81776
0,12,23.25,9293,28879,7294,0.9293,2.8879,3.10761
0,12,23.5,9362,26209,6714,0.9362,2.6209,2.79951
0,12,23.75,9380,25422,6477,0.938,2.5422,2.71023
0,12,24,9376,25426,6452,0.9376,2.5426,2.71182
0,12,24.25,9321,27674,6991,0.9321,2.7674,2.96899
0,12,24.5,9288,28933,7290,0.9288,2.8933,3.11509
0,12,24.75,9317,27914,7066,0.9317,2.7914,2.99603
0,12,25,9340,26979,6824,0.934,2.6979,2.88854
0,12,25.25,9328,27499,6989,0.9328,2.7499,2.94801
0,12,25.5,9338,26921,6797,0.9338,2.6921,2.88295
0,12,25.75,9326,27471,6942,0.9326,2.7471,2.94564
0,12,26,9330,27362,6955,0.933,2.7362,2.93269
0,12,26.25,9329,27472,6963,0.9329,2.7472,2.9448
0,12,26.5,9344,26676,6695,0.9344,2.6676,2.85488
0,12,26.75,9318,27823,7011,0.9318,2.7823,2.98594
0,12,27,9326,27389,6895,0.9326,2.7389,2.93684
0,12,27.25,9319,27777,7047,0.9319,2.7777,2.98068
0,12,27.5,9365,25941,6561,0.9365,2.5941,2.76999
0,12,27.75,9325,27471,6917,0.9325,2.7471,2.94595
0,12,28,9340,26980,6854,0.934,2.698,2.88865
0,12,28.25,9310,28130,7141,0.931,2.813,3.02148
0,12,28.5,9354,26372,6665,0.9354,2.6372,2.81933
0,12,28.75,9344,26669,6692,0.9344,2.6669,2.85413
0,12,29,9361,26149,6651,0.9361,2.6149,2.7934
0,12,29.25,9338,27027,6846,0.9338,2.7027,2.8943
0,12,29.5,9335,27176,6852,0.9335,2.7176,2.91119
0,12,29.75,9351,26389,6614,0.9351,2.6389,2.82205
0,12,30,9343,26848,6768,0.9343,2.6848,2.8736
0,12,30.25,9303,28325,7076,0.9303,2.8325,3.04472
0,12,30.5,9347,26756,6763,0.9347,2.6756,2.86252
0,12,30.75,9301,28434,7112,0.9301,2.8434,3.05709
0,12,31,9311,28066,7094,0.9311,2.8066,3.01428
0,12,31.25,9301,28390,7103,0.9301,2.839,3.05236
0,12,31.5,9334,27193,6864,0.9334,2.7193,2.91333
0,12,31.75,9352,26535,6744,0.9352,2.6535,2.83736
0,12,32,9334,27232,6857,0.9334,2.7232,2.91751
0,12,32.25,9301,28493,7195,0.9301,2.8493,3.06343
0,12,32.5,9337,27022,6831,0.9337,2.7022,2.89408
0,12,32.75,9350,26582,6719,0.935,2.6582,2.84299
0,12,33,9351,26639,6744,0.9351,2.6639,2.84879
0,12,33.25,9357,26254,6612,0.9357,2.6254,2.80581
0,12,33.5,9328,27310,6861,0.9328,2.731,2.92774
0,12,33.75,9382,25308,6442,0.9382,2.5308,2.69751
0,12,34,9321,27629,6957,0.9321,2.7629,2.96417
0,12,34.25,9346,26776,6807,0.9346,2.6776,2.86497
0,12,34.5,9337,27062,6857,0.9337,2.7062,2.89836
0,12,34.75,9326,27346,6847,0.9326,2.7346,2.93223
0,12,35,9324,27425,6861,0.9324,2.7425,2.94133
0,12,35.25,9383,25410,6492,0.9383,2.541,2.70809
0,12,35.5,9374,25806,6568,0.9374,2.5806,2.75293
0,12,35.75,9336,27138,6852,0.9336,2.7138,2.90681
0,12,36,9333,27159,6864,0.9333,2.7159,2.91
0,12,36.25,9291,28755,7261,0.9291,2.8755,3.09493
0,12,36.5,9304,28371,7104,0.9304,2.8371,3.04933
0,12,36.75,9324,27485,6904,0.9324,2.7485,2.94777
0,12,37,9353,26359,6655,0.9353,2.6359,2.81824
0,12,37.25,9320,27644,6946,0.932,2.7644,2.96609
0,12,37.5,9306,28168,7100,0.9306,2.8168,3.02686
0,12,37.75,9318,27645,6848,0.9318,2.7645,2.96684
0,12,38,9293,28934,7305,0.9293,2.8934,3.11353
0,12,38.25,9346,26764,6806,0.9346,2.6764,2.86368
0,12,38.5,9355,26323,6604,0.9355,2.6323,2.81379
0,12,38.75,9306,28188,7097,0.9306,2.8188,3.02901
0,12,39,9314,27936,7047,0.9314,2.7936,2.99936
0,12,39.25,9369,25859,6561,0.9369,2.5859,2.76006
0,12,39.5,9319,27655,6979,0.9319,2.7655,2.96759
0,12,39.75,9322,27620,6963,0.9322,2.762,2.96288
0,12,40,9319,27777,7016,0.9319,2.7777,2.98068
0,13,0,200,8399,133,0.02,0.8399,41.995
0,13,0.25,202,8399,82,0.0202,0.8399,41.5792
0,13,0.5,216,8928,97,0.0216,0.8928,41.3333
0,13,0.75,224,9255,95,0.0224,0.9255,41.317
0,13,1,235,9670,105,0.0235,0.967,41.1489
0,13,1.25,244,10047,101,0.0244,1.0047,41.1762
0,13,1.5,247,10201,104,0.0247,1.0201,41.2996
0,13,1.75,248,10281,99,0.0248,1.0281,41.4556
0,13,2,263,10845,107,0.0263,1.0845,41.2357
0,13,2.25,272,11161,113,0.0272,1.1161,41.0331
0,13,2.5,296,12077,143,0.0296,1.2077,40.8007
0,13,2.75,321,13060,146,0.0321,1.306,40.6854
0,13,3,366,14788,174,0.0366,1.4788,40.4044
0,13,3.25,397,16012,200,0.0397,1.6012,40.3325
0,13,3.5,418,16798,227,0.0418,1.6798,40.1866
0,13,3.75,466,18547,249,0.0466,1.8547,39.8004
0,13,4,523,20771,311,0.0523,2.0771,39.7151
0,13,4.25,529,21047,358,0.0529,2.1047,39.7864
0,13,4.5,579,22860,378,0.0579,2.286,39.4819
0,13,4.75,667,26074,446,0.0667,2.6074,39.0915
0,13,5,813,31243,611,0.0813,3.1243,38.4293
0,13,5.25,972,36701,850,0.0972,3.6701,37.7582
0,13,5.5,1143,42265,1201,0.1143,4.2265,36.9773
0,13,5.75,1463,51958,1843,0.1463,5.1958,35.5147
0,13,6,2093,68889,3346,0.2093,6.8889,32.914
0,13,6.25,3312,92324,7121,0.3312,9.2324,27.8756
0,13,6.5,6053,100707,14636,0.6053,10.0707,16.6375
0,13,6.75,8925,41683,9836,0.8925,4.1683,4.67036
0,13,7,9317,27816,7019,0.9317,2.7816,2.98551
0,13,7.25,9341,26865,6824,0.9341,2.6865,2.87603
0,13,7.5,9323,27443,6896,0.9323,2.7443,2.94358
0,13,7.75,9316,27789,6989,0.9316,2.7789,2.98293
0,13,8,9359,26223,6661,0.9359,2.6223,2.8019
0,13,8.25,9365,26088,6639,0.9365,2.6088,2.78569
0,13,8.5,9326,27480,6904,0.9326,2.748,2.9466
0,13,8.75,9378,25532,6429,0.9378,2.5532,2.72254
0,13,9,9306,28341,7184,0.9306,2.8341,3.04545
0,13,9.25,9342,26802,6741,0.9342,2.6802,2.86898
0,13,9.5,9325,27467,6910,0.9325,2.7467,2.94552
0,13,9.75,9378,25506,6517,0.9378,2.5506,2.71977
0,13,10,9296,28599,7184,0.9296,2.8599,3.07648
0,13,10.25,9322,27642,6973,0.9322,2.7642,2.96524
0,13,10.5,9320,27761,6999,0.932,2.7761,2.97865
0,13,10.75,9305,28265,7125,0.9305,2.8265,3.03761
0,13,11,9328,27441,6923,0.9328,2.7441,2.94179
0,13,11.25,9284,29134,7315,0.9284,2.9134,3.13809
0,13,11.5,9365,25991,6557,0.9365,2.5991,2.77533
0,13,11.75,9300,28548,7204,0.93,2.8548,3.06968
0,13,12,9378,25551,6514,0.9378,2.5551,2.72457
0,13,12.25,9384,25312,6441,0.9384,2.5312,2.69736
0,13,12.5,9290,28846,7249,0.929,2.8846,3.10506
0,13,12.75,9394,24806,6325,0.9394,2.4806,2.64062
0,13,13,9350,26594,6756,0.935,2.6594,2.84428
0,13,13.25,9336,27000,6786,0.9336,2.7,2.89203
0,13,13.5,9304,28300,7107,0.9304,2.83,3.0417
0,13,13.75,9308,28116,7046,0.9308,2.8116,3.02063
0,13,14,9342,26836,6750,0.9342,2.6836,2.87262
0,13,14.25,9356,26327,6607,0.9356,2.6327,2.81392
0,13,14.5,9329,27240,6846,0.9329,2.724,2.91993
0,13,14.75,9311,28160,7078,0.9311,2.816,3.02438
0,13,15,9341,26836,6735,0.9341,2.6836,2.87293
0,13,15.25,9322,27612,6958,0.9322,2.7612,2.96203
0,13,15.5,9289,28802,7304,0.9289,2.8802,3.10066
0,13,15.75,9374,25583,6509,0.9374,2.5583,2.72914
0,13,16,9299,28467,7195,0.9299,2.8467,3.0613
0,13,16.25,9368,25830,6516,0.9368,2.583,2.75726
0,13,16.5,9325,27307,6809,0.9325,2.7307,2.92836
0,13,16.75,9390,25145,6417,0.939,2.5145,2.67785
0,13,17,9336,27092,6881,0.9336,2.7092,2.90189
0,13,17.25,9321,27672,6952,0.9321,2.7672,2.96878
0,13,17.5,9315,27887,7001,0.9315,2.7887,2.99377
0,13,17.75,9322,27584,6901,0.9322,2.7584,2.95902
0,13,18,9324,27613,6989,0.9324,2.7613,2.9615
0,13,18.25,9361,26235,6615,0.9361,2.6235,2.80259
0,13,18.5,9317,27849,7026,0.9317,2.7849,2.98905
0,13,18.75,9327,27325,6897,0.9327,2.7325,2.92967
0,13,19,9325,27476,6918,0.9325,2.7476,2.94649
0,13,19.25,9386,25060,6319,0.9386,2.506,2.66993
0,13,19.5,9312,28085,7068,0.9312,2.8085,3.016
0,13,19.75,9282,28977,7166,0.9282,2.8977,3.12185
0,13,20,9295,28606,7199,0.9295,2.8606,3.07757
0,13,20.25,9403,24565,6230,0.9403,2.4565,2.61246
0,13,20.5,9352,26531,6710,0.9352,2.6531,2.83693
0,13,20.75,9321,27691,6984,0.9321,2.7691,2.97082
0,13,21,9316,27843,7027,0.9316,2.7843,2.98873
0,13,21.25,9332,27274,6921,0.9332,2.7274,2.92263
0,13,21.5,9333,27110,6794,0.9333,2.711,2.90475
0,13,21.75,9337,27057,6780,0.9337,2.7057,2.89783
0,13,22,9338,26992,6814,0.9338,2.6992,2.89055
0,13,22.25,9354,26419,6684,0.9354,2.6419,2.82435
0,13,22.5,9329,27288,6794,0.9329,2.7288,2.92507
0,13,22.75,9376,25555,6506,0.9376,2.5555,2.72558
0,13,23,9334,27173,6868,0.9334,2.7173,2.91118
0,13,23.25,9289,28828,7203,0.9289,2.8828,3.10346
0,13,23.5,9300,28432,7057,0.93,2.8432,3.0572
0,13,23.75,9388,25182,6413,0.9388,2.5182,2.68236
0,13,24,9289,28773,7225,0.9289,2.8773,3.09753
0,13,24.25,9367,25905,6548,0.9367,2.5905,2.76556
0,13,24.5,9332,27364,6937,0.9332,2.7364,2.93228
0,13,24.75,9334,27200,6873,0.9334,2.72,2.91408
0,13,25,9352,26538,6680,0.9352,2.6538,2.83768
0,13,25.25,9352,26611,6826,0.9352,2.6611,2.84549
0,13,25.5,9332,27184,6833,0.9332,2.7184,2.91299
0,13,25.75,9342,26932,6810,0.9342,2.6932,2.88289
0,13,26,9322,27615,6940,0.9322,2.7615,2.96235
0,13,26.25,9338,27017,6779,0.9338,2.7017,2.89323
0,13,26.5,9326,27463,6941,0.9326,2.7463,2.94478
0,13,26.75,9364,26160,6678,0.9364,2.616,2.79368
0,13,27,9361,26175,6663,0.9361,2.6175,2.79618
0,13,27.25,9382,25372,6441,0.9382,2.5372,2.70433
0,13,27.5,9348,26643,6706,0.9348,2.6643,2.85013
0,13,27.75,9311,28033,7040,0.9311,2.8033,3.01074
0,13,28,9366,25945,6545,0.9366,2.5945,2.77013
0,13,28.25,9352,26552,6741,0.9352,2.6552,2.83918
0,13,28.5,9306,28169,7026,0.9306,2.8169,3.02697
0,13,28.75,9333,27199,6842,0.9333,2.7199,2.91428
0,13,29,9327,27475,6972,0.9327,2.7475,2.94575
0,13,29.25,9326,27538,6979,0.9326,2.7538,2.95282
0,13,29.5,9347,26694,6729,0.9347,2.6694,2.85589
0,13,29.75,9318,27748,6972,0.9318,2.7748,2.97789
0,13,30,9296,28645,7174,0.9296,2.8645,3.08143
0,13,30.25,9372,25705,6565,0.9372,2.5705,2.74274
0,13,30.5,9331,27259,6853,0.9331,2.7259,2.92134
0,13,30.75,9334,27185,6866,0.9334,2.7185,2.91247
0,13,31,9359,26228,6652,0.9359,2.6228,2.80244
0,13,31.25,9379,25415,6406,0.9379,2.5415,2.70978
0,13,31.5,9342,26761,6729,0.9342,2.6761,2.86459
0,13,31.75,9354,26291,6635,0.9354,2.6291,2.81067
0,13,32,9389,25139,6403,0.9389,2.5139,2.67749
0,13,32.25,9319,27754,6974,0.9319,2.7754,2.97822
0,13,32.5,9346,26762,6735,0.9346,2.6762,2.86347
0,13,32.75,9348,26607,6718,0.9348,2.6607,2.84628
0,13,33,9382,25435,6475,0.9382,2.5435,2.71104
0,13,33.25,9353,26492,6705,0.9353,2.6492,2.83246
0,13,33.5,9316,27878,7003,0.9316,2.7878,2.99249
0,13,33.75,9334,27133,6858,0.9334,2.7133,2.9069
0,13,34,9343,26874,6842,0.9343,2.6874,2.87638
0,13,34.25,9354,26336,6603,0.9354,2.6336,2.81548
0,13,34.5,9294,28687,7235,0.9294,2.8687,3.08662
0,13,34.75,9361,26145,6656,0.9361,2.6145,2.79297
0,13,35,9339,26850,6759,0.9339,2.685,2.87504
0,13,35.25,9313,27896,7031,0.9313,2.7896,2.99538
0,13,35.5,9349,26567,6693,0.9349,2.6567,2.84169
0,13,35.75,9323,27658,6990,0.9323,2.7658,2.96664
0,13,36,9344,26801,6769,0.9344,2.6801,2.86826
0,13,36.25,9324,27500,6923,0.9324,2.75,2.94938
0,13,36.5,9316,27939,7069,0.9316,2.7939,2.99903
0,13,36.75,9322,27697,7066,0.9322,2.7697,2.97114
0,13,37,9373,25716,6509,0.9373,2.5716,2.74363
0,13,37.25,9362,26105,6610,0.9362,2.6105,2.7884
0,13,37.5,9329,27398,6942,0.9329,2.7398,2.93686
0,13,37.75,9314,27914,7033,0.9314,2.7914,2.99699
0,13,38,9348,26559,6705,0.9348,2.6559,2.84114
0,13,38.25,9287,28813,7232,0.9287,2.8813,3.10251
0,13,38.5,9301,28424,7168,0.9301,2.8424,3.05602
0,13,38.75,9356,26341,6661,0.9356,2.6341,2.81541
0,13,39,9325,27525,6962,0.9325,2.7525,2.95174
0,13,39.25,9351,26423,6652,0.9351,2.6423,2.82569
0,13,39.5,9336,27065,6838,0.9336,2.7065,2.89899
0,13,39.75,9355,26331,6636,0.9355,2.6331,2.81464
0,13,40,9328,27401,6923,0.9328,2.7401,2.9375
0,14,0,200,8407,141,0.02,0.8407,42.035
0,14,0.25,222,9214,101,0.0222,0.9214,41.5045
0,14,0.5,240,9923,96,0.024,0.9923,41.3458
0,14,0.75,272,11183,112,0.0272,1.1183,41.114
0,14,1,279,11465,100,0.0279,1.1465,41.0932
0,14,1.25,294,12047,120,0.0294,1.2047,40.9762
0,14,1.5,330,13442,135,0.033,1.3442,40.7333
0,14,1.75,335,13652,153,0.0335,1.3652,40.7522
0,14,2,343,14021,162,0.0343,1.4021,40.8776
0,14,2.25,354,14425,180,0.0354,1.4425,40.7486
0,14,2.5,382,15486,200,0.0382,1.5486,40.5393
0,14,2.75,428,17209,224,0.0428,1.7209,40.2079
0,14,3,450,18155,245,0.045,1.8155,40.3444
0,14,3.25,481,19282,297,0.0481,1.9282,40.0873
0,14,3.5,558,22109,354,0.0558,2.2109,39.6219
0,14,3.75,657,25619,457,0.0657,2.5619,38.9939
0,14,4,780,30006,611,0.078,3.0006,38.4692
0,14,4.25,932,35232,818,0.0932,3.5232,37.8026
0,14,4.5,1132,41935,1150,0.1132,4.1935,37.0451
0,14,4.75,1439,51423,1749,0.1439,5.1423,35.7352
0,14,5,2047,67561,3258,0.2047,6.7561,33.0049
0,14,5.25,3246,91267,6882,0.3246,9.1267,28.1168
0,14,5.5,6047,101253,14860,0.6047,10.1253,16.7443
0,14,5.75,8903,42301,10013,0.8903,4.2301,4.75132
0,14,6,9281,29127,7312,0.9281,2.9127,3.13835
0,14,6.25,9355,26406,6697,0.9355,2.6406,2.82266
0,14,6.5,9361,26098,6661,0.9361,2.6098,2.78795
0,14,6.75,9314,27941,7088,0.9314,2.7941,2.99989
0,14,7,9354,26402,6687,0.9354,2.6402,2.82254
0,14,7.25,9327,27452,6944,0.9327,2.7452,2.94328
0,14,7.5,9297,28543,7185,0.9297,2.8543,3.07013
0,14,7.75,9298,28493,7177,0.9298,2.8493,3.06442
0,14,8,9341,26880,6814,0.9341,2.688,2.87764
0,14,8.25,9305,28261,7025,0.9305,2.8261,3.03718
0,14,8.5,9342,26876,6786,0.9342,2.6876,2.8769
0,14,8.75,9329,27335,6867,0.9329,2.7335,2.93011
0,14,9,9346,26687,6746,0.9346,2.6687,2.85545
0,14,9.25,9368,25909,6585,0.9368,2.5909,2.76569
0,14,9.5,9308,28170,7121,0.9308,2.817,3.02643
0,14,9.75,9334,27300,6912,0.9334,2.73,2.92479
0,14,10,9349,26601,6724,0.9349,2.6601,2.84533
0,14,10.25,9349,26596,6790,0.9349,2.6596,2.8448
0,14,10.5,9350,26536,6726,0.935,2.6536,2.83807
0,14,10.75,9330,27326,6908,0.933,2.7326,2.92883
0,14,11,9295,28653,7188,0.9295,2.8653,3.08263
0,14,11.25,9280,29230,7357,0.928,2.923,3.14978
0,14,11.5,9273,29523,7343,0.9273,2.9523,3.18376
0,14,11.75,9348,26548,6686,0.9348,2.6548,2.83997
0,14,12,9320,27730,7006,0.932,2.773,2.97532
0,14,12.25,9326,27587,6999,0.9326,2.7587,2.95807
0,14,12.5,9291,28849,7297,0.9291,2.8849,3.10505
0,14,12.75,9332,27123,6813,0.9332,2.7123,2.90645
0,14,13,9309,28062,7072,0.9309,2.8062,3.0145
0,14,13.25,9361,26132,6602,0.9361,2.6132,2.79158
0,14,13.5,9317,27851,7032,0.9317,2.7851,2.98927
0,14,13.75,9325,27484,6959,0.9325,2.7484,2.94735
0,14,14,9367,25957,6583,0.9367,2.5957,2.77111
0,14,14.25,9333,27177,6854,0.9333,2.7177,2.91193
0,14,14.5,9312,28028,7046,0.9312,2.8028,3.00988
0,14,14.75,9367,25873,6580,0.9367,2.5873,2.76214
0,14,15,9342,26851,6817,0.9342,2.6851,2.87422
0,14,15.25,9328,27392,6893,0.9328,2.7392,2.93654
0,14,15.5,9312,27995,7018,0.9312,2.7995,3.00634
0,14,15.75,9373,25751,6561,0.9373,2.5751,2.74736
0,14,16,9292,28697,7213,0.9292,2.8697,3.08836
0,14,16.25,9327,27449,6954,0.9327,2.7449,2.94296
0,14,16.5,9330,27424,6950,0.933,2.7424,2.93934
0,14,16.75,9328,27343,6894,0.9328,2.7343,2.93128
0,14,17,9357,26283,6645,0.9357,2.6283,2.80891
0,14,17.25,9302,28301,7120,0.9302,2.8301,3.04246
0,14,17.5,9332,27248,6849,0.9332,2.7248,2.91985
0,14,17.75,9332,27203,6988,0.9332,2.7203,2.91502
0,14,18,9364,26069,6601,0.9364,2.6069,2.78396
0,14,18.25,9275,29419,7353,0.9275,2.9419,3.17186
0,14,18.5,9319,27804,7088,0.9319,2.7804,2.98358
0,14,18.75,9339,26960,6785,0.9339,2.696,2.88682
0,14,19,9356,26346,6679,0.9356,2.6346,2.81595
0,14,19.25,9325,27571,6974,0.9325,2.7571,2.95668
0,14,19.5,9335,27164,6872,0.9335,2.7164,2.90991
0,14,19.75,9355,26325,6708,0.9355,2.6325,2.814
0,14,20,9323,27578,6967,0.9323,2.7578,2.95806
0,14,20.25,9358,26281,6675,0.9358,2.6281,2.8084
0,14,20.5,9322,27726,7007,0.9322,2.7726,2.97425
0,14,20.75,9331,27257,6864,0.9331,2.7257,2.92112
0,14,21,9328,27363,6951,0.9328,2.7363,2.93343
0,14,21.25,9337,26985,6779,0.9337,2.6985,2.89011
0,14,21.5,9319,27763,7006,0.9319,2.7763,2.97918
0,14,21.75,9360,26212,6680,0.936,2.6212,2.80043
0,14,22,9315,27931,7021,0.9315,2.7931,2.9985
0,14,22.25,9353,26485,6721,0.9353,2.6485,2.83171
0,14,22.5,9293,28636,7193,0.9293,2.8636,3.08146
0,14,22.75,9374,25611,6486,0.9374,2.5611,2.73213
0,14,23,9354,26408,6692,0.9354,2.6408,2.82318
0,14,23.25,9348,26637,6756,0.9348,2.6637,2.84949
0,14,23.5,9316,27772,7018,0.9316,2.7772,2.98111
0,14,23.75,9329,27417,6928,0.9329,2.7417,2.9389
0,14,24,9389,25036,6365,0.9389,2.5036,2.66652
0,14,24.25,9344,26794,6749,0.9344,2.6794,2.86751
0,14,24.5,9349,26502,6657,0.9349,2.6502,2.83474
0,14,24.75,9358,26237,6634,0.9358,2.6237,2.8037
0,14,25,9352,26480,6694,0.9352,2.648,2.83148
0,14,25.25,9337,27080,6782,0.9337,2.708,2.90029
0,14,25.5,9335,27137,6853,0.9335,2.7137,2.90702
0,14,25.75,9338,26992,6776,0.9338,2.6992,2.89055
0,14,26,9327,27474,6936,0.9327,2.7474,2.94564
0,14,26.25,9376,25536,6449,0.9376,2.5536,2.72355
0,14,26.5,9342,26865,6804,0.9342,2.6865,2.87572
0,14,26.75,9302,28337,7131,0.9302,2.8337,3.04633
0,14,27,9290,28780,7240,0.929,2.878,3.09795
0,14,27.25,9293,28690,7161,0.9293,2.869,3.08727
0,14,27.5,9283,29014,7280,0.9283,2.9014,3.1255
0,14,27.75,9313,27900,7072,0.9313,2.79,2.99581
0,14,28,9379,25372,6434,0.9379,2.5372,2.70519
0,14,28.25,9303,28344,7166,0.9303,2.8344,3.04676
0,14,28.5,9346,26678,6787,0.9346,2.6678,2.85448
0,14,28.75,9323,27515,6938,0.9323,2.7515,2.9513
0,14,29,9355,26352,6708,0.9355,2.6352,2.81689
0,14,29.25,9298,28514,7211,0.9298,2.8514,3.06668
0,14,29.5,9339,26916,6769,0.9339,2.6916,2.88211
0,14,29.75,9303,28283,7086,0.9303,2.8283,3.0402
0,14,30,9268,29681,7459,0.9268,2.9681,3.20252
0,14,30.25,9305,28261,7108,0.9305,2.8261,3.03718
0,14,30.5,9275,29326,7333,0.9275,2.9326,3.16183
0,14,30.75,9283,29037,7281,0.9283,2.9037,3.12798
0,14,31,9310,28029,7048,0.931,2.8029,3.01063
0,14,31.25,9377,25614,6494,0.9377,2.5614,2.73158
0,14,31.5,9299,28442,7182,0.9299,2.8442,3.05861
0,14,31.75,9318,27767,7039,0.9318,2.7767,2.97993
0,14,32,9373,25668,6524,0.9373,2.5668,2.7385
0,14,32.25,9303,28265,7123,0.9303,2.8265,3.03827
0,14,32.5,9342,26785,6779,0.9342,2.6785,2.86716
0,14,32.75,9341,26837,6763,0.9341,2.6837,2.87303
0,14,33,9337,27065,6822,0.9337,2.7065,2.89868
0,14,33.25,9340,26857,6709,0.934,2.6857,2.87548
0,14,33.5,9320,27563,6892,0.932,2.7563,2.9574
0,14,33.75,9316,27962,7124,0.9316,2.7962,3.0015
0,14,34,9333,27175,6868,0.9333,2.7175,2.91171
0,14,34.25,9357,26277,6605,0.9357,2.6277,2.80827
0,14,34.5,9353,26543,6777,0.9353,2.6543,2.83791
0,14,34.75,9376,25568,6462,0.9376,2.5568,2.72696
0,14,35,9333,27208,6850,0.9333,2.7208,2.91525
0,14,35.25,9356,26396,6752,0.9356,2.6396,2.82129
0,14,35.5,9322,27555,6930,0.9322,2.7555,2.95591
0,14,35.75,9316,27775,6952,0.9316,2.7775,2.98143
0,14,36,9393,25013,6356,0.9393,2.5013,2.66294
0,14,36.25,9322,27557,6932,0.9322,2.7557,2.95613
0,14,36.5,9367,25999,6541,0.9367,2.5999,2.7756
0,14,36.75,9305,28202,7098,0.9305,2.8202,3.03084
0,14,37,9305,28141,7059,0.9305,2.8141,3.02429
0,14,37.25,9366,25958,6570,0.9366,2.5958,2.77151
0,14,37.5,9384,25382,6458,0.9384,2.5382,2.70482
0,14,37.75,9349,26574,6741,0.9349,2.6574,2.84244
0,14,38,9316,27747,6957,0.9316,2.7747,2.97842
0,14,38.25,9359,26144,6603,0.9359,2.6144,2.79346
0,14,38.5,9306,28223,7101,0.9306,2.8223,3.03277
0,14,38.75,9361,26157,6622,0.9361,2.6157,2.79425
0,14,39,9326,27420,6908,0.9326,2.742,2.94017
0,14,39.25,9323,27654,6953,0.9323,2.7654,2.96621
0,14,39.5,9302,28236,7102,0.9302,2.8236,3.03548
0,14,39.75,9364,25996,6533,0.9364,2.5996,2.77616
0,14,40,9307,28196,7075,0.9307,2.8196,3.02955
0,15,0,200,8412,137,0.02,0.8412,42.06
0,15,0.25,209,8730,100,0.0209,0.873,41.7703
0,15,0.5,223,9270,91,0.0223,0.927,41.5695
0,15,0.75,207,8602,73,0.0207,0.8602,41.5556
0,15,1,217,8956,85,0.0217,0.8956,41.2719
0,15,1.25,241,9903,108,0.0241,0.9903,41.0913
0,15,1.5,260,10674,103,0.026,1.0674,41.0538
0,15,1.75,267,10986,116,0.0267,1.0986,41.1461
0,15,2,272,11188,127,0.0272,1.1188,41.1324
0,15,2.25,298,12199,143,0.0298,1.2199,40.9362
0,15,2.5,301,12308,142,0.0301,1.2308,40.8904
0,15,2.75,328,13375,159,0.0328,1.3375,40.7774
0,15,3,315,12884,170,0.0315,1.2884,40.9016
0,15,3.25,340,13889,177,0.034,1.3889,40.85
0,15,3.5,396,15975,194,0.0396,1.5975,40.3409
0,15,3.75,435,17468,187,0.0435,1.7468,40.1563
0,15,4,477,19071,259,0.0477,1.9071,39.9811
0,15,4.25,484,19374,302,0.0484,1.9374,40.0289
0,15,4.5,525,20948,326,0.0525,2.0948,39.901
0,15,4.75,625,24692,410,0.0625,2.4692,39.5072
0,15,5,706,27540,500,0.0706,2.754,39.0085
0,15,5.25,767,29710,626,0.0767,2.971,38.7353
0,15,5.5,912,34691,833,0.0912,3.4691,38.0384
0,15,5.75,1111,41378,1117,0.1111,4.1378,37.2439
0,15,6,1446,51519,1712,0.1446,5.1519,35.6286
0,15,6.25,1987,66023,3134,0.1987,6.6023,33.2275
0,15,6.5,3196,90277,6604,0.3196,9.0277,28.2469
0,15,6.75,6038,100397,14804,0.6038,10.0397,16.6275
0,15,7,8802,45757,10606,0.8802,4.5757,5.19848
0,15,7.25,9263,29768,7431,0.9263,2.9768,3.21365
0,15,7.5,9362,26062,6564,0.9362,2.6062,2.78381
0,15,7.75,9288,28991,7290,0.9288,2.8991,3.12134
0,15,8,9325,27513,6898,0.9325,2.7513,2.95046
0,15,8.25,9358,26231,6652,0.9358,2.6231,2.80306
0,15,8.5,9343,26878,6816,0.9343,2.6878,2.87681
0,15,8.75,9314,27943,7073,0.9314,2.7943,3.00011
0,15,9,9328,27273,6881,0.9328,2.7273,2.92378
0,15,9.25,9333,27212,6875,0.9333,2.7212,2.91568
0,15,9.5,9313,27966,7000,0.9313,2.7966,3.0029
0,15,9.75,9348,26615,6736,0.9348,2.6615,2.84713
0,15,10,9316,27849,7026,0.9316,2.7849,2.98937
0,15,10.25,9328,27443,6909,0.9328,2.7443,2.942
0,15,10.5,9299,28436,7172,0.9299,2.8436,3.05796
0,15,10.75,9344,26715,6721,0.9344,2.6715,2.85905
0,15,11,9360,26138,6637,0.936,2.6138,2.79252
0,15,11.25,9309,28073,7071,0.9309,2.8073,3.01568
0,15,11.5,9324,27588,6937,0.9324,2.7588,2.95882
0,15,11.75,9314,27843,7037,0.9314,2.7843,2.98937
0,15,12,9328,27480,6968,0.9328,2.748,2.94597
0,15,12.25,9342,26758,6733,0.9342,2.6758,2.86427
0,15,12.5,9370,25759,6556,0.937,2.5759,2.74909
0,15,12.75,9367,25892,6512,0.9367,2.5892,2.76417
0,15,13,9362,26166,6633,0.9362,2.6166,2.79492
0,15,13.25,9398,24711,6300,0.9398,2.4711,2.62939
0,15,13.5,9345,26804,6769,0.9345,2.6804,2.86827
0,15,13.75,9337,27121,6855,0.9337,2.7121,2.90468
0,15,14,9320,27738,6970,0.932,2.7738,2.97618
0,15,14.25,9353,26448,6682,0.9353,2.6448,2.82776
0,15,14.5,9366,26071,6644,0.9366,2.6071,2.78358
0,15,14.75,9309,28106,7080,0.9309,2.8106,3.01923
0,15,15,9325,27383,6873,0.9325,2.7383,2.93651
0,15,15.25,9274,29478,7440,0.9274,2.9478,3.17856
0,15,15.5,9327,27414,6906,0.9327,2.7414,2.93921
0,15,15.75,9375,25633,6489,0.9375,2.5633,2.73419
0,15,16,9325,27514,6949,0.9325,2.7514,2.95056
0,15,16.25,9353,26572,6758,0.9353,2.6572,2.84101
0,15,16.5,9338,27014,6829,0.9338,2.7014,2.89291
0,15,16.75,9360,26206,6648,0.936,2.6206,2.79979
0,15,17,9355,26336,6658,0.9355,2.6336,2.81518
0,15,17.25,9336,27134,6887,0.9336,2.7134,2.90638
0,15,17.5,9351,26459,6692,0.9351,2.6459,2.82954
0,15,17.75,9320,27675,6977,0.932,2.7675,2.96942
0,15,18,9346,26735,6803,0.9346,2.6735,2.86058
0,15,18.25,9317,27803,7018,0.9317,2.7803,2.98412
0,15,18.5,9362,26142,6664,0.9362,2.6142,2.79235
0,15,18.75,9326,27456,6912,0.9326,2.7456,2.94403
0,15,19,9332,27240,6863,0.9332,2.724,2.91899
0,15,19.25,9346,26572,6693,0.9346,2.6572,2.84314
0,15,19.5,9355,26407,6677,0.9355,2.6407,2.82277
0,15,19.75,9314,27970,7072,0.9314,2.797,3.00301
0,15,20,9372,25701,6475,0.9372,2.5701,2.74232
0,15,20.25,9342,26849,6739,0.9342,2.6849,2.87401
0,15,20.5,9343,26740,6745,0.9343,2.674,2.86204
0,15,20.75,9331,27269,6863,0.9331,2.7269,2.92241
0,15,21,9308,28178,7114,0.9308,2.8178,3.02729
0,15,21.25,9301,28472,7150,0.9301,2.8472,3.06118
0,15,21.5,9324,27460,6904,0.9324,2.746,2.94509
0,15,21.75,9332,27270,6898,0.9332,2.727,2.9222
0,15,22,9327,27365,6818,0.9327,2.7365,2.93396
0,15,22.25,9345,26666,6721,0.9345,2.6666,2.8535
0,15,22.5,9315,27908,7075,0.9315,2.7908,2.99603
0,15,22.75,9351,26665,6777,0.9351,2.6665,2.85157
0,15,23,9357,26303,6657,0.9357,2.6303,2.81105
0,15,23.25,9343,26791,6828,0.9343,2.6791,2.86749
0,15,23.5,9289,28930,7269,0.9289,2.893,3.11444
0,15,23.75,9311,27962,7011,0.9311,2.7962,3.00311
0,15,24,9331,27375,6926,0.9331,2.7375,2.93377
0,15,24.25,9343,26840,6760,0.9343,2.684,2.87274
0,15,24.5,9300,28366,7124,0.93,2.8366,3.05011
0,15,24.75,9342,26902,6795,0.9342,2.6902,2.87968
0,15,25,9346,26680,6726,0.9346,2.668,2.8547
0,15,25.25,9286,29023,7303,0.9286,2.9023,3.12546
0,15,25.5,9303,28295,7138,0.9303,2.8295,3.04149
0,15,25.75,9379,25482,6507,0.9379,2.5482,2.71692
0,15,26,9365,25979,6587,0.9365,2.5979,2.77405
0,15,26.25,9356,26351,6689,0.9356,2.6351,2.81648
0,15,26.5,9345,26709,6746,0.9345,2.6709,2.85811
0,15,26.75,9324,27555,6923,0.9324,2.7555,2.95528
0,15,27,9378,25451,6458,0.9378,2.5451,2.7139
0,15,27.25,9338,27017,6885,0.9338,2.7017,2.89323
0,15,27.5,9304,28256,7089,0.9304,2.8256,3.03697
0,15,27.75,9332,27185,6780,0.9332,2.7185,2.91309
0,15,28,9274,29438,7349,0.9274,2.9438,3.17425
0,15,28.25,9339,26879,6781,0.9339,2.6879,2.87815
0,15,28.5,9356,26324,6663,0.9356,2.6324,2.8136
0,15,28.75,9311,28137,7157,0.9311,2.8137,3.02191
0,15,29,9361,26092,6590,0.9361,2.6092,2.78731
0,15,29.25,9320,27650,6968,0.932,2.765,2.96674
0,15,29.5,9294,28607,7134,0.9294,2.8607,3.07801
0,15,29.75,9336,27143,6812,0.9336,2.7143,2.90735
0,15,30,9332,27171,6859,0.9332,2.7171,2.91159
0,15,30.25,9338,26924,6786,0.9338,2.6924,2.88327
0,15,30.5,9311,28121,7101,0.9311,2.8121,3.02019
0,15,30.75,9351,26477,6682,0.9351,2.6477,2.83146
0,15,31,9312,28115,7101,0.9312,2.8115,3.01922
0,15,31.25,9310,28086,7072,0.931,2.8086,3.01676
0,15,31.5,9349,26675,6760,0.9349,2.6675,2.85325
0,15,31.75,9356,26401,6717,0.9356,2.6401,2.82183
0,15,32,9291,28811,7221,0.9291,2.8811,3.10096
0,15,32.25,9332,27289,6881,0.9332,2.7289,2.92424
0,15,32.5,9322,27595,7001,0.9322,2.7595,2.9602
0,15,32.75,9334,27141,6806,0.9334,2.7141,2.90776
0,15,33,9348,26609,6719,0.9348,2.6609,2.84649
0,15,33.25,9374,25625,6483,0.9374,2.5625,2.73362
0,15,33.5,9368,26030,6616,0.9368,2.603,2.77861
0,15,33.75,9371,25685,6492,0.9371,2.5685,2.7409
0,15,34,9326,27487,6955,0.9326,2.7487,2.94735
0,15,34.25,9372,25629,6452,0.9372,2.5629,2.73464
0,15,34.5,9365,26013,6598,0.9365,2.6013,2.77768
0,15,34.75,9330,27363,6898,0.933,2.7363,2.9328
0,15,35,9378,25539,6464,0.9378,2.5539,2.72329
0,15,35.25,9356,26339,6653,0.9356,2.6339,2.8152
0,15,35.5,9277,29322,7372,0.9277,2.9322,3.16072
0,15,35.75,9365,25925,6541,0.9365,2.5925,2.76829
0,15,36,9315,27976,7103,0.9315,2.7976,3.00333
0,15,36.25,9314,27966,7121,0.9314,2.7966,3.00258
0,15,36.5,9349,26658,6697,0.9349,2.6658,2.85143
0,15,36.75,9351,26528,6727,0.9351,2.6528,2.83692
0,15,37,9380,25386,6460,0.938,2.5386,2.7064
0,15,37.25,9325,27557,6979,0.9325,2.7557,2.95517
0,15,37.5,9335,27227,6890,0.9335,2.7227,2.91666
0,15,37.75,9341,26868,6805,0.9341,2.6868,2.87635
0,15,38,9345,26760,6730,0.9345,2.676,2.86356
0,15,38.25,9319,27683,6931,0.9319,2.7683,2.9706
0,15,38.5,9286,28924,7234,0.9286,2.8924,3.1148
0,15,38.75,9352,26463,6697,0.9352,2.6463,2.82966
0,15,39,9387,25096,6348,0.9387,2.5096,2.67348
0,15,39.25,9314,27852,6956,0.9314,2.7852,2.99034
0,15,39.5,9349,26647,6760,0.9349,2.6647,2.85025
0,15,39.75,9335,27147,6847,0.9335,2.7147,2.90809
0,15,40,9313,27958,7063,0.9313,2.7958,3.00204
0,16,0,200,8419,130,0.02,0.8419,42.095
0,16,0.25,208,8669,77,0.0208,0.8669,41.6779
0,16,0.5,218,9095,67,0.0218,0.9095,41.7202
0,16,0.75,217,9054,83,0.0217,0.9054,41.7235
0,16,1,207,8594,83,0.0207,0.8594,41.5169
0,16,1.25,218,9029,78,0.0218,0.9029,41.4174
0,16,1.5,241,9951,109,0.0241,0.9951,41.2905
0,16,1.75,255,10507,111,0.0255,1.0507,41.2039
0,16,2,263,10797,105,0.0263,1.0797,41.0532
0,16,2.25,268,11000,97,0.0268,1.1,41.0448
0,16,2.5,277,11360,113,0.0277,1.136,41.0108
0,16,2.75,299,12222,139,0.0299,1.2222,40.8763
0,16,3,324,13164,144,0.0324,1.3164,40.6296
0,16,3.25,353,14263,155,0.0353,1.4263,40.4051
0,16,3.5,378,15301,172,0.0378,1.5301,40.4788
0,16,3.75,415,16656,205,0.0415,1.6656,40.1349
0,16,4,424,17039,239,0.0424,1.7039,40.1863
0,16,4.25,441,17710,222,0.0441,1.771,40.1587
0,16,4.5,447,17984,254,0.0447,1.7984,40.2327
0,16,4.75,450,18112,259,0.045,1.8112,40.2489
0,16,5,468,18873,279,0.0468,1.8873,40.3269
0,16,5.25,511,20512,309,0.0511,2.0512,40.1409
0,16,5.5,586,23220,381,0.0586,2.322,39.6246
0,16,5.75,648,25573,432,0.0648,2.5573,39.4645
0,16,6,726,28457,556,0.0726,2.8457,39.197
0,16,6.25,856,33025,741,0.0856,3.3025,38.5806
0,16,6.5,1036,39098,984,0.1036,3.9098,37.7394
0,16,6.75,1234,45399,1323,0.1234,4.5399,36.7901
0,16,7,1623,56762,2218,0.1623,5.6762,34.9735
0,16,7.25,2393,75712,4236,0.2393,7.5712,31.6389
0,16,7.5,4054,100445,9536,0.4054,10.0445,24.7768
0,16,7.75,7375,82532,15267,0.7375,8.2532,11.1908
0,16,8,9117,35251,8658,0.9117,3.5251,3.86651
0,16,8.25,9339,26872,6777,0.9339,2.6872,2.8774
0,16,8.5,9333,27255,6946,0.9333,2.7255,2.92028
0,16,8.75,9331,27237,6880,0.9331,2.7237,2.91898
0,16,9,9319,27843,7022,0.9319,2.7843,2.98777
0,16,9.25,9357,26281,6639,0.9357,2.6281,2.8087
0,16,9.5,9296,28697,7239,0.9296,2.8697,3.08703
0,16,9.75,9350,26493,6727,0.935,2.6493,2.83348
0,16,10,9372,25787,6525,0.9372,2.5787,2.75149
0,16,10.25,9362,26138,6643,0.9362,2.6138,2.79192
0,16,10.5,9326,27596,6990,0.9326,2.7596,2.95904
0,16,10.75,9323,27645,7009,0.9323,2.7645,2.96525
0,16,11,9376,25577,6499,0.9376,2.5577,2.72792
0,16,11.25,9312,28071,7056,0.9312,2.8071,3.0145
0,16,11.5,9380,25364,6394,0.938,2.5364,2.70405
0,16,11.75,9338,26961,6785,0.9338,2.6961,2.88723
0,16,12,9347,26613,6771,0.9347,2.6613,2.84722
0,16,12.25,9290,28717,7154,0.929,2.8717,3.09117
0,16,12.5,9326,27463,6937,0.9326,2.7463,2.94478
0,16,12.75,9307,28214,7106,0.9307,2.8214,3.03148
0,16,13,9324,27501,6921,0.9324,2.7501,2.94949
0,16,13.25,9324,27644,6997,0.9324,2.7644,2.96482
0,16,13.5,9319,27721,6978,0.9319,2.7721,2.97468
0,16,13.75,9326,27549,6969,0.9326,2.7549,2.954
0,16,14,9357,26314,6677,0.9357,2.6314,2.81223
0,16,14.25,9314,27978,7058,0.9314,2.7978,3.00387
0,16,14.5,9375,25563,6501,0.9375,2.5563,2.72672
0,16,14.75,9361,26068,6614,0.9361,2.6068,2.78475
0,16,15,9355,26340,6598,0.9355,2.634,2.81561
0,16,15.25,9350,26715,6795,0.935,2.6715,2.85722
0,16,15.5,9341,26812,6789,0.9341,2.6812,2.87036
0,16,15.75,9325,27492,6951,0.9325,2.7492,2.9482
0,16,16,9329,27324,6851,0.9329,2.7324,2.92893
0,16,16.25,9335,27107,6860,0.9335,2.7107,2.9038
0,16,16.5,9305,28285,7117,0.9305,2.8285,3.03976
0,16,16.75,9310,28234,7134,0.931,2.8234,3.03265
0,16,17,9319,27715,7003,0.9319,2.7715,2.97403
0,16,17.25,9345,26732,6781,0.9345,2.6732,2.86057
0,16,17.5,9330,27343,6913,0.933,2.7343,2.93065
0,16,17.75,9320,27711,7062,0.932,2.7711,2.97328
0,16,18,9351,26494,6734,0.9351,2.6494,2.83328
0,16,18.25,9366,25910,6580,0.9366,2.591,2.76639
0,16,18.5,9315,27775,6922,0.9315,2.7775,2.98175
0,16,18.75,9279,29247,7345,0.9279,2.9247,3.15196
0,16,19,9399,24691,6281,0.9399,2.4691,2.62698
0,16,19.25,9331,27276,6853,0.9331,2.7276,2.92316
0,16,19.5,9347,26769,6772,0.9347,2.6769,2.86391
0,16,19.75,9324,27442,6905,0.9324,2.7442,2.94316
0,16,20,9352,26425,6659,0.9352,2.6425,2.8256
0,16,20.25,9357,26279,6660,0.9357,2.6279,2.80849
0,16,20.5,9414,24149,6178,0.9414,2.4149,2.56522
0,16,20.75,9352,26475,6692,0.9352,2.6475,2.83095
0,16,21,9366,25871,6526,0.9366,2.5871,2.76223
0,16,21.25,9337,27019,6821,0.9337,2.7019,2.89376
0,16,21.5,9330,27329,6894,0.933,2.7329,2.92915
0,16,21.75,9349,26487,6624,0.9349,2.6487,2.83314
0,16,22,9346,26785,6850,0.9346,2.6785,2.86593
0,16,22.25,9374,25538,6445,0.9374,2.5538,2.72434
0,16,22.5,9307,28240,7100,0.9307,2.824,3.03428
0,16,22.75,9345,26856,6872,0.9345,2.6856,2.87384
0,16,23,9360,26203,6638,0.936,2.6203,2.79947
0,16,23.25,9356,26359,6669,0.9356,2.6359,2.81734
0,16,23.5,9351,26553,6703,0.9351,2.6553,2.83959
0,16,23.75,9370,25904,6589,0.937,2.5904,2.76457
0,16,24,9390,25091,6383,0.939,2.5091,2.6721
0,16,24.25,9320,27584,6897,0.932,2.7584,2.95966
0,16,24.5,9373,25797,6585,0.9373,2.5797,2.75227
0,16,24.75,9296,28574,7163,0.9296,2.8574,3.0738
0,16,25,9350,26533,6674,0.935,2.6533,2.83775
0,16,25.25,9313,27953,7044,0.9313,2.7953,3.0015
0,16,25.5,9305,28182,7081,0.9305,2.8182,3.02869
0,16,25.75,9372,25799,6579,0.9372,2.5799,2.75277
0,16,26,9350,26558,6732,0.935,2.6558,2.84043
0,16,26.25,9320,27463,6839,0.932,2.7463,2.94667
0,16,26.5,9317,27816,6994,0.9317,2.7816,2.98551
0,16,26.75,9356,26230,6620,0.9356,2.623,2.80355
0,16,27,9364,26014,6593,0.9364,2.6014,2.77809
0,16,27.25,9396,24834,6344,0.9396,2.4834,2.64304
0,16,27.5,9339,26974,6788,0.9339,2.6974,2.88832
0,16,27.75,9317,27849,7007,0.9317,2.7849,2.98905
0,16,28,9346,26588,6690,0.9346,2.6588,2.84485
0,16,28.25,9330,27266,6845,0.933,2.7266,2.9224
0,16,28.5,9360,26144,6604,0.936,2.6144,2.79316
0,16,28.75,9291,28732,7219,0.9291,2.8732,3.09246
0,16,29,9330,27389,6949,0.933,2.7389,2.93558
0,16,29.25,9369,25776,6503,0.9369,2.5776,2.7512
0,16,29.5,9323,27599,6962,0.9323,2.7599,2.96031
0,16,29.75,9366,25938,6574,0.9366,2.5938,2.76938
0,16,30,9285,28986,7237,0.9285,2.8986,3.12181
0,16,30.25,9311,28144,7145,0.9311,2.8144,3.02266
0,16,30.5,9349,26623,6760,0.9349,2.6623,2.84768
0,16,30.75,9343,26824,6767,0.9343,2.6824,2.87103
0,16,31,9292,28826,7307,0.9292,2.8826,3.10224
0,16,31.25,9346,26759,6746,0.9346,2.6759,2.86315
0,16,31.5,9332,27404,6966,0.9332,2.7404,2.93656
0,16,31.75,9295,28658,7217,0.9295,2.8658,3.08316
0,16,32,9348,26705,6769,0.9348,2.6705,2.85676
0,16,32.25,9369,25933,6585,0.9369,2.5933,2.76796
0,16,32.5,9322,27654,6978,0.9322,2.7654,2.96653
0,16,32.75,9300,28417,7194,0.93,2.8417,3.05559
0,16,33,9334,27087,6780,0.9334,2.7087,2.90197
0,16,33.25,9342,26820,6762,0.9342,2.682,2.87091
0,16,33.5,9345,26748,6768,0.9345,2.6748,2.86228
0,16,33.75,9384,25251,6369,0.9384,2.5251,2.69086
0,16,34,9348,26641,6724,0.9348,2.6641,2.84991
0,16,34.25,9298,28545,7170,0.9298,2.8545,3.07002
0,16,34.5,9368,25966,6591,0.9368,2.5966,2.77178
0,16,34.75,9364,25874,6507,0.9364,2.5874,2.76314
0,16,35,9338,26979,6827,0.9338,2.6979,2.88916
0,16,35.25,9324,27554,6971,0.9324,2.7554,2.95517
0,16,35.5,9288,28905,7252,0.9288,2.8905,3.11208
0,16,35.75,9351,26628,6738,0.9351,2.6628,2.84761
0,16,36,9339,26986,6820,0.9339,2.6986,2.8896
0,16,36.25,9370,25913,6608,0.937,2.5913,2.76553
0,16,36.5,9339,26870,6828,0.9339,2.687,2.87718
0,16,36.75,9283,29032,7359,0.9283,2.9032,3.12744
0,16,37,9389,24990,6304,0.9389,2.499,2.66163
0,16,37.25,9328,27330,6906,0.9328,2.733,2.92989
0,16,37.5,9343,26842,6756,0.9343,2.6842,2.87295
0,16,37.75,9371,25794,6558,0.9371,2.5794,2.75253
0,16,38,9321,27638,6991,0.9321,2.7638,2.96513
0,16,38.25,9381,25339,6404,0.9381,2.5339,2.7011
0,16,38.5,9370,25834,6529,0.937,2.5834,2.7571
0,16,38.75,9357,26420,6743,0.9357,2.642,2.82355
0,16,39,9345,26804,6783,0.9345,2.6804,2.86827
0,16,39.25,9342,26878,6790,0.9342,2.6878,2.87711
0,16,39.5,9358,26281,6635,0.9358,2.6281,2.8084
0,16,39.75,9322,27624,6925,0.9322,2.7624,2.96331
0,16,40,9313,27968,6991,0.9313,2.7968,3.00311
0,17,0,200,8398,143,0.02,0.8398,41.99
0,17,0.25,196,8201,94,0.0196,0.8201,41.8418
0,17,0.5,211,8765,83,0.0211,0.8765,41.5403
0,17,0.75,224,9261,87,0.0224,0.9261,41.3438
0,17,1,234,9651,94,0.0234,0.9651,41.2436
0,17,1.25,247,10184,96,0.0247,1.0184,41.2308
0,17,1.5,269,11065,126,0.0269,1.1065,41.1338
0,17,1.75,271,11106,126,0.0271,1.1106,40.9815
0,17,2,289,11839,117,0.0289,1.1839,40.9654
0,17,2.25,296,12137,134,0.0296,1.2137,41.0034
0,17,2.5,302,12349,142,0.0302,1.2349,40.8907
0,17,2.75,307,12559,138,0.0307,1.2559,40.9088
0,17,3,334,13612,171,0.0334,1.3612,40.7545
0,17,3.25,374,15168,181,0.0374,1.5168,40.5561
0,17,3.5,411,16583,224,0.0411,1.6583,40.3479
0,17,3.75,460,18395,259,0.046,1.8395,39.9891
0,17,4,506,20172,306,0.0506,2.0172,39.8656
0,17,4.25,568,22461,380,0.0568,2.2461,39.544
0,17,4.5,632,24832,430,0.0632,2.4832,39.2911
0,17,4.75,727,28189,545,0.0727,2.8189,38.7744
0,17,5,825,31590,693,0.0825,3.159,38.2909
0,17,5.25,1002,37605,907,0.1002,3.7605,37.5299
0,17,5.5,1234,45079,1287,0.1234,4.5079,36.5308
0,17,5.75,1650,57412,2112,0.165,5.7412,34.7952
0,17,6,2401,75962,4156,0.2401,7.5962,31.6377
0,17,6.25,4133,100933,9699,0.4133,10.0933,24.4212
0,17,6.5,7396,81840,15091,0.7396,8.184,11.0654
0,17,6.75,9208,31741,7848,0.9208,3.1741,3.44711
0,17,7,9328,27414,6919,0.9328,2.7414,2.93889
0,17,7.25,9329,27254,6855,0.9329,2.7254,2.92143
0,17,7.5,9338,27099,6918,0.9338,2.7099,2.90201
0,17,7.75,9357,26230,6639,0.9357,2.623,2.80325
0,17,8,9332,27252,6903,0.9332,2.7252,2.92027
0,17,8.25,9338,27000,6801,0.9338,2.7,2.89141
0,17,8.5,9332,27273,6891,0.9332,2.7273,2.92252
0,17,8.75,9368,25839,6495,0.9368,2.5839,2.75822
0,17,9,9333,27315,6887,0.9333,2.7315,2.92671
0,17,9.25,9325,27641,6970,0.9325,2.7641,2.96418
0,17,9.5,9349,26632,6745,0.9349,2.6632,2.84865
0,17,9.75,9334,27222,6882,0.9334,2.7222,2.91643
0,17,10,9348,26614,6701,0.9348,2.6614,2.84703
0,17,10.25,9337,27141,6869,0.9337,2.7141,2.90682
0,17,10.5,9331,27304,6901,0.9331,2.7304,2.92616
0,17,10.75,9344,26767,6712,0.9344,2.6767,2.86462
0,17,11,9321,27714,6980,0.9321,2.7714,2.97329
0,17,11.25,9324,27533,6982,0.9324,2.7533,2.95292
0,17,11.5,9383,25274,6444,0.9383,2.5274,2.69359
0,17,11.75,9356,26333,6669,0.9356,2.6333,2.81456
0,17,12,9334,27154,6853,0.9334,2.7154,2.90915
0,17,12.25,9314,27937,7034,0.9314,2.7937,2.99946
0,17,12.5,9316,27960,7104,0.9316,2.796,3.00129
0,17,12.75,9326,27517,6974,0.9326,2.7517,2.95057
0,17,13,9334,27261,6895,0.9334,2.7261,2.92061
0,17,13.25,9350,26563,6729,0.935,2.6563,2.84096
0,17,13.5,9340,26883,6714,0.934,2.6883,2.87827
0,17,13.75,9355,26360,6699,0.9355,2.636,2.81774
0,17,14,9351,26537,6686,0.9351,2.6537,2.83788
0,17,14.25,9308,28062,7036,0.9308,2.8062,3.01483
0,17,14.5,9355,26326,6677,0.9355,2.6326,2.81411
0,17,14.75,9312,28027,7082,0.9312,2.8027,3.00977
0,17,15,9351,26464,6675,0.9351,2.6464,2.83007
0,17,15.25,9351,26434,6622,0.9351,2.6434,2.82686
0,17,15.5,9336,27127,6895,0.9336,2.7127,2.90563
0,17,15.75,9318,27678,6977,0.9318,2.7678,2.97038
0,17,16,9337,26921,6795,0.9337,2.6921,2.88326
0,17,16.25,9346,26703,6664,0.9346,2.6703,2.85716
0,17,16.5,9358,26193,6607,0.9358,2.6193,2.799
0,17,16.75,9349,26558,6724,0.9349,2.6558,2.84073
0,17,17,9369,25857,6552,0.9369,2.5857,2.75985
0,17,17.25,9318,27765,6947,0.9318,2.7765,2.97972
0,17,17.5,9316,27977,7092,0.9316,2.7977,3.00311
0,17,17.75,9324,27453,6895,0.9324,2.7453,2.94434
0,17,18,9366,26042,6616,0.9366,2.6042,2.78048
0,17,18.25,9371,25754,6494,0.9371,2.5754,2.74827
0,17,18.5,9345,26684,6756,0.9345,2.6684,2.85543
0,17,18.75,9342,26840,6802,0.9342,2.684,2.87305
0,17,19,9334,27179,6917,0.9334,2.7179,2.91183
0,17,19.25,9361,26175,6692,0.9361,2.6175,2.79618
0,17,19.5,9313,27850,6974,0.9313,2.785,2.99044
0,17,19.75,9291,28863,7265,0.9291,2.8863,3.10655
0,17,20,9336,27173,6903,0.9336,2.7173,2.91056
0,17,20.25,9319,27737,6935,0.9319,2.7737,2.97639
0,17,20.5,9351,26564,6702,0.9351,2.6564,2.84077
0,17,20.75,9372,25810,6592,0.9372,2.581,2.75395
0,17,21,9368,25978,6644,0.9368,2.5978,2.77306
0,17,21.25,9321,27700,7016,0.9321,2.77,2.97178
0,17,21.5,9270,29468,7352,0.927,2.9468,3.17886
0,17,21.75,9341,26912,6850,0.9341,2.6912,2.88106
0,17,22,9342,26947,6834,0.9342,2.6947,2.8845
0,17,22.25,9327,27379,6919,0.9327,2.7379,2.93546
0,17,22.5,9355,26393,6632,0.9355,2.6393,2.82127
0,17,22.75,9321,27607,6948,0.9321,2.7607,2.96181
0,17,23,9317,27744,6955,0.9317,2.7744,2.97778
0,17,23.25,9342,26932,6824,0.9342,2.6932,2.88289
0,17,23.5,9392,24944,6366,0.9392,2.4944,2.65588
0,17,23.75,9335,27103,6856,0.9335,2.7103,2.90337
0,17,24,9296,28655,7208,0.9296,2.8655,3.08251
0,17,24.25,9363,26012,6584,0.9363,2.6012,2.77817
0,17,24.5,9333,27184,6885,0.9333,2.7184,2.91268
0,17,24.75,9332,27253,6932,0.9332,2.7253,2.92038
0,17,25,9309,28107,7066,0.9309,2.8107,3.01934
0,17,25.25,9329,27353,6892,0.9329,2.7353,2.93204
0,17,25.5,9374,25673,6506,0.9374,2.5673,2.73875
0,17,25.75,9323,27606,6958,0.9323,2.7606,2.96106
0,17,26,9351,26531,6759,0.9351,2.6531,2.83724
0,17,26.25,9353,26456,6730,0.9353,2.6456,2.82861
0,17,26.5,9322,27645,6979,0.9322,2.7645,2.96557
0,17,26.75,9320,27665,6973,0.932,2.7665,2.96835
0,17,27,9384,25318,6418,0.9384,2.5318,2.698
0,17,27.25,9347,26574,6721,0.9347,2.6574,2.84305
0,17,27.5,9322,27624,6941,0.9322,2.7624,2.96331
0,17,27.75,9338,27081,6809,0.9338,2.7081,2.90009
0,17,28,9344,26830,6762,0.9344,2.683,2.87136
0,17,28.25,9378,25465,6460,0.9378,2.5465,2.7154
0,17,28.5,9310,28033,7081,0.931,2.8033,3.01106
0,17,28.75,9351,26612,6779,0.9351,2.6612,2.8459
0,17,29,9379,25486,6466,0.9379,2.5486,2.71735
0,17,29.25,9359,26315,6694,0.9359,2.6315,2.81173
0,17,29.5,9329,27341,6871,0.9329,2.7341,2.93075
0,17,29.75,9302,28339,7112,0.9302,2.8339,3.04655
0,17,30,9371,25774,6496,0.9371,2.5774,2.7504
0,17,30.25,9319,27844,7026,0.9319,2.7844,2.98787
0,17,30.5,9306,28165,7037,0.9306,2.8165,3.02654
0,17,30.75,9339,27119,6882,0.9339,2.7119,2.90384
0,17,31,9269,29583,7394,0.9269,2.9583,3.19161
0,17,31.25,9343,26836,6765,0.9343,2.6836,2.87231
0,17,31.5,9326,27338,6862,0.9326,2.7338,2.93137
0,17,31.75,9313,27999,7060,0.9313,2.7999,3.00644
0,17,32,9311,28031,7041,0.9311,2.8031,3.01053
0,17,32.25,9365,26008,6576,0.9365,2.6008,2.77715
0,17,32.5,9299,28498,7167,0.9299,2.8498,3.06463
0,17,32.75,9296,28546,7167,0.9296,2.8546,3.07078
0,17,33,9331,27240,6848,0.9331,2.724,2.9193
0,17,33.25,9310,28078,7054,0.931,2.8078,3.0159
0,17,33.5,9313,27919,7061,0.9313,2.7919,2.99785
0,17,33.75,9315,27914,7001,0.9315,2.7914,2.99667
0,17,34,9347,26729,6805,0.9347,2.6729,2.85963
0,17,34.25,9350,26498,6707,0.935,2.6498,2.83401
0,17,34.5,9330,27319,6856,0.933,2.7319,2.92808
0,17,34.75,9322,27605,6981,0.9322,2.7605,2.96127
0,17,35,9346,26729,6739,0.9346,2.6729,2.85994
0,17,35.25,9315,27951,7065,0.9315,2.7951,3.00064
0,17,35.5,9321,27619,6984,0.9321,2.7619,2.96309
0,17,35.75,9362,26086,6553,0.9362,2.6086,2.78637
0,17,36,9365,25898,6499,0.9365,2.5898,2.7654
0,17,36.25,9356,26380,6726,0.9356,2.638,2.81958
0,17,36.5,9352,26487,6700,0.9352,2.6487,2.83223
0,17,36.75,9310,28086,7038,0.931,2.8086,3.01676
0,17,37,9325,27512,6923,0.9325,2.7512,2.95035
0,17,37.25,9317,27914,7027,0.9317,2.7914,2.99603
0,17,37.5,9310,28052,7065,0.931,2.8052,3.0131
0,17,37.75,9288,28855,7199,0.9288,2.8855,3.1067
0,17,38,9346,26735,6773,0.9346,2.6735,2.86058
0,17,38.25,9295,28649,7258,0.9295,2.8649,3.08219
0,17,38.5,9339,26841,6725,0.9339,2.6841,2.87408
0,17,38.75,9329,27417,6930,0.9329,2.7417,2.9389
0,17,39,9372,25708,6455,0.9372,2.5708,2.74306
0,17,39.25,9332,27241,6827,0.9332,2.7241,2.9191
0,17,39.5,9310,28091,7067,0.931,2.8091,3.01729
0,17,39.75,9320,27692,6994,0.932,2.7692,2.97124
0,17,40,9308,28181,7085,0.9308,2.8181,3.02761
0,18,0,200,8407,138,0.02,0.8407,42.035
0,18,0.25,195,8162,82,0.0195,0.8162,41.8564
0,18,0.5,193,8069,67,0.0193,0.8069,41.8083
0,18,0.75,190,7903,68,0.019,0.7903,41.5947
0,18,1,190,7885,75,0.019,0.7885,41.5
0,18,1.25,198,8197,70,0.0198,0.8197,41.399
0,18,1.5,225,9262,86,0.0225,0.9262,41.1644
0,18,1.75,233,9605,80,0.0233,0.9605,41.2232
0,18,2,243,10024,96,0.0243,1.0024,41.251
0,18,2.25,251,10340,105,0.0251,1.034,41.1952
0,18,2.5,255,10443,105,0.0255,1.0443,40.9529
0,18,2.75,265,10847,125,0.0265,1.0847,40.9321
0,18,3,300,12300,147,0.03,1.23,41
0,18,3.25,296,12117,142,0.0296,1.2117,40.9358
0,18,3.5,324,13214,156,0.0324,1.3214,40.784
0,18,3.75,345,14011,159,0.0345,1.4011,40.6116
0,18,4,381,15406,208,0.0381,1.5406,40.4357
0,18,4.25,400,16171,212,0.04,1.6171,40.4275
0,18,4.5,426,17159,225,0.0426,1.7159,40.2793
0,18,4.75,450,18078,260,0.045,1.8078,40.1733
0,18,5,470,18867,281,0.047,1.8867,40.1426
0,18,5.25,535,21279,326,0.0535,2.1279,39.7738
0,18,5.5,614,24249,405,0.0614,2.4249,39.4935
0,18,5.75,707,27483,533,0.0707,2.7483,38.8727
0,18,6,836,31969,696,0.0836,3.1969,38.2404
0,18,6.25,998,37493,931,0.0998,3.7493,37.5681
0,18,6.5,1195,43771,1289,0.1195,4.3771,36.6285
0,18,6.75,1464,51967,1852,0.1464,5.1967,35.4966
0,18,7,2065,68245,3273,0.2065,6.8245,33.0484
0,18,7.25,3354,92726,7241,0.3354,9.2726,27.6464
0,18,7.5,6161,99520,14948,0.6161,9.952,16.1532
0,18,7.75,8964,40371,9682,0.8964,4.0371,4.50368
0,18,8,9281,29151,7362,0.9281,2.9151,3.14093
0,18,8.25,9358,26281,6666,0.9358,2.6281,2.8084
0,18,8.5,9324,27579,6947,0.9324,2.7579,2.95785
0,18,8.75,9333,27178,6805,0.9333,2.7178,2.91203
0,18,9,9289,28909,7303,0.9289,2.8909,3.11218
0,18,9.25,9326,27440,6886,0.9326,2.744,2.94231
0,18,9.5,9329,27281,6851,0.9329,2.7281,2.92432
0,18,9.75,9271,29519,7353,0.9271,2.9519,3.18401
0,18,10,9347,26700,6747,0.9347,2.67,2.85653
0,18,10.25,9303,28395,7182,0.9303,2.8395,3.05224
0,18,10.5,9289,28950,7295,0.9289,2.895,3.11659
0,18,10.75,9358,26294,6675,0.9358,2.6294,2.80979
0,18,11,9303,28473,7208,0.9303,2.8473,3.06063
0,18,11.25,9321,27668,6948,0.9321,2.7668,2.96835
0,18,11.5,9370,25758,6524,0.937,2.5758,2.74899
0,18,11.75,9352,26558,6730,0.9352,2.6558,2.83982
0,18,12,9334,27035,6801,0.9334,2.7035,2.8964
0,18,12.25,9316,27803,7001,0.9316,2.7803,2.98444
0,18,12.5,9326,27436,6902,0.9326,2.7436,2.94188
0,18,12.75,9363,26116,6643,0.9363,2.6116,2.78928
0,18,13,9306,28209,7063,0.9306,2.8209,3.03127
0,18,13.25,9279,29133,7210,0.9279,2.9133,3.13967
0,18,13.5,9378,25460,6483,0.9378,2.546,2.71486
0,18,13.75,9359,26221,6629,0.9359,2.6221,2.80169
0,18,14,9361,26208,6675,0.9361,2.6208,2.7997
0,18,14.25,9367,25930,6511,0.9367,2.593,2.76823
0,18,14.5,9291,28759,7206,0.9291,2.8759,3.09536
0,18,14.75,9344,26830,6802,0.9344,2.683,2.87136
0,18,15,9326,27361,6895,0.9326,2.7361,2.93384
0,18,15.25,9280,29146,7288,0.928,2.9146,3.14073
0,18,15.5,9344,26798,6796,0.9344,2.6798,2.86794
0,18,15.75,9358,26302,6635,0.9358,2.6302,2.81064
0,18,16,9386,25138,6377,0.9386,2.5138,2.67824
0,18,16.25,9390,24994,6343,0.939,2.4994,2.66177
0,18,16.5,9308,27995,7020,0.9308,2.7995,3.00763
0,18,16.75,9364,26042,6548,0.9364,2.6042,2.78108
0,18,17,9329,27356,6908,0.9329,2.7356,2.93236
0,18,17.25,9361,26165,6674,0.9361,2.6165,2.79511
0,18,17.5,9332,27223,6871,0.9332,2.7223,2.91717
0,18,17.75,9307,28191,7112,0.9307,2.8191,3.02901
0,18,18,9330,27362,6942,0.933,2.7362,2.93269
0,18,18.25,9326,27471,6915,0.9326,2.7471,2.94564
0,18,18.5,9366,25868,6519,0.9366,2.5868,2.7619
0,18,18.75,9335,27235,6921,0.9335,2.7235,2.91751
0,18,19,9296,28512,7195,0.9296,2.8512,3.06713
0,18,19.25,9349,26650,6689,0.9349,2.665,2.85057
0,18,19.5,9300,28467,7169,0.93,2.8467,3.06097
0,18,19.75,9294,28612,7153,0.9294,2.8612,3.07855
0,18,20,9333,27026,6769,0.9333,2.7026,2.89575
0,18,20.25,9348,26647,6781,0.9348,2.6647,2.85056
0,18,20.5,9364,26047,6511,0.9364,2.6047,2.78161
0,18,20.75,9330,27403,6896,0.933,2.7403,2.93708
0,18,21,9361,26152,6617,0.9361,2.6152,2.79372
0,18,21.25,9307,28202,7138,0.9307,2.8202,3.03019
0,18,21.5,9328,27418,6884,0.9328,2.7418,2.93932
0,18,21.75,9289,28946,7313,0.9289,2.8946,3.11616
0,18,22,9351,26560,6710,0.9351,2.656,2.84034
0,18,22.25,9294,28770,7196,0.9294,2.877,3.09555
0,18,22.5,9346,26771,6789,0.9346,2.6771,2.86443
0,18,22.75,9336,27063,6813,0.9336,2.7063,2.89878
0,18,23,9344,26955,6811,0.9344,2.6955,2.88474
0,18,23.25,9347,26594,6695,0.9347,2.6594,2.84519
0,18,23.5,9339,26938,6794,0.9339,2.6938,2.88446
0,18,23.75,9316,27934,7029,0.9316,2.7934,2.9985
0,18,24,9309,28147,7111,0.9309,2.8147,3.02363
0,18,24.25,9304,28358,7163,0.9304,2.8358,3.04794
0,18,24.5,9304,28217,7101,0.9304,2.8217,3.03278
0,18,24.75,9334,27156,6820,0.9334,2.7156,2.90936
0,18,25,9363,26096,6630,0.9363,2.6096,2.78714
0,18,25.25,9327,27541,6978,0.9327,2.7541,2.95283
0,18,25.5,9361,26039,6608,0.9361,2.6039,2.78165
0,18,25.75,9358,26240,6649,0.9358,2.624,2.80402
0,18,26,9363,26095,6625,0.9363,2.6095,2.78703
0,18,26.25,9335,27161,6836,0.9335,2.7161,2.90959
0,18,26.5,9328,27345,6902,0.9328,2.7345,2.9315
0,18,26.75,9319,27691,6983,0.9319,2.7691,2.97146
0,18,27,9326,27451,6923,0.9326,2.7451,2.94349
0,18,27.25,9328,27419,6907,0.9328,2.7419,2.93943
0,18,27.5,9334,27239,6916,0.9334,2.7239,2.91826
0,18,27.75,9353,26410,6695,0.9353,2.641,2.82369
0,18,28,9387,25218,6407,0.9387,2.5218,2.68648
0,18,28.25,9339,27015,6785,0.9339,2.7015,2.89271
0,18,28.5,9386,25146,6387,0.9386,2.5146,2.6791
0,18,28.75,9357,26233,6583,0.9357,2.6233,2.80357
0,18,29,9323,27714,7010,0.9323,2.7714,2.97265
0,18,29.25,9325,27541,6958,0.9325,2.7541,2.95346
0,18,29.5,9397,24748,6301,0.9397,2.4748,2.63361
0,18,29.75,9313,28029,7043,0.9313,2.8029,3.00966
0,18,30,9335,27105,6799,0.9335,2.7105,2.90359
0,18,30.25,9357,26304,6664,0.9357,2.6304,2.81116
0,18,30.5,9317,27858,7005,0.9317,2.7858,2.99002
0,18,30.75,9314,27978,7060,0.9314,2.7978,3.00387
0,18,31,9338,27004,6814,0.9338,2.7004,2.89184
0,18,31.25,9362,26010,6573,0.9362,2.601,2.77825
0,18,31.5,9321,27545,6932,0.9321,2.7545,2.95516
0,18,31.75,9340,26975,6812,0.934,2.6975,2.88812
0,18,32,9378,25545,6507,0.9378,2.5545,2.72393
0,18,32.25,9340,27009,6823,0.934,2.7009,2.89176
0,18,32.5,9358,26272,6639,0.9358,2.6272,2.80744
0,18,32.75,9340,26960,6775,0.934,2.696,2.88651
0,18,33,9322,27692,6990,0.9322,2.7692,2.97061
0,18,33.25,9284,29045,7316,0.9284,2.9045,3.1285
0,18,33.5,9324,27559,6990,0.9324,2.7559,2.95571
0,18,33.75,9351,26534,6760,0.9351,2.6534,2.83756
0,18,34,9367,25889,6550,0.9367,2.5889,2.76385
0,18,34.25,9344,26810,6768,0.9344,2.681,2.86922
0,18,34.5,9310,28117,7087,0.931,2.8117,3.02009
0,18,34.75,9306,28171,7043,0.9306,2.8171,3.02719
0,18,35,9374,25714,6525,0.9374,2.5714,2.74312
0,18,35.25,9330,27212,6818,0.933,2.7212,2.91661
0,18,35.5,9322,27648,7007,0.9322,2.7648,2.96589
0,18,35.75,9336,27040,6825,0.9336,2.704,2.89632
0,18,36,9333,27266,6916,0.9333,2.7266,2.92146
0,18,36.25,9313,27953,7044,0.9313,2.7953,3.0015
0,18,36.5,9321,27602,6932,0.9321,2.7602,2.96127
0,18,36.75,9385,25291,6430,0.9385,2.5291,2.69483
0,18,37,9345,26803,6764,0.9345,2.6803,2.86816
0,18,37.25,9313,27871,7020,0.9313,2.7871,2.9927
0,18,37.5,9324,27589,6986,0.9324,2.7589,2.95892
0,18,37.75,9365,26062,6630,0.9365,2.6062,2.78292
0,18,38,9386,25274,6433,0.9386,2.5274,2.69273
0,18,38.25,9352,26445,6662,0.9352,2.6445,2.82774
0,18,38.5,9364,26196,6730,0.9364,2.6196,2.79752
0,18,38.75,9317,27762,7017,0.9317,2.7762,2.97971
0,18,39,9333,27176,6853,0.9333,2.7176,2.91182
0,18,39.25,9340,27002,6833,0.934,2.7002,2.89101
0,18,39.5,9342,26815,6722,0.9342,2.6815,2.87037
0,18,39.75,9337,27051,6839,0.9337,2.7051,2.89718
0,18,40,9332,27152,6793,0.9332,2.7152,2.90956
0,19,0,200,8421,138,0.02,0.8421,42.105
0,19,0.25,211,8816,97,0.0211,0.8816,41.782
0,19,0.5,231,9552,87,0.0231,0.9552,41.3506
0,19,0.75,247,10196,98,0.0247,1.0196,41.2794
0,19,1,276,11295,103,0.0276,1.1295,40.9239
0,19,1.25,292,11936,124,0.0292,1.1936,40.8767
0,19,1.5,299,12219,114,0.0299,1.2219,40.8662
0,19,1.75,295,12111,113,0.0295,1.2111,41.0542
0,19,2,297,12113,120,0.0297,1.2113,40.7845
0,19,2.25,305,12467,133,0.0305,1.2467,40.8754
0,19,2.5,305,12477,125,0.0305,1.2477,40.9082
0,19,2.75,303,12419,142,0.0303,1.2419,40.9868
0,19,3,302,12381,143,0.0302,1.2381,40.9967
0,19,3.25,318,13038,154,0.0318,1.3038,41
0,19,3.5,338,13737,159,0.0338,1.3737,40.642
0,19,3.75,382,15453,184,0.0382,1.5453,40.4529
0,19,4,395,15979,195,0.0395,1.5979,40.4532
0,19,4.25,425,17094,234,0.0425,1.7094,40.2212
0,19,4.5,458,18381,253,0.0458,1.8381,40.1332
0,19,4.75,515,20603,311,0.0515,2.0603,40.0058
0,19,5,560,22220,352,0.056,2.222,39.6786
0,19,5.25,644,25225,448,0.0644,2.5225,39.1693
0,19,5.5,741,28673,598,0.0741,2.8673,38.695
0,19,5.75,860,32872,737,0.086,3.2872,38.2233
0,19,6,1031,38503,1025,0.1031,3.8503,37.3453
0,19,6.25,1302,47168,1477,0.1302,4.7168,36.2273
0,19,6.5,1730,59582,2427,0.173,5.9582,34.4405
0,19,6.75,2580,79599,4863,0.258,7.9599,30.8523
0,19,7,4646,104185,11385,0.4646,10.4185,22.4247
0,19,7.25,8175,63980,13370,0.8175,6.398,7.8263
0,19,7.5,9262,29795,7374,0.9262,2.9795,3.21691
0,19,7.75,9293,28701,7215,0.9293,2.8701,3.08845
0,19,8,9348,26724,6756,0.9348,2.6724,2.85879
0,19,8.25,9334,27084,6811,0.9334,2.7084,2.90165
0,19,8.5,9345,26821,6796,0.9345,2.6821,2.87009
0,19,8.75,9368,25851,6552,0.9368,2.5851,2.7595
0,19,9,9292,28687,7155,0.9292,2.8687,3.08728
0,19,9.25,9329,27327,6931,0.9329,2.7327,2.92925
0,19,9.5,9359,26184,6677,0.9359,2.6184,2.79773
0,19,9.75,9249,30273,7559,0.9249,3.0273,3.27311
0,19,10,9365,26041,6607,0.9365,2.6041,2.78067
0,19,10.25,9370,25770,6579,0.937,2.577,2.75027
0,19,10.5,9344,26776,6742,0.9344,2.6776,2.86558
0,19,10.75,9313,27987,7054,0.9313,2.7987,3.00515
0,19,11,9342,26894,6795,0.9342,2.6894,2.87883
0,19,11.25,9368,25863,6554,0.9368,2.5863,2.76078
0,19,11.5,9352,26481,6699,0.9352,2.6481,2.83159
0,19,11.75,9304,28334,7152,0.9304,2.8334,3.04536
0,19,12,9358,26225,6611,0.9358,2.6225,2.80242
0,19,12.25,9348,26630,6758,0.9348,2.663,2.84874
0,19,12.5,9330,27334,6888,0.933,2.7334,2.92969
0,19,12.75,9379,25450,6439,0.9379,2.545,2.71351
0,19,13,9350,26650,6711,0.935,2.665,2.85027
0,19,13.25,9306,28182,7053,0.9306,2.8182,3.02837
0,19,13.5,9345,26740,6745,0.9345,2.674,2.86142
0,19,13.75,9345,26784,6777,0.9345,2.6784,2.86613
0,19,14,9369,25880,6594,0.9369,2.588,2.7623
0,19,14.25,9344,26829,6772,0.9344,2.6829,2.87125
0,19,14.5,9287,28917,7231,0.9287,2.8917,3.11371
0,19,14.75,9294,28614,7171,0.9294,2.8614,3.07876
0,19,15,9300,28427,7117,0.93,2.8427,3.05667
0,19,15.25,9333,27172,6874,0.9333,2.7172,2.91139
0,19,15.5,9370,25766,6506,0.937,2.5766,2.74984
0,19,15.75,9319,27773,7039,0.9319,2.7773,2.98026
0,19,16,9331,27322,6911,0.9331,2.7322,2.92809
0,19,16.25,9355,26327,6598,0.9355,2.6327,2.81422
0,19,16.5,9362,26163,6641,0.9362,2.6163,2.7946
0,19,16.75,9320,27774,7003,0.932,2.7774,2.98004
0,19,17,9321,27659,6991,0.9321,2.7659,2.96739
0,19,17.25,9333,27433,6997,0.9333,2.7433,2.93935
0,19,17.5,9335,27137,6829,0.9335,2.7137,2.90702
0,19,17.75,9296,28614,7186,0.9296,2.8614,3.0781
0,19,18,9308,28110,7048,0.9308,2.811,3.01998
0,19,18.25,9304,28374,7141,0.9304,2.8374,3.04966
0,19,18.5,9373,25704,6576,0.9373,2.5704,2.74235
0,19,18.75,9316,27840,7036,0.9316,2.784,2.98841
0,19,19,9371,25702,6482,0.9371,2.5702,2.74272
0,19,19.25,9344,26735,6740,0.9344,2.6735,2.86119
0,19,19.5,9337,26960,6765,0.9337,2.696,2.88744
0,19,19.75,9367,25933,6553,0.9367,2.5933,2.76855
0,19,20,9342,26932,6819,0.9342,2.6932,2.88289
0,19,20.25,9346,26697,6715,0.9346,2.6697,2.85652
0,19,20.5,9324,27580,6975,0.9324,2.758,2.95796
0,19,20.75,9341,26937,6821,0.9341,2.6937,2.88374
0,19,21,9341,26911,6804,0.9341,2.6911,2.88095
0,19,21.25,9343,26782,6806,0.9343,2.6782,2.86653
0,19,21.5,9378,25579,6516,0.9378,2.5579,2.72755
0,19,21.75,9328,27479,6934,0.9328,2.7479,2.94586
0,19,22,9358,26196,6596,0.9358,2.6196,2.79932
0,19,22.25,9370,25792,6525,0.937,2.5792,2.75261
0,19,22.5,9344,26826,6817,0.9344,2.6826,2.87093
0,19,22.75,9300,28463,7133,0.93,2.8463,3.06054
0,19,23,9354,26387,6658,0.9354,2.6387,2.82093
0,19,23.25,9347,26642,6687,0.9347,2.6642,2.85033
0,19,23.5,9342,26955,6825,0.9342,2.6955,2.88536
0,19,23.75,9311,28002,7034,0.9311,2.8002,3.00741
0,19,24,9348,26718,6830,0.9348,2.6718,2.85815
0,19,24.25,9325,27518,6880,0.9325,2.7518,2.95099
0,19,24.5,9316,27863,7060,0.9316,2.7863,2.99088
0,19,24.75,9322,27655,6997,0.9322,2.7655,2.96664
0,19,25,9322,27533,6911,0.9322,2.7533,2.95355
0,19,25.25,9356,26310,6619,0.9356,2.631,2.8121
0,19,25.5,9326,27396,6915,0.9326,2.7396,2.93759
0,19,25.75,9328,27405,6913,0.9328,2.7405,2.93793
0,19,26,9331,27240,6839,0.9331,2.724,2.9193
0,19,26.25,9325,27422,6901,0.9325,2.7422,2.9407
0,19,26.5,9368,25975,6598,0.9368,2.5975,2.77274
0,19,26.75,9340,27021,6840,0.934,2.7021,2.89304
0,19,27,9340,26888,6771,0.934,2.6888,2.8788
0,19,27.25,9323,27623,6974,0.9323,2.7623,2.96289
0,19,27.5,9343,26812,6781,0.9343,2.6812,2.86974
0,19,27.75,9336,27043,6833,0.9336,2.7043,2.89664
0,19,28,9385,25221,6401,0.9385,2.5221,2.68737
0,19,28.25,9292,28815,7203,0.9292,2.8815,3.10105
0,19,28.5,9338,27002,6811,0.9338,2.7002,2.89163
0,19,28.75,9326,27327,6832,0.9326,2.7327,2.9302
0,19,29,9377,25515,6469,0.9377,2.5515,2.72102
0,19,29.25,9380,25533,6511,0.938,2.5533,2.72207
0,19,29.5,9310,28092,7086,0.931,2.8092,3.0174
0,19,29.75,9351,26618,6756,0.9351,2.6618,2.84654
0,19,30,9277,29338,7387,0.9277,2.9338,3.16244
0,19,30.25,9353,26556,6707,0.9353,2.6556,2.8393
0,19,30.5,9355,26348,6682,0.9355,2.6348,2.81646
0,19,30.75,9319,27733,6956,0.9319,2.7733,2.97596
0,19,31,9332,27173,6851,0.9332,2.7173,2.91181
0,19,31.25,9388,25225,6427,0.9388,2.5225,2.68694
0,19,31.5,9366,25896,6536,0.9366,2.5896,2.76489
0,19,31.75,9332,27174,6878,0.9332,2.7174,2.91192
0,19,32,9350,26548,6762,0.935,2.6548,2.83936
0,19,32.25,9321,27714,7017,0.9321,2.7714,2.97329
0,19,32.5,9380,25368,6414,0.938,2.5368,2.70448
0,19,32.75,9390,25042,6392,0.939,2.5042,2.66688
0,19,33,9382,25377,6462,0.9382,2.5377,2.70486
0,19,33.25,9332,27234,6880,0.9332,2.7234,2.91835
0,19,33.5,9298,28590,7255,0.9298,2.859,3.07485
0,19,33.75,9361,26166,6615,0.9361,2.6166,2.79521
0,19,34,9366,25885,6535,0.9366,2.5885,2.76372
0,19,34.25,9274,29379,7328,0.9274,2.9379,3.16789
0,19,34.5,9336,27139,6889,0.9336,2.7139,2.90692
0,19,34.75,9335,27098,6826,0.9335,2.7098,2.90284
0,19,35,9357,26280,6681,0.9357,2.628,2.80859
0,19,35.25,9338,26978,6842,0.9338,2.6978,2.88906
0,19,35.5,9286,28921,7272,0.9286,2.8921,3.11447
0,19,35.75,9339,26949,6808,0.9339,2.6949,2.88564
0,19,36,9333,27242,6867,0.9333,2.7242,2.91889
0,19,36.25,9327,27418,6897,0.9327,2.7418,2.93964
0,19,36.5,9334,27092,6802,0.9334,2.7092,2.90251
0,19,36.75,9360,26101,6597,0.936,2.6101,2.78857
0,19,37,9319,27743,6971,0.9319,2.7743,2.97704
0,19,37.25,9297,28583,7189,0.9297,2.8583,3.07443
0,19,37.5,9364,25920,6519,0.9364,2.592,2.76805
0,19,37.75,9376,25509,6391,0.9376,2.5509,2.72067
0,19,38,9343,26853,6763,0.9343,2.6853,2.87413
0,19,38.25,9328,27354,6907,0.9328,2.7354,2.93246
0,19,38.5,9392,24932,6315,0.9392,2.4932,2.6546
0,19,38.75,9382,25300,6475,0.9382,2.53,2.69665
0,19,39,9325,27489,6950,0.9325,2.7489,2.94788
0,19,39.25,9260,30058,7521,0.926,3.0058,3.246
0,19,39.5,9329,27354,6892,0.9329,2.7354,2.93215
0,19,39.75,9377,25583,6493,0.9377,2.5583,2.72827
0,19,40,9340,26909,6782,0.934,2.6909,2.88105
1,0,0,200,8380,152,0.02,0.838,41.9
1,0,0.25,234,9687,112,0.0234,0.9687,41.3974
1,0,0.5,238,9831,112,0.0238,0.9831,41.3067
1,0,0.75,271,11151,135,0.0271,1.1151,41.1476
1,0,1,298,12184,147,0.0298,1.2184,40.8859
1,0,1.25,305,12444,159,0.0305,1.2444,40.8
1,0,1.5,326,13319,148,0.0326,1.3319,40.8558
1,0,1.75,338,13732,161,0.0338,1.3732,40.6272
1,0,2,361,14638,171,0.0361,1.4638,40.5485
1,0,2.25,398,16078,218,0.0398,1.6078,40.397
1,0,2.5,441,17713,256,0.0441,1.7713,40.1655
1,0,2.75,494,19757,313,0.0494,1.9757,39.9939
1,0,3,536,21343,353,0.0536,2.1343,39.819
1,0,3.25,616,24207,419,0.0616,2.4207,39.2971
1,0,3.5,664,25991,473,0.0664,2.5991,39.1431
1,0,3.75,765,29530,577,0.0765,2.953,38.6013
1,0,4,913,34636,763,0.0913,3.4636,37.9365
1,0,4.25,1104,40877,1106,0.1104,4.0877,37.0263
1,0,4.5,1392,49804,1684,0.1392,4.9804,35.7787
1,0,4.75,1860,62939,2731,0.186,6.2939,33.8382
1,0,5,2935,86487,5834,0.2935,8.6487,29.4675
1,0,5.25,5288,104737,13243,0.5288,10.4737,19.8065
1,0,5.5,8496,55100,12233,0.8496,5.51,6.4854
1,0,5.75,9323,27534,6937,0.9323,2.7534,2.95334
1,0,6,9319,27706,6954,0.9319,2.7706,2.97307
1,0,6.25,9382,25336,6439,0.9382,2.5336,2.70049
1,0,6.5,9326,27468,6906,0.9326,2.7468,2.94531
1,0,6.75,9355,26434,6734,0.9355,2.6434,2.82565
1,0,7,9306,28097,7031,0.9306,2.8097,3.01923
1,0,7.25,9323,27578,6966,0.9323,2.7578,2.95806
1,0,7.5,9339,27066,6886,0.9339,2.7066,2.89817
1,0,7.75,9330,27402,6965,0.933,2.7402,2.93698
1,0,8,9294,28701,7263,0.9294,2.8701,3.08812
1,0,8.25,9331,27410,6958,0.9331,2.741,2.93752
1,0,8.5,9323,27602,6930,0.9323,2.7602,2.96063
1,0,8.75,9373,25681,6500,0.9373,2.5681,2.73989
1,0,9,9322,27654,6964,0.9322,2.7654,2.96653
1,0,9.25,9311,28117,7085,0.9311,2.8117,3.01976
1,0,9.5,9297,28678,7246,0.9297,2.8678,3.08465
1,0,9.75,9355,26338,6598,0.9355,2.6338,2.81539
1,0,10,9359,26286,6666,0.9359,2.6286,2.80863
1,0,10.25,9316,27884,6987,0.9316,2.7884,2.99313
1,0,10.5,9346,26699,6748,0.9346,2.6699,2.85673
1,0,10.75,9305,28219,7088,0.9305,2.8219,3.03267
1,0,11,9314,27992,7068,0.9314,2.7992,3.00537
1,0,11.25,9322,27750,7007,0.9322,2.775,2.97683
1,0,11.5,9364,26037,6601,0.9364,2.6037,2.78054
1,0,11.75,9317,27795,6971,0.9317,2.7795,2.98326
1,0,12,9340,26885,6798,0.934,2.6885,2.87848
1,0,12.25,9314,27845,6983,0.9314,2.7845,2.98959
1,0,12.5,9376,25535,6514,0.9376,2.5535,2.72344
1,0,12.75,9335,27182,6886,0.9335,2.7182,2.91184
1,0,13,9353,26539,6735,0.9353,2.6539,2.83749
1,0,13.25,9315,27891,7038,0.9315,2.7891,2.9942
1,0,13.5,9319,27689,7002,0.9319,2.7689,2.97124
1,0,13.75,9364,26043,6557,0.9364,2.6043,2.78118
1,0,14,9362,26204,6688,0.9362,2.6204,2.79897
1,0,14.25,9344,26807,6722,0.9344,2.6807,2.8689
1,0,14.5,9344,26805,6797,0.9344,2.6805,2.86869
1,0,14.75,9367,25960,6582,0.9367,2.596,2.77143
1,0,15,9372,25714,6545,0.9372,2.5714,2.7437
1,0,15.25,9355,26490,6737,0.9355,2.649,2.83164
1,0,15.5,9334,27172,6846,0.9334,2.7172,2.91108
1,0,15.75,9300,28417,7152,0.93,2.8417,3.05559
1,0,16,9335,27231,6903,0.9335,2.7231,2.91709
1,0,16.25,9290,28848,7195,0.929,2.8848,3.10527
1,0,16.5,9375,25739,6587,0.9375,2.5739,2.74549
1,0,16.75,9327,27539,6980,0.9327,2.7539,2.95261
1,0,17,9326,27495,6984,0.9326,2.7495,2.94821
1,0,17.25,9345,26796,6813,0.9345,2.6796,2.86742
1,0,17.5,9384,25253,6413,0.9384,2.5253,2.69107
1,0,17.75,9364,26015,6609,0.9364,2.6015,2.77819
1,0,18,9314,27902,6975,0.9314,2.7902,2.99571
1,0,18.25,9337,27081,6808,0.9337,2.7081,2.9004
1,0,18.5,9328,27431,6847,0.9328,2.7431,2.94072
1,0,18.75,9288,28868,7239,0.9288,2.8868,3.1081
1,0,19,9362,26014,6561,0.9362,2.6014,2.77868
1,0,19.25,9315,27844,7081,0.9315,2.7844,2.98916
1,0,19.5,9326,27440,6967,0.9326,2.744,2.94231
1,0,19.75,9334,27373,6961,0.9334,2.7373,2.93261
1,0,20,9357,26281,6650,0.9357,2.6281,2.8087
1,0,20.25,9376,25615,6537,0.9376,2.5615,2.73198
1,0,20.5,9324,27482,6900,0.9324,2.7482,2.94745
1,0,20.75,9335,27198,6871,0.9335,2.7198,2.91355
1,0,21,9347,26887,6827,0.9347,2.6887,2.87654
1,0,21.25,9383,25369,6411,0.9383,2.5369,2.70372
1,0,21.5,9332,27145,6776,0.9332,2.7145,2.90881
1,0,21.75,9333,27173,6806,0.9333,2.7173,2.9115
1,0,22,9344,26883,6866,0.9344,2.6883,2.87703
1,0,22.25,9326,27530,6966,0.9326,2.753,2.95196
1,0,22.5,9335,27162,6848,0.9335,2.7162,2.90969
1,0,22.75,9297,28549,7258,0.9297,2.8549,3.07078
1,0,23,9330,27202,6862,0.933,2.7202,2.91554
1,0,23.25,9369,25909,6564,0.9369,2.5909,2.7654
1,0,23.5,9296,28634,7170,0.9296,2.8634,3.08025
1,0,23.75,9335,27149,6831,0.9335,2.7149,2.9083
1,0,24,9348,26627,6685,0.9348,2.6627,2.84842
1,0,24.25,9293,28722,7212,0.9293,2.8722,3.09071
1,0,24.5,9320,27789,7002,0.932,2.7789,2.98165
1,0,24.75,9396,24801,6268,0.9396,2.4801,2.63953
1,0,25,9337,26945,6763,0.9337,2.6945,2.88583
1,0,25.25,9374,25763,6537,0.9374,2.5763,2.74835
1,0,25.5,9361,26124,6631,0.9361,2.6124,2.79073
1,0,25.75,9312,28027,7030,0.9312,2.8027,3.00977
1,0,26,9343,26908,6827,0.9343,2.6908,2.88002
1,0,26.25,9350,26532,6743,0.935,2.6532,2.83765
1,0,26.5,9337,27035,6805,0.9337,2.7035,2.89547
1,0,26.75,9305,28204,7107,0.9305,2.8204,3.03106
1,0,27,9292,28758,7191,0.9292,2.8758,3.09492
1,0,27.25,9331,27287,6869,0.9331,2.7287,2.92434
1,0,27.5,9312,28085,7068,0.9312,2.8085,3.016
1,0,27.75,9324,27607,6963,0.9324,2.7607,2.96085
1,0,28,9278,29268,7350,0.9278,2.9268,3.15456
1,0,28.25,9324,27550,6945,0.9324,2.755,2.95474
1,0,28.5,9304,28330,7191,0.9304,2.833,3.04493
1,0,28.75,9362,26105,6616,0.9362,2.6105,2.7884
1,0,29,9332,27194,6757,0.9332,2.7194,2.91406
1,0,29.25,9338,27097,6847,0.9338,2.7097,2.9018
1,0,29.5,9280,29231,7366,0.928,2.9231,3.14989
1,0,29.75,9333,27196,6815,0.9333,2.7196,2.91396
1,0,30,9331,27370,6936,0.9331,2.737,2.93323
1,0,30.25,9282,29140,7359,0.9282,2.914,3.13941
1,0,30.5,9373,25674,6481,0.9373,2.5674,2.73914
1,0,30.75,9352,26526,6706,0.9352,2.6526,2.8364
1,0,31,9300,28464,7145,0.93,2.8464,3.06065
1,0,31.25,9313,27882,7069,0.9313,2.7882,2.99388
1,0,31.5,9388,25049,6334,0.9388,2.5049,2.66819
1,0,31.75,9354,26417,6712,0.9354,2.6417,2.82414
1,0,32,9307,28173,7077,0.9307,2.8173,3.02708
1,0,32.25,9328,27383,6918,0.9328,2.7383,2.93557
1,0,32.5,9332,27247,6917,0.9332,2.7247,2.91974
1,0,32.75,9328,27358,6923,0.9328,2.7358,2.93289
1,0,33,9369,25935,6600,0.9369,2.5935,2.76817
1,0,33.25,9358,26284,6704,0.9358,2.6284,2.80872
1,0,33.5,9314,27813,6952,0.9314,2.7813,2.98615
1,0,33.75,9353,26403,6655,0.9353,2.6403,2.82294
1,0,34,9316,27781,6941,0.9316,2.7781,2.98207
1,0,34.25,9355,26329,6634,0.9355,2.6329,2.81443
1,0,34.5,9352,26427,6687,0.9352,2.6427,2.82581
1,0,34.75,9329,27464,6920,0.9329,2.7464,2.94394
1,0,35,9326,27338,6907,0.9326,2.7338,2.93137
1,0,35.25,9351,26490,6630,0.9351,2.649,2.83285
1,0,35.5,9359,26177,6642,0.9359,2.6177,2.79699
1,0,35.75,9250,30246,7574,0.925,3.0246,3.26984
1,0,36,9313,28028,7054,0.9313,2.8028,3.00956
1,0,36.25,9307,28267,7167,0.9307,2.8267,3.03718
1,0,36.5,9309,28157,7149,0.9309,2.8157,3.02471
1,0,36.75,9364,26153,6675,0.9364,2.6153,2.79293
1,0,37,9354,26414,6687,0.9354,2.6414,2.82382
1,0,37.25,9334,27157,6837,0.9334,2.7157,2.90947
1,0,37.5,9341,26864,6741,0.9341,2.6864,2.87592
1,0,37.75,9306,28262,7107,0.9306,2.8262,3.03697
1,0,38,9338,27021,6799,0.9338,2.7021,2.89366
1,0,38.25,9329,27355,6910,0.9329,2.7355,2.93225
1,0,38.5,9330,27403,6881,0.933,2.7403,2.93708
1,0,38.75,9297,28616,7190,0.9297,2.8616,3.07798
1,0,39,9375,25660,6527,0.9375,2.566,2.73707
1,0,39.25,9322,27651,6984,0.9322,2.7651,2.96621
1,0,39.5,9306,28337,7157,0.9306,2.8337,3.04502
1,0,39.75,9365,25953,6552,0.9365,2.5953,2.77128
1,0,40,9290,28928,7266,0.929,2.8928,3.11389
1,1,0,200,8421,137,0.02,0.8421,42.105
1,1,0.25,231,9602,113,0.0231,0.9602,41.5671
1,1,0.5,271,11144,116,0.0271,1.1144,41.1218
1,1,0.75,288,11823,134,0.0288,1.1823,41.0521
1,1,1,306,12553,129,0.0306,1.2553,41.0229
1,1,1.25,312,12747,139,0.0312,1.2747,40.8558
1,1,1.5,358,14483,169,0.0358,1.4483,40.4553
1,1,1.75,397,16008,207,0.0397,1.6008,40.3224
1,1,2,448,17965,241,0.0448,1.7965,40.1004
1,1,2.25,489,19472,276,0.0489,1.9472,39.82
1,1,2.5,525,20938,316,0.0525,2.0938,39.8819
1,1,2.75,584,23129,386,0.0584,2.3129,39.6045
1,1,3,654,25682,482,0.0654,2.5682,39.2691
1,1,3.25,738,28728,571,0.0738,2.8728,38.9268
1,1,3.5,873,33437,745,0.0873,3.3437,38.3013
1,1,3.75,1106,41102,1065,0.1106,4.1102,37.1627
1,1,4,1406,50357,1700,0.1406,5.0357,35.8158
1,1,4.25,1961,65591,3004,0.1961,6.5591,33.4477
1,1,4.5,3049,88064,6171,0.3049,8.8064,28.8829
1,1,4.75,5401,104052,13462,0.5401,10.4052,19.2653
1,1,5,8613,51348,11493,0.8613,5.1348,5.96169
1,1,5.25,9329,27375,6974,0.9329,2.7375,2.9344
1,1,5.5,9338,27017,6812,0.9338,2.7017,2.89323
1,1,5.75,9334,27162,6818,0.9334,2.7162,2.91001
1,1,6,9365,26113,6622,0.9365,2.6113,2.78836
1,1,6.25,9300,28303,7133,0.93,2.8303,3.04333
1,1,6.5,9328,27404,6899,0.9328,2.7404,2.93782
1,1,6.75,9368,25974,6568,0.9368,2.5974,2.77263
1,1,7,9343,26762,6736,0.9343,2.6762,2.86439
1,1,7.25,9315,27942,7056,0.9315,2.7942,2.99968
1,1,7.5,9341,26825,6739,0.9341,2.6825,2.87175
1,1,7.75,9326,27445,6893,0.9326,2.7445,2.94285
1,1,8,9294,28652,7180,0.9294,2.8652,3.08285
1,1,8.25,9400,24660,6299,0.94,2.466,2.6234
1,1,8.5,9341,26919,6759,0.9341,2.6919,2.88181
1,1,8.75,9354,26383,6650,0.9354,2.6383,2.8205
1,1,9,9354,26330,6650,0.9354,2.633,2.81484
1,1,9.25,9336,27148,6816,0.9336,2.7148,2.90788
1,1,9.5,9384,25277,6397,0.9384,2.5277,2.69363
1,1,9.75,9311,28107,7101,0.9311,2.8107,3.01869
1,1,10,9348,26601,6757,0.9348,2.6601,2.84564
1,1,10.25,9312,27955,6954,0.9312,2.7955,3.00204
1,1,10.5,9309,28100,7080,0.9309,2.81,3.01858
1,1,10.75,9338,27012,6856,0.9338,2.7012,2.8927
1,1,11,9338,27060,6801,0.9338,2.706,2.89784
1,1,11.25,9335,27108,6897,0.9335,2.7108,2.90391
1,1,11.5,9289,28739,7176,0.9289,2.8739,3.09387
1,1,11.75,9311,28119,7109,0.9311,2.8119,3.01998
1,1,12,9331,27259,6833,0.9331,2.7259,2.92134
1,1,12.25,9364,26057,6597,0.9364,2.6057,2.78268
1,1,12.5,9353,26330,6657,0.9353,2.633,2.81514
1,1,12.75,9370,25747,6464,0.937,2.5747,2.74781
1,1,13,9291,28794,7205,0.9291,2.8794,3.09913
1,1,13.25,9306,28188,7081,0.9306,2.8188,3.02901
1,1,13.5,9370,25750,6523,0.937,2.575,2.74813
1,1,13.75,9365,25924,6552,0.9365,2.5924,2.76818
1,1,14,9345,26715,6697,0.9345,2.6715,2.85875
1,1,14.25,9377,25559,6462,0.9377,2.5559,2.72571
1,1,14.5,9396,24793,6317,0.9396,2.4793,2.63868
1,1,14.75,9325,27493,6907,0.9325,2.7493,2.94831
1,1,15,9313,27919,7062,0.9313,2.7919,2.99785
1,1,15.25,9333,27334,6932,0.9333,2.7334,2.92875
1,1,15.5,9298,28475,7184,0.9298,2.8475,3.06249
1,1,15.75,9361,26126,6590,0.9361,2.6126,2.79094
1,1,16,9343,26862,6773,0.9343,2.6862,2.87509
1,1,16.25,9347,26691,6723,0.9347,2.6691,2.85557
1,1,16.5,9313,27946,6992,0.9313,2.7946,3.00075
1,1,16.75,9320,27700,7010,0.932,2.77,2.9721
1,1,17,9345,26743,6744,0.9345,2.6743,2.86174
1,1,17.25,9325,27439,6909,0.9325,2.7439,2.94252
1,1,17.5,9323,27688,7055,0.9323,2.7688,2.96986
1,1,17.75,9310,28007,6985,0.931,2.8007,3.00827
1,1,18,9348,26614,6663,0.9348,2.6614,2.84703
1,1,18.25,9329,27590,6992,0.9329,2.759,2.95744
1,1,18.5,9387,25140,6389,0.9387,2.514,2.67817
1,1,18.75,9315,27909,7024,0.9315,2.7909,2.99614
1,1,19,9366,26002,6615,0.9366,2.6002,2.77621
1,1,19.25,9372,25801,6530,0.9372,2.5801,2.75299
1,1,19.5,9372,25666,6485,0.9372,2.5666,2.73858
1,1,19.75,9372,25795,6518,0.9372,2.5795,2.75235
1,1,20,9396,24865,6365,0.9396,2.4865,2.64634
1,1,20.25,9348,26600,6713,0.9348,2.66,2.84553
1,1,20.5,9332,27245,6874,0.9332,2.7245,2.91952
1,1,20.75,9312,28039,7093,0.9312,2.8039,3.01106
1,1,21,9317,27856,7075,0.9317,2.7856,2.9898
1,1,21.25,9365,25995,6627,0.9365,2.5995,2.77576
1,1,21.5,9331,27292,6864,0.9331,2.7292,2.92487
1,1,21.75,9347,26640,6742,0.9347,2.664,2.85011
1,1,22,9373,25728,6526,0.9373,2.5728,2.74491
1,1,22.25,9330,27394,6914,0.933,2.7394,2.93612
1,1,22.5,9277,29348,7380,0.9277,2.9348,3.16352
1,1,22.75,9306,28248,7078,0.9306,2.8248,3.03546
1,1,23,9346,26609,6694,0.9346,2.6609,2.8471
1,1,23.25,9328,27351,6964,0.9328,2.7351,2.93214
1,1,23.5,9315,28027,7138,0.9315,2.8027,3.0088
1,1,23.75,9379,25479,6471,0.9379,2.5479,2.7166
1,1,24,9323,27589,6932,0.9323,2.7589,2.95924
1,1,24.25,9341,26856,6788,0.9341,2.6856,2.87507
1,1,24.5,9328,27395,6923,0.9328,2.7395,2.93686
1,1,24.75,9371,25701,6519,0.9371,2.5701,2.74261
1,1,25,9309,28211,7089,0.9309,2.8211,3.03051
1,1,25.25,9321,27678,7019,0.9321,2.7678,2.96942
1,1,25.5,9381,25375,6423,0.9381,2.5375,2.70494
1,1,25.75,9353,26430,6724,0.9353,2.643,2.82583
1,1,26,9265,29842,7517,0.9265,2.9842,3.22094
1,1,26.25,9339,27073,6905,0.9339,2.7073,2.89892
1,1,26.5,9309,28128,7068,0.9309,2.8128,3.02159
1,1,26.75,9301,28337,7112,0.9301,2.8337,3.04666
1,1,27,9346,26810,6785,0.9346,2.681,2.86861
1,1,27.25,9317,27809,7090,0.9317,2.7809,2.98476
1,1,27.5,9315,27880,6997,0.9315,2.788,2.99302
1,1,27.75,9336,27098,6816,0.9336,2.7098,2.90253
1,1,28,9340,26966,6833,0.934,2.6966,2.88715
1,1,28.25,9295,28603,7183,0.9295,2.8603,3.07725
1,1,28.5,9313,28001,7058,0.9313,2.8001,3.00666
1,1,28.75,9337,27086,6844,0.9337,2.7086,2.90093
1,1,29,9334,27210,6844,0.9334,2.721,2.91515
1,1,29.25,9361,26142,6644,0.9361,2.6142,2.79265
1,1,29.5,9358,26163,6600,0.9358,2.6163,2.79579
1,1,29.75,9302,28267,7079,0.9302,2.8267,3.03881
1,1,30,9304,28343,7099,0.9304,2.8343,3.04632
1,1,30.25,9362,26102,6630,0.9362,2.6102,2.78808
1,1,30.5,9311,28112,7146,0.9311,2.8112,3.01922
1,1,30.75,9352,26661,6778,0.9352,2.6661,2.85083
1,1,31,9338,27062,6838,0.9338,2.7062,2.89805
1,1,31.25,9324,27424,6889,0.9324,2.7424,2.94123
1,1,31.5,9341,26893,6799,0.9341,2.6893,2.87903
1,1,31.75,9383,25322,6455,0.9383,2.5322,2.69871
1,1,32,9347,26767,6809,0.9347,2.6767,2.8637
1,1,32.25,9343,26741,6704,0.9343,2.6741,2.86214
1,1,32.5,9361,26235,6661,0.9361,2.6235,2.80259
1,1,32.75,9349,26573,6743,0.9349,2.6573,2.84234
1,1,33,9305,28300,7118,0.9305,2.83,3.04138
1,1,33.25,9343,26760,6796,0.9343,2.676,2.86418
1,1,33.5,9342,26803,6752,0.9342,2.6803,2.86909
1,1,33.75,9308,28171,7085,0.9308,2.8171,3.02654
1,1,34,9371,25836,6603,0.9371,2.5836,2.75702
1,1,34.25,9329,27262,6845,0.9329,2.7262,2.92229
1,1,34.5,9306,28267,7121,0.9306,2.8267,3.0375
1,1,34.75,9274,29450,7358,0.9274,2.945,3.17554
1,1,35,9319,27804,7035,0.9319,2.7804,2.98358
1,1,35.25,9308,28066,7038,0.9308,2.8066,3.01526
1,1,35.5,9375,25564,6443,0.9375,2.5564,2.72683
1,1,35.75,9349,26542,6666,0.9349,2.6542,2.83902
1,1,36,9322,27681,7027,0.9322,2.7681,2.96943
1,1,36.25,9294,28611,7135,0.9294,2.8611,3.07844
1,1,36.5,9353,26468,6658,0.9353,2.6468,2.82989
1,1,36.75,9348,26673,6722,0.9348,2.6673,2.85334
1,1,37,9345,26765,6779,0.9345,2.6765,2.8641
1,1,37.25,9337,27106,6826,0.9337,2.7106,2.90307
1,1,37.5,9339,27078,6866,0.9339,2.7078,2.89945
1,1,37.75,9338,26956,6796,0.9338,2.6956,2.8867
1,1,38,9374,25655,6523,0.9374,2.5655,2.73683
1,1,38.25,9354,26476,6717,0.9354,2.6476,2.83045
1,1,38.5,9307,28128,7059,0.9307,2.8128,3.02224
1,1,38.75,9320,27766,6991,0.932,2.7766,2.97918
1,1,39,9304,28329,7149,0.9304,2.8329,3.04482
1,1,39.25,9340,27001,6823,0.934,2.7001,2.8909
1,1,39.5,9351,26559,6734,0.9351,2.6559,2.84023
1,1,39.75,9383,25232,6434,0.9383,2.5232,2.68912
1,1,40,9363,26112,6587,0.9363,2.6112,2.78885
1,2,0,200,8389,146,0.02,0.8389,41.945
1,2,0.25,216,8979,107,0.0216,0.8979,41.5694
1,2,0.5,231,9561,108,0.0231,0.9561,41.3896
1,2,0.75,221,9188,91,0.0221,0.9188,41.5747
1,2,1,230,9514,79,0.023,0.9514,41.3652
1,2,1.25,244,10094,88,0.0244,1.0094,41.3689
1,2,1.5,250,10371,112,0.025,1.0371,41.484
1,2,1.75,280,11486,134,0.028,1.1486,41.0214
1,2,2,279,11434,123,0.0279,1.1434,40.9821
1,2,2.25,304,12420,140,0.0304,1.242,40.8553
1,2,2.5,309,12724,140,0.0309,1.2724,41.178
1,2,2.75,330,13466,155,0.033,1.3466,40.8061
1,2,3,340,13865,160,0.034,1.3865,40.7794
1,2,3.25,407,16453,201,0.0407,1.6453,40.4251
1,2,3.5,424,17192,242,0.0424,1.7192,40.5472
1,2,3.75,462,18549,266,0.0462,1.8549,40.1494
1,2,4,509,20273,315,0.0509,2.0273,39.8291
1,2,4.25,548,21730,345,0.0548,2.173,39.6533
1,2,4.5,622,24435,426,0.0622,2.4435,39.2846
1,2,4.75,679,26522,472,0.0679,2.6522,39.0604
1,2,5,782,30235,541,0.0782,3.0235,38.6637
1,2,5.25,923,35117,761,0.0923,3.5117,38.0466
1,2,5.5,1136,42036,1163,0.1136,4.2036,37.0035
1,2,5.75,1424,50945,1768,0.1424,5.0945,35.776
1,2,6,1953,65536,3042,0.1953,6.5536,33.5566
1,2,6.25,3000,87399,6029,0.3,8.7399,29.133
1,2,6.5,5356,104336,13382,0.5356,10.4336,19.4802
1,2,6.75,8607,51881,11669,0.8607,5.1881,6.02777
1,2,7,9298,28365,7108,0.9298,2.8365,3.05066
1,2,7.25,9322,27668,7006,0.9322,2.7668,2.96803
1,2,7.5,9316,27867,7020,0.9316,2.7867,2.99131
1,2,7.75,9301,28357,7140,0.9301,2.8357,3.04881
1,2,8,9318,27816,7031,0.9318,2.7816,2.98519
1,2,8.25,9355,26387,6705,0.9355,2.6387,2.82063
1,2,8.5,9372,25770,6548,0.9372,2.577,2.74968
1,2,8.75,9320,27716,6998,0.932,2.7716,2.97382
1,2,9,9343,26878,6747,0.9343,2.6878,2.87681
1,2,9.25,9329,27319,6884,0.9329,2.7319,2.9284
1,2,9.5,9344,26868,6837,0.9344,2.6868,2.87543
1,2,9.75,9317,27791,7027,0.9317,2.7791,2.98283
1,2,10,9268,29681,7503,0.9268,2.9681,3.20252
1,2,10.25,9372,25660,6476,0.9372,2.566,2.73794
1,2,10.5,9329,27400,6938,0.9329,2.74,2.93708
1,2,10.75,9381,25375,6455,0.9381,2.5375,2.70494
1,2,11,9331,27283,6913,0.9331,2.7283,2.92391
1,2,11.25,9357,26336,6673,0.9357,2.6336,2.81458
1,2,11.5,9366,25958,6562,0.9366,2.5958,2.77151
1,2,11.75,9342,26819,6780,0.9342,2.6819,2.8708
1,2,12,9321,27716,7002,0.9321,2.7716,2.9735
1,2,12.25,9303,28330,7115,0.9303,2.833,3.04525
1,2,12.5,9372,25748,6499,0.9372,2.5748,2.74733
1,2,12.75,9318,27891,7040,0.9318,2.7891,2.99324
1,2,13,9327,27522,6956,0.9327,2.7522,2.95079
1,2,13.25,9339,27016,6825,0.9339,2.7016,2.89282
1,2,13.5,9338,27017,6884,0.9338,2.7017,2.89323
1,2,13.75,9345,26862,6773,0.9345,2.6862,2.87448
1,2,14,9305,28219,7145,0.9305,2.8219,3.03267
1,2,14.25,9383,25108,6327,0.9383,2.5108,2.6759
1,2,14.5,9357,26333,6682,0.9357,2.6333,2.81426
1,2,14.75,9318,27818,7027,0.9318,2.7818,2.9854
1,2,15,9354,26361,6623,0.9354,2.6361,2.81815
1,2,15.25,9330,27420,6955,0.933,2.742,2.93891
1,2,15.5,9285,28948,7184,0.9285,2.8948,3.11772
1,2,15.75,9334,27253,6907,0.9334,2.7253,2.91976
1,2,16,9376,25545,6466,0.9376,2.5545,2.72451
1,2,16.25,9370,25860,6584,0.937,2.586,2.75987
1,2,16.5,9328,27445,6909,0.9328,2.7445,2.94222
1,2,16.75,9299,28506,7177,0.9299,2.8506,3.06549
1,2,17,9341,27011,6909,0.9341,2.7011,2.89166
1,2,17.25,9301,28400,7191,0.9301,2.84,3.05344
1,2,17.5,9327,27423,6921,0.9327,2.7423,2.94017
1,2,17.75,9384,25261,6421,0.9384,2.5261,2.69192
1,2,18,9330,27213,6821,0.933,2.7213,2.91672
1,2,18.25,9308,28192,7157,0.9308,2.8192,3.02879
1,2,18.5,9315,27839,6998,0.9315,2.7839,2.98862
1,2,18.75,9356,26348,6669,0.9356,2.6348,2.81616
1,2,19,9339,27040,6774,0.9339,2.704,2.89538
1,2,19.25,9288,28863,7252,0.9288,2.8863,3.10756
1,2,19.5,9320,27690,6987,0.932,2.769,2.97103
1,2,19.75,9352,26491,6698,0.9352,2.6491,2.83266
1,2,20,9317,27852,7020,0.9317,2.7852,2.98937
1,2,20.25,9311,28080,7084,0.9311,2.808,3.01579
1,2,20.5,9347,26701,6775,0.9347,2.6701,2.85664
1,2,20.75,9324,27491,6900,0.9324,2.7491,2.94841
1,2,21,9297,28640,7229,0.9297,2.864,3.08056
1,2,21.25,9306,28307,7122,0.9306,2.8307,3.0418
1,2,21.5,9346,26687,6744,0.9346,2.6687,2.85545
1,2,21.75,9358,26406,6671,0.9358,2.6406,2.82176
1,2,22,9382,25414,6523,0.9382,2.5414,2.7088
1,2,22.25,9318,27819,6986,0.9318,2.7819,2.98551
1,2,22.5,9351,26524,6716,0.9351,2.6524,2.83649
1,2,22.75,9339,26963,6806,0.9339,2.6963,2.88714
1,2,23,9384,25252,6389,0.9384,2.5252,2.69096
1,2,23.25,9338,27009,6821,0.9338,2.7009,2.89238
1,2,23.5,9327,27382,6943,0.9327,2.7382,2.93578
1,2,23.75,9370,25803,6554,0.937,2.5803,2.75379
1,2,24,9317,27837,7002,0.9317,2.7837,2.98776
1,2,24.25,9305,28229,7119,0.9305,2.8229,3.03375
1,2,24.5,9351,26573,6741,0.9351,2.6573,2.84173
1,2,24.75,9362,26103,6599,0.9362,2.6103,2.78819
1,2,25,9360,26215,6672,0.936,2.6215,2.80075
1,2,25.25,9333,27267,6838,0.9333,2.7267,2.92157
1,2,25.5,9334,27177,6859,0.9334,2.7177,2.91161
1,2,25.75,9344,26860,6823,0.9344,2.686,2.87457
1,2,26,9335,27101,6837,0.9335,2.7101,2.90316
1,2,26.25,9362,26144,6632,0.9362,2.6144,2.79257
1,2,26.5,9323,27580,6972,0.9323,2.758,2.95828
1,2,26.75,9339,26964,6852,0.9339,2.6964,2.88725
1,2,27,9330,27353,6915,0.933,2.7353,2.93173
1,2,27.25,9339,26919,6725,0.9339,2.6919,2.88243
1,2,27.5,9304,28342,7160,0.9304,2.8342,3.04622
1,2,27.75,9272,29547,7429,0.9272,2.9547,3.18669
1,2,28,9337,27155,6873,0.9337,2.7155,2.90832
1,2,28.25,9319,27853,7053,0.9319,2.7853,2.98884
1,2,28.5,9283,29178,7362,0.9283,2.9178,3.14316
1,2,28.75,9329,27331,6892,0.9329,2.7331,2.92968
1,2,29,9327,27489,6914,0.9327,2.7489,2.94725
1,2,29.25,9285,28987,7251,0.9285,2.8987,3.12192
1,2,29.5,9336,27068,6849,0.9336,2.7068,2.89931
1,2,29.75,9345,26757,6751,0.9345,2.6757,2.86324
1,2,30,9357,26351,6663,0.9357,2.6351,2.81618
1,2,30.25,9368,25905,6536,0.9368,2.5905,2.76526
1,2,30.5,9375,25646,6528,0.9375,2.5646,2.73557
1,2,30.75,9386,25148,6376,0.9386,2.5148,2.67931
1,2,31,9358,26258,6644,0.9358,2.6258,2.80594
1,2,31.25,9315,27921,7017,0.9315,2.7921,2.99742
1,2,31.5,9361,26026,6572,0.9361,2.6026,2.78026
1,2,31.75,9340,26894,6728,0.934,2.6894,2.87944
1,2,32,9318,27670,6963,0.9318,2.767,2.96952
1,2,32.25,9365,26049,6591,0.9365,2.6049,2.78153
1,2,32.5,9360,26197,6627,0.936,2.6197,2.79882
1,2,32.75,9347,26612,6688,0.9347,2.6612,2.84712
1,2,33,9314,27955,7046,0.9314,2.7955,3.0014
1,2,33.25,9285,29034,7380,0.9285,2.9034,3.12698
1,2,33.5,9310,27953,7028,0.931,2.7953,3.00247
1,2,33.75,9299,28541,7134,0.9299,2.8541,3.06925
1,2,34,9311,28039,7050,0.9311,2.8039,3.01138
1,2,34.25,9375,25527,6430,0.9375,2.5527,2.72288
1,2,34.5,9356,26413,6796,0.9356,2.6413,2.82311
1,2,34.75,9354,26411,6676,0.9354,2.6411,2.8235
1,2,35,9339,26990,6821,0.9339,2.699,2.89003
1,2,35.25,9350,26541,6743,0.935,2.6541,2.83861
1,2,35.5,9334,27163,6850,0.9334,2.7163,2.91011
1,2,35.75,9307,28183,7104,0.9307,2.8183,3.02815
1,2,36,9348,26556,6662,0.9348,2.6556,2.84082
1,2,36.25,9318,27753,6964,0.9318,2.7753,2.97843
1,2,36.5,9358,26230,6643,0.9358,2.623,2.80295
1,2,36.75,9364,25981,6542,0.9364,2.5981,2.77456
1,2,37,9321,27636,6948,0.9321,2.7636,2.96492
1,2,37.25,9322,27659,6961,0.9322,2.7659,2.96707
1,2,37.5,9339,27022,6865,0.9339,2.7022,2.89346
1,2,37.75,9344,26802,6770,0.9344,2.6802,2.86836
1,2,38,9368,25865,6548,0.9368,2.5865,2.76099
1,2,38.25,9280,29204,7398,0.928,2.9204,3.14698
1,2,38.5,9403,24569,6230,0.9403,2.4569,2.61289
1,2,38.75,9344,26843,6802,0.9344,2.6843,2.87275
1,2,39,9272,29557,7428,0.9272,2.9557,3.18777
1,2,39.25,9351,26604,6739,0.9351,2.6604,2.84504
1,2,39.5,9328,27393,6928,0.9328,2.7393,2.93664
1,2,39.75,9327,27453,6912,0.9327,2.7453,2.94339
1,2,40,9306,28226,7184,0.9306,2.8226,3.0331
1,3,0,200,8380,138,0.02,0.838,41.9
1,3,0.25,209,8694,93,0.0209,0.8694,41.5981
1,3,0.5,217,8988,94,0.0217,0.8988,41.4194
1,3,0.75,218,9025,108,0.0218,0.9025,41.3991
1,3,1,223,9211,96,0.0223,0.9211,41.3049
1,3,1.25,246,10138,116,0.0246,1.0138,41.2114
1,3,1.5,291,11862,130,0.0291,1.1862,40.7629
1,3,1.75,325,13235,168,0.0325,1.3235,40.7231
1,3,2,342,13959,164,0.0342,1.3959,40.8158
1,3,2.25,360,14626,193,0.036,1.4626,40.6278
1,3,2.5,388,15649,174,0.0388,1.5649,40.3325
1,3,2.75,420,16891,223,0.042,1.6891,40.2167
1,3,3,450,18028,273,0.045,1.8028,40.0622
1,3,3.25,493,19695,303,0.0493,1.9695,39.9493
1,3,3.5,564,22352,363,0.0564,2.2352,39.6312
1,3,3.75,623,24557,423,0.0623,2.4557,39.4173
1,3,4,670,26260,550,0.067,2.626,39.194
1,3,4.25,807,31105,676,0.0807,3.1105,38.544
1,3,4.5,990,37237,916,0.099,3.7237,37.6131
1,3,4.75,1253,45723,1389,0.1253,4.5723,36.4908
1,3,5,1662,57355,2290,0.1662,5.7355,34.5096
1,3,5.25,2423,76153,4318,0.2423,7.6153,31.4292
1,3,5.5,4105,101243,9781,0.4105,10.1243,24.6633
1,3,5.75,7474,80307,15254,0.7474,8.0307,10.7448
1,3,6,9180,32917,8107,0.918,3.2917,3.58573
1,3,6.25,9291,28789,7154,0.9291,2.8789,3.09859
1,3,6.5,9364,26026,6574,0.9364,2.6026,2.77937
1,3,6.75,9302,28351,7104,0.9302,2.8351,3.04784
1,3,7,9284,29081,7290,0.9284,2.9081,3.13238
1,3,7.25,9394,24862,6277,0.9394,2.4862,2.64658
1,3,7.5,9321,27741,7010,0.9321,2.7741,2.97618
1,3,7.75,9326,27538,6939,0.9326,2.7538,2.95282
1,3,8,9348,26695,6724,0.9348,2.6695,2.85569
1,3,8.25,9316,27948,7056,0.9316,2.7948,3
1,3,8.5,9350,26507,6702,0.935,2.6507,2.83497
1,3,8.75,9344,26721,6737,0.9344,2.6721,2.8597
1,3,9,9373,25743,6570,0.9373,2.5743,2.74651
1,3,9.25,9386,25078,6353,0.9386,2.5078,2.67185
1,3,9.5,9376,25543,6456,0.9376,2.5543,2.7243
1,3,9.75,9360,26275,6695,0.936,2.6275,2.80716
1,3,10,9317,27859,7070,0.9317,2.7859,2.99013
1,3,10.25,9355,26473,6712,0.9355,2.6473,2.82982
1,3,10.5,9311,27995,7029,0.9311,2.7995,3.00666
1,3,10.75,9299,28579,7170,0.9299,2.8579,3.07334
1,3,11,9290,28886,7247,0.929,2.8886,3.10936
1,3,11.25,9311,28050,7048,0.9311,2.805,3.01257
1,3,11.5,9328,27323,6845,0.9328,2.7323,2.92914
1,3,11.75,9329,27346,6903,0.9329,2.7346,2.93129
1,3,12,9318,27765,6970,0.9318,2.7765,2.97972
1,3,12.25,9333,27236,6902,0.9333,2.7236,2.91825
1,3,12.5,9351,26541,6737,0.9351,2.6541,2.83831
1,3,12.75,9273,29570,7438,0.9273,2.957,3.18883
1,3,13,9349,26645,6763,0.9349,2.6645,2.85004
1,3,13.25,9287,28874,7269,0.9287,2.8874,3.10908
1,3,13.5,9331,27203,6833,0.9331,2.7203,2.91534
1,3,13.75,9301,28429,7109,0.9301,2.8429,3.05655
1,3,14,9350,26470,6649,0.935,2.647,2.83102
1,3,14.25,9302,28364,7089,0.9302,2.8364,3.04924
1,3,14.5,9288,28864,7234,0.9288,2.8864,3.10767
1,3,14.75,9339,27023,6830,0.9339,2.7023,2.89356
1,3,15,9376,25587,6485,0.9376,2.5587,2.72899
1,3,15.25,9357,26308,6641,0.9357,2.6308,2.81158
1,3,15.5,9331,27228,6829,0.9331,2.7228,2.91802
1,3,15.75,9401,24538,6205,0.9401,2.4538,2.61015
1,3,16,9360,26256,6642,0.936,2.6256,2.80513
1,3,16.25,9287,28905,7239,0.9287,2.8905,3.11242
1,3,16.5,9314,27879,7055,0.9314,2.7879,2.99324
1,3,16.75,9340,26908,6767,0.934,2.6908,2.88094
1,3,17,9263,29928,7472,0.9263,2.9928,3.23092
1,3,17.25,9291,28809,7212,0.9291,2.8809,3.10074
1,3,17.5,9336,27113,6854,0.9336,2.7113,2.90413
1,3,17.75,9373,25633,6470,0.9373,2.5633,2.73477
1,3,18,9361,26089,6652,0.9361,2.6089,2.78699
1,3,18.25,9351,26565,6722,0.9351,2.6565,2.84087
1,3,18.5,9316,27858,7014,0.9316,2.7858,2.99034
1,3,18.75,9337,27014,6796,0.9337,2.7014,2.89322
1,3,19,9308,28183,7150,0.9308,2.8183,3.02783
1,3,19.25,9344,26864,6810,0.9344,2.6864,2.875
1,3,19.5,9323,27560,6912,0.9323,2.756,2.95613
1,3,19.75,9301,28442,7171,0.9301,2.8442,3.05795
1,3,20,9309,28049,7055,0.9309,2.8049,3.01311
1,3,20.25,9384,25338,6435,0.9384,2.5338,2.70013
1,3,20.5,9362,25997,6591,0.9362,2.5997,2.77686
1,3,20.75,9390,25091,6352,0.939,2.5091,2.6721
1,3,21,9355,26343,6640,0.9355,2.6343,2.81593
1,3,21.25,9330,27364,6917,0.933,2.7364,2.9329
1,3,21.5,9315,27912,7065,0.9315,2.7912,2.99646
1,3,21.75,9333,27101,6826,0.9333,2.7101,2.90378
1,3,22,9338,26979,6847,0.9338,2.6979,2.88916
1,3,22.25,9348,26618,6740,0.9348,2.6618,2.84745
1,3,22.5,9324,27541,6988,0.9324,2.7541,2.95378
1,3,22.75,9311,28092,7118,0.9311,2.8092,3.01708
1,3,23,9332,27245,6859,0.9332,2.7245,2.91952
1,3,23.25,9352,26516,6696,0.9352,2.6516,2.83533
1,3,23.5,9310,28049,7081,0.931,2.8049,3.01278
1,3,23.75,9388,25172,6408,0.9388,2.5172,2.6813
1,3,24,9324,27630,7004,0.9324,2.763,2.96332
1,3,24.25,9375,25551,6488,0.9375,2.5551,2.72544
1,3,24.5,9354,26467,6722,0.9354,2.6467,2.82948
1,3,24.75,9313,28029,7072,0.9313,2.8029,3.00966
1,3,25,9333,27163,6898,0.9333,2.7163,2.91043
1,3,25.25,9326,27473,6927,0.9326,2.7473,2.94585
1,3,25.5,9323,27570,6959,0.9323,2.757,2.9572
1,3,25.75,9306,28128,7078,0.9306,2.8128,3.02257
1,3,26,9337,27121,6867,0.9337,2.7121,2.90468
1,3,26.25,9327,27461,6923,0.9327,2.7461,2.94425
1,3,26.5,9364,26073,6642,0.9364,2.6073,2.78439
1,3,26.75,9342,26799,6754,0.9342,2.6799,2.86866
1,3,27,9352,26466,6654,0.9352,2.6466,2.82998
1,3,27.25,9322,27505,6842,0.9322,2.7505,2.95055
1,3,27.5,9344,26784,6792,0.9344,2.6784,2.86644
1,3,27.75,9316,27842,6987,0.9316,2.7842,2.98862
1,3,28,9348,26620,6717,0.9348,2.662,2.84767
1,3,28.25,9319,27749,6971,0.9319,2.7749,2.97768
1,3,28.5,9352,26521,6735,0.9352,2.6521,2.83586
1,3,28.75,9341,26907,6776,0.9341,2.6907,2.88053
1,3,29,9336,27034,6821,0.9336,2.7034,2.89567
1,3,29.25,9329,27306,6855,0.9329,2.7306,2.927
1,3,29.5,9296,28540,7149,0.9296,2.854,3.07014
1,3,29.75,9338,27032,6765,0.9338,2.7032,2.89484
1,3,30,9322,27646,7001,0.9322,2.7646,2.96567
1,3,30.25,9324,27636,6993,0.9324,2.7636,2.96396
1,3,30.5,9368,25907,6558,0.9368,2.5907,2.76548
1,3,30.75,9346,26700,6788,0.9346,2.67,2.85684
1,3,31,9341,26963,6832,0.9341,2.6963,2.88652
1,3,31.25,9373,25668,6554,0.9373,2.5668,2.7385
1,3,31.5,9320,27652,6970,0.932,2.7652,2.96695
1,3,31.75,9335,27198,6867,0.9335,2.7198,2.91355
1,3,32,9353,26515,6675,0.9353,2.6515,2.83492
1,3,32.25,9307,28265,7082,0.9307,2.8265,3.03696
1,3,32.5,9334,27207,6849,0.9334,2.7207,2.91483
1,3,32.75,9336,27149,6867,0.9336,2.7149,2.90799
1,3,33,9407,24416,6223,0.9407,2.4416,2.59551
1,3,33.25,9320,27594,6926,0.932,2.7594,2.96073
1,3,33.5,9344,26812,6791,0.9344,2.6812,2.86943
1,3,33.75,9306,28292,7117,0.9306,2.8292,3.04019
1,3,34,9320,27699,7010,0.932,2.7699,2.972
1,3,34.25,9306,28255,7096,0.9306,2.8255,3.03621
1,3,34.5,9312,27992,7020,0.9312,2.7992,3.00601
1,3,34.75,9300,28520,7172,0.93,2.852,3.06667
1,3,35,9331,27269,6904,0.9331,2.7269,2.92241
1,3,35.25,9338,27040,6856,0.9338,2.704,2.8957
1,3,35.5,9341,26886,6749,0.9341,2.6886,2.87828
1,3,35.75,9398,24735,6288,0.9398,2.4735,2.63194
1,3,36,9312,28058,7072,0.9312,2.8058,3.0131
1,3,36.25,9368,25920,6567,0.9368,2.592,2.76687
1,3,36.5,9354,26476,6707,0.9354,2.6476,2.83045
1,3,36.75,9398,24809,6326,0.9398,2.4809,2.63982
1,3,37,9340,27012,6861,0.934,2.7012,2.89208
1,3,37.25,9307,28310,7173,0.9307,2.831,3.0418
1,3,37.5,9299,28506,7147,0.9299,2.8506,3.06549
1,3,37.75,9289,28867,7233,0.9289,2.8867,3.10765
1,3,38,9322,27639,6981,0.9322,2.7639,2.96492
1,3,38.25,9309,28131,7085,0.9309,2.8131,3.02191
1,3,38.5,9346,26679,6753,0.9346,2.6679,2.85459
1,3,38.75,9358,26234,6639,0.9358,2.6234,2.80338
1,3,39,9315,27739,6977,0.9315,2.7739,2.97789
1,3,39.25,9339,27002,6892,0.9339,2.7002,2.89132
1,3,39.5,9336,27065,6809,0.9336,2.7065,2.89899
1,3,39.75,9348,26529,6688,0.9348,2.6529,2.83793
1,3,40,9373,25743,6544,0.9373,2.5743,2.74651
1,4,0,200,8419,143,0.02,0.8419,42.095
1,4,0.25,218,9070,106,0.0218,0.907,41.6055
1,4,0.5,238,9879,105,0.0238,0.9879,41.5084
1,4,0.75,265,10935,103,0.0265,1.0935,41.2642
1,4,1,279,11498,109,0.0279,1.1498,41.2115
1,4,1.25,291,11972,138,0.0291,1.1972,41.1409
1,4,1.5,304,12466,148,0.0304,1.2466,41.0066
1,4,1.75,334,13632,154,0.0334,1.3632,40.8144
1,4,2,336,13664,166,0.0336,1.3664,40.6667
1,4,2.25,361,14571,163,0.0361,1.4571,40.3629
1,4,2.5,397,15915,212,0.0397,1.5915,40.0882
1,4,2.75,427,17097,223,0.0427,1.7097,40.0398
1,4,3,496,19643,273,0.0496,1.9643,39.6028
1,4,3.25,528,20916,339,0.0528,2.0916,39.6136
1,4,3.5,611,24003,406,0.0611,2.4003,39.2848
1,4,3.75,699,27113,498,0.0699,2.7113,38.7883
1,4,4,829,31702,668,0.0829,3.1702,38.2413
1,4,4.25,945,35736,837,0.0945,3.5736,37.8159
1,4,4.5,1160,42780,1189,0.116,4.278,36.8793
1,4,4.75,1474,52407,1838,0.1474,5.2407,35.5543
1,4,5,1968,65777,3002,0.1968,6.5777,33.4233
1,4,5.25,3081,88384,6199,0.3081,8.8384,28.6868
1,4,5.5,5435,103855,13437,0.5435,10.3855,19.1086
1,4,5.75,8613,51475,11554,0.8613,5.1475,5.97643
1,4,6,9298,28354,7014,0.9298,2.8354,3.04947
1,4,6.25,9354,26423,6697,0.9354,2.6423,2.82478
1,4,6.5,9319,27756,7003,0.9319,2.7756,2.97843
1,4,6.75,9316,27896,6996,0.9316,2.7896,2.99442
1,4,7,9270,29526,7329,0.927,2.9526,3.18511
1,4,7.25,9309,28151,7122,0.9309,2.8151,3.02406
1,4,7.5,9320,27723,7016,0.932,2.7723,2.97457
1,4,7.75,9289,28766,7165,0.9289,2.8766,3.09678
1,4,8,9272,29532,7365,0.9272,2.9532,3.18507
1,4,8.25,9276,29316,7327,0.9276,2.9316,3.16041
1,4,8.5,9358,26229,6581,0.9358,2.6229,2.80284
1,4,8.75,9356,26327,6667,0.9356,2.6327,2.81392
1,4,9,9364,26034,6591,0.9364,2.6034,2.78022
1,4,9.25,9334,27161,6809,0.9334,2.7161,2.9099
1,4,9.5,9320,27692,6969,0.932,2.7692,2.97124
1,4,9.75,9328,27478,6957,0.9328,2.7478,2.94575
1,4,10,9384,25276,6416,0.9384,2.5276,2.69352
1,4,10.25,9304,28218,7085,0.9304,2.8218,3.03289
1,4,10.5,9328,27390,6924,0.9328,2.739,2.93632
1,4,10.75,9329,27306,6861,0.9329,2.7306,2.927
1,4,11,9383,25260,6409,0.9383,2.526,2.6921
1,4,11.25,9349,26521,6673,0.9349,2.6521,2.83677
1,4,11.5,9309,28171,7107,0.9309,2.8171,3.02621
1,4,11.75,9385,25171,6357,0.9385,2.5171,2.68205
1,4,12,9365,26013,6571,0.9365,2.6013,2.77768
1,4,12.25,9376,25615,6484,0.9376,2.5615,2.73198
1,4,12.5,9356,26220,6606,0.9356,2.622,2.80248
1,4,12.75,9375,25631,6457,0.9375,2.5631,2.73397
1,4,13,9313,27921,7056,0.9313,2.7921,2.99807
1,4,13.25,9330,27393,6906,0.933,2.7393,2.93601
1,4,13.5,9347,26647,6718,0.9347,2.6647,2.85086
1,4,13.75,9319,27623,6909,0.9319,2.7623,2.96416
1,4,14,9341,26933,6810,0.9341,2.6933,2.88331
1,4,14.25,9353,26474,6654,0.9353,2.6474,2.83054
1,4,14.5,9349,26648,6775,0.9349,2.6648,2.85036
1,4,14.75,9328,27417,6930,0.9328,2.7417,2.93922
1,4,15,9330,27417,6915,0.933,2.7417,2.93859
1,4,15.25,9317,27822,6985,0.9317,2.7822,2.98615
1,4,15.5,9332,27344,6961,0.9332,2.7344,2.93013
1,4,15.75,9338,26978,6813,0.9338,2.6978,2.88906
1,4,16,9362,26234,6665,0.9362,2.6234,2.80218
1,4,16.25,9327,27413,6873,0.9327,2.7413,2.9391
1,4,16.5,9327,27476,6914,0.9327,2.7476,2.94586
1,4,16.75,9313,27988,7086,0.9313,2.7988,3.00526
1,4,17,9323,27609,6957,0.9323,2.7609,2.96139
1,4,17.25,9311,28014,7059,0.9311,2.8014,3.0087
1,4,17.5,9326,27485,6976,0.9326,2.7485,2.94714
1,4,17.75,9337,27145,6892,0.9337,2.7145,2.90725
1,4,18,9339,26955,6788,0.9339,2.6955,2.88628
1,4,18.25,9342,26805,6720,0.9342,2.6805,2.8693
1,4,18.5,9350,26609,6748,0.935,2.6609,2.84588
1,4,18.75,9316,27879,6988,0.9316,2.7879,2.99259
1,4,19,9349,26624,6710,0.9349,2.6624,2.84779
1,4,19.25,9330,27294,6859,0.933,2.7294,2.9254
1,4,19.5,9358,26408,6728,0.9358,2.6408,2.82197
1,4,19.75,9354,26331,6623,0.9354,2.6331,2.81495
1,4,20,9341,26863,6757,0.9341,2.6863,2.87582
1,4,20.25,9338,27049,6846,0.9338,2.7049,2.89666
1,4,20.5,9314,27939,7062,0.9314,2.7939,2.99968
1,4,20.75,9372,25848,6554,0.9372,2.5848,2.758
1,4,21,9370,25939,6583,0.937,2.5939,2.7683
1,4,21.25,9349,26628,6763,0.9349,2.6628,2.84822
1,4,21.5,9364,26031,6597,0.9364,2.6031,2.7799
1,4,21.75,9343,26739,6748,0.9343,2.6739,2.86193
1,4,22,9329,27184,6855,0.9329,2.7184,2.91392
1,4,22.25,9321,27729,6992,0.9321,2.7729,2.9749
1,4,22.5,9316,28034,7083,0.9316,2.8034,3.00923
1,4,22.75,9337,27044,6835,0.9337,2.7044,2.89643
1,4,23,9345,26652,6721,0.9345,2.6652,2.85201
1,4,23.25,9344,26822,6807,0.9344,2.6822,2.87051
1,4,23.5,9333,27211,6822,0.9333,2.7211,2.91557
1,4,23.75,9346,26670,6768,0.9346,2.667,2.85363
1,4,24,9257,30051,7509,0.9257,3.0051,3.2463
1,4,24.25,9327,27420,6956,0.9327,2.742,2.93985
1,4,24.5,9310,28118,7096,0.931,2.8118,3.02019
1,4,24.75,9320,27784,6974,0.932,2.7784,2.98112
1,4,25,9310,28004,7062,0.931,2.8004,3.00795
1,4,25.25,9282,29103,7267,0.9282,2.9103,3.13542
1,4,25.5,9354,26420,6651,0.9354,2.642,2.82446
1,4,25.75,9298,28575,7179,0.9298,2.8575,3.07324
1,4,26,9302,28413,7170,0.9302,2.8413,3.0545
1,4,26.25,9329,27337,6885,0.9329,2.7337,2.93032
1,4,26.5,9325,27572,6955,0.9325,2.7572,2.95678
1,4,26.75,9322,27597,6950,0.9322,2.7597,2.96042
1,4,27,9328,27422,6888,0.9328,2.7422,2.93975
1,4,27.25,9287,28963,7241,0.9287,2.8963,3.11866
1,4,27.5,9305,28257,7127,0.9305,2.8257,3.03675
1,4,27.75,9351,26623,6764,0.9351,2.6623,2.84708
1,4,28,9279,29299,7349,0.9279,2.9299,3.15756
1,4,28.25,9299,28547,7185,0.9299,2.8547,3.0699
1,4,28.5,9352,26334,6639,0.9352,2.6334,2.81587
1,4,28.75,9318,27726,7007,0.9318,2.7726,2.97553
1,4,29,9375,25691,6541,0.9375,2.5691,2.74037
1,4,29.25,9269,29644,7427,0.9269,2.9644,3.19819
1,4,29.5,9301,28337,7120,0.9301,2.8337,3.04666
1,4,29.75,9383,25302,6450,0.9383,2.5302,2.69658
1,4,30,9394,24858,6357,0.9394,2.4858,2.64616
1,4,30.25,9315,27839,7002,0.9315,2.7839,2.98862
1,4,30.5,9304,28310,7124,0.9304,2.831,3.04278
1,4,30.75,9308,28145,7052,0.9308,2.8145,3.02374
1,4,31,9317,27716,6984,0.9317,2.7716,2.97478
1,4,31.25,9355,26436,6682,0.9355,2.6436,2.82587
1,4,31.5,9337,26979,6754,0.9337,2.6979,2.88947
1,4,31.75,9388,25106,6409,0.9388,2.5106,2.67427
1,4,32,9336,27077,6836,0.9336,2.7077,2.90028
1,4,32.25,9368,25864,6553,0.9368,2.5864,2.76089
1,4,32.5,9373,25740,6542,0.9373,2.574,2.74619
1,4,32.75,9341,26861,6799,0.9341,2.6861,2.8756
1,4,33,9384,25318,6445,0.9384,2.5318,2.698
1,4,33.25,9303,28333,7144,0.9303,2.8333,3.04558
1,4,33.5,9358,26223,6622,0.9358,2.6223,2.8022
1,4,33.75,9324,27595,6929,0.9324,2.7595,2.95957
1,4,34,9337,27101,6887,0.9337,2.7101,2.90254
1,4,34.25,9360,26173,6615,0.936,2.6173,2.79626
1,4,34.5,9303,28394,7132,0.9303,2.8394,3.05213
1,4,34.75,9328,27393,6879,0.9328,2.7393,2.93664
1,4,35,9314,27965,7065,0.9314,2.7965,3.00247
1,4,35.25,9319,27763,6986,0.9319,2.7763,2.97918
1,4,35.5,9331,27299,6887,0.9331,2.7299,2.92562
1,4,35.75,9348,26684,6743,0.9348,2.6684,2.85451
1,4,36,9359,26222,6587,0.9359,2.6222,2.8018
1,4,36.25,9296,28556,7141,0.9296,2.8556,3.07186
1,4,36.5,9296,28599,7168,0.9296,2.8599,3.07648
1,4,36.75,9299,28413,7139,0.9299,2.8413,3.05549
1,4,37,9382,25380,6461,0.9382,2.538,2.70518
1,4,37.25,9410,24335,6234,0.941,2.4335,2.58608
1,4,37.5,9315,27919,7089,0.9315,2.7919,2.99721
1,4,37.75,9279,29138,7296,0.9279,2.9138,3.14021
1,4,38,9343,26770,6770,0.9343,2.677,2.86525
1,4,38.25,9330,27290,6871,0.933,2.729,2.92497
1,4,38.5,9335,27207,6888,0.9335,2.7207,2.91452
1,4,38.75,9268,29773,7499,0.9268,2.9773,3.21245
1,4,39,9281,29204,7368,0.9281,2.9204,3.14664
1,4,39.25,9342,26873,6768,0.9342,2.6873,2.87658
1,4,39.5,9308,28160,7114,0.9308,2.816,3.02535
1,4,39.75,9350,26566,6668,0.935,2.6566,2.84128
1,4,40,9325,27485,6933,0.9325,2.7485,2.94745
1,5,0,200,8414,138,0.02,0.8414,42.07
1,5,0.25,216,9006,100,0.0216,0.9006,41.6944
1,5,0.5,233,9638,87,0.0233,0.9638,41.3648
1,5,0.75,247,10176,96,0.0247,1.0176,41.1984
1,5,1,281,11541,115,0.0281,1.1541,41.0712
1,5,1.25,296,12155,133,0.0296,1.2155,41.0642
1,5,1.5,308,12643,128,0.0308,1.2643,41.0487
1,5,1.75,300,12322,145,0.03,1.2322,41.0733
1,5,2,323,13141,157,0.0323,1.3141,40.6842
1,5,2.25,322,13173,175,0.0322,1.3173,40.9099
1,5,2.5,359,14575,175,0.0359,1.4575,40.5989
1,5,2.75,378,15270,207,0.0378,1.527,40.3968
1,5,3,410,16505,244,0.041,1.6505,40.2561
1,5,3.25,445,17868,277,0.0445,1.7868,40.1528
1,5,3.5,486,19404,260,0.0486,1.9404,39.9259
1,5,3.75,523,20796,304,0.0523,2.0796,39.7629
1,5,4,556,22012,345,0.0556,2.2012,39.5899
1,5,4.25,608,23913,416,0.0608,2.3913,39.3306
1,5,4.5,675,26379,466,0.0675,2.6379,39.08
1,5,4.75,792,30528,615,0.0792,3.0528,38.5455
1,5,5,972,36615,946,0.0972,3.6615,37.6698
1,5,5.25,1240,45118,1375,0.124,4.5118,36.3855
1,5,5.5,1639,56837,2198,0.1639,5.6837,34.6779
1,5,5.75,2372,74917,4095,0.2372,7.4917,31.5839
1,5,6,4061,100768,9533,0.4061,10.0768,24.8136
1,5,6.25,7376,82462,15316,0.7376,8.2462,11.1798
1,5,6.5,9205,31973,7951,0.9205,3.1973,3.47344
1,5,6.75,9312,27983,7066,0.9312,2.7983,3.00505
1,5,7,9326,27569,6972,0.9326,2.7569,2.95614
1,5,7.25,9335,27108,6786,0.9335,2.7108,2.90391
1,5,7.5,9298,28467,7088,0.9298,2.8467,3.06163
1,5,7.75,9337,27035,6820,0.9337,2.7035,2.89547
1,5,8,9352,26523,6720,0.9352,2.6523,2.83608
1,5,8.25,9361,26163,6639,0.9361,2.6163,2.79489
1,5,8.5,9287,28883,7241,0.9287,2.8883,3.11005
1,5,8.75,9366,25945,6564,0.9366,2.5945,2.77013
1,5,9,9355,26367,6665,0.9355,2.6367,2.81849
1,5,9.25,9342,26891,6780,0.9342,2.6891,2.87851
1,5,9.5,9355,26468,6735,0.9355,2.6468,2.82929
1,5,9.75,9335,27168,6858,0.9335,2.7168,2.91034
1,5,10,9343,26907,6833,0.9343,2.6907,2.87991
1,5,10.25,9351,26537,6743,0.9351,2.6537,2.83788
1,5,10.5,9308,28190,7069,0.9308,2.819,3.02858
1,5,10.75,9340,26959,6806,0.934,2.6959,2.8864
1,5,11,9322,27660,7010,0.9322,2.766,2.96717
1,5,11.25,9388,25137,6368,0.9388,2.5137,2.67757
1,5,11.5,9351,26500,6724,0.9351,2.65,2.83392
1,5,11.75,9328,27398,6890,0.9328,2.7398,2.93718
1,5,12,9334,27256,6888,0.9334,2.7256,2.92008
1,5,12.25,9368,25814,6541,0.9368,2.5814,2.75555
1,5,12.5,9329,27375,6870,0.9329,2.7375,2.9344
1,5,12.75,9265,29763,7457,0.9265,2.9763,3.21241
1,5,13,9326,27539,6979,0.9326,2.7539,2.95293
1,5,13.25,9289,28843,7235,0.9289,2.8843,3.10507
1,5,13.5,9332,27298,6938,0.9332,2.7298,2.9252
1,5,13.75,9284,29070,7240,0.9284,2.907,3.13119
1,5,14,9324,27504,6921,0.9324,2.7504,2.94981
1,5,14.25,9308,28103,7070,0.9308,2.8103,3.01923
1,5,14.5,9327,27487,6974,0.9327,2.7487,2.94704
1,5,14.75,9339,26900,6743,0.9339,2.69,2.88039
1,5,15,9295,28624,7159,0.9295,2.8624,3.07951
1,5,15.25,9351,26516,6676,0.9351,2.6516,2.83563
1,5,15.5,9319,27704,6951,0.9319,2.7704,2.97285
1,5,15.75,9329,27220,6817,0.9329,2.722,2.91778
1,5,16,9335,27094,6789,0.9335,2.7094,2.90241
1,5,16.25,9303,28347,7094,0.9303,2.8347,3.04708
1,5,16.5,9325,27492,6918,0.9325,2.7492,2.9482
1,5,16.75,9320,27676,6941,0.932,2.7676,2.96953
1,5,17,9318,27773,6994,0.9318,2.7773,2.98058
1,5,17.25,9341,26930,6839,0.9341,2.693,2.88299
1,5,17.5,9333,27205,6880,0.9333,2.7205,2.91493
1,5,17.75,9333,27206,6853,0.9333,2.7206,2.91503
1,5,18,9298,28655,7265,0.9298,2.8655,3.08185
1,5,18.25,9320,27735,6971,0.932,2.7735,2.97586
1,5,18.5,9332,27266,6827,0.9332,2.7266,2.92177
1,5,18.75,9338,27067,6869,0.9338,2.7067,2.89859
1,5,19,9359,26292,6674,0.9359,2.6292,2.80927
1,5,19.25,9323,27569,6905,0.9323,2.7569,2.9571
1,5,19.5,9320,27632,6941,0.932,2.7632,2.96481
1,5,19.75,9353,26460,6759,0.9353,2.646,2.82904
1,5,20,9343,26936,6849,0.9343,2.6936,2.88301
1,5,20.25,9328,27259,6840,0.9328,2.7259,2.92228
1,5,20.5,9347,26769,6776,0.9347,2.6769,2.86391
1,5,20.75,9349,26613,6710,0.9349,2.6613,2.84661
1,5,21,9372,25688,6499,0.9372,2.5688,2.74093
1,5,21.25,9357,26322,6626,0.9357,2.6322,2.81308
1,5,21.5,9377,25547,6429,0.9377,2.5547,2.72443
1,5,21.75,9339,27012,6800,0.9339,2.7012,2.89239
1,5,22,9326,27467,6905,0.9326,2.7467,2.94521
1,5,22.25,9334,27069,6843,0.9334,2.7069,2.90004
1,5,22.5,9321,27693,6937,0.9321,2.7693,2.97103
1,5,22.75,9300,28431,7173,0.93,2.8431,3.0571
1,5,23,9289,28981,7316,0.9289,2.8981,3.11993
1,5,23.25,9357,26297,6664,0.9357,2.6297,2.81041
1,5,23.5,9310,28064,7060,0.931,2.8064,3.01439
1,5,23.75,9329,27434,7010,0.9329,2.7434,2.94072
1,5,24,9331,27331,6932,0.9331,2.7331,2.92905
1,5,24.25,9292,28760,7236,0.9292,2.876,3.09514
1,5,24.5,9350,26591,6786,0.935,2.6591,2.84396
1,5,24.75,9350,26556,6719,0.935,2.6556,2.84021
1,5,25,9284,29046,7276,0.9284,2.9046,3.12861
1,5,25.25,9320,27654,6981,0.932,2.7654,2.96717
1,5,25.5,9315,27875,7021,0.9315,2.7875,2.99249
1,5,25.75,9373,25619,6449,0.9373,2.5619,2.73328
1,5,26,9335,27155,6832,0.9335,2.7155,2.90894
1,5,26.25,9336,27124,6848,0.9336,2.7124,2.90531
1,5,26.5,9319,27785,6997,0.9319,2.7785,2.98154
1,5,26.75,9360,26163,6616,0.936,2.6163,2.79519
1,5,27,9352,26453,6689,0.9352,2.6453,2.82859
1,5,27.25,9326,27429,6900,0.9326,2.7429,2.94113
1,5,27.5,9371,25749,6534,0.9371,2.5749,2.74773
1,5,27.75,9325,27538,6934,0.9325,2.7538,2.95314
1,5,28,9320,27696,6997,0.932,2.7696,2.97167
1,5,28.25,9341,26855,6756,0.9341,2.6855,2.87496
1,5,28.5,9316,27977,7097,0.9316,2.7977,3.00311
1,5,28.75,9294,28743,7205,0.9294,2.8743,3.09264
1,5,29,9323,27660,6981,0.9323,2.766,2.96686
1,5,29.25,9314,28039,7085,0.9314,2.8039,3.01041
1,5,29.5,9323,27663,6988,0.9323,2.7663,2.96718
1,5,29.75,9348,26591,6710,0.9348,2.6591,2.84457
1,5,30,9366,25977,6562,0.9366,2.5977,2.77354
1,5,30.25,9349,26612,6689,0.9349,2.6612,2.84651
1,5,30.5,9362,26083,6584,0.9362,2.6083,2.78605
1,5,30.75,9322,27521,6948,0.9322,2.7521,2.95226
1,5,31,9348,26605,6752,0.9348,2.6605,2.84606
1,5,31.25,9351,26544,6692,0.9351,2.6544,2.83863
1,5,31.5,9379,25462,6436,0.9379,2.5462,2.71479
1,5,31.75,9393,24931,6351,0.9393,2.4931,2.65421
1,5,32,9335,27180,6870,0.9335,2.718,2.91162
1,5,32.25,9341,26873,6781,0.9341,2.6873,2.87689
1,5,32.5,9327,27376,6883,0.9327,2.7376,2.93513
1,5,32.75,9287,28862,7230,0.9287,2.8862,3.10779
1,5,33,9303,28377,7183,0.9303,2.8377,3.05031
1,5,33.25,9310,28043,7020,0.931,2.8043,3.01214
1,5,33.5,9332,27254,6902,0.9332,2.7254,2.92049
1,5,33.75,9349,26615,6708,0.9349,2.6615,2.84683
1,5,34,9322,27603,6909,0.9322,2.7603,2.96106
1,5,34.25,9317,27815,6943,0.9317,2.7815,2.9854
1,5,34.5,9325,27425,6913,0.9325,2.7425,2.94102
1,5,34.75,9330,27306,6851,0.933,2.7306,2.92669
1,5,35,9408,24362,6241,0.9408,2.4362,2.5895
1,5,35.25,9370,25711,6536,0.937,2.5711,2.74397
1,5,35.5,9308,28234,7134,0.9308,2.8234,3.0333
1,5,35.75,9311,28172,7106,0.9311,2.8172,3.02567
1,5,36,9336,27142,6824,0.9336,2.7142,2.90724
1,5,36.25,9287,28872,7180,0.9287,2.8872,3.10886
1,5,36.5,9344,26782,6738,0.9344,2.6782,2.86622
1,5,36.75,9316,27847,7032,0.9316,2.7847,2.98916
1,5,37,9361,26082,6602,0.9361,2.6082,2.78624
1,5,37.25,9309,28213,7132,0.9309,2.8213,3.03072
1,5,37.5,9341,26998,6834,0.9341,2.6998,2.89027
1,5,37.75,9328,27360,6897,0.9328,2.736,2.9331
1,5,38,9321,27661,6972,0.9321,2.7661,2.9676
1,5,38.25,9396,24821,6258,0.9396,2.4821,2.64166
1,5,38.5,9358,26265,6649,0.9358,2.6265,2.80669
1,5,38.75,9301,28408,7144,0.9301,2.8408,3.0543
1,5,39,9355,26376,6668,0.9355,2.6376,2.81945
1,5,39.25,9346,26667,6762,0.9346,2.6667,2.85331
1,5,39.5,9348,26619,6720,0.9348,2.6619,2.84756
1,5,39.75,9355,26525,6759,0.9355,2.6525,2.83538
1,5,40,9366,25946,6568,0.9366,2.5946,2.77023
1,6,0,200,8410,142,0.02,0.841,42.05
1,6,0.25,242,10051,106,0.0242,1.0051,41.5331
1,6,0.5,251,10415,98,0.0251,1.0415,41.494
1,6,0.75,270,11102,120,0.027,1.1102,41.1185
1,6,1,268,11075,125,0.0268,1.1075,41.3246
1,6,1.25,280,11540,120,0.028,1.154,41.2143
1,6,1.5,285,11695,120,0.0285,1.1695,41.0351
1,6,1.75,292,11978,125,0.0292,1.1978,41.0205
1,6,2,286,11758,106,0.0286,1.1758,41.1119
1,6,2.25,311,12766,128,0.0311,1.2766,41.0482
1,6,2.5,332,13604,145,0.0332,1.3604,40.9759
1,6,2.75,351,14318,146,0.0351,1.4318,40.792
1,6,3,351,14310,170,0.0351,1.431,40.7692
1,6,3.25,396,16029,212,0.0396,1.6029,40.4773
1,6,3.5,422,17045,233,0.0422,1.7045,40.391
1,6,3.75,460,18444,259,0.046,1.8444,40.0957
1,6,4,474,19025,226,0.0474,1.9025,40.1371
1,6,4.25,529,21052,317,0.0529,2.1052,39.7958
1,6,4.5,556,22056,347,0.0556,2.2056,39.6691
1,6,4.75,626,24616,409,0.0626,2.4616,39.3227
1,6,5,698,27263,487,0.0698,2.7263,39.0587
1,6,5.25,790,30574,632,0.079,3.0574,38.7013
1,6,5.5,912,34653,812,0.0912,3.4653,37.9967
1,6,5.75,1132,41845,1190,0.1132,4.1845,36.9655
1,6,6,1497,53132,1946,0.1497,5.3132,35.4923
1,6,6.25,2147,70353,3497,0.2147,7.0353,32.768
1,6,6.5,3565,95778,7757,0.3565,9.5778,26.8662
1,6,6.75,6613,94958,15338,0.6613,9.4958,14.3593
1,6,7,9003,38939,9305,0.9003,3.8939,4.32511
1,6,7.25,9269,29698,7475,0.9269,2.9698,3.20401
1,6,7.5,9331,27302,6945,0.9331,2.7302,2.92595
1,6,7.75,9337,27013,6835,0.9337,2.7013,2.89311
1,6,8,9250,30284,7531,0.925,3.0284,3.27395
1,6,8.25,9382,25263,6357,0.9382,2.5263,2.69271
1,6,8.5,9310,28204,7126,0.931,2.8204,3.02943
1,6,8.75,9355,26344,6691,0.9355,2.6344,2.81603
1,6,9,9349,26657,6794,0.9349,2.6657,2.85132
1,6,9.25,9363,26031,6570,0.9363,2.6031,2.7802
1,6,9.5,9342,26896,6796,0.9342,2.6896,2.87904
1,6,9.75,9273,29339,7333,0.9273,2.9339,3.16392
1,6,10,9342,26826,6751,0.9342,2.6826,2.87155
1,6,10.25,9355,26343,6652,0.9355,2.6343,2.81593
1,6,10.5,9335,27165,6869,0.9335,2.7165,2.91002
1,6,10.75,9305,28307,7078,0.9305,2.8307,3.04213
1,6,11,9334,27117,6826,0.9334,2.7117,2.90519
1,6,11.25,9330,27376,6881,0.933,2.7376,2.93419
1,6,11.5,9354,26450,6689,0.9354,2.645,2.82767
1,6,11.75,9327,27533,6985,0.9327,2.7533,2.95197
1,6,12,9361,26052,6589,0.9361,2.6052,2.78304
1,6,12.25,9295,28590,7141,0.9295,2.859,3.07585
1,6,12.5,9321,27696,6980,0.9321,2.7696,2.97136
1,6,12.75,9333,27286,6916,0.9333,2.7286,2.9236
1,6,13,9340,26843,6823,0.934,2.6843,2.87398
1,6,13.25,9337,26965,6834,0.9337,2.6965,2.88797
1,6,13.5,9315,27895,7018,0.9315,2.7895,2.99463
1,6,13.75,9308,28170,7055,0.9308,2.817,3.02643
1,6,14,9346,26709,6781,0.9346,2.6709,2.8578
1,6,14.25,9329,27399,6945,0.9329,2.7399,2.93697
1,6,14.5,9369,25929,6627,0.9369,2.5929,2.76753
1,6,14.75,9365,25935,6515,0.9365,2.5935,2.76935
1,6,15,9315,27851,6993,0.9315,2.7851,2.98991
1,6,15.25,9317,27852,7078,0.9317,2.7852,2.98937
1,6,15.5,9333,27130,6853,0.9333,2.713,2.90689
1,6,15.75,9335,27061,6807,0.9335,2.7061,2.89888
1,6,16,9338,26944,6779,0.9338,2.6944,2.88541
1,6,16.25,9322,27611,6913,0.9322,2.7611,2.96192
1,6,16.5,9329,27293,6846,0.9329,2.7293,2.92561
1,6,16.75,9385,25210,6446,0.9385,2.521,2.6862
1,6,17,9332,27316,6940,0.9332,2.7316,2.92713
1,6,17.25,9388,25095,6391,0.9388,2.5095,2.67309
1,6,17.5,9323,27645,6933,0.9323,2.7645,2.96525
1,6,17.75,9359,26289,6633,0.9359,2.6289,2.80895
1,6,18,9351,26587,6758,0.9351,2.6587,2.84323
1,6,18.25,9370,25779,6533,0.937,2.5779,2.75123
1,6,18.5,9342,26814,6765,0.9342,2.6814,2.87026
1,6,18.75,9376,25566,6503,0.9376,2.5566,2.72675
1,6,19,9365,26042,6570,0.9365,2.6042,2.78078
1,6,19.25,9329,27366,6887,0.9329,2.7366,2.93343
1,6,19.5,9361,26139,6637,0.9361,2.6139,2.79233
1,6,19.75,9382,25259,6387,0.9382,2.5259,2.69228
1,6,20,9267,29658,7408,0.9267,2.9658,3.20039
1,6,20.25,9322,27621,6974,0.9322,2.7621,2.96299
1,6,20.5,9326,27441,6937,0.9326,2.7441,2.94242
1,6,20.75,9352,26438,6663,0.9352,2.6438,2.82699
1,6,21,9342,26857,6786,0.9342,2.6857,2.87487
1,6,21.25,9363,26014,6543,0.9363,2.6014,2.77838
1,6,21.5,9397,24736,6284,0.9397,2.4736,2.63233
1,6,21.75,9283,29022,7232,0.9283,2.9022,3.12636
1,6,22,9327,27429,6936,0.9327,2.7429,2.94082
1,6,22.25,9383,25327,6400,0.9383,2.5327,2.69924
1,6,22.5,9318,27877,7071,0.9318,2.7877,2.99174
1,6,22.75,9295,28670,7223,0.9295,2.867,3.08445
1,6,23,9348,26544,6696,0.9348,2.6544,2.83954
1,6,23.25,9315,27867,6986,0.9315,2.7867,2.99163
1,6,23.5,9329,27340,6885,0.9329,2.734,2.93065
1,6,23.75,9310,28086,7078,0.931,2.8086,3.01676
1,6,24,9327,27539,7001,0.9327,2.7539,2.95261
1,6,24.25,9331,27366,6976,0.9331,2.7366,2.9328
1,6,24.5,9348,26764,6804,0.9348,2.6764,2.86307
1,6,24.75,9294,28594,7117,0.9294,2.8594,3.07661
1,6,25,9388,25047,6336,0.9388,2.5047,2.66798
1,6,25.25,9350,26539,6767,0.935,2.6539,2.8384
1,6,25.5,9320,27700,6990,0.932,2.77,2.9721
1,6,25.75,9303,28274,7077,0.9303,2.8274,3.03923
1,6,26,9365,26139,6634,0.9365,2.6139,2.79114
1,6,26.25,9360,26189,6581,0.936,2.6189,2.79797
1,6,26.5,9349,26635,6730,0.9349,2.6635,2.84897
1,6,26.75,9311,28002,7044,0.9311,2.8002,3.00741
1,6,27,9340,26920,6819,0.934,2.692,2.88223
1,6,27.25,9319,27652,6958,0.9319,2.7652,2.96727
1,6,27.5,9284,29136,7334,0.9284,2.9136,3.1383
1,6,27.75,9331,27297,6895,0.9331,2.7297,2.92541
1,6,28,9344,26895,6817,0.9344,2.6895,2.87832
1,6,28.25,9313,27890,7077,0.9313,2.789,2.99474
1,6,28.5,9334,27301,6910,0.9334,2.7301,2.9249
1,6,28.75,9311,28010,7018,0.9311,2.801,3.00827
1,6,29,9335,27174,6871,0.9335,2.7174,2.91098
1,6,29.25,9380,25437,6487,0.938,2.5437,2.71183
1,6,29.5,9332,27219,6887,0.9332,2.7219,2.91674
1,6,29.75,9314,28006,7059,0.9314,2.8006,3.00687
1,6,30,9327,27512,6996,0.9327,2.7512,2.94972
1,6,30.25,9308,28121,7076,0.9308,2.8121,3.02116
1,6,30.5,9353,26446,6652,0.9353,2.6446,2.82754
1,6,30.75,9318,27653,6917,0.9318,2.7653,2.9677
1,6,31,9328,27363,6883,0.9328,2.7363,2.93343
1,6,31.25,9323,27645,7019,0.9323,2.7645,2.96525
1,6,31.5,9331,27324,6881,0.9331,2.7324,2.9283
1,6,31.75,9333,27044,6769,0.9333,2.7044,2.89767
1,6,32,9338,26994,6777,0.9338,2.6994,2.89077
1,6,32.25,9331,27261,6860,0.9331,2.7261,2.92155
1,6,32.5,9344,26780,6747,0.9344,2.678,2.86601
1,6,32.75,9349,26578,6708,0.9349,2.6578,2.84287
1,6,33,9339,27047,6883,0.9339,2.7047,2.89613
1,6,33.25,9353,26405,6644,0.9353,2.6405,2.82316
1,6,33.5,9304,28250,7087,0.9304,2.825,3.03633
1,6,33.75,9374,25690,6528,0.9374,2.569,2.74056
1,6,34,9364,26017,6582,0.9364,2.6017,2.77841
1,6,34.25,9348,26593,6752,0.9348,2.6593,2.84478
1,6,34.5,9331,27254,6868,0.9331,2.7254,2.9208
1,6,34.75,9310,28118,7074,0.931,2.8118,3.02019
1,6,35,9313,28014,7096,0.9313,2.8014,3.00805
1,6,35.25,9299,28538,7220,0.9299,2.8538,3.06893
1,6,35.5,9322,27725,6981,0.9322,2.7725,2.97415
1,6,35.75,9319,27761,6996,0.9319,2.7761,2.97897
1,6,36,9367,26042,6653,0.9367,2.6042,2.78019
1,6,36.25,9311,28088,7089,0.9311,2.8088,3.01665
1,6,36.5,9295,28671,7287,0.9295,2.8671,3.08456
1,6,36.75,9339,27051,6834,0.9339,2.7051,2.89656
1,6,37,9337,27191,6920,0.9337,2.7191,2.91218
1,6,37.25,9351,26594,6726,0.9351,2.6594,2.84397
1,6,37.5,9348,26626,6719,0.9348,2.6626,2.84831
1,6,37.75,9294,28672,7172,0.9294,2.8672,3.085
1,6,38,9355,26356,6710,0.9355,2.6356,2.81732
1,6,38.25,9390,25167,6438,0.939,2.5167,2.68019
1,6,38.5,9370,25731,6436,0.937,2.5731,2.7461
1,6,38.75,9333,27237,6889,0.9333,2.7237,2.91835
1,6,39,9332,27298,6942,0.9332,2.7298,2.9252
1,6,39.25,9321,27689,6979,0.9321,2.7689,2.9706
1,6,39.5,9301,28478,7131,0.9301,2.8478,3.06182
1,6,39.75,9305,28198,7009,0.9305,2.8198,3.03041
1,6,40,9322,27768,7044,0.9322,2.7768,2.97876
1,7,0,200,8432,130,0.02,0.8432,42.16
1,7,0.25,213,8896,93,0.0213,0.8896,41.7653
1,7,0.5,202,8433,91,0.0202,0.8433,41.7475
1,7,0.75,205,8538,82,0.0205,0.8538,41.6488
1,7,1,225,9345,80,0.0225,0.9345,41.5333
1,7,1.25,215,8987,87,0.0215,0.8987,41.8
1,7,1.5,212,8820,78,0.0212,0.882,41.6038
1,7,1.75,227,9441,93,0.0227,0.9441,41.5903
1,7,2,217,8987,101,0.0217,0.8987,41.4147
1,7,2.25,212,8789,86,0.0212,0.8789,41.4575
1,7,2.5,215,8938,95,0.0215,0.8938,41.5721
1,7,2.75,229,9483,96,0.0229,0.9483,41.4105
1,7,3,252,10351,106,0.0252,1.0351,41.0754
1,7,3.25,272,11154,113,0.0272,1.1154,41.0074
1,7,3.5,288,11759,133,0.0288,1.1759,40.8299
1,7,3.75,304,12422,142,0.0304,1.2422,40.8618
1,7,4,338,13724,159,0.0338,1.3724,40.6036
1,7,4.25,349,14198,170,0.0349,1.4198,40.6819
1,7,4.5,367,14873,197,0.0367,1.4873,40.5259
1,7,4.75,432,17336,226,0.0432,1.7336,40.1296
1,7,5,472,18901,274,0.0472,1.8901,40.0445
1,7,5.25,514,20538,314,0.0514,2.0538,39.9572
1,7,5.5,577,22783,407,0.0577,2.2783,39.4853
1,7,5.75,678,26389,506,0.0678,2.6389,38.9218
1,7,6,815,31293,654,0.0815,3.1293,38.3963
1,7,6.25,1009,37884,982,0.1009,3.7884,37.5461
1,7,6.5,1257,45767,1432,0.1257,4.5767,36.4097
1,7,6.75,1641,56919,2192,0.1641,5.6919,34.6856
1,7,7,2382,75296,4219,0.2382,7.5296,31.6104
1,7,7.25,3907,99087,9106,0.3907,9.9087,25.3614
1,7,7.5,7236,84418,15168,0.7236,8.4418,11.6664
1,7,7.75,9118,35075,8637,0.9118,3.5075,3.84679
1,7,8,9366,25962,6552,0.9366,2.5962,2.77194
1,7,8.25,9290,28786,7223,0.929,2.8786,3.0986
1,7,8.5,9295,28696,7179,0.9295,2.8696,3.08725
1,7,8.75,9284,29024,7228,0.9284,2.9024,3.12624
1,7,9,9354,26455,6699,0.9354,2.6455,2.8282
1,7,9.25,9334,27208,6839,0.9334,2.7208,2.91493
1,7,9.5,9323,27497,6892,0.9323,2.7497,2.94937
1,7,9.75,9317,27803,7014,0.9317,2.7803,2.98412
1,7,10,9308,28296,7171,0.9308,2.8296,3.03997
1,7,10.25,9361,26112,6628,0.9361,2.6112,2.78945
1,7,10.5,9313,27843,7000,0.9313,2.7843,2.98969
1,7,10.75,9323,27555,6931,0.9323,2.7555,2.95559
1,7,11,9409,24307,6137,0.9409,2.4307,2.58338
1,7,11.25,9352,26397,6677,0.9352,2.6397,2.8226
1,7,11.5,9393,24976,6375,0.9393,2.4976,2.659
1,7,11.75,9355,26365,6645,0.9355,2.6365,2.81828
1,7,12,9327,27363,6886,0.9327,2.7363,2.93374
1,7,12.25,9300,28481,7210,0.93,2.8481,3.06247
1,7,12.5,9352,26470,6663,0.9352,2.647,2.83041
1,7,12.75,9309,28165,7103,0.9309,2.8165,3.02557
1,7,13,9303,28334,7086,0.9303,2.8334,3.04568
1,7,13.25,9304,28400,7152,0.9304,2.84,3.05245
1,7,13.5,9314,27882,6986,0.9314,2.7882,2.99356
1,7,13.75,9298,28610,7201,0.9298,2.861,3.07701
1,7,14,9347,26724,6738,0.9347,2.6724,2.8591
1,7,14.25,9304,28303,7101,0.9304,2.8303,3.04202
1,7,14.5,9346,26806,6753,0.9346,2.6806,2.86818
1,7,14.75,9377,25607,6494,0.9377,2.5607,2.73083
1,7,15,9333,27231,6882,0.9333,2.7231,2.91771
1,7,15.25,9314,27929,7012,0.9314,2.7929,2.9986
1,7,15.5,9337,27113,6864,0.9337,2.7113,2.90382
1,7,15.75,9342,26930,6813,0.9342,2.693,2.88268
1,7,16,9353,26482,6680,0.9353,2.6482,2.83139
1,7,16.25,9355,26405,6702,0.9355,2.6405,2.82255
1,7,16.5,9335,27217,6910,0.9335,2.7217,2.91559
1,7,16.75,9351,26511,6745,0.9351,2.6511,2.8351
1,7,17,9318,27776,7024,0.9318,2.7776,2.9809
1,7,17.25,9360,26239,6682,0.936,2.6239,2.80331
1,7,17.5,9317,27819,7002,0.9317,2.7819,2.98583
1,7,17.75,9317,27769,7058,0.9317,2.7769,2.98047
1,7,18,9319,27801,7001,0.9319,2.7801,2.98326
1,7,18.25,9312,27943,7012,0.9312,2.7943,3.00075
1,7,18.5,9332,27339,6953,0.9332,2.7339,2.9296
1,7,18.75,9345,26625,6737,0.9345,2.6625,2.84912
1,7,19,9294,28717,7232,0.9294,2.8717,3.08984
1,7,19.25,9369,25856,6535,0.9369,2.5856,2.75974
1,7,19.5,9341,26884,6749,0.9341,2.6884,2.87806
1,7,19.75,9319,27718,6923,0.9319,2.7718,2.97435
1,7,20,9282,29039,7237,0.9282,2.9039,3.12853
1,7,20.25,9324,27568,6939,0.9324,2.7568,2.95667
1,7,20.5,9343,26946,6827,0.9343,2.6946,2.88408
1,7,20.75,9349,26654,6756,0.9349,2.6654,2.851
1,7,21,9420,23910,6089,0.942,2.391,2.53822
1,7,21.25,9310,28143,7146,0.931,2.8143,3.02288
1,7,21.5,9271,29571,7409,0.9271,2.9571,3.18962
1,7,21.75,9356,26405,6692,0.9356,2.6405,2.82225
1,7,22,9324,27605,6966,0.9324,2.7605,2.96064
1,7,22.25,9311,28089,7099,0.9311,2.8089,3.01675
1,7,22.5,9335,27125,6835,0.9335,2.7125,2.90573
1,7,22.75,9317,27801,6993,0.9317,2.7801,2.9839
1,7,23,9361,26240,6700,0.9361,2.624,2.80312
1,7,23.25,9337,27057,6812,0.9337,2.7057,2.89783
1,7,23.5,9351,26520,6740,0.9351,2.652,2.83606
1,7,23.75,9301,28422,7154,0.9301,2.8422,3.0558
1,7,24,9395,24820,6317,0.9395,2.482,2.64183
1,7,24.25,9315,27854,7022,0.9315,2.7854,2.99023
1,7,24.5,9324,27644,6938,0.9324,2.7644,2.96482
1,7,24.75,9368,25946,6575,0.9368,2.5946,2.76964
1,7,25,9343,26920,6804,0.9343,2.692,2.8813
1,7,25.25,9307,28186,7085,0.9307,2.8186,3.02847
1,7,25.5,9318,27765,6996,0.9318,2.7765,2.97972
1,7,25.75,9357,26326,6673,0.9357,2.6326,2.81351
1,7,26,9294,28806,7264,0.9294,2.8806,3.09942
1,7,26.25,9285,28929,7268,0.9285,2.8929,3.11567
1,7,26.5,9322,27730,7025,0.9322,2.773,2.97468
1,7,26.75,9341,26944,6804,0.9341,2.6944,2.88449
1,7,27,9330,27433,6969,0.933,2.7433,2.9403
1,7,27.25,9324,27514,6933,0.9324,2.7514,2.95088
1,7,27.5,9353,26463,6652,0.9353,2.6463,2.82936
1,7,27.75,9302,28238,7096,0.9302,2.8238,3.03569
1,7,28,9322,27596,6928,0.9322,2.7596,2.96031
1,7,28.25,9359,26238,6669,0.9359,2.6238,2.8035
1,7,28.5,9265,29773,7441,0.9265,2.9773,3.21349
1,7,28.75,9322,27631,6987,0.9322,2.7631,2.96406
1,7,29,9359,26208,6643,0.9359,2.6208,2.8003
1,7,29.25,9343,26768,6706,0.9343,2.6768,2.86503
1,7,29.5,9357,26283,6631,0.9357,2.6283,2.80891
1,7,29.75,9366,25988,6638,0.9366,2.5988,2.77472
1,7,30,9368,25830,6524,0.9368,2.583,2.75726
1,7,30.25,9353,26457,6712,0.9353,2.6457,2.82872
1,7,30.5,9338,27067,6850,0.9338,2.7067,2.89859
1,7,30.75,9273,29570,7417,0.9273,2.957,3.18883
1,7,31,9368,25852,6545,0.9368,2.5852,2.75961
1,7,31.25,9327,27431,6971,0.9327,2.7431,2.94103
1,7,31.5,9332,27192,6864,0.9332,2.7192,2.91384
1,7,31.75,9337,27122,6823,0.9337,2.7122,2.90479
1,7,32,9290,28871,7212,0.929,2.8871,3.10775
1,7,32.25,9333,27186,6851,0.9333,2.7186,2.91289
1,7,32.5,9328,27300,6872,0.9328,2.73,2.92667
1,7,32.75,9377,25569,6485,0.9377,2.5569,2.72678
1,7,33,9318,27546,6892,0.9318,2.7546,2.95621
1,7,33.25,9280,29188,7266,0.928,2.9188,3.14526
1,7,33.5,9327,27430,6960,0.9327,2.743,2.94092
1,7,33.75,9279,29154,7321,0.9279,2.9154,3.14193
1,7,34,9300,28440,7115,0.93,2.844,3.05806
1,7,34.25,9337,27022,6844,0.9337,2.7022,2.89408
1,7,34.5,9334,27229,6869,0.9334,2.7229,2.91718
1,7,34.75,9326,27402,6912,0.9326,2.7402,2.93824
1,7,35,9327,27502,6953,0.9327,2.7502,2.94864
1,7,35.25,9318,27759,7018,0.9318,2.7759,2.97907
1,7,35.5,9330,27282,6876,0.933,2.7282,2.92412
1,7,35.75,9341,26876,6761,0.9341,2.6876,2.87721
1,7,36,9305,28207,7090,0.9305,2.8207,3.03138
1,7,36.25,9345,26625,6672,0.9345,2.6625,2.84912
1,7,36.5,9355,26359,6693,0.9355,2.6359,2.81764
1,7,36.75,9295,28625,7195,0.9295,2.8625,3.07961
1,7,37,9305,28237,7106,0.9305,2.8237,3.03461
1,7,37.25,9347,26807,6789,0.9347,2.6807,2.86798
1,7,37.5,9288,28855,7234,0.9288,2.8855,3.1067
1,7,37.75,9325,27523,6947,0.9325,2.7523,2.95153
1,7,38,9336,27097,6822,0.9336,2.7097,2.90242
1,7,38.25,9329,27385,6898,0.9329,2.7385,2.93547
1,7,38.5,9312,27960,6993,0.9312,2.796,3.00258
1,7,38.75,9350,26624,6767,0.935,2.6624,2.84749
1,7,39,9344,26916,6823,0.9344,2.6916,2.88057
1,7,39.25,9418,23933,6184,0.9418,2.3933,2.5412
1,7,39.5,9313,27866,6972,0.9313,2.7866,2.99216
1,7,39.75,9347,26618,6740,0.9347,2.6618,2.84776
1,7,40,9383,25249,6328,0.9383,2.5249,2.69093
1,8,0,200,8416,133,0.02,0.8416,42.08
1,8,0.25,192,8026,83,0.0192,0.8026,41.8021
1,8,0.5,205,8512,76,0.0205,0.8512,41.522
1,8,0.75,198,8255,75,0.0198,0.8255,41.6919
1,8,1,193,8054,65,0.0193,0.8054,41.7306
1,8,1.25,206,8547,63,0.0206,0.8547,41.4903
1,8,1.5,203,8414,71,0.0203,0.8414,41.4483
1,8,1.75,190,7899,70,0.019,0.7899,41.5737
1,8,2,208,8645,84,0.0208,0.8645,41.5625
1,8,2.25,229,9463,101,0.0229,0.9463,41.3231
1,8,2.5,240,9945,89,0.024,0.9945,41.4375
1,8,2.75,262,10792,90,0.0262,1.0792,41.1908
1,8,3,296,12116,114,0.0296,1.2116,40.9324
1,8,3.25,299,12239,133,0.0299,1.2239,40.9331
1,8,3.5,313,12789,128,0.0313,1.2789,40.8594
1,8,3.75,324,13210,152,0.0324,1.321,40.7716
1,8,4,340,13809,174,0.034,1.3809,40.6147
1,8,4.25,352,14356,183,0.0352,1.4356,40.7841
1,8,4.5,402,16193,206,0.0402,1.6193,40.2811
1,8,4.75,442,17749,251,0.0442,1.7749,40.1561
1,8,5,477,19052,277,0.0477,1.9052,39.9413
1,8,5.25,504,20065,337,0.0504,2.0065,39.8115
1,8,5.5,567,22374,380,0.0567,2.2374,39.4603
1,8,5.75,630,24717,439,0.063,2.4717,39.2333
1,8,6,743,28771,523,0.0743,2.8771,38.7227
1,8,6.25,902,34217,747,0.0902,3.4217,37.9346
1,8,6.5,1127,41580,1094,0.1127,4.158,36.8944
1,8,6.75,1436,51151,1748,0.1436,5.1151,35.6205
1,8,7,1954,65494,2892,0.1954,6.5494,33.5179
1,8,7.25,2892,85525,5675,0.2892,8.5525,29.573
1,8,7.5,5248,104615,13036,0.5248,10.4615,19.9343
1,8,7.75,8530,53935,12034,0.853,5.3935,6.32298
1,8,8,9308,28105,7097,0.9308,2.8105,3.01945
1,8,8.25,9329,27334,6905,0.9329,2.7334,2.93
1,8,8.5,9317,27765,6951,0.9317,2.7765,2.98004
1,8,8.75,9358,26266,6625,0.9358,2.6266,2.8068
1,8,9,9319,27732,6984,0.9319,2.7732,2.97586
1,8,9.25,9335,27102,6837,0.9335,2.7102,2.90327
1,8,9.5,9373,25605,6485,0.9373,2.5605,2.73178
1,8,9.75,9353,26473,6715,0.9353,2.6473,2.83043
1,8,10,9360,26130,6626,0.936,2.613,2.79167
1,8,10.25,9267,29676,7421,0.9267,2.9676,3.20233
1,8,10.5,9340,26889,6753,0.934,2.6889,2.87891
1,8,10.75,9367,25923,6569,0.9367,2.5923,2.76748
1,8,11,9329,27444,6947,0.9329,2.7444,2.94179
1,8,11.25,9364,26000,6544,0.9364,2.6,2.77659
1,8,11.5,9316,27887,6982,0.9316,2.7887,2.99345
1,8,11.75,9304,28220,7087,0.9304,2.822,3.0331
1,8,12,9302,28353,7168,0.9302,2.8353,3.04805
1,8,12.25,9306,28196,7142,0.9306,2.8196,3.02987
1,8,12.5,9303,28390,7152,0.9303,2.839,3.0517
1,8,12.75,9310,28089,7122,0.931,2.8089,3.01708
1,8,13,9292,28675,7144,0.9292,2.8675,3.08599
1,8,13.25,9282,29136,7311,0.9282,2.9136,3.13898
1,8,13.5,9320,27757,7043,0.932,2.7757,2.97822
1,8,13.75,9299,28532,7179,0.9299,2.8532,3.06829
1,8,14,9398,24782,6295,0.9398,2.4782,2.63694
1,8,14.25,9297,28532,7184,0.9297,2.8532,3.06895
1,8,14.5,9338,27080,6838,0.9338,2.708,2.89998
1,8,14.75,9373,25815,6563,0.9373,2.5815,2.75419
1,8,15,9343,26895,6778,0.9343,2.6895,2.87863
1,8,15.25,9347,26625,6704,0.9347,2.6625,2.84851
1,8,15.5,9310,28049,7070,0.931,2.8049,3.01278
1,8,15.75,9324,27553,7002,0.9324,2.7553,2.95506
1,8,16,9362,26121,6666,0.9362,2.6121,2.79011
1,8,16.25,9276,29315,7341,0.9276,2.9315,3.16031
1,8,16.5,9266,29657,7407,0.9266,2.9657,3.20063
1,8,16.75,9344,26849,6752,0.9344,2.6849,2.87339
1,8,17,9293,28762,7172,0.9293,2.8762,3.09502
1,8,17.25,9336,27204,6897,0.9336,2.7204,2.91388
1,8,17.5,9347,26724,6775,0.9347,2.6724,2.8591
1,8,17.75,9274,29330,7335,0.9274,2.933,3.16261
1,8,18,9332,27352,6903,0.9332,2.7352,2.93099
1,8,18.25,9374,25554,6468,0.9374,2.5554,2.72605
1,8,18.5,9347,26661,6748,0.9347,2.6661,2.85236
1,8,18.75,9355,26376,6652,0.9355,2.6376,2.81945
1,8,19,9367,25941,6520,0.9367,2.5941,2.7694
1,8,19.25,9340,26922,6792,0.934,2.6922,2.88244
1,8,19.5,9296,28543,7166,0.9296,2.8543,3.07046
1,8,19.75,9318,27715,6971,0.9318,2.7715,2.97435
1,8,20,9272,29511,7428,0.9272,2.9511,3.18281
1,8,20.25,9357,26243,6605,0.9357,2.6243,2.80464
1,8,20.5,9309,28137,7085,0.9309,2.8137,3.02256
1,8,20.75,9322,27564,6979,0.9322,2.7564,2.95688
1,8,21,9343,26855,6746,0.9343,2.6855,2.87434
1,8,21.25,9344,26759,6752,0.9344,2.6759,2.86376
1,8,21.5,9348,26707,6776,0.9348,2.6707,2.85697
1,8,21.75,9376,25639,6509,0.9376,2.5639,2.73453
1,8,22,9363,26136,6647,0.9363,2.6136,2.79141
1,8,22.25,9385,25221,6387,0.9385,2.5221,2.68737
1,8,22.5,9339,26969,6789,0.9339,2.6969,2.88778
1,8,22.75,9378,25489,6463,0.9378,2.5489,2.71796
1,8,23,9332,27287,6901,0.9332,2.7287,2.92402
1,8,23.25,9315,27850,7019,0.9315,2.785,2.9898
1,8,23.5,9319,27687,6986,0.9319,2.7687,2.97103
1,8,23.75,9336,27072,6834,0.9336,2.7072,2.89974
1,8,24,9340,26885,6750,0.934,2.6885,2.87848
1,8,24.25,9332,27275,6947,0.9332,2.7275,2.92274
1,8,24.5,9323,27534,6912,0.9323,2.7534,2.95334
1,8,24.75,9356,26318,6701,0.9356,2.6318,2.81295
1,8,25,9371,25775,6543,0.9371,2.5775,2.75051
1,8,25.25,9343,26818,6737,0.9343,2.6818,2.87038
1,8,25.5,9337,27063,6883,0.9337,2.7063,2.89847
1,8,25.75,9331,27255,6863,0.9331,2.7255,2.92091
1,8,26,9339,27076,6854,0.9339,2.7076,2.89924
1,8,26.25,9317,27786,6992,0.9317,2.7786,2.98229
1,8,26.5,9316,27820,6955,0.9316,2.782,2.98626
1,8,26.75,9343,26795,6764,0.9343,2.6795,2.86792
1,8,27,9316,27961,7080,0.9316,2.7961,3.0014
1,8,27.25,9338,27033,6825,0.9338,2.7033,2.89495
1,8,27.5,9362,26034,6582,0.9362,2.6034,2.78082
1,8,27.75,9321,27821,7075,0.9321,2.7821,2.98477
1,8,28,9344,26829,6791,0.9344,2.6829,2.87125
1,8,28.25,9336,27167,6857,0.9336,2.7167,2.90992
1,8,28.5,9329,27367,6917,0.9329,2.7367,2.93354
1,8,28.75,9348,26704,6802,0.9348,2.6704,2.85665
1,8,29,9316,27893,7002,0.9316,2.7893,2.9941
1,8,29.25,9317,27857,7001,0.9317,2.7857,2.98991
1,8,29.5,9338,27034,6806,0.9338,2.7034,2.89505
1,8,29.75,9318,27821,7006,0.9318,2.7821,2.98573
1,8,30,9321,27820,7050,0.9321,2.782,2.98466
1,8,30.25,9318,27833,7008,0.9318,2.7833,2.98701
1,8,30.5,9319,27713,6934,0.9319,2.7713,2.97382
1,8,30.75,9341,26839,6768,0.9341,2.6839,2.87325
1,8,31,9333,27168,6888,0.9333,2.7168,2.91096
1,8,31.25,9289,28852,7187,0.9289,2.8852,3.10604
1,8,31.5,9294,28688,7187,0.9294,2.8688,3.08672
1,8,31.75,9277,29430,7420,0.9277,2.943,3.17236
1,8,32,9331,27295,6845,0.9331,2.7295,2.9252
1,8,32.25,9364,25920,6532,0.9364,2.592,2.76805
1,8,32.5,9284,29039,7263,0.9284,2.9039,3.12785
1,8,32.75,9333,27162,6842,0.9333,2.7162,2.91032
1,8,33,9367,25916,6563,0.9367,2.5916,2.76673
1,8,33.25,9327,27479,6986,0.9327,2.7479,2.94618
1,8,33.5,9337,27085,6871,0.9337,2.7085,2.90082
1,8,33.75,9396,24895,6376,0.9396,2.4895,2.64953
1,8,34,9305,28410,7204,0.9305,2.841,3.0532
1,8,34.25,9383,25293,6342,0.9383,2.5293,2.69562
1,8,34.5,9339,26966,6812,0.9339,2.6966,2.88746
1,8,34.75,9319,27737,7041,0.9319,2.7737,2.97639
1,8,35,9349,26692,6793,0.9349,2.6692,2.85506
1,8,35.25,9334,27125,6776,0.9334,2.7125,2.90604
1,8,35.5,9328,27390,6903,0.9328,2.739,2.93632
1,8,35.75,9307,28131,7088,0.9307,2.8131,3.02256
1,8,36,9330,27408,6914,0.933,2.7408,2.93762
1,8,36.25,9352,26603,6737,0.9352,2.6603,2.84463
1,8,36.5,9309,28152,7060,0.9309,2.8152,3.02417
1,8,36.75,9344,26684,6703,0.9344,2.6684,2.85574
1,8,37,9338,26958,6783,0.9338,2.6958,2.88691
1,8,37.25,9322,27628,6954,0.9322,2.7628,2.96374
1,8,37.5,9328,27281,6874,0.9328,2.7281,2.92464
1,8,37.75,9365,25999,6617,0.9365,2.5999,2.77619
1,8,38,9296,28763,7265,0.9296,2.8763,3.09413
1,8,38.25,9389,25102,6399,0.9389,2.5102,2.67355
1,8,38.5,9336,27149,6883,0.9336,2.7149,2.90799
1,8,38.75,9377,25611,6561,0.9377,2.5611,2.73126
1,8,39,9322,27689,6969,0.9322,2.7689,2.97029
1,8,39.25,9344,26899,6832,0.9344,2.6899,2.87875
1,8,39.5,9402,24663,6338,0.9402,2.4663,2.62317
1,8,39.75,9336,27068,6830,0.9336,2.7068,2.89931
1,8,40,9382,25336,6441,0.9382,2.5336,2.70049
1,9,0,200,8408,133,0.02,0.8408,42.04
1,9,0.25,220,9152,96,0.022,0.9152,41.6
1,9,0.5,210,8732,79,0.021,0.8732,41.581
1,9,0.75,196,8207,74,0.0196,0.8207,41.8724
1,9,1,213,8856,72,0.0213,0.8856,41.5775
1,9,1.25,236,9739,89,0.0236,0.9739,41.2669
1,9,1.5,252,10391,98,0.0252,1.0391,41.2341
1,9,1.75,259,10653,95,0.0259,1.0653,41.1313
1,9,2,266,10917,100,0.0266,1.0917,41.0414
1,9,2.25,299,12202,122,0.0299,1.2202,40.8094
1,9,2.5,313,12736,124,0.0313,1.2736,40.6901
1,9,2.75,328,13318,148,0.0328,1.3318,40.6037
1,9,3,338,13727,149,0.0338,1.3727,40.6124
1,9,3.25,355,14397,172,0.0355,1.4397,40.5549
1,9,3.5,411,16541,203,0.0411,1.6541,40.2457
1,9,3.75,458,18332,252,0.0458,1.8332,40.0262
1,9,4,488,19484,281,0.0488,1.9484,39.9262
1,9,4.25,528,20965,330,0.0528,2.0965,39.7064
1,9,4.5,611,23946,444,0.0611,2.3946,39.1915
1,9,4.75,700,27215,536,0.07,2.7215,38.8786
1,9,5,799,30640,651,0.0799,3.064,38.3479
1,9,5.25,947,35601,853,0.0947,3.5601,37.5935
1,9,5.5,1179,43230,1279,0.1179,4.323,36.6667
1,9,5.75,1514,53218,1986,0.1514,5.3218,35.1506
1,9,6,2123,69249,3416,0.2123,6.9249,32.6185
1,9,6.25,3317,91950,7193,0.3317,9.195,27.7208
1,9,6.5,6167,99781,14846,0.6167,9.9781,16.1798
1,9,6.75,8944,40988,9736,0.8944,4.0988,4.58274
1,9,7,9310,28009,7003,0.931,2.8009,3.00849
1,9,7.25,9295,28623,7148,0.9295,2.8623,3.0794
1,9,7.5,9316,27879,7055,0.9316,2.7879,2.99259
1,9,7.75,9356,26324,6677,0.9356,2.6324,2.8136
1,9,8,9354,26533,6746,0.9354,2.6533,2.83654
1,9,8.25,9338,26931,6776,0.9338,2.6931,2.88402
1,9,8.5,9305,28306,7128,0.9305,2.8306,3.04202
1,9,8.75,9303,28207,7102,0.9303,2.8207,3.03203
1,9,9,9331,27200,6834,0.9331,2.72,2.91501
1,9,9.25,9323,27612,6981,0.9323,2.7612,2.96171
1,9,9.5,9347,26742,6772,0.9347,2.6742,2.86102
1,9,9.75,9340,26898,6746,0.934,2.6898,2.87987
1,9,10,9357,26456,6754,0.9357,2.6456,2.8274
1,9,10.25,9375,25654,6520,0.9375,2.5654,2.73643
1,9,10.5,9351,26456,6650,0.9351,2.6456,2.82922
1,9,10.75,9351,26534,6698,0.9351,2.6534,2.83756
1,9,11,9312,28017,7036,0.9312,2.8017,3.0087
1,9,11.25,9349,26576,6707,0.9349,2.6576,2.84266
1,9,11.5,9349,26593,6645,0.9349,2.6593,2.84448
1,9,11.75,9339,26937,6824,0.9339,2.6937,2.88436
1,9,12,9351,26466,6716,0.9351,2.6466,2.83029
1,9,12.25,9350,26605,6707,0.935,2.6605,2.84545
1,9,12.5,9314,28062,7151,0.9314,2.8062,3.01288
1,9,12.75,9345,26734,6769,0.9345,2.6734,2.86078
1,9,13,9378,25465,6469,0.9378,2.5465,2.7154
1,9,13.25,9371,25809,6577,0.9371,2.5809,2.75414
1,9,13.5,9350,26584,6728,0.935,2.6584,2.84321
1,9,13.75,9341,26977,6859,0.9341,2.6977,2.88802
1,9,14,9361,26162,6610,0.9361,2.6162,2.79479
1,9,14.25,9328,27394,6948,0.9328,2.7394,2.93675
1,9,14.5,9305,28321,7138,0.9305,2.8321,3.04363
1,9,14.75,9292,28746,7237,0.9292,2.8746,3.09363
1,9,15,9367,25941,6631,0.9367,2.5941,2.7694
1,9,15.25,9324,27411,6870,0.9324,2.7411,2.93983
1,9,15.5,9383,25337,6435,0.9383,2.5337,2.70031
1,9,15.75,9348,26610,6745,0.9348,2.661,2.8466
1,9,16,9359,26161,6617,0.9359,2.6161,2.79528
1,9,16.25,9350,26603,6763,0.935,2.6603,2.84524
1,9,16.5,9323,27697,6985,0.9323,2.7697,2.97082
1,9,16.75,9284,29066,7289,0.9284,2.9066,3.13076
1,9,17,9302,28382,7136,0.9302,2.8382,3.05117
1,9,17.25,9363,26024,6597,0.9363,2.6024,2.77945
1,9,17.5,9382,25374,6449,0.9382,2.5374,2.70454
1,9,17.75,9299,28347,7113,0.9299,2.8347,3.04839
1,9,18,9308,28133,7059,0.9308,2.8133,3.02245
1,9,18.25,9333,27203,6840,0.9333,2.7203,2.91471
1,9,18.5,9363,26055,6575,0.9363,2.6055,2.78276
1,9,18.75,9315,27952,7081,0.9315,2.7952,3.00075
1,9,19,9326,27462,6885,0.9326,2.7462,2.94467
1,9,19.25,9353,26411,6672,0.9353,2.6411,2.8238
1,9,19.5,9340,26940,6758,0.934,2.694,2.88437
1,9,19.75,9348,26556,6683,0.9348,2.6556,2.84082
1,9,20,9352,26448,6672,0.9352,2.6448,2.82806
1,9,20.25,9335,27205,6851,0.9335,2.7205,2.9143
1,9,20.5,9367,25887,6536,0.9367,2.5887,2.76364
1,9,20.75,9319,27678,6975,0.9319,2.7678,2.97006
1,9,21,9332,27254,6806,0.9332,2.7254,2.92049
1,9,21.25,9293,28662,7155,0.9293,2.8662,3.08426
1,9,21.5,9324,27564,6947,0.9324,2.7564,2.95624
1,9,21.75,9403,24614,6236,0.9403,2.4614,2.61768
1,9,22,9319,27663,6975,0.9319,2.7663,2.96845
1,9,22.25,9354,26432,6692,0.9354,2.6432,2.82574
1,9,22.5,9304,28298,7122,0.9304,2.8298,3.04149
1,9,22.75,9299,28514,7163,0.9299,2.8514,3.06635
1,9,23,9353,26475,6697,0.9353,2.6475,2.83064
1,9,23.25,9344,26766,6773,0.9344,2.6766,2.86451
1,9,23.5,9312,27985,7033,0.9312,2.7985,3.00526
1,9,23.75,9348,26678,6747,0.9348,2.6678,2.85387
1,9,24,9304,28368,7177,0.9304,2.8368,3.04901
1,9,24.25,9346,26699,6697,0.9346,2.6699,2.85673
1,9,24.5,9286,29077,7331,0.9286,2.9077,3.13127
1,9,24.75,9326,27386,6916,0.9326,2.7386,2.93652
1,9,25,9292,28790,7183,0.9292,2.879,3.09836
1,9,25.25,9358,26259,6681,0.9358,2.6259,2.80605
1,9,25.5,9298,28534,7209,0.9298,2.8534,3.06883
1,9,25.75,9352,26466,6717,0.9352,2.6466,2.82998
1,9,26,9311,27981,7021,0.9311,2.7981,3.00516
1,9,26.25,9365,26092,6627,0.9365,2.6092,2.78612
1,9,26.5,9325,27588,6994,0.9325,2.7588,2.9585
1,9,26.75,9342,26865,6828,0.9342,2.6865,2.87572
1,9,27,9324,27593,6955,0.9324,2.7593,2.95935
1,9,27.25,9273,29362,7337,0.9273,2.9362,3.1664
1,9,27.5,9311,28025,7085,0.9311,2.8025,3.00988
1,9,27.75,9289,28780,7210,0.9289,2.878,3.09829
1,9,28,9295,28708,7191,0.9295,2.8708,3.08854
1,9,28.25,9306,28129,7069,0.9306,2.8129,3.02267
1,9,28.5,9318,27748,6950,0.9318,2.7748,2.97789
1,9,28.75,9358,26250,6687,0.9358,2.625,2.80509
1,9,29,9333,27297,6922,0.9333,2.7297,2.92478
1,9,29.25,9384,25250,6418,0.9384,2.525,2.69075
1,9,29.5,9382,25383,6413,0.9382,2.5383,2.7055
1,9,29.75,9307,28203,7099,0.9307,2.8203,3.0303
1,9,30,9338,27075,6808,0.9338,2.7075,2.89944
1,9,30.25,9297,28689,7252,0.9297,2.8689,3.08583
1,9,30.5,9300,28394,7172,0.93,2.8394,3.05312
1,9,30.75,9340,26923,6795,0.934,2.6923,2.88255
1,9,31,9303,28368,7121,0.9303,2.8368,3.04934
1,9,31.25,9361,26141,6585,0.9361,2.6141,2.79254
1,9,31.5,9349,26662,6765,0.9349,2.6662,2.85186
1,9,31.75,9334,27188,6850,0.9334,2.7188,2.91279
1,9,32,9407,24368,6191,0.9407,2.4368,2.59041
1,9,32.25,9348,26597,6691,0.9348,2.6597,2.84521
1,9,32.5,9342,26917,6792,0.9342,2.6917,2.88129
1,9,32.75,9375,25634,6487,0.9375,2.5634,2.73429
1,9,33,9314,27950,7011,0.9314,2.795,3.00086
1,9,33.25,9306,28222,7125,0.9306,2.8222,3.03267
1,9,33.5,9315,27981,7080,0.9315,2.7981,3.00386
1,9,33.75,9325,27410,6887,0.9325,2.741,2.93941
1,9,34,9338,26988,6796,0.9338,2.6988,2.89013
1,9,34.25,9336,27150,6857,0.9336,2.715,2.9081
1,9,34.5,9358,26349,6721,0.9358,2.6349,2.81567
1,9,34.75,9306,28144,7102,0.9306,2.8144,3.02429
1,9,35,9363,26023,6565,0.9363,2.6023,2.77934
1,9,35.25,9321,27676,6946,0.9321,2.7676,2.96921
1,9,35.5,9368,25898,6577,0.9368,2.5898,2.76452
1,9,35.75,9357,26234,6616,0.9357,2.6234,2.80368
1,9,36,9343,26899,6835,0.9343,2.6899,2.87905
1,9,36.25,9317,27804,7002,0.9317,2.7804,2.98422
1,9,36.5,9320,27652,6986,0.932,2.7652,2.96695
1,9,36.75,9312,28122,7058,0.9312,2.8122,3.01997
1,9,37,9340,26959,6791,0.934,2.6959,2.8864
1,9,37.25,9362,26189,6651,0.9362,2.6189,2.79737
1,9,37.5,9350,26586,6723,0.935,2.6586,2.84342
1,9,37.75,9330,27318,6854,0.933,2.7318,2.92797
1,9,38,9286,28940,7283,0.9286,2.894,3.11652
1,9,38.25,9318,27749,6947,0.9318,2.7749,2.978
1,9,38.5,9353,26450,6690,0.9353,2.645,2.82797
1,9,38.75,9342,26849,6737,0.9342,2.6849,2.87401
1,9,39,9411,24161,6189,0.9411,2.4161,2.56731
1,9,39.25,9317,27902,7061,0.9317,2.7902,2.99474
1,9,39.5,9311,28048,7059,0.9311,2.8048,3.01235
1,9,39.75,9305,28292,7114,0.9305,2.8292,3.04052
1,9,40,9380,25448,6453,0.938,2.5448,2.71301
1,10,0,200,8421,143,0.02,0.8421,42.105
1,10,0.25,221,9187,110,0.0221,0.9187,41.5701
1,10,0.5,243,10022,105,0.0243,1.0022,41.2428
1,10,0.75,247,10182,98,0.0247,1.0182,41.2227
1,10,1,251,10343,103,0.0251,1.0343,41.2072
1,10,1.25,256,10534,114,0.0256,1.0534,41.1484
1,10,1.5,262,10765,120,0.0262,1.0765,41.0878
1,10,1.75,265,10926,111,0.0265,1.0926,41.2302
1,10,2,274,11270,119,0.0274,1.127,41.1314
1,10,2.25,264,10892,113,0.0264,1.0892,41.2576
1,10,2.5,264,10874,106,0.0264,1.0874,41.1894
1,10,2.75,279,11427,112,0.0279,1.1427,40.957
1,10,3,276,11365,124,0.0276,1.1365,41.1775
1,10,3.25,312,12738,128,0.0312,1.2738,40.8269
1,10,3.5,323,13146,151,0.0323,1.3146,40.6997
1,10,3.75,312,12773,140,0.0312,1.2773,40.9391
1,10,4,321,13144,163,0.0321,1.3144,40.947
1,10,4.25,352,14321,164,0.0352,1.4321,40.6847
1,10,4.5,379,15370,168,0.0379,1.537,40.5541
1,10,4.75,392,15877,206,0.0392,1.5877,40.5026
1,10,5,396,15987,199,0.0396,1.5987,40.3712
1,10,5.25,432,17319,223,0.0432,1.7319,40.0903
1,10,5.5,475,18968,251,0.0475,1.8968,39.9326
1,10,5.75,530,21055,313,0.053,2.1055,39.7264
1,10,6,539,21445,340,0.0539,2.1445,39.7866
1,10,6.25,623,24540,441,0.0623,2.454,39.39
1,10,6.5,726,28195,537,0.0726,2.8195,38.8361
1,10,6.75,883,33587,774,0.0883,3.3587,38.0374
1,10,7,1063,39574,1020,0.1063,3.9574,37.2286
1,10,7.25,1406,50251,1659,0.1406,5.0251,35.7404
1,10,7.5,1934,64864,2910,0.1934,6.4864,33.5388
1,10,7.75,3009,87518,6163,0.3009,8.7518,29.0854
1,10,8,5349,104515,13435,0.5349,10.4515,19.5392
1,10,8.25,8555,53516,11902,0.8555,5.3516,6.25552
1,10,8.5,9295,28542,7109,0.9295,2.8542,3.07068
1,10,8.75,9307,28143,7073,0.9307,2.8143,3.02385
1,10,9,9305,28385,7207,0.9305,2.8385,3.05051
1,10,9.25,9357,26290,6615,0.9357,2.629,2.80966
1,10,9.5,9377,25487,6454,0.9377,2.5487,2.71803
1,10,9.75,9350,26546,6712,0.935,2.6546,2.83914
1,10,10,9325,27515,6921,0.9325,2.7515,2.95067
1,10,10.25,9348,26718,6820,0.9348,2.6718,2.85815
1,10,10.5,9327,27389,6908,0.9327,2.7389,2.93653
1,10,10.75,9358,26234,6663,0.9358,2.6234,2.80338
1,10,11,9317,27808,7018,0.9317,2.7808,2.98465
1,10,11.25,9303,28415,7210,0.9303,2.8415,3.05439
1,10,11.5,9368,25974,6640,0.9368,2.5974,2.77263
1,10,11.75,9323,27573,6962,0.9323,2.7573,2.95752
1,10,12,9324,27572,6931,0.9324,2.7572,2.9571
1,10,12.25,9365,25943,6585,0.9365,2.5943,2.77021
1,10,12.5,9327,27392,6861,0.9327,2.7392,2.93685
1,10,12.75,9303,28372,7195,0.9303,2.8372,3.04977
1,10,13,9358,26332,6631,0.9358,2.6332,2.81385
1,10,13.25,9351,26481,6714,0.9351,2.6481,2.83189
1,10,13.5,9353,26452,6707,0.9353,2.6452,2.82818
1,10,13.75,9311,28069,7051,0.9311,2.8069,3.01461
1,10,14,9315,27904,7084,0.9315,2.7904,2.9956
1,10,14.25,9340,27034,6805,0.934,2.7034,2.89443
1,10,14.5,9345,26850,6796,0.9345,2.685,2.87319
1,10,14.75,9345,26734,6746,0.9345,2.6734,2.86078
1,10,15,9328,27505,6962,0.9328,2.7505,2.94865
1,10,15.25,9366,25942,6575,0.9366,2.5942,2.76981
1,10,15.5,9369,25801,6523,0.9369,2.5801,2.75387
1,10,15.75,9317,27800,7046,0.9317,2.78,2.98379
1,10,16,9343,26813,6764,0.9343,2.6813,2.86985
1,10,16.25,9330,27366,6869,0.933,2.7366,2.93312
1,10,16.5,9319,27730,7023,0.9319,2.773,2.97564
1,10,16.75,9357,26249,6628,0.9357,2.6249,2.80528
1,10,17,9364,25982,6578,0.9364,2.5982,2.77467
1,10,17.25,9320,27731,6969,0.932,2.7731,2.97543
1,10,17.5,9320,27685,7011,0.932,2.7685,2.97049
1,10,17.75,9333,27239,6862,0.9333,2.7239,2.91857
1,10,18,9298,28506,7156,0.9298,2.8506,3.06582
1,10,18.25,9356,26372,6688,0.9356,2.6372,2.81873
1,10,18.5,9360,26137,6592,0.936,2.6137,2.79241
1,10,18.75,9332,27211,6790,0.9332,2.7211,2.91588
1,10,19,9313,28046,7094,0.9313,2.8046,3.01149
1,10,19.25,9315,27988,7060,0.9315,2.7988,3.00462
1,10,19.5,9262,29855,7468,0.9262,2.9855,3.22339
1,10,19.75,9344,26684,6733,0.9344,2.6684,2.85574
1,10,20,9376,25635,6464,0.9376,2.5635,2.73411
1,10,20.25,9351,26544,6725,0.9351,2.6544,2.83863
1,10,20.5,9289,28941,7251,0.9289,2.8941,3.11562
1,10,20.75,9320,27717,6939,0.932,2.7717,2.97393
1,10,21,9334,27168,6846,0.9334,2.7168,2.91065
1,10,21.25,9331,27346,6943,0.9331,2.7346,2.93066
1,10,21.5,9362,25985,6553,0.9362,2.5985,2.77558
1,10,21.75,9339,27105,6954,0.9339,2.7105,2.90235
1,10,22,9352,26533,6703,0.9352,2.6533,2.83715
1,10,22.25,9291,28931,7307,0.9291,2.8931,3.11387
1,10,22.5,9310,28036,7021,0.931,2.8036,3.01139
1,10,22.75,9333,27220,6855,0.9333,2.722,2.91653
1,10,23,9355,26377,6625,0.9355,2.6377,2.81956
1,10,23.25,9313,27937,7041,0.9313,2.7937,2.99979
1,10,23.5,9350,26594,6773,0.935,2.6594,2.84428
1,10,23.75,9289,28880,7217,0.9289,2.888,3.10905
1,10,24,9381,25403,6434,0.9381,2.5403,2.70792
1,10,24.25,9346,26727,6733,0.9346,2.6727,2.85973
1,10,24.5,9353,26504,6726,0.9353,2.6504,2.83374
1,10,24.75,9339,26959,6822,0.9339,2.6959,2.88671
1,10,25,9298,28632,7255,0.9298,2.8632,3.07937
1,10,25.25,9336,27233,6942,0.9336,2.7233,2.91699
1,10,25.5,9321,27682,6939,0.9321,2.7682,2.96985
1,10,25.75,9323,27530,6952,0.9323,2.753,2.95291
1,10,26,9314,27973,7047,0.9314,2.7973,3.00333
1,10,26.25,9311,28078,7120,0.9311,2.8078,3.01557
1,10,26.5,9251,30200,7523,0.9251,3.02,3.26451
1,10,26.75,9368,25934,6571,0.9368,2.5934,2.76836
1,10,27,9303,28383,7121,0.9303,2.8383,3.05095
1,10,27.25,9319,27748,7033,0.9319,2.7748,2.97757
1,10,27.5,9358,26212,6613,0.9358,2.6212,2.80103
1,10,27.75,9329,27444,6927,0.9329,2.7444,2.94179
1,10,28,9324,27499,6933,0.9324,2.7499,2.94927
1,10,28.25,9361,26184,6618,0.9361,2.6184,2.79714
1,10,28.5,9356,26328,6653,0.9356,2.6328,2.81402
1,10,28.75,9335,27137,6862,0.9335,2.7137,2.90702
1,10,29,9292,28774,7193,0.9292,2.8774,3.09664
1,10,29.25,9334,27187,6867,0.9334,2.7187,2.91268
1,10,29.5,9291,28893,7312,0.9291,2.8893,3.10978
1,10,29.75,9301,28518,7189,0.9301,2.8518,3.06612
1,10,30,9293,28772,7195,0.9293,2.8772,3.09609
1,10,30.25,9316,27851,7046,0.9316,2.7851,2.98959
1,10,30.5,9366,25845,6480,0.9366,2.5845,2.75945
1,10,30.75,9329,27330,6919,0.9329,2.733,2.92957
1,10,31,9360,26201,6678,0.936,2.6201,2.79925
1,10,31.25,9311,28162,7122,0.9311,2.8162,3.02459
1,10,31.5,9309,28031,7076,0.9309,2.8031,3.01117
1,10,31.75,9346,26803,6775,0.9346,2.6803,2.86786
1,10,32,9360,26214,6593,0.936,2.6214,2.80064
1,10,32.25,9362,26121,6535,0.9362,2.6121,2.79011
1,10,32.5,9322,27597,6896,0.9322,2.7597,2.96042
1,10,32.75,9313,27985,7049,0.9313,2.7985,3.00494
1,10,33,9355,26398,6653,0.9355,2.6398,2.82181
1,10,33.25,9376,25647,6477,0.9376,2.5647,2.73539
1,10,33.5,9341,26956,6808,0.9341,2.6956,2.88577
1,10,33.75,9304,28341,7149,0.9304,2.8341,3.04611
1,10,34,9374,25611,6498,0.9374,2.5611,2.73213
1,10,34.25,9319,27772,6974,0.9319,2.7772,2.98015
1,10,34.5,9329,27444,6958,0.9329,2.7444,2.94179
1,10,34.75,9288,28806,7195,0.9288,2.8806,3.10142
1,10,35,9334,27161,6831,0.9334,2.7161,2.9099
1,10,35.25,9308,28207,7083,0.9308,2.8207,3.0304
1,10,35.5,9329,27364,6925,0.9329,2.7364,2.93322
1,10,35.75,9298,28459,7165,0.9298,2.8459,3.06077
1,10,36,9339,27182,6870,0.9339,2.7182,2.91059
1,10,36.25,9363,26001,6616,0.9363,2.6001,2.77699
1,10,36.5,9344,26831,6795,0.9344,2.6831,2.87147
1,10,36.75,9343,26744,6763,0.9343,2.6744,2.86246
1,10,37,9327,27502,6946,0.9327,2.7502,2.94864
1,10,37.25,9356,26300,6634,0.9356,2.63,2.81103
1,10,37.5,9314,27948,7064,0.9314,2.7948,3.00064
1,10,37.75,9308,28139,7002,0.9308,2.8139,3.0231
1,10,38,9335,27212,6892,0.9335,2.7212,2.91505
1,10,38.25,9317,27842,6999,0.9317,2.7842,2.9883
1,10,38.5,9334,27163,6819,0.9334,2.7163,2.91011
1,10,38.75,9323,27653,7021,0.9323,2.7653,2.96611
1,10,39,9384,25301,6430,0.9384,2.5301,2.69618
1,10,39.25,9329,27374,6847,0.9329,2.7374,2.93429
1,10,39.5,9348,26663,6765,0.9348,2.6663,2.85227
1,10,39.75,9413,24130,6130,0.9413,2.413,2.56348
1,10,40,9350,26651,6776,0.935,2.6651,2.85037
1,11,0,200,8409,146,0.02,0.8409,42.045
1,11,0.25,232,9615,105,0.0232,0.9615,41.444
1,11,0.5,230,9531,92,0.023,0.9531,41.4391
1,11,0.75,234,9705,90,0.0234,0.9705,41.4744
1,11,1,241,9962,113,0.0241,0.9962,41.3361
1,11,1.25,254,10404,100,0.0254,1.0404,40.9606
1,11,1.5,266,10932,131,0.0266,1.0932,41.0977
1,11,1.75,256,10496,109,0.0256,1.0496,41
1,11,2,259,10669,104,0.0259,1.0669,41.1931
1,11,2.25,257,10577,99,0.0257,1.0577,41.1556
1,11,2.5,259,10641,106,0.0259,1.0641,41.0849
1,11,2.75,293,11975,134,0.0293,1.1975,40.8703
1,11,3,302,12323,109,0.0302,1.2323,40.8046
1,11,3.25,311,12721,135,0.0311,1.2721,40.9035
1,11,3.5,333,13562,167,0.0333,1.3562,40.7267
1,11,3.75,381,15372,191,0.0381,1.5372,40.3465
1,11,4,402,16198,210,0.0402,1.6198,40.2935
1,11,4.25,422,16989,218,0.0422,1.6989,40.2583
1,11,4.5,437,17424,236,0.0437,1.7424,39.8719
1,11,4.75,460,18271,240,0.046,1.8271,39.7196
1,11,5,525,20852,305,0.0525,2.0852,39.7181
1,11,5.25,591,23200,330,0.0591,2.32,39.2555
1,11,5.5,653,25466,420,0.0653,2.5466,38.9985
1,11,5.75,717,27824,534,0.0717,2.7824,38.8061
1,11,6,832,31935,683,0.0832,3.1935,38.3834
1,11,6.25,1003,37709,957,0.1003,3.7709,37.5962
1,11,6.5,1233,45056,1370,0.1233,4.5056,36.5418
1,11,6.75,1654,57579,2320,0.1654,5.7579,34.812
1,11,7,2377,75374,4206,0.2377,7.5374,31.7097
1,11,7.25,4043,100194,9305,0.4043,10.0194,24.7821
1,11,7.5,7335,83330,15397,0.7335,8.333,11.3606
1,11,7.75,9234,30926,7736,0.9234,3.0926,3.34914
1,11,8,9301,28410,7144,0.9301,2.841,3.05451
1,11,8.25,9350,26530,6696,0.935,2.653,2.83743
1,11,8.5,9340,26965,6828,0.934,2.6965,2.88704
1,11,8.75,9332,27274,6864,0.9332,2.7274,2.92263
1,11,9,9283,29105,7351,0.9283,2.9105,3.1353
1,11,9.25,9301,28402,7116,0.9301,2.8402,3.05365
1,11,9.5,9357,26358,6686,0.9357,2.6358,2.81693
1,11,9.75,9319,27779,6991,0.9319,2.7779,2.9809
1,11,10,9310,28010,7033,0.931,2.801,3.00859
1,11,10.25,9322,27649,6981,0.9322,2.7649,2.96599
1,11,10.5,9340,26969,6823,0.934,2.6969,2.88747
1,11,10.75,9353,26500,6764,0.9353,2.65,2.83332
1,11,11,9342,26879,6775,0.9342,2.6879,2.87722
1,11,11.25,9364,26064,6603,0.9364,2.6064,2.78343
1,11,11.5,9302,28359,7149,0.9302,2.8359,3.0487
1,11,11.75,9328,27502,6959,0.9328,2.7502,2.94833
1,11,12,9366,25927,6523,0.9366,2.5927,2.7682
1,11,12.25,9337,27004,6830,0.9337,2.7004,2.89215
1,11,12.5,9361,26102,6543,0.9361,2.6102,2.78838
1,11,12.75,9294,28558,7116,0.9294,2.8558,3.07274
1,11,13,9355,26338,6654,0.9355,2.6338,2.81539
1,11,13.25,9345,26707,6678,0.9345,2.6707,2.85789
1,11,13.5,9308,28114,7030,0.9308,2.8114,3.02041
1,11,13.75,9347,26597,6706,0.9347,2.6597,2.84551
1,11,14,9306,28249,7164,0.9306,2.8249,3.03557
1,11,14.25,9295,28616,7163,0.9295,2.8616,3.07864
1,11,14.5,9346,26711,6770,0.9346,2.6711,2.85801
1,11,14.75,9298,28624,7213,0.9298,2.8624,3.07851
1,11,15,9313,28023,7108,0.9313,2.8023,3.00902
1,11,15.25,9337,27041,6774,0.9337,2.7041,2.89611
1,11,15.5,9342,26830,6804,0.9342,2.683,2.87198
1,11,15.75,9297,28605,7169,0.9297,2.8605,3.0768
1,11,16,9344,26779,6722,0.9344,2.6779,2.8659
1,11,16.25,9292,28783,7230,0.9292,2.8783,3.09761
1,11,16.5,9316,27942,7060,0.9316,2.7942,2.99936
1,11,16.75,9363,26098,6614,0.9363,2.6098,2.78735
1,11,17,9297,28655,7209,0.9297,2.8655,3.08218
1,11,17.25,9360,26124,6558,0.936,2.6124,2.79103
1,11,17.5,9350,26492,6686,0.935,2.6492,2.83337
1,11,17.75,9327,27372,6890,0.9327,2.7372,2.93471
1,11,18,9355,26351,6583,0.9355,2.6351,2.81678
1,11,18.25,9335,27048,6794,0.9335,2.7048,2.89748
1,11,18.5,9363,26223,6681,0.9363,2.6223,2.8007
1,11,18.75,9322,27614,6967,0.9322,2.7614,2.96224
1,11,19,9362,26148,6589,0.9362,2.6148,2.79299
1,11,19.25,9351,26519,6728,0.9351,2.6519,2.83595
1,11,19.5,9350,26517,6706,0.935,2.6517,2.83604
1,11,19.75,9296,28553,7128,0.9296,2.8553,3.07154
1,11,20,9349,26729,6760,0.9349,2.6729,2.85902
1,11,20.25,9338,27044,6830,0.9338,2.7044,2.89612
1,11,20.5,9362,26135,6643,0.9362,2.6135,2.7916
1,11,20.75,9379,25423,6485,0.9379,2.5423,2.71063
1,11,21,9321,27707,7008,0.9321,2.7707,2.97254
1,11,21.25,9358,26200,6573,0.9358,2.62,2.79974
1,11,21.5,9325,27439,6894,0.9325,2.7439,2.94252
1,11,21.75,9320,27684,6934,0.932,2.7684,2.97039
1,11,22,9314,27993,7004,0.9314,2.7993,3.00548
1,11,22.25,9366,26020,6625,0.9366,2.602,2.77813
1,11,22.5,9381,25409,6421,0.9381,2.5409,2.70856
1,11,22.75,9330,27371,6894,0.933,2.7371,2.93365
1,11,23,9348,26626,6733,0.9348,2.6626,2.84831
1,11,23.25,9303,28369,7210,0.9303,2.8369,3.04945
1,11,23.5,9368,25865,6537,0.9368,2.5865,2.76099
1,11,23.75,9300,28470,7188,0.93,2.847,3.06129
1,11,24,9368,25866,6561,0.9368,2.5866,2.7611
1,11,24.25,9347,26670,6774,0.9347,2.667,2.85332
1,11,24.5,9297,28513,7128,0.9297,2.8513,3.0669
1,11,24.75,9315,27789,6963,0.9315,2.7789,2.98325
1,11,25,9367,25881,6518,0.9367,2.5881,2.763
1,11,25.25,9336,27149,6924,0.9336,2.7149,2.90799
1,11,25.5,9302,28462,7198,0.9302,2.8462,3.05977
1,11,25.75,9309,28159,7165,0.9309,2.8159,3.02492
1,11,26,9351,26600,6713,0.9351,2.66,2.84462
1,11,26.25,9374,25665,6508,0.9374,2.5665,2.73789
1,11,26.5,9294,28738,7232,0.9294,2.8738,3.0921
1,11,26.75,9333,27160,6830,0.9333,2.716,2.9101
1,11,27,9355,26363,6594,0.9355,2.6363,2.81807
1,11,27.25,9330,27378,6927,0.933,2.7378,2.93441
1,11,27.5,9363,26141,6612,0.9363,2.6141,2.79195
1,11,27.75,9277,29273,7379,0.9277,2.9273,3.15544
1,11,28,9327,27498,6949,0.9327,2.7498,2.94821
1,11,28.25,9325,27517,6958,0.9325,2.7517,2.95088
1,11,28.5,9353,26483,6706,0.9353,2.6483,2.8315
1,11,28.75,9266,29650,7402,0.9266,2.965,3.19987
1,11,29,9351,26422,6641,0.9351,2.6422,2.82558
1,11,29.25,9376,25602,6484,0.9376,2.5602,2.73059
1,11,29.5,9335,27264,6898,0.9335,2.7264,2.92062
1,11,29.75,9302,28246,7071,0.9302,2.8246,3.03655
1,11,30,9355,26393,6666,0.9355,2.6393,2.82127
1,11,30.25,9344,26779,6771,0.9344,2.6779,2.8659
1,11,30.5,9295,28636,7195,0.9295,2.8636,3.0808
1,11,30.75,9302,28393,7199,0.9302,2.8393,3.05235
1,11,31,9361,26170,6674,0.9361,2.617,2.79564
1,11,31.25,9340,26922,6750,0.934,2.6922,2.88244
1,11,31.5,9347,26634,6731,0.9347,2.6634,2.84947
1,11,31.75,9362,26161,6638,0.9362,2.6161,2.79438
1,11,32,9347,26737,6793,0.9347,2.6737,2.86049
1,11,32.25,9357,26310,6665,0.9357,2.631,2.8118
1,11,32.5,9401,24656,6255,0.9401,2.4656,2.6227
1,11,32.75,9333,27249,6889,0.9333,2.7249,2.91964
1,11,33,9337,27085,6822,0.9337,2.7085,2.90082
1,11,33.25,9362,26092,6660,0.9362,2.6092,2.78701
1,11,33.5,9286,29091,7284,0.9286,2.9091,3.13278
1,11,33.75,9347,26670,6730,0.9347,2.667,2.85332
1,11,34,9318,27765,6962,0.9318,2.7765,2.97972
1,11,34.25,9318,27704,6990,0.9318,2.7704,2.97317
1,11,34.5,9282,29155,7302,0.9282,2.9155,3.14103
1,11,34.75,9299,28620,7227,0.9299,2.862,3.07775
1,11,35,9300,28442,7160,0.93,2.8442,3.05828
1,11,35.25,9335,27150,6858,0.9335,2.715,2.90841
1,11,35.5,9353,26553,6743,0.9353,2.6553,2.83898
1,11,35.75,9360,26228,6630,0.936,2.6228,2.80214
1,11,36,9380,25402,6460,0.938,2.5402,2.7081
1,11,36.25,9346,26722,6767,0.9346,2.6722,2.85919
1,11,36.5,9313,28024,7124,0.9313,2.8024,3.00913
1,11,36.75,9363,26055,6584,0.9363,2.6055,2.78276
1,11,37,9343,26829,6756,0.9343,2.6829,2.87156
1,11,37.25,9330,27317,6880,0.933,2.7317,2.92787
1,11,37.5,9327,27454,6923,0.9327,2.7454,2.9435
1,11,37.75,9347,26664,6760,0.9347,2.6664,2.85268
1,11,38,9385,25224,6449,0.9385,2.5224,2.68769
1,11,38.25,9349,26636,6737,0.9349,2.6636,2.84907
1,11,38.5,9319,27753,7007,0.9319,2.7753,2.97811
1,11,38.75,9300,28487,7170,0.93,2.8487,3.06312
1,11,39,9344,26818,6748,0.9344,2.6818,2.87008
1,11,39.25,9343,26874,6852,0.9343,2.6874,2.87638
1,11,39.5,9293,28777,7249,0.9293,2.8777,3.09663
1,11,39.75,9310,28101,7068,0.931,2.8101,3.01837
1,11,40,9365,26072,6593,0.9365,2.6072,2.78398
1,12,0,200,8445,126,0.02,0.8445,42.225
1,12,0.25,208,8728,88,0.0208,0.8728,41.9615
1,12,0.5,214,8919,78,0.0214,0.8919,41.6776
1,12,0.75,216,8996,92,0.0216,0.8996,41.6481
1,12,1,206,8546,84,0.0206,0.8546,41.4854
1,12,1.25,214,8872,80,0.0214,0.8872,41.4579
1,12,1.5,220,9140,75,0.022,0.914,41.5455
1,12,1.75,234,9692,95,0.0234,0.9692,41.4188
1,12,2,253,10424,108,0.0253,1.0424,41.2016
1,12,2.25,268,11022,119,0.0268,1.1022,41.1269
1,12,2.5,291,11938,131,0.0291,1.1938,41.0241
1,12,2.75,290,11926,133,0.029,1.1926,41.1241
1,12,3,304,12504,151,0.0304,1.2504,41.1316
1,12,3.25,331,13506,143,0.0331,1.3506,40.8036
1,12,3.5,347,14091,174,0.0347,1.4091,40.6081
1,12,3.75,407,16413,216,0.0407,1.6413,40.3268
1,12,4,435,17512,228,0.0435,1.7512,40.2575
1,12,4.25,469,18793,248,0.0469,1.8793,40.0704
1,12,4.5,492,19723,282,0.0492,1.9723,40.0874
1,12,4.75,542,21491,329,0.0542,2.1491,39.6513
1,12,5,597,23625,370,0.0597,2.3625,39.5729
1,12,5.25,676,26451,475,0.0676,2.6451,39.1287
1,12,5.5,761,29634,577,0.0761,2.9634,38.9409
1,12,5.75,854,32773,722,0.0854,3.2773,38.3759
1,12,6,1029,38497,1016,0.1029,3.8497,37.4121
1,12,6.25,1331,47992,1503,0.1331,4.7992,36.0571
1,12,6.5,1809,61651,2577,0.1809,6.1651,34.0802
1,12,6.75,2697,82102,5053,0.2697,8.2102,30.442
1,12,7,4881,104473,12066,0.4881,10.4473,21.404
1,12,7.25,8279,61141,13054,0.8279,6.1141,7.38507
1,12,7.5,9281,29176,7332,0.9281,2.9176,3.14363
1,12,7.75,9369,25866,6587,0.9369,2.5866,2.76081
1,12,8,9362,26080,6612,0.9362,2.608,2.78573
1,12,8.25,9338,26934,6826,0.9338,2.6934,2.88434
1,12,8.5,9368,25931,6619,0.9368,2.5931,2.76804
1,12,8.75,9291,28845,7306,0.9291,2.8845,3.10462
1,12,9,9305,28347,7151,0.9305,2.8347,3.04643
1,12,9.25,9333,27323,6919,0.9333,2.7323,2.92757
1,12,9.5,9323,27583,6987,0.9323,2.7583,2.9586
1,12,9.75,9346,26671,6734,0.9346,2.6671,2.85373
1,12,10,9345,26780,6799,0.9345,2.678,2.8657
1,12,10.25,9324,27613,6959,0.9324,2.7613,2.9615
1,12,10.5,9330,27456,6951,0.933,2.7456,2.94277
1,12,10.75,9370,25785,6489,0.937,2.5785,2.75187
1,12,11,9375,25635,6520,0.9375,2.5635,2.7344
1,12,11.25,9389,25099,6381,0.9389,2.5099,2.67323
1,12,11.5,9351,26514,6652,0.9351,2.6514,2.83542
1,12,11.75,9351,26528,6672,0.9351,2.6528,2.83692
1,12,12,9309,28201,7163,0.9309,2.8201,3.02943
1,12,12.25,9338,27026,6831,0.9338,2.7026,2.8942
1,12,12.5,9314,27975,7032,0.9314,2.7975,3.00354
1,12,12.75,9398,24677,6248,0.9398,2.4677,2.62577
1,12,13,9361,26153,6625,0.9361,2.6153,2.79383
1,12,13.25,9336,27182,6916,0.9336,2.7182,2.91153
1,12,13.5,9372,25628,6436,0.9372,2.5628,2.73453
1,12,13.75,9330,27339,6894,0.933,2.7339,2.93023
1,12,14,9324,27473,6920,0.9324,2.7473,2.94648
1,12,14.25,9281,29208,7331,0.9281,2.9208,3.14707
1,12,14.5,9325,27533,6927,0.9325,2.7533,2.9526
1,12,14.75,9307,28259,7118,0.9307,2.8259,3.03632
1,12,15,9356,26407,6653,0.9356,2.6407,2.82247
1,12,15.25,9352,26495,6731,0.9352,2.6495,2.83308
1,12,15.5,9351,26522,6709,0.9351,2.6522,2.83627
1,12,15.75,9343,26762,6736,0.9343,2.6762,2.86439
1,12,16,9340,26980,6773,0.934,2.698,2.88865
1,12,16.25,9351,26575,6712,0.9351,2.6575,2.84194
1,12,16.5,9363,26108,6599,0.9363,2.6108,2.78842
1,12,16.75,9333,27243,6842,0.9333,2.7243,2.919
1,12,17,9286,29030,7347,0.9286,2.903,3.12621
1,12,17.25,9324,27627,6931,0.9324,2.7627,2.963
1,12,17.5,9322,27667,6945,0.9322,2.7667,2.96793
1,12,17.75,9300,28522,7231,0.93,2.8522,3.06688
1,12,18,9334,27209,6909,0.9334,2.7209,2.91504
1,12,18.25,9340,26937,6835,0.934,2.6937,2.88405
1,12,18.5,9318,27780,7004,0.9318,2.778,2.98133
1,12,18.75,9369,25781,6472,0.9369,2.5781,2.75173
1,12,19,9317,27854,7012,0.9317,2.7854,2.98959
1,12,19.25,9354,26355,6635,0.9354,2.6355,2.81751
1,12,19.5,9357,26309,6699,0.9357,2.6309,2.81169
1,12,19.75,9312,28022,7002,0.9312,2.8022,3.00924
1,12,20,9307,28091,7020,0.9307,2.8091,3.01827
1,12,20.25,9283,29130,7356,0.9283,2.913,3.13799
1,12,20.5,9348,26614,6778,0.9348,2.6614,2.84703
1,12,20.75,9334,27184,6881,0.9334,2.7184,2.91236
1,12,21,9329,27409,6917,0.9329,2.7409,2.93804
1,12,21.25,9343,26937,6847,0.9343,2.6937,2.88312
1,12,21.5,9306,28257,7120,0.9306,2.8257,3.03643
1,12,21.75,9335,27177,6872,0.9335,2.7177,2.9113
1,12,22,9314,27909,6967,0.9314,2.7909,2.99646
1,12,22.25,9333,27249,6860,0.9333,2.7249,2.91964
1,12,22.5,9331,27328,6934,0.9331,2.7328,2.92873
1,12,22.75,9368,25949,6568,0.9368,2.5949,2.76996
1,12,23,9336,27055,6837,0.9336,2.7055,2.89792
1,12,23.25,9330,27250,6860,0.933,2.725,2.92069
1,12,23.5,9329,27467,6959,0.9329,2.7467,2.94426
1,12,23.75,9352,26543,6741,0.9352,2.6543,2.83822
1,12,24,9369,25770,6526,0.9369,2.577,2.75056
1,12,24.25,9336,27147,6909,0.9336,2.7147,2.90778
1,12,24.5,9331,27346,6905,0.9331,2.7346,2.93066
1,12,24.75,9323,27605,6995,0.9323,2.7605,2.96096
1,12,25,9350,26565,6747,0.935,2.6565,2.84118
1,12,25.25,9345,26766,6766,0.9345,2.6766,2.86421
1,12,25.5,9330,27279,6875,0.933,2.7279,2.92379
1,12,25.75,9331,27226,6786,0.9331,2.7226,2.9178
1,12,26,9359,26140,6597,0.9359,2.614,2.79303
1,12,26.25,9312,27941,7029,0.9312,2.7941,3.00054
1,12,26.5,9300,28607,7240,0.93,2.8607,3.07602
1,12,26.75,9308,28113,7064,0.9308,2.8113,3.02031
1,12,27,9350,26622,6755,0.935,2.6622,2.84727
1,12,27.25,9266,29689,7441,0.9266,2.9689,3.20408
1,12,27.5,9341,26834,6793,0.9341,2.6834,2.87271
1,12,27.75,9314,27932,7088,0.9314,2.7932,2.99893
1,12,28,9322,27643,6956,0.9322,2.7643,2.96535
1,12,28.25,9330,27300,6871,0.933,2.73,2.92605
1,12,28.5,9338,27084,6853,0.9338,2.7084,2.90041
1,12,28.75,9355,26475,6712,0.9355,2.6475,2.83004
1,12,29,9295,28722,7197,0.9295,2.8722,3.09005
1,12,29.25,9277,29384,7370,0.9277,2.9384,3.1674
1,12,29.5,9365,25978,6585,0.9365,2.5978,2.77395
1,12,29.75,9352,26481,6669,0.9352,2.6481,2.83159
1,12,30,9305,28253,7093,0.9305,2.8253,3.03632
1,12,30.25,9317,27796,6987,0.9317,2.7796,2.98336
1,12,30.5,9328,27465,6998,0.9328,2.7465,2.94436
1,12,30.75,9293,28622,7184,0.9293,2.8622,3.07995
1,12,31,9373,25747,6537,0.9373,2.5747,2.74693
1,12,31.25,9354,26410,6702,0.9354,2.641,2.82339
1,12,31.5,9325,27378,6881,0.9325,2.7378,2.93598
1,12,31.75,9378,25402,6373,0.9378,2.5402,2.70868
1,12,32,9387,25188,6466,0.9387,2.5188,2.68329
1,12,32.25,9367,25850,6586,0.9367,2.585,2.75969
1,12,32.5,9389,25054,6350,0.9389,2.5054,2.66844
1,12,32.75,9335,27231,6869,0.9335,2.7231,2.91709
1,12,33,9364,26085,6604,0.9364,2.6085,2.78567
1,12,33.25,9326,27492,6887,0.9326,2.7492,2.94789
1,12,33.5,9358,26310,6655,0.9358,2.631,2.8115
1,12,33.75,9312,28054,7064,0.9312,2.8054,3.01267
1,12,34,9387,25168,6420,0.9387,2.5168,2.68115
1,12,34.25,9315,27898,6991,0.9315,2.7898,2.99495
1,12,34.5,9387,25161,6408,0.9387,2.5161,2.68041
1,12,34.75,9298,28450,7069,0.9298,2.845,3.0598
1,12,35,9353,26436,6713,0.9353,2.6436,2.82647
1,12,35.25,9351,26679,6813,0.9351,2.6679,2.85306
1,12,35.5,9297,28663,7200,0.9297,2.8663,3.08304
1,12,35.75,9302,28320,7132,0.9302,2.832,3.04451
1,12,36,9354,26388,6662,0.9354,2.6388,2.82104
1,12,36.25,9316,27805,6989,0.9316,2.7805,2.98465
1,12,36.5,9316,27899,7081,0.9316,2.7899,2.99474
1,12,36.75,9325,27549,6940,0.9325,2.7549,2.95432
1,12,37,9268,29668,7398,0.9268,2.9668,3.20112
1,12,37.25,9284,29128,7340,0.9284,2.9128,3.13744
1,12,37.5,9371,25875,6643,0.9371,2.5875,2.76118
1,12,37.75,9349,26664,6750,0.9349,2.6664,2.85207
1,12,38,9323,27573,6978,0.9323,2.7573,2.95752
1,12,38.25,9297,28545,7122,0.9297,2.8545,3.07035
1,12,38.5,9282,29004,7231,0.9282,2.9004,3.12476
1,12,38.75,9345,26671,6696,0.9345,2.6671,2.85404
1,12,39,9311,27999,7011,0.9311,2.7999,3.00709
1,12,39.25,9360,26251,6676,0.936,2.6251,2.80459
1,12,39.5,9280,29193,7324,0.928,2.9193,3.1458
1,12,39.75,9349,26618,6742,0.9349,2.6618,2.84715
1,12,40,9350,26526,6703,0.935,2.6526,2.83701
1,13,0,200,8416,145,0.02,0.8416,42.08
1,13,0.25,207,8664,94,0.0207,0.8664,41.8551
1,13,0.5,210,8758,80,0.021,0.8758,41.7048
1,13,0.75,203,8455,62,0.0203,0.8455,41.6502
1,13,1,195,8163,67,0.0195,0.8163,41.8615
1,13,1.25,182,7638,64,0.0182,0.7638,41.967
1,13,1.5,184,7654,64,0.0184,0.7654,41.5978
1,13,1.75,189,7859,62,0.0189,0.7859,41.582
1,13,2,198,8234,67,0.0198,0.8234,41.5859
1,13,2.25,213,8853,65,0.0213,0.8853,41.5634
1,13,2.5,229,9494,87,0.0229,0.9494,41.4585
1,13,2.75,236,9778,89,0.0236,0.9778,41.4322
1,13,3,238,9827,81,0.0238,0.9827,41.2899
1,13,3.25,245,10150,93,0.0245,1.015,41.4286
1,13,3.5,261,10755,111,0.0261,1.0755,41.2069
1,13,3.75,258,10691,90,0.0258,1.0691,41.438
1,13,4,263,10872,106,0.0263,1.0872,41.3384
1,13,4.25,266,10982,103,0.0266,1.0982,41.2857
1,13,4.5,279,11482,123,0.0279,1.1482,41.1541
1,13,4.75,276,11363,118,0.0276,1.1363,41.1703
1,13,5,308,12633,113,0.0308,1.2633,41.0162
1,13,5.25,312,12772,114,0.0312,1.2772,40.9359
1,13,5.5,333,13598,141,0.0333,1.3598,40.8348
1,13,5.75,361,14669,157,0.0361,1.4669,40.6343
1,13,6,380,15392,153,0.038,1.5392,40.5053
1,13,6.25,393,15914,167,0.0393,1.5914,40.4936
1,13,6.5,426,17229,204,0.0426,1.7229,40.4437
1,13,6.75,473,19001,250,0.0473,1.9001,40.1712
1,13,7,494,19763,284,0.0494,1.9763,40.0061
1,13,7.25,504,20189,312,0.0504,2.0189,40.0575
1,13,7.5,580,22892,371,0.058,2.2892,39.469
1,13,7.75,647,25319,445,0.0647,2.5319,39.1329
1,13,8,745,28798,543,0.0745,2.8798,38.655
1,13,8.25,866,33153,751,0.0866,3.3153,38.2829
1,13,8.5,1024,38497,981,0.1024,3.8497,37.5947
1,13,8.75,1288,46836,1425,0.1288,4.6836,36.3634
1,13,9,1647,57272,2206,0.1647,5.7272,34.7735
1,13,9.25,2330,74441,3968,0.233,7.4441,31.9489
1,13,9.5,3857,98608,8835,0.3857,9.8608,25.566
1,13,9.75,7046,88360,15491,0.7046,8.836,12.5404
1,13,10,9180,32777,8067,0.918,3.2777,3.57048
1,13,10.25,9325,27442,6883,0.9325,2.7442,2.94284
1,13,10.5,9324,27559,6944,0.9324,2.7559,2.95571
1,13,10.75,9353,26472,6681,0.9353,2.6472,2.83032
1,13,11,9346,26738,6759,0.9346,2.6738,2.8609
1,13,11.25,9365,26088,6643,0.9365,2.6088,2.78569
1,13,11.5,9377,25610,6530,0.9377,2.561,2.73115
1,13,11.75,9315,27927,7020,0.9315,2.7927,2.99807
1,13,12,9302,28290,7128,0.9302,2.829,3.04128
1,13,12.25,9356,26385,6700,0.9356,2.6385,2.82012
1,13,12.5,9322,27610,6984,0.9322,2.761,2.96181
1,13,12.75,9341,26925,6772,0.9341,2.6925,2.88245
1,13,13,9345,26771,6719,0.9345,2.6771,2.86474
1,13,13.25,9372,25706,6488,0.9372,2.5706,2.74285
1,13,13.5,9330,27306,6942,0.933,2.7306,2.92669
1,13,13.75,9331,27336,6909,0.9331,2.7336,2.92959
1,13,14,9366,25976,6553,0.9366,2.5976,2.77344
1,13,14.25,9378,25504,6461,0.9378,2.5504,2.71956
1,13,14.5,9344,26811,6816,0.9344,2.6811,2.86933
1,13,14.75,9347,26668,6742,0.9347,2.6668,2.85311
1,13,15,9312,28072,7016,0.9312,2.8072,3.0146
1,13,15.25,9318,27716,6931,0.9318,2.7716,2.97446
1,13,15.5,9271,29418,7324,0.9271,2.9418,3.17312
1,13,15.75,9320,27801,7004,0.932,2.7801,2.98294
1,13,16,9279,29286,7355,0.9279,2.9286,3.15616
1,13,16.25,9317,27746,7030,0.9317,2.7746,2.978
1,13,16.5,9341,26894,6835,0.9341,2.6894,2.87913
1,13,16.75,9313,27925,7012,0.9313,2.7925,2.9985
1,13,17,9301,28401,7127,0.9301,2.8401,3.05354
1,13,17.25,9318,27863,7058,0.9318,2.7863,2.99023
1,13,17.5,9349,26527,6700,0.9349,2.6527,2.83742
1,13,17.75,9342,26855,6743,0.9342,2.6855,2.87465
1,13,18,9322,27725,7000,0.9322,2.7725,2.97415
1,13,18.25,9302,28400,7132,0.9302,2.84,3.05311
1,13,18.5,9307,28227,7118,0.9307,2.8227,3.03288
1,13,18.75,9318,27796,6960,0.9318,2.7796,2.98304
1,13,19,9303,28284,7111,0.9303,2.8284,3.04031
1,13,19.25,9320,27647,6957,0.932,2.7647,2.96642
1,13,19.5,9327,27488,6939,0.9327,2.7488,2.94714
1,13,19.75,9355,26358,6675,0.9355,2.6358,2.81753
1,13,20,9338,26996,6857,0.9338,2.6996,2.89098
1,13,20.25,9288,28805,7277,0.9288,2.8805,3.10131
1,13,20.5,9349,26624,6716,0.9349,2.6624,2.84779
1,13,20.75,9308,28222,7102,0.9308,2.8222,3.03202
1,13,21,9354,26385,6665,0.9354,2.6385,2.82072
1,13,21.25,9330,27279,6893,0.933,2.7279,2.92379
1,13,21.5,9334,27245,6907,0.9334,2.7245,2.9189
1,13,21.75,9287,28865,7249,0.9287,2.8865,3.10811
1,13,22,9329,27379,6896,0.9329,2.7379,2.93483
1,13,22.25,9340,26991,6825,0.934,2.6991,2.88983
1,13,22.5,9294,28645,7169,0.9294,2.8645,3.0821
1,13,22.75,9267,29740,7439,0.9267,2.974,3.20924
1,13,23,9321,27754,7015,0.9321,2.7754,2.97758
1,13,23.25,9354,26455,6676,0.9354,2.6455,2.8282
1,13,23.5,9326,27542,6963,0.9326,2.7542,2.95325
1,13,23.75,9316,27776,6965,0.9316,2.7776,2.98154
1,13,24,9315,27911,7049,0.9315,2.7911,2.99635
1,13,24.25,9368,25970,6605,0.9368,2.597,2.7722
1,13,24.5,9357,26392,6709,0.9357,2.6392,2.82056
1,13,24.75,9338,27045,6833,0.9338,2.7045,2.89623
1,13,25,9325,27438,6911,0.9325,2.7438,2.94241
1,13,25.25,9376,25631,6528,0.9376,2.5631,2.73368
1,13,25.5,9348,26723,6729,0.9348,2.6723,2.85869
1,13,25.75,9333,27199,6912,0.9333,2.7199,2.91428
1,13,26,9385,25244,6403,0.9385,2.5244,2.68982
1,13,26.25,9368,25944,6604,0.9368,2.5944,2.76943
1,13,26.5,9321,27763,7071,0.9321,2.7763,2.97854
1,13,26.75,9314,28032,7123,0.9314,2.8032,3.00966
1,13,27,9337,27023,6804,0.9337,2.7023,2.89418
1,13,27.25,9326,27482,6884,0.9326,2.7482,2.94682
1,13,27.5,9315,27844,6960,0.9315,2.7844,2.98916
1,13,27.75,9325,27546,6939,0.9325,2.7546,2.95399
1,13,28,9278,29323,7317,0.9278,2.9323,3.16049
1,13,28.25,9321,27663,6996,0.9321,2.7663,2.96781
1,13,28.5,9350,26567,6736,0.935,2.6567,2.84139
1,13,28.75,9359,26235,6651,0.9359,2.6235,2.80318
1,13,29,9329,27312,6843,0.9329,2.7312,2.92764
1,13,29.25,9310,28096,7154,0.931,2.8096,3.01783
1,13,29.5,9364,26035,6552,0.9364,2.6035,2.78033
1,13,29.75,9335,27201,6906,0.9335,2.7201,2.91387
1,13,30,9365,26055,6614,0.9365,2.6055,2.78217
1,13,30.25,9325,27593,6959,0.9325,2.7593,2.95903
1,13,30.5,9329,27337,6913,0.9329,2.7337,2.93032
1,13,30.75,9333,27189,6869,0.9333,2.7189,2.91321
1,13,31,9365,26125,6676,0.9365,2.6125,2.78964
1,13,31.25,9378,25525,6547,0.9378,2.5525,2.7218
1,13,31.5,9322,27727,7049,0.9322,2.7727,2.97436
1,13,31.75,9325,27450,6880,0.9325,2.745,2.9437
1,13,32,9327,27481,6912,0.9327,2.7481,2.94639
1,13,32.25,9329,27361,6923,0.9329,2.7361,2.9329
1,13,32.5,9306,28207,7041,0.9306,2.8207,3.03106
1,13,32.75,9334,27070,6824,0.9334,2.707,2.90015
1,13,33,9348,26717,6755,0.9348,2.6717,2.85804
1,13,33.25,9385,25306,6416,0.9385,2.5306,2.69643
1,13,33.5,9304,28203,7077,0.9304,2.8203,3.03128
1,13,33.75,9354,26463,6690,0.9354,2.6463,2.82906
1,13,34,9355,26405,6709,0.9355,2.6405,2.82255
1,13,34.25,9346,26625,6696,0.9346,2.6625,2.84881
1,13,34.5,9356,26336,6668,0.9356,2.6336,2.81488
1,13,34.75,9285,29066,7279,0.9285,2.9066,3.13043
1,13,35,9322,27754,7028,0.9322,2.7754,2.97726
1,13,35.25,9371,25739,6557,0.9371,2.5739,2.74667
1,13,35.5,9367,25927,6551,0.9367,2.5927,2.76791
1,13,35.75,9369,25880,6583,0.9369,2.588,2.7623
1,13,36,9327,27406,6904,0.9327,2.7406,2.93835
1,13,36.25,9332,27181,6839,0.9332,2.7181,2.91267
1,13,36.5,9358,26291,6662,0.9358,2.6291,2.80947
1,13,36.75,9308,28131,7077,0.9308,2.8131,3.02224
1,13,37,9330,27374,6879,0.933,2.7374,2.93398
1,13,37.25,9343,26771,6748,0.9343,2.6771,2.86535
1,13,37.5,9342,26859,6834,0.9342,2.6859,2.87508
1,13,37.75,9354,26381,6628,0.9354,2.6381,2.82029
1,13,38,9315,27872,7057,0.9315,2.7872,2.99216
1,13,38.25,9355,26377,6645,0.9355,2.6377,2.81956
1,13,38.5,9344,26854,6757,0.9344,2.6854,2.87393
1,13,38.75,9315,27821,7012,0.9315,2.7821,2.98669
1,13,39,9320,27659,6987,0.932,2.7659,2.9677
1,13,39.25,9339,27157,6884,0.9339,2.7157,2.90791
1,13,39.5,9334,27179,6871,0.9334,2.7179,2.91183
1,13,39.75,9348,26651,6757,0.9348,2.6651,2.85098
1,13,40,9354,26577,6774,0.9354,2.6577,2.84124
1,14,0,200,8443,126,0.02,0.8443,42.215
1,14,0.25,196,8188,86,0.0196,0.8188,41.7755
1,14,0.5,208,8649,72,0.0208,0.8649,41.5817
1,14,0.75,203,8412,81,0.0203,0.8412,41.4384
1,14,1,199,8266,84,0.0199,0.8266,41.5377
1,14,1.25,187,7750,69,0.0187,0.775,41.4439
1,14,1.5,190,7868,77,0.019,0.7868,41.4105
1,14,1.75,195,8045,75,0.0195,0.8045,41.2564
1,14,2,190,7908,81,0.019,0.7908,41.6211
1,14,2.25,227,9312,103,0.0227,0.9312,41.022
1,14,2.5,229,9401,96,0.0229,0.9401,41.0524
1,14,2.75,225,9259,93,0.0225,0.9259,41.1511
1,14,3,219,9049,80,0.0219,0.9049,41.3196
1,14,3.25,220,9127,89,0.022,0.9127,41.4864
1,14,3.5,233,9596,78,0.0233,0.9596,41.1845
1,14,3.75,249,10227,100,0.0249,1.0227,41.0723
1,14,4,279,11387,132,0.0279,1.1387,40.8136
1,14,4.25,303,12363,147,0.0303,1.2363,40.802
1,14,4.5,315,12849,142,0.0315,1.2849,40.7905
1,14,4.75,348,14139,166,0.0348,1.4139,40.6293
1,14,5,370,15049,203,0.037,1.5049,40.673
1,14,5.25,405,16343,226,0.0405,1.6343,40.3531
1,14,5.5,443,17840,266,0.0443,1.784,40.2709
1,14,5.75,497,19770,294,0.0497,1.977,39.7787
1,14,6,549,21729,337,0.0549,2.1729,39.5792
1,14,6.25,559,22117,352,0.0559,2.2117,39.5653
1,14,6.5,594,23465,407,0.0594,2.3465,39.5034
1,14,6.75,627,24684,422,0.0627,2.4684,39.3684
1,14,7,697,27324,531,0.0697,2.7324,39.2023
1,14,7.25,847,32460,708,0.0847,3.246,38.3235
1,14,7.5,1045,39153,1017,0.1045,3.9153,37.467
1,14,7.75,1342,48623,1579,0.1342,4.8623,36.2317
1,14,8,1805,61623,2615,0.1805,6.1623,34.1402
1,14,8.25,2715,82340,5129,0.2715,8.234,30.3278
1,14,8.5,4817,104360,12015,0.4817,10.436,21.6649
1,14,8.75,8165,64489,13541,0.8165,6.4489,7.89822
1,14,9,9234,30823,7604,0.9234,3.0823,3.33799
1,14,9.25,9321,27729,6965,0.9321,2.7729,2.9749
1,14,9.5,9269,29673,7391,0.9269,2.9673,3.20132
1,14,9.75,9317,27802,7061,0.9317,2.7802,2.98401
1,14,10,9319,27643,7024,0.9319,2.7643,2.96631
1,14,10.25,9341,26884,6744,0.9341,2.6884,2.87806
1,14,10.5,9380,25437,6414,0.938,2.5437,2.71183
1,14,10.75,9347,26570,6736,0.9347,2.657,2.84262
1,14,11,9336,27047,6823,0.9336,2.7047,2.89707
1,14,11.25,9346,26735,6734,0.9346,2.6735,2.86058
1,14,11.5,9335,27130,6830,0.9335,2.713,2.90627
1,14,11.75,9351,26572,6724,0.9351,2.6572,2.84162
1,14,12,9356,26336,6658,0.9356,2.6336,2.81488
1,14,12.25,9339,26894,6695,0.9339,2.6894,2.87975
1,14,12.5,9330,27361,6913,0.933,2.7361,2.93258
1,14,12.75,9317,27898,7051,0.9317,2.7898,2.99431
1,14,13,9312,27988,7072,0.9312,2.7988,3.00558
1,14,13.25,9323,27605,6983,0.9323,2.7605,2.96096
1,14,13.5,9369,25888,6587,0.9369,2.5888,2.76316
1,14,13.75,9356,26398,6643,0.9356,2.6398,2.8215
1,14,14,9302,28470,7229,0.9302,2.847,3.06063
1,14,14.25,9331,27214,6865,0.9331,2.7214,2.91651
1,14,14.5,9368,25973,6603,0.9368,2.5973,2.77252
1,14,14.75,9351,26565,6707,0.9351,2.6565,2.84087
1,14,15,9282,28993,7240,0.9282,2.8993,3.12357
1,14,15.25,9288,28945,7236,0.9288,2.8945,3.11639
1,14,15.5,9309,28098,7066,0.9309,2.8098,3.01837
1,14,15.75,9267,29661,7402,0.9267,2.9661,3.20071
1,14,16,9317,27806,7069,0.9317,2.7806,2.98444
1,14,16.25,9312,28015,7033,0.9312,2.8015,3.00848
1,14,16.5,9268,29620,7389,0.9268,2.962,3.19594
1,14,16.75,9342,26836,6756,0.9342,2.6836,2.87262
1,14,17,9326,27508,6937,0.9326,2.7508,2.9496
1,14,17.25,9378,25562,6528,0.9378,2.5562,2.72574
1,14,17.5,9298,28505,7196,0.9298,2.8505,3.06571
1,14,17.75,9362,26182,6628,0.9362,2.6182,2.79662
1,14,18,9344,26706,6735,0.9344,2.6706,2.85809
1,14,18.25,9388,25121,6366,0.9388,2.5121,2.67586
1,14,18.5,9356,26304,6644,0.9356,2.6304,2.81146
1,14,18.75,9327,27325,6852,0.9327,2.7325,2.92967
1,14,19,9318,27807,7014,0.9318,2.7807,2.98422
1,14,19.25,9369,25764,6482,0.9369,2.5764,2.74992
1,14,19.5,9307,28298,7144,0.9307,2.8298,3.04051
1,14,19.75,9309,28156,7115,0.9309,2.8156,3.0246
1,14,20,9325,27509,6920,0.9325,2.7509,2.95003
1,14,20.25,9324,27611,6981,0.9324,2.7611,2.96128
1,14,20.5,9320,27679,6950,0.932,2.7679,2.96985
1,14,20.75,9320,27666,6952,0.932,2.7666,2.96845
1,14,21,9338,26977,6783,0.9338,2.6977,2.88895
1,14,21.25,9405,24534,6309,0.9405,2.4534,2.60861
1,14,21.5,9280,29361,7414,0.928,2.9361,3.1639
1,14,21.75,9327,27443,6902,0.9327,2.7443,2.94232
1,14,22,9345,26741,6744,0.9345,2.6741,2.86153
1,14,22.25,9308,28092,7079,0.9308,2.8092,3.01805
1,14,22.5,9323,27637,6971,0.9323,2.7637,2.96439
1,14,22.75,9316,27907,7045,0.9316,2.7907,2.9956
1,14,23,9345,26707,6760,0.9345,2.6707,2.85789
1,14,23.25,9320,27670,6978,0.932,2.767,2.96888
1,14,23.5,9292,28786,7221,0.9292,2.8786,3.09793
1,14,23.75,9317,27773,6924,0.9317,2.7773,2.9809
1,14,24,9386,25203,6408,0.9386,2.5203,2.68517
1,14,24.25,9285,29113,7311,0.9285,2.9113,3.13549
1,14,24.5,9361,26111,6652,0.9361,2.6111,2.78934
1,14,24.75,9351,26590,6760,0.9351,2.659,2.84355
1,14,25,9353,26440,6691,0.9353,2.644,2.8269
1,14,25.25,9368,25834,6536,0.9368,2.5834,2.75769
1,14,25.5,9277,29231,7287,0.9277,2.9231,3.15091
1,14,25.75,9345,26817,6811,0.9345,2.6817,2.86966
1,14,26,9347,26700,6741,0.9347,2.67,2.85653
1,14,26.25,9350,26593,6733,0.935,2.6593,2.84417
1,14,26.5,9313,27835,6983,0.9313,2.7835,2.98883
1,14,26.75,9376,25603,6506,0.9376,2.5603,2.7307
1,14,27,9377,25579,6498,0.9377,2.5579,2.72784
1,14,27.25,9341,26968,6811,0.9341,2.6968,2.88706
1,14,27.5,9379,25380,6403,0.9379,2.538,2.70605
1,14,27.75,9351,26618,6737,0.9351,2.6618,2.84654
1,14,28,9334,27235,6933,0.9334,2.7235,2.91783
1,14,28.25,9320,27758,7019,0.932,2.7758,2.97833
1,14,28.5,9325,27447,6962,0.9325,2.7447,2.94338
1,14,28.75,9353,26489,6749,0.9353,2.6489,2.83214
1,14,29,9350,26525,6676,0.935,2.6525,2.8369
1,14,29.25,9328,27373,6856,0.9328,2.7373,2.9345
1,14,29.5,9308,28239,7149,0.9308,2.8239,3.03384
1,14,29.75,9360,26140,6597,0.936,2.614,2.79274
1,14,30,9360,26135,6609,0.936,2.6135,2.7922
1,14,30.25,9340,26983,6865,0.934,2.6983,2.88897
1,14,30.5,9344,26869,6847,0.9344,2.6869,2.87554
1,14,30.75,9369,25912,6580,0.9369,2.5912,2.76572
1,14,31,9309,28165,7103,0.9309,2.8165,3.02557
1,14,31.25,9338,27064,6839,0.9338,2.7064,2.89827
1,14,31.5,9335,27178,6891,0.9335,2.7178,2.91141
1,14,31.75,9369,25806,6484,0.9369,2.5806,2.7544
1,14,32,9338,26992,6796,0.9338,2.6992,2.89055
1,14,32.25,9298,28556,7164,0.9298,2.8556,3.0712
1,14,32.5,9315,27891,7096,0.9315,2.7891,2.9942
1,14,32.75,9340,26918,6747,0.934,2.6918,2.88201
1,14,33,9298,28477,7138,0.9298,2.8477,3.0627
1,14,33.25,9328,27366,6907,0.9328,2.7366,2.93375
1,14,33.5,9316,27850,7014,0.9316,2.785,2.98948
1,14,33.75,9329,27247,6833,0.9329,2.7247,2.92068
1,14,34,9324,27463,6878,0.9324,2.7463,2.94541
1,14,34.25,9352,26555,6727,0.9352,2.6555,2.8395
1,14,34.5,9355,26366,6651,0.9355,2.6366,2.81839
1,14,34.75,9389,25121,6442,0.9389,2.5121,2.67558
1,14,35,9354,26292,6658,0.9354,2.6292,2.81078
1,14,35.25,9385,25228,6399,0.9385,2.5228,2.68812
1,14,35.5,9294,28653,7212,0.9294,2.8653,3.08296
1,14,35.75,9368,25949,6610,0.9368,2.5949,2.76996
1,14,36,9281,29198,7335,0.9281,2.9198,3.146
1,14,36.25,9353,26454,6700,0.9353,2.6454,2.8284
1,14,36.5,9291,28813,7267,0.9291,2.8813,3.10117
1,14,36.75,9357,26354,6688,0.9357,2.6354,2.8165
1,14,37,9330,27422,6930,0.933,2.7422,2.93912
1,14,37.25,9323,27573,6974,0.9323,2.7573,2.95752
1,14,37.5,9378,25484,6464,0.9378,2.5484,2.71742
1,14,37.75,9339,26972,6767,0.9339,2.6972,2.8881
1,14,38,9317,27831,7000,0.9317,2.7831,2.98712
1,14,38.25,9352,26467,6679,0.9352,2.6467,2.83009
1,14,38.5,9323,27594,6998,0.9323,2.7594,2.95978
1,14,38.75,9342,26893,6775,0.9342,2.6893,2.87872
1,14,39,9341,27015,6903,0.9341,2.7015,2.89209
1,14,39.25,9312,28014,7056,0.9312,2.8014,3.00838
1,14,39.5,9303,28374,7100,0.9303,2.8374,3.04998
1,14,39.75,9302,28454,7209,0.9302,2.8454,3.05891
1,14,40,9345,26775,6756,0.9345,2.6775,2.86517
1,15,0,200,8410,124,0.02,0.841,42.05
1,15,0.25,217,8999,91,0.0217,0.8999,41.47
1,15,0.5,216,8930,89,0.0216,0.893,41.3426
1,15,0.75,239,9853,108,0.0239,0.9853,41.2259
1,15,1,252,10366,92,0.0252,1.0366,41.1349
1,15,1.25,264,10882,96,0.0264,1.0882,41.2197
1,15,1.5,273,11221,108,0.0273,1.1221,41.1026
1,15,1.75,263,10864,103,0.0263,1.0864,41.308
1,15,2,235,9764,92,0.0235,0.9764,41.5489
1,15,2.25,254,10527,108,0.0254,1.0527,41.4449
1,15,2.5,263,10850,111,0.0263,1.085,41.2548
1,15,2.75,265,10907,102,0.0265,1.0907,41.1585
1,15,3,308,12572,135,0.0308,1.2572,40.8182
1,15,3.25,318,13013,139,0.0318,1.3013,40.9214
1,15,3.5,320,13155,137,0.032,1.3155,41.1094
1,15,3.75,332,13569,154,0.0332,1.3569,40.8705
1,15,4,366,14839,170,0.0366,1.4839,40.5437
1,15,4.25,388,15736,215,0.0388,1.5736,40.5567
1,15,4.5,427,17263,238,0.0427,1.7263,40.4286
1,15,4.75,468,18847,253,0.0468,1.8847,40.2714
1,15,5,544,21607,349,0.0544,2.1607,39.7188
1,15,5.25,604,23779,418,0.0604,2.3779,39.3692
1,15,5.5,752,29075,579,0.0752,2.9075,38.6636
1,15,5.75,902,34289,774,0.0902,3.4289,38.0144
1,15,6,1069,39750,1087,0.1069,3.975,37.1843
1,15,6.25,1315,47615,1556,0.1315,4.7615,36.2091
1,15,6.5,1814,61585,2706,0.1814,6.1585,33.9498
1,15,6.75,2578,79397,4698,0.2578,7.9397,30.7979
1,15,7,4513,103288,10893,0.4513,10.3288,22.8868
1,15,7.25,7841,72391,14608,0.7841,7.2391,9.23237
1,15,7.5,9274,29457,7416,0.9274,2.9457,3.1763
1,15,7.75,9282,29089,7265,0.9282,2.9089,3.13392
1,15,8,9338,27053,6804,0.9338,2.7053,2.89709
1,15,8.25,9319,27716,6972,0.9319,2.7716,2.97414
1,15,8.5,9331,27294,6881,0.9331,2.7294,2.92509
1,15,8.75,9385,25228,6386,0.9385,2.5228,2.68812
1,15,9,9345,26755,6761,0.9345,2.6755,2.86303
1,15,9.25,9346,26621,6690,0.9346,2.6621,2.84838
1,15,9.5,9338,26994,6837,0.9338,2.6994,2.89077
1,15,9.75,9347,26602,6690,0.9347,2.6602,2.84605
1,15,10,9283,29093,7264,0.9283,2.9093,3.13401
1,15,10.25,9339,26903,6763,0.9339,2.6903,2.88072
1,15,10.5,9231,31041,7757,0.9231,3.1041,3.36269
1,15,10.75,9291,28779,7235,0.9291,2.8779,3.09751
1,15,11,9339,26996,6805,0.9339,2.6996,2.89067
1,15,11.25,9363,26164,6666,0.9363,2.6164,2.7944
1,15,11.5,9351,26615,6786,0.9351,2.6615,2.84622
1,15,11.75,9270,29566,7400,0.927,2.9566,3.18943
1,15,12,9339,27077,6903,0.9339,2.7077,2.89935
1,15,12.25,9341,26936,6783,0.9341,2.6936,2.88363
1,15,12.5,9277,29263,7333,0.9277,2.9263,3.15436
1,15,12.75,9315,27798,6975,0.9315,2.7798,2.98422
1,15,13,9357,26250,6614,0.9357,2.625,2.80539
1,15,13.25,9377,25527,6495,0.9377,2.5527,2.7223
1,15,13.5,9301,28388,7105,0.9301,2.8388,3.05214
1,15,13.75,9310,28082,7083,0.931,2.8082,3.01633
1,15,14,9353,26505,6719,0.9353,2.6505,2.83385
1,15,14.25,9343,26791,6749,0.9343,2.6791,2.86749
1,15,14.5,9305,28304,7165,0.9305,2.8304,3.04181
1,15,14.75,9308,28097,7069,0.9308,2.8097,3.01859
1,15,15,9355,26318,6643,0.9355,2.6318,2.81325
1,15,15.25,9336,27043,6815,0.9336,2.7043,2.89664
1,15,15.5,9390,25102,6410,0.939,2.5102,2.67327
1,15,15.75,9369,25790,6512,0.9369,2.579,2.7527
1,15,16,9331,27255,6863,0.9331,2.7255,2.92091
1,15,16.25,9331,27335,6905,0.9331,2.7335,2.92948
1,15,16.5,9368,25884,6525,0.9368,2.5884,2.76302
1,15,16.75,9308,28227,7119,0.9308,2.8227,3.03255
1,15,17,9318,27755,6996,0.9318,2.7755,2.97864
1,15,17.25,9297,28508,7218,0.9297,2.8508,3.06637
1,15,17.5,9380,25381,6428,0.938,2.5381,2.70586
1,15,17.75,9360,26193,6632,0.936,2.6193,2.7984
1,15,18,9323,27660,6959,0.9323,2.766,2.96686
1,15,18.25,9347,26664,6730,0.9347,2.6664,2.85268
1,15,18.5,9345,26744,6823,0.9345,2.6744,2.86185
1,15,18.75,9258,30013,7466,0.9258,3.0013,3.24184
1,15,19,9348,26647,6737,0.9348,2.6647,2.85056
1,15,19.25,9361,26172,6633,0.9361,2.6172,2.79586
1,15,19.5,9303,28274,7081,0.9303,2.8274,3.03923
1,15,19.75,9315,27866,6974,0.9315,2.7866,2.99152
1,15,20,9292,28777,7206,0.9292,2.8777,3.09697
1,15,20.25,9327,27495,6971,0.9327,2.7495,2.94789
1,15,20.5,9315,27957,7025,0.9315,2.7957,3.00129
1,15,20.75,9306,28287,7123,0.9306,2.8287,3.03965
1,15,21,9333,27212,6911,0.9333,2.7212,2.91568
1,15,21.25,9301,28473,7170,0.9301,2.8473,3.06128
1,15,21.5,9349,26561,6689,0.9349,2.6561,2.84105
1,15,21.75,9400,24637,6237,0.94,2.4637,2.62096
1,15,22,9346,26711,6753,0.9346,2.6711,2.85801
1,15,22.25,9334,27208,6836,0.9334,2.7208,2.91493
1,15,22.5,9296,28509,7091,0.9296,2.8509,3.0668
1,15,22.75,9316,27880,6995,0.9316,2.788,2.9927
1,15,23,9346,26669,6734,0.9346,2.6669,2.85352
1,15,23.25,9349,26657,6785,0.9349,2.6657,2.85132
1,15,23.5,9347,26680,6721,0.9347,2.668,2.85439
1,15,23.75,9354,26314,6687,0.9354,2.6314,2.81313
1,15,24,9369,25838,6528,0.9369,2.5838,2.75782
1,15,24.25,9337,27080,6826,0.9337,2.708,2.90029
1,15,24.5,9338,26996,6812,0.9338,2.6996,2.89098
1,15,24.75,9337,27113,6923,0.9337,2.7113,2.90382
1,15,25,9312,28038,7024,0.9312,2.8038,3.01095
1,15,25.25,9285,28998,7261,0.9285,2.8998,3.1231
1,15,25.5,9311,28139,7144,0.9311,2.8139,3.02212
1,15,25.75,9346,26628,6649,0.9346,2.6628,2.84913
1,15,26,9349,26680,6752,0.9349,2.668,2.85378
1,15,26.25,9312,27978,7097,0.9312,2.7978,3.00451
1,15,26.5,9315,27926,7076,0.9315,2.7926,2.99796
1,15,26.75,9379,25485,6493,0.9379,2.5485,2.71724
1,15,27,9319,27711,6962,0.9319,2.7711,2.9736
1,15,27.25,9319,27723,6962,0.9319,2.7723,2.97489
1,15,27.5,9311,28016,7043,0.9311,2.8016,3.00891
1,15,27.75,9344,26787,6770,0.9344,2.6787,2.86676
1,15,28,9333,27243,6873,0.9333,2.7243,2.919
1,15,28.25,9319,27657,6952,0.9319,2.7657,2.96781
1,15,28.5,9321,27593,6909,0.9321,2.7593,2.9603
1,15,28.75,9301,28369,7173,0.9301,2.8369,3.0501
1,15,29,9343,26911,6833,0.9343,2.6911,2.88034
1,15,29.25,9328,27396,6898,0.9328,2.7396,2.93696
1,15,29.5,9320,27800,7022,0.932,2.78,2.98283
1,15,29.75,9342,26866,6726,0.9342,2.6866,2.87583
1,15,30,9317,27713,6971,0.9317,2.7713,2.97446
1,15,30.25,9331,27409,6951,0.9331,2.7409,2.93741
1,15,30.5,9302,28320,7101,0.9302,2.832,3.04451
1,15,30.75,9303,28315,7095,0.9303,2.8315,3.04364
1,15,31,9348,26711,6724,0.9348,2.6711,2.8574
1,15,31.25,9354,26449,6666,0.9354,2.6449,2.82756
1,15,31.5,9367,25990,6637,0.9367,2.599,2.77463
1,15,31.75,9310,28119,7095,0.931,2.8119,3.0203
1,15,32,9337,27102,6773,0.9337,2.7102,2.90265
1,15,32.25,9312,28106,7078,0.9312,2.8106,3.01826
1,15,32.5,9308,28111,7090,0.9308,2.8111,3.02009
1,15,32.75,9382,25306,6425,0.9382,2.5306,2.69729
1,15,33,9346,26696,6703,0.9346,2.6696,2.85641
1,15,33.25,9295,28695,7230,0.9295,2.8695,3.08714
1,15,33.5,9337,27059,6872,0.9337,2.7059,2.89804
1,15,33.75,9339,26848,6783,0.9339,2.6848,2.87483
1,15,34,9338,26975,6802,0.9338,2.6975,2.88873
1,15,34.25,9347,26759,6761,0.9347,2.6759,2.86284
1,15,34.5,9304,28353,7170,0.9304,2.8353,3.0474
1,15,34.75,9307,28210,7070,0.9307,2.821,3.03105
1,15,35,9324,27435,6828,0.9324,2.7435,2.94241
1,15,35.25,9334,27243,6917,0.9334,2.7243,2.91868
1,15,35.5,9349,26619,6739,0.9349,2.6619,2.84726
1,15,35.75,9325,27478,6880,0.9325,2.7478,2.9467
1,15,36,9312,28127,7154,0.9312,2.8127,3.02051
1,15,36.25,9306,28255,7084,0.9306,2.8255,3.03621
1,15,36.5,9362,26089,6604,0.9362,2.6089,2.78669
1,15,36.75,9357,26337,6671,0.9357,2.6337,2.81468
1,15,37,9370,25838,6576,0.937,2.5838,2.75752
1,15,37.25,9320,27628,6980,0.932,2.7628,2.96438
1,15,37.5,9349,26704,6767,0.9349,2.6704,2.85635
1,15,37.75,9299,28497,7123,0.9299,2.8497,3.06452
1,15,38,9335,27098,6786,0.9335,2.7098,2.90284
1,15,38.25,9363,26068,6599,0.9363,2.6068,2.78415
1,15,38.5,9406,24409,6189,0.9406,2.4409,2.59505
1,15,38.75,9313,27850,6917,0.9313,2.785,2.99044
1,15,39,9295,28754,7274,0.9295,2.8754,3.09349
1,15,39.25,9345,26690,6718,0.9345,2.669,2.85607
1,15,39.5,9369,25846,6535,0.9369,2.5846,2.75867
1,15,39.75,9367,25844,6538,0.9367,2.5844,2.75905
1,15,40,9334,27151,6804,0.9334,2.7151,2.90883
1,16,0,200,8415,131,0.02,0.8415,42.075
1,16,0.25,213,8863,97,0.0213,0.8863,41.6103
1,16,0.5,224,9259,90,0.0224,0.9259,41.3348
1,16,0.75,218,9039,73,0.0218,0.9039,41.4633
1,16,1,230,9520,77,0.023,0.952,41.3913
1,16,1.25,229,9456,94,0.0229,0.9456,41.2926
1,16,1.5,225,9283,85,0.0225,0.9283,41.2578
1,16,1.75,230,9490,85,0.023,0.949,41.2609
1,16,2,218,9029,65,0.0218,0.9029,41.4174
1,16,2.25,212,8827,74,0.0212,0.8827,41.6368
1,16,2.5,222,9198,84,0.0222,0.9198,41.4324
1,16,2.75,222,9178,79,0.0222,0.9178,41.3423
1,16,3,228,9457,87,0.0228,0.9457,41.4781
1,16,3.25,253,10414,98,0.0253,1.0414,41.1621
1,16,3.5,241,9967,95,0.0241,0.9967,41.3568
1,16,3.75,248,10228,102,0.0248,1.0228,41.2419
1,16,4,241,9936,101,0.0241,0.9936,41.2282
1,16,4.25,244,10054,86,0.0244,1.0054,41.2049
1,16,4.5,248,10228,93,0.0248,1.0228,41.2419
1,16,4.75,247,10205,84,0.0247,1.0205,41.3158
1,16,5,269,11049,106,0.0269,1.1049,41.0743
1,16,5.25,279,11449,107,0.0279,1.1449,41.0358
1,16,5.5,284,11656,120,0.0284,1.1656,41.0423
1,16,5.75,293,11991,126,0.0293,1.1991,40.9249
1,16,6,305,12501,132,0.0305,1.2501,40.9869
1,16,6.25,331,13490,149,0.0331,1.349,40.7553
1,16,6.5,354,14404,180,0.0354,1.4404,40.6893
1,16,6.75,391,15856,211,0.0391,1.5856,40.5524
1,16,7,442,17733,244,0.0442,1.7733,40.1199
1,16,7.25,484,19292,271,0.0484,1.9292,39.8595
1,16,7.5,499,19826,295,0.0499,1.9826,39.7315
1,16,7.75,540,21455,335,0.054,2.1455,39.7315
1,16,8,611,24182,386,0.0611,2.4182,39.5777
1,16,8.25,672,26327,482,0.0672,2.6327,39.1771
1,16,8.5,779,30013,603,0.0779,3.0013,38.5276
1,16,8.75,912,34507,807,0.0912,3.4507,37.8366
1,16,9,1186,43535,1308,0.1186,4.3535,36.7074
1,16,9.25,1562,54718,2003,0.1562,5.4718,35.0307
1,16,9.5,2243,72261,3701,0.2243,7.2261,32.2162
1,16,9.75,3667,96562,8159,0.3667,9.6562,26.3327
1,16,10,6803,91655,15458,0.6803,9.1655,13.4727
1,16,10.25,9061,36859,8946,0.9061,3.6859,4.06787
1,16,10.5,9336,27175,6864,0.9336,2.7175,2.91078
1,16,10.75,9321,27655,6988,0.9321,2.7655,2.96696
1,16,11,9404,24515,6212,0.9404,2.4515,2.60687
1,16,11.25,9312,27902,6949,0.9312,2.7902,2.99635
1,16,11.5,9292,28792,7261,0.9292,2.8792,3.09858
1,16,11.75,9304,28340,7108,0.9304,2.834,3.046
1,16,12,9298,28531,7135,0.9298,2.8531,3.06851
1,16,12.25,9338,26964,6750,0.9338,2.6964,2.88756
1,16,12.5,9351,26456,6683,0.9351,2.6456,2.82922
1,16,12.75,9320,27832,7058,0.932,2.7832,2.98627
1,16,13,9371,25733,6514,0.9371,2.5733,2.74602
1,16,13.25,9359,26277,6636,0.9359,2.6277,2.80767
1,16,13.5,9319,27947,7078,0.9319,2.7947,2.99893
1,16,13.75,9326,27521,6949,0.9326,2.7521,2.951
1,16,14,9341,26990,6785,0.9341,2.699,2.88941
1,16,14.25,9371,25837,6532,0.9371,2.5837,2.75712
1,16,14.5,9314,27843,6998,0.9314,2.7843,2.98937
1,16,14.75,9329,27263,6887,0.9329,2.7263,2.92239
1,16,15,9300,28404,7165,0.93,2.8404,3.05419
1,16,15.25,9320,27602,6941,0.932,2.7602,2.96159
1,16,15.5,9278,29346,7387,0.9278,2.9346,3.16297
1,16,15.75,9373,25715,6466,0.9373,2.5715,2.74352
1,16,16,9370,25913,6615,0.937,2.5913,2.76553
1,16,16.25,9341,26912,6781,0.9341,2.6912,2.88106
1,16,16.5,9312,28100,7131,0.9312,2.81,3.01761
1,16,16.75,9338,26962,6796,0.9338,2.6962,2.88734
1,16,17,9328,27325,6897,0.9328,2.7325,2.92935
1,16,17.25,9369,25810,6448,0.9369,2.581,2.75483
1,16,17.5,9284,29114,7350,0.9284,2.9114,3.13593
1,16,17.75,9377,25643,6536,0.9377,2.5643,2.73467
1,16,18,9340,26980,6852,0.934,2.698,2.88865
1,16,18.25,9342,26966,6880,0.9342,2.6966,2.88653
1,16,18.5,9348,26594,6699,0.9348,2.6594,2.84489
1,16,18.75,9300,28456,7184,0.93,2.8456,3.05978
1,16,19,9309,28223,7187,0.9309,2.8223,3.0318
1,16,19.25,9369,25969,6600,0.9369,2.5969,2.7718
1,16,19.5,9325,27571,6965,0.9325,2.7571,2.95668
1,16,19.75,9284,29081,7313,0.9284,2.9081,3.13238
1,16,20,9308,28140,7033,0.9308,2.814,3.02321
1,16,20.25,9232,30867,7652,0.9232,3.0867,3.34348
1,16,20.5,9347,26680,6732,0.9347,2.668,2.85439
1,16,20.75,9361,26078,6596,0.9361,2.6078,2.78581
1,16,21,9291,28760,7233,0.9291,2.876,3.09547
1,16,21.25,9355,26346,6687,0.9355,2.6346,2.81625
1,16,21.5,9344,26687,6718,0.9344,2.6687,2.85606
1,16,21.75,9346,26738,6711,0.9346,2.6738,2.8609
1,16,22,9280,29174,7290,0.928,2.9174,3.14375
1,16,22.25,9344,26714,6684,0.9344,2.6714,2.85895
1,16,22.5,9310,28089,7065,0.931,2.8089,3.01708
1,16,22.75,9343,26849,6811,0.9343,2.6849,2.8737
1,16,23,9349,26605,6690,0.9349,2.6605,2.84576
1,16,23.25,9339,27026,6841,0.9339,2.7026,2.89389
1,16,23.5,9346,26745,6797,0.9346,2.6745,2.86165
1,16,23.75,9346,26803,6837,0.9346,2.6803,2.86786
1,16,24,9266,29700,7400,0.9266,2.97,3.20527
1,16,24.25,9328,27413,6888,0.9328,2.7413,2.93879
1,16,24.5,9340,26906,6819,0.934,2.6906,2.88073
1,16,24.75,9345,26856,6794,0.9345,2.6856,2.87384
1,16,25,9342,26995,6846,0.9342,2.6995,2.88964
1,16,25.25,9276,29467,7393,0.9276,2.9467,3.17669
1,16,25.5,9355,26360,6732,0.9355,2.636,2.81774
1,16,25.75,9380,25430,6441,0.938,2.543,2.71109
1,16,26,9326,27442,6947,0.9326,2.7442,2.94253
1,16,26.25,9377,25531,6435,0.9377,2.5531,2.72273
1,16,26.5,9274,29488,7379,0.9274,2.9488,3.17964
1,16,26.75,9350,26545,6680,0.935,2.6545,2.83904
1,16,27,9332,27332,6879,0.9332,2.7332,2.92885
1,16,27.25,9354,26437,6742,0.9354,2.6437,2.82628
1,16,27.5,9305,28284,7116,0.9305,2.8284,3.03966
1,16,27.75,9325,27518,6928,0.9325,2.7518,2.95099
1,16,28,9317,27853,7085,0.9317,2.7853,2.98948
1,16,28.25,9311,28026,7001,0.9311,2.8026,3.00999
1,16,28.5,9342,26892,6844,0.9342,2.6892,2.87861
1,16,28.75,9385,25131,6362,0.9385,2.5131,2.67778
1,16,29,9384,25295,6413,0.9384,2.5295,2.69555
1,16,29.25,9360,26155,6611,0.936,2.6155,2.79434
1,16,29.5,9291,28840,7310,0.9291,2.884,3.10408
1,16,29.75,9369,25882,6564,0.9369,2.5882,2.76251
1,16,30,9368,25889,6568,0.9368,2.5889,2.76356
1,16,30.25,9378,25481,6491,0.9378,2.5481,2.7171
1,16,30.5,9351,26547,6708,0.9351,2.6547,2.83895
1,16,30.75,9324,27544,6950,0.9324,2.7544,2.9541
1,16,31,9330,27260,6904,0.933,2.726,2.92176
1,16,31.25,9315,27975,7053,0.9315,2.7975,3.00322
1,16,31.5,9351,26647,6777,0.9351,2.6647,2.84964
1,16,31.75,9315,27873,6987,0.9315,2.7873,2.99227
1,16,32,9340,26947,6832,0.934,2.6947,2.88512
1,16,32.25,9326,27473,6902,0.9326,2.7473,2.94585
1,16,32.5,9321,27740,7015,0.9321,2.774,2.97608
1,16,32.75,9393,24977,6357,0.9393,2.4977,2.65911
1,16,33,9339,26975,6772,0.9339,2.6975,2.88842
1,16,33.25,9344,26737,6739,0.9344,2.6737,2.86141
1,16,33.5,9358,26180,6619,0.9358,2.618,2.79761
1,16,33.75,9329,27360,6885,0.9329,2.736,2.93279
1,16,34,9343,26811,6759,0.9343,2.6811,2.86964
1,16,34.25,9356,26372,6595,0.9356,2.6372,2.81873
1,16,34.5,9355,26384,6691,0.9355,2.6384,2.82031
1,16,34.75,9360,26177,6652,0.936,2.6177,2.79669
1,16,35,9343,26923,6838,0.9343,2.6923,2.88162
1,16,35.25,9338,27134,6844,0.9338,2.7134,2.90576
1,16,35.5,9321,27627,6950,0.9321,2.7627,2.96395
1,16,35.75,9316,27857,6988,0.9316,2.7857,2.99023
1,16,36,9326,27527,6943,0.9326,2.7527,2.95164
1,16,36.25,9365,26113,6651,0.9365,2.6113,2.78836
1,16,36.5,9322,27596,6938,0.9322,2.7596,2.96031
1,16,36.75,9348,26565,6637,0.9348,2.6565,2.84178
1,16,37,9277,29216,7300,0.9277,2.9216,3.14929
1,16,37.25,9293,28732,7259,0.9293,2.8732,3.09179
1,16,37.5,9326,27430,6856,0.9326,2.743,2.94124
1,16,37.75,9342,26837,6798,0.9342,2.6837,2.87273
1,16,38,9345,26899,6773,0.9345,2.6899,2.87844
1,16,38.25,9381,25377,6440,0.9381,2.5377,2.70515
1,16,38.5,9365,26095,6626,0.9365,2.6095,2.78644
1,16,38.75,9322,27675,6966,0.9322,2.7675,2.96878
1,16,39,9336,27151,6880,0.9336,2.7151,2.9082
1,16,39.25,9317,27931,7041,0.9317,2.7931,2.99785
1,16,39.5,9366,25915,6520,0.9366,2.5915,2.76692
1,16,39.75,9345,26785,6748,0.9345,2.6785,2.86624
1,16,40,9343,26854,6832,0.9343,2.6854,2.87424
1,17,0,200,8425,143,0.02,0.8425,42.125
1,17,0.25,217,9036,113,0.0217,0.9036,41.6406
1,17,0.5,207,8602,101,0.0207,0.8602,41.5556
1,17,0.75,209,8658,88,0.0209,0.8658,41.4258
1,17,1,224,9284,90,0.0224,0.9284,41.4464
1,17,1.25,241,9964,89,0.0241,0.9964,41.3444
1,17,1.5,253,10457,99,0.0253,1.0457,41.332
1,17,1.75,240,9959,99,0.024,0.9959,41.4958
1,17,2,242,10059,106,0.0242,1.0059,41.5661
1,17,2.25,245,10172,95,0.0245,1.0172,41.5184
1,17,2.5,244,10080,97,0.0244,1.008,41.3115
1,17,2.75,254,10481,102,0.0254,1.0481,41.2638
1,17,3,255,10500,105,0.0255,1.05,41.1765
1,17,3.25,251,10355,107,0.0251,1.0355,41.255
1,17,3.5,236,9756,96,0.0236,0.9756,41.339
1,17,3.75,229,9488,71,0.0229,0.9488,41.4323
1,17,4,230,9527,71,0.023,0.9527,41.4217
1,17,4.25,210,8750,72,0.021,0.875,41.6667
1,17,4.5,216,8983,79,0.0216,0.8983,41.588
1,17,4.75,226,9342,86,0.0226,0.9342,41.3363
1,17,5,230,9501,86,0.023,0.9501,41.3087
1,17,5.25,226,9311,72,0.0226,0.9311,41.1991
1,17,5.5,212,8766,70,0.0212,0.8766,41.3491
1,17,5.75,211,8761,89,0.0211,0.8761,41.5213
1,17,6,223,9182,87,0.0223,0.9182,41.1749
1,17,6.25,239,9848,97,0.0239,0.9848,41.205
1,17,6.5,241,9952,94,0.0241,0.9952,41.2946
1,17,6.75,237,9787,98,0.0237,0.9787,41.2954
1,17,7,274,11206,115,0.0274,1.1206,40.8978
1,17,7.25,295,12013,117,0.0295,1.2013,40.722
1,17,7.5,319,12954,142,0.0319,1.2954,40.6082
1,17,7.75,370,14982,182,0.037,1.4982,40.4919
1,17,8,405,16367,223,0.0405,1.6367,40.4123
1,17,8.25,448,18005,240,0.0448,1.8005,40.1897
1,17,8.5,529,21078,321,0.0529,2.1078,39.845
1,17,8.75,587,23234,387,0.0587,2.3234,39.5809
1,17,9,636,24967,480,0.0636,2.4967,39.2563
1,17,9.25,749,29024,606,0.0749,2.9024,38.7503
1,17,9.5,894,34034,819,0.0894,3.4034,38.0694
1,17,9.75,1112,41257,1122,0.1112,4.1257,37.1016
1,17,10,1357,48907,1669,0.1357,4.8907,36.0405
1,17,10.25,1816,61709,2729,0.1816,6.1709,33.9807
1,17,10.5,2709,82175,5221,0.2709,8.2175,30.3341
1,17,10.75,4826,104394,11855,0.4826,10.4394,21.6316
1,17,11,8236,62536,13302,0.8236,6.2536,7.59301
1,17,11.25,9279,29233,7275,0.9279,2.9233,3.15045
1,17,11.5,9366,26063,6593,0.9366,2.6063,2.78272
1,17,11.75,9325,27413,6821,0.9325,2.7413,2.93973
1,17,12,9316,27801,6966,0.9316,2.7801,2.98422
1,17,12.25,9340,27026,6890,0.934,2.7026,2.89358
1,17,12.5,9341,26815,6763,0.9341,2.6815,2.87068
1,17,12.75,9328,27319,6813,0.9328,2.7319,2.92871
1,17,13,9365,26005,6548,0.9365,2.6005,2.77683
1,17,13.25,9320,27674,6941,0.932,2.7674,2.96931
1,17,13.5,9329,27336,6869,0.9329,2.7336,2.93022
1,17,13.75,9327,27421,6913,0.9327,2.7421,2.93996
1,17,14,9332,27289,6872,0.9332,2.7289,2.92424
1,17,14.25,9352,26407,6669,0.9352,2.6407,2.82367
1,17,14.5,9393,24885,6276,0.9393,2.4885,2.64931
1,17,14.75,9331,27196,6846,0.9331,2.7196,2.91459
1,17,15,9362,26061,6564,0.9362,2.6061,2.7837
1,17,15.25,9346,26796,6788,0.9346,2.6796,2.86711
1,17,15.5,9304,28242,7017,0.9304,2.8242,3.03547
1,17,15.75,9341,26799,6743,0.9341,2.6799,2.86896
1,17,16,9365,26105,6648,0.9365,2.6105,2.78751
1,17,16.25,9321,27748,7041,0.9321,2.7748,2.97693
1,17,16.5,9305,28334,7180,0.9305,2.8334,3.04503
1,17,16.75,9315,27802,6963,0.9315,2.7802,2.98465
1,17,17,9340,26950,6815,0.934,2.695,2.88544
1,17,17.25,9318,27723,6936,0.9318,2.7723,2.97521
1,17,17.5,9332,27287,6886,0.9332,2.7287,2.92402
1,17,17.75,9289,28911,7237,0.9289,2.8911,3.11239
1,17,18,9337,27042,6849,0.9337,2.7042,2.89622
1,17,18.25,9302,28427,7185,0.9302,2.8427,3.05601
1,17,18.5,9367,26003,6611,0.9367,2.6003,2.77602
1,17,18.75,9359,26308,6690,0.9359,2.6308,2.81098
1,17,19,9346,26763,6801,0.9346,2.6763,2.86358
1,17,19.25,9295,28600,7189,0.9295,2.86,3.07692
1,17,19.5,9357,26377,6696,0.9357,2.6377,2.81896
1,17,19.75,9363,26025,6558,0.9363,2.6025,2.77956
1,17,20,9341,26842,6766,0.9341,2.6842,2.87357
1,17,20.25,9294,28719,7180,0.9294,2.8719,3.09006
1,17,20.5,9332,27374,6900,0.9332,2.7374,2.93335
1,17,20.75,9371,25714,6514,0.9371,2.5714,2.744
1,17,21,9338,27002,6778,0.9338,2.7002,2.89163
1,17,21.25,9334,27118,6844,0.9334,2.7118,2.90529
1,17,21.5,9266,29727,7402,0.9266,2.9727,3.20818
1,17,21.75,9290,28906,7280,0.929,2.8906,3.11152
1,17,22,9321,27684,7032,0.9321,2.7684,2.97007
1,17,22.25,9353,26407,6694,0.9353,2.6407,2.82337
1,17,22.5,9343,26856,6822,0.9343,2.6856,2.87445
1,17,22.75,9365,26051,6624,0.9365,2.6051,2.78174
1,17,23,9330,27200,6774,0.933,2.72,2.91533
1,17,23.25,9389,25143,6403,0.9389,2.5143,2.67792
1,17,23.5,9357,26277,6620,0.9357,2.6277,2.80827
1,17,23.75,9296,28692,7277,0.9296,2.8692,3.08649
1,17,24,9346,26651,6720,0.9346,2.6651,2.85159
1,17,24.25,9318,27832,7033,0.9318,2.7832,2.98691
1,17,24.5,9327,27415,6959,0.9327,2.7415,2.93932
1,17,24.75,9329,27289,6901,0.9329,2.7289,2.92518
1,17,25,9346,26685,6742,0.9346,2.6685,2.85523
1,17,25.25,9342,26910,6815,0.9342,2.691,2.88054
1,17,25.5,9324,27667,7023,0.9324,2.7667,2.96729
1,17,25.75,9301,28435,7174,0.9301,2.8435,3.0572
1,17,26,9298,28519,7159,0.9298,2.8519,3.06722
1,17,26.25,9335,27158,6855,0.9335,2.7158,2.90927
1,17,26.5,9346,26746,6743,0.9346,2.6746,2.86176
1,17,26.75,9293,28769,7285,0.9293,2.8769,3.09577
1,17,27,9306,28219,7110,0.9306,2.8219,3.03234
1,17,27.25,9357,26179,6615,0.9357,2.6179,2.7978
1,17,27.5,9329,27441,6949,0.9329,2.7441,2.94147
1,17,27.75,9330,27275,6878,0.933,2.7275,2.92337
1,17,28,9321,27602,6949,0.9321,2.7602,2.96127
1,17,28.25,9337,27102,6841,0.9337,2.7102,2.90265
1,17,28.5,9345,26812,6735,0.9345,2.6812,2.86913
1,17,28.75,9318,27829,7034,0.9318,2.7829,2.98659
1,17,29,9310,28150,7121,0.931,2.815,3.02363
1,17,29.25,9325,27442,6910,0.9325,2.7442,2.94284
1,17,29.5,9357,26310,6646,0.9357,2.631,2.8118
1,17,29.75,9365,26004,6633,0.9365,2.6004,2.77672
1,17,30,9342,26964,6840,0.9342,2.6964,2.88632
1,17,30.25,9358,26319,6652,0.9358,2.6319,2.81246
1,17,30.5,9349,26635,6712,0.9349,2.6635,2.84897
1,17,30.75,9377,25641,6553,0.9377,2.5641,2.73446
1,17,31,9325,27517,6916,0.9325,2.7517,2.95088
1,17,31.25,9346,26694,6746,0.9346,2.6694,2.8562
1,17,31.5,9370,25894,6547,0.937,2.5894,2.7635
1,17,31.75,9345,26793,6803,0.9345,2.6793,2.86709
1,17,32,9303,28356,7120,0.9303,2.8356,3.04805
1,17,32.25,9358,26186,6620,0.9358,2.6186,2.79825
1,17,32.5,9336,27105,6881,0.9336,2.7105,2.90328
1,17,32.75,9317,27860,7038,0.9317,2.786,2.99023
1,17,33,9271,29562,7388,0.9271,2.9562,3.18865
1,17,33.25,9341,26996,6794,0.9341,2.6996,2.89005
1,17,33.5,9321,27699,6942,0.9321,2.7699,2.97168
1,17,33.75,9338,27047,6841,0.9338,2.7047,2.89644
1,17,34,9330,27272,6899,0.933,2.7272,2.92304
1,17,34.25,9296,28548,7166,0.9296,2.8548,3.071
1,17,34.5,9361,26122,6594,0.9361,2.6122,2.79051
1,17,34.75,9353,26408,6714,0.9353,2.6408,2.82348
1,17,35,9335,27096,6798,0.9335,2.7096,2.90262
1,17,35.25,9272,29534,7379,0.9272,2.9534,3.18529
1,17,35.5,9350,26467,6673,0.935,2.6467,2.8307
1,17,35.75,9296,28609,7177,0.9296,2.8609,3.07756
1,17,36,9369,25843,6565,0.9369,2.5843,2.75835
1,17,36.25,9322,27657,6951,0.9322,2.7657,2.96685
1,17,36.5,9370,25897,6611,0.937,2.5897,2.76382
1,17,36.75,9323,27617,6969,0.9323,2.7617,2.96224
1,17,37,9297,28646,7273,0.9297,2.8646,3.08121
1,17,37.25,9294,28683,7200,0.9294,2.8683,3.08618
1,17,37.5,9321,27657,6954,0.9321,2.7657,2.96717
1,17,37.75,9391,25045,6383,0.9391,2.5045,2.66692
1,17,38,9315,27976,7073,0.9315,2.7976,3.00333
1,17,38.25,9375,25560,6435,0.9375,2.556,2.7264
1,17,38.5,9351,26511,6706,0.9351,2.6511,2.8351
1,17,38.75,9344,26807,6783,0.9344,2.6807,2.8689
1,17,39,9357,26307,6697,0.9357,2.6307,2.81148
1,17,39.25,9325,27488,6960,0.9325,2.7488,2.94777
1,17,39.5,9345,26696,6743,0.9345,2.6696,2.85671
1,17,39.75,9342,26907,6810,0.9342,2.6907,2.88022
1,17,40,9333,27307,6915,0.9333,2.7307,2.92585
1,18,0,200,8413,127,0.02,0.8413,42.065
1,18,0.25,225,9338,100,0.0225,0.9338,41.5022
1,18,0.5,223,9240,90,0.0223,0.924,41.435
1,18,0.75,219,9058,97,0.0219,0.9058,41.3607
1,18,1,220,9127,82,0.022,0.9127,41.4864
1,18,1.25,229,9479,87,0.0229,0.9479,41.393
1,18,1.5,236,9744,93,0.0236,0.9744,41.2881
1,18,1.75,245,10085,106,0.0245,1.0085,41.1633
1,18,2,274,11183,117,0.0274,1.1183,40.8139
1,18,2.25,303,12344,125,0.0303,1.2344,40.7393
1,18,2.5,306,12440,149,0.0306,1.244,40.6536
1,18,2.75,317,12894,153,0.0317,1.2894,40.6751
1,18,3,352,14240,174,0.0352,1.424,40.4545
1,18,3.25,357,14480,208,0.0357,1.448,40.5602
1,18,3.5,389,15629,220,0.0389,1.5629,40.1774
1,18,3.75,418,16797,236,0.0418,1.6797,40.1842
1,18,4,439,17610,261,0.0439,1.761,40.1139
1,18,4.25,473,18905,296,0.0473,1.8905,39.9683
1,18,4.5,509,20352,329,0.0509,2.0352,39.9843
1,18,4.75,572,22561,370,0.0572,2.2561,39.4423
1,18,5,651,25484,432,0.0651,2.5484,39.1459
1,18,5.25,691,27024,502,0.0691,2.7024,39.1085
1,18,5.5,797,30809,667,0.0797,3.0809,38.6562
1,18,5.75,915,34759,830,0.0915,3.4759,37.988
1,18,6,1100,40919,1095,0.11,4.0919,37.1991
1,18,6.25,1374,49478,1614,0.1374,4.9478,36.0102
1,18,6.5,1952,65344,2928,0.1952,6.5344,33.4754
1,18,6.75,2931,86145,5890,0.2931,8.6145,29.391
1,18,7,5241,104567,13082,0.5241,10.4567,19.9517
1,18,7.25,8501,55058,12155,0.8501,5.5058,6.47665
1,18,7.5,9300,28434,7114,0.93,2.8434,3.05742
1,18,7.75,9310,27936,6989,0.931,2.7936,3.00064
1,18,8,9346,26709,6776,0.9346,2.6709,2.8578
1,18,8.25,9332,27259,6892,0.9332,2.7259,2.92102
1,18,8.5,9365,26074,6632,0.9365,2.6074,2.7842
1,18,8.75,9325,27459,6911,0.9325,2.7459,2.94466
1,18,9,9329,27418,6937,0.9329,2.7418,2.93901
1,18,9.25,9323,27619,6956,0.9323,2.7619,2.96246
1,18,9.5,9367,25927,6526,0.9367,2.5927,2.76791
1,18,9.75,9315,27791,6938,0.9315,2.7791,2.98347
1,18,10,9360,26175,6636,0.936,2.6175,2.79647
1,18,10.25,9324,27503,6943,0.9324,2.7503,2.9497
1,18,10.5,9322,27584,6954,0.9322,2.7584,2.95902
1,18,10.75,9372,25836,6597,0.9372,2.5836,2.75672
1,18,11,9289,28888,7284,0.9289,2.8888,3.10991
1,18,11.25,9352,26538,6708,0.9352,2.6538,2.83768
1,18,11.5,9314,27892,7010,0.9314,2.7892,2.99463
1,18,11.75,9318,27679,6964,0.9318,2.7679,2.97049
1,18,12,9362,26101,6587,0.9362,2.6101,2.78797
1,18,12.25,9368,25918,6593,0.9368,2.5918,2.76665
1,18,12.5,9330,27392,6980,0.933,2.7392,2.93591
1,18,12.75,9310,28074,7098,0.931,2.8074,3.01547
1,18,13,9250,30384,7660,0.925,3.0384,3.28476
1,18,13.25,9322,27636,6931,0.9322,2.7636,2.9646
1,18,13.5,9367,25925,6549,0.9367,2.5925,2.7677
1,18,13.75,9340,26942,6778,0.934,2.6942,2.88458
1,18,14,9306,28200,7054,0.9306,2.82,3.0303
1,18,14.25,9307,28159,7050,0.9307,2.8159,3.02557
1,18,14.5,9337,27140,6849,0.9337,2.714,2.90672
1,18,14.75,9295,28650,7150,0.9295,2.865,3.0823
1,18,15,9348,26646,6704,0.9348,2.6646,2.85045
1,18,15.25,9316,27816,6999,0.9316,2.7816,2.98583
1,18,15.5,9344,26806,6772,0.9344,2.6806,2.86879
1,18,15.75,9384,25401,6498,0.9384,2.5401,2.70684
1,18,16,9408,24403,6209,0.9408,2.4403,2.59386
1,18,16.25,9350,26603,6726,0.935,2.6603,2.84524
1,18,16.5,9366,25975,6573,0.9366,2.5975,2.77333
1,18,16.75,9294,28592,7171,0.9294,2.8592,3.07639
1,18,17,9327,27392,6897,0.9327,2.7392,2.93685
1,18,17.25,9332,27211,6801,0.9332,2.7211,2.91588
1,18,17.5,9341,26951,6843,0.9341,2.6951,2.88524
1,18,17.75,9367,25937,6580,0.9367,2.5937,2.76898
1,18,18,9320,27749,7012,0.932,2.7749,2.97736
1,18,18.25,9369,25857,6563,0.9369,2.5857,2.75985
1,18,18.5,9343,26872,6768,0.9343,2.6872,2.87616
1,18,18.75,9340,27011,6833,0.934,2.7011,2.89197
1,18,19,9328,27447,6922,0.9328,2.7447,2.94243
1,18,19.25,9365,26006,6571,0.9365,2.6006,2.77694
1,18,19.5,9332,27269,6843,0.9332,2.7269,2.9221
1,18,19.75,9346,26588,6660,0.9346,2.6588,2.84485
1,18,20,9355,26365,6676,0.9355,2.6365,2.81828
1,18,20.25,9357,26267,6584,0.9357,2.6267,2.8072
1,18,20.5,9370,25878,6625,0.937,2.5878,2.76179
1,18,20.75,9288,28903,7255,0.9288,2.8903,3.11186
1,18,21,9350,26553,6731,0.935,2.6553,2.83989
1,18,21.25,9326,27450,6892,0.9326,2.745,2.94338
1,18,21.5,9333,27094,6841,0.9333,2.7094,2.90303
1,18,21.75,9355,26349,6659,0.9355,2.6349,2.81657
1,18,22,9352,26454,6690,0.9352,2.6454,2.8287
1,18,22.25,9338,27033,6794,0.9338,2.7033,2.89495
1,18,22.5,9366,25972,6573,0.9366,2.5972,2.77301
1,18,22.75,9320,27805,7036,0.932,2.7805,2.98337
1,18,23,9331,27251,6881,0.9331,2.7251,2.92048
1,18,23.25,9357,26344,6637,0.9357,2.6344,2.81543
1,18,23.5,9337,27058,6837,0.9337,2.7058,2.89793
1,18,23.75,9298,28531,7194,0.9298,2.8531,3.06851
1,18,24,9307,28205,7120,0.9307,2.8205,3.03051
1,18,24.25,9335,27207,6898,0.9335,2.7207,2.91452
1,18,24.5,9379,25414,6448,0.9379,2.5414,2.70967
1,18,24.75,9323,27583,6942,0.9323,2.7583,2.9586
1,18,25,9313,28017,7072,0.9313,2.8017,3.00838
1,18,25.25,9380,25356,6445,0.938,2.5356,2.7032
1,18,25.5,9336,27073,6884,0.9336,2.7073,2.89985
1,18,25.75,9315,27893,7019,0.9315,2.7893,2.99442
1,18,26,9317,27947,7092,0.9317,2.7947,2.99957
1,18,26.25,9337,26982,6812,0.9337,2.6982,2.88979
1,18,26.5,9347,26761,6775,0.9347,2.6761,2.86306
1,18,26.75,9279,29269,7307,0.9279,2.9269,3.15433
1,18,27,9324,27561,6938,0.9324,2.7561,2.95592
1,18,27.25,9329,27364,6817,0.9329,2.7364,2.93322
1,18,27.5,9312,28116,7072,0.9312,2.8116,3.01933
1,18,27.75,9336,27103,6835,0.9336,2.7103,2.90306
1,18,28,9378,25548,6535,0.9378,2.5548,2.72425
1,18,28.25,9353,26435,6689,0.9353,2.6435,2.82637
1,18,28.5,9351,26456,6639,0.9351,2.6456,2.82922
1,18,28.75,9339,26973,6761,0.9339,2.6973,2.88821
1,18,29,9364,25986,6594,0.9364,2.5986,2.7751
1,18,29.25,9312,28024,7076,0.9312,2.8024,3.00945
1,18,29.5,9267,29626,7438,0.9267,2.9626,3.19694
1,18,29.75,9340,27030,6878,0.934,2.703,2.894
1,18,30,9359,26251,6651,0.9359,2.6251,2.80489
1,18,30.25,9349,26594,6741,0.9349,2.6594,2.84458
1,18,30.5,9326,27525,6926,0.9326,2.7525,2.95143
1,18,30.75,9332,27229,6847,0.9332,2.7229,2.91781
1,18,31,9332,27239,6877,0.9332,2.7239,2.91888
1,18,31.25,9329,27447,6908,0.9329,2.7447,2.94212
1,18,31.5,9351,26526,6716,0.9351,2.6526,2.8367
1,18,31.75,9356,26243,6634,0.9356,2.6243,2.80494
1,18,32,9357,26338,6665,0.9357,2.6338,2.81479
1,18,32.25,9317,27886,7054,0.9317,2.7886,2.99302
1,18,32.5,9299,28411,7107,0.9299,2.8411,3.05527
1,18,32.75,9290,28865,7270,0.929,2.8865,3.1071
1,18,33,9339,26998,6799,0.9339,2.6998,2.89089
1,18,33.25,9287,28953,7268,0.9287,2.8953,3.11758
1,18,33.5,9334,27207,6846,0.9334,2.7207,2.91483
1,18,33.75,9320,27716,6986,0.932,2.7716,2.97382
1,18,34,9324,27543,6921,0.9324,2.7543,2.95399
1,18,34.25,9333,27180,6889,0.9333,2.718,2.91225
1,18,34.5,9304,28342,7133,0.9304,2.8342,3.04622
1,18,34.75,9321,27700,6994,0.9321,2.77,2.97178
1,18,35,9305,28142,7027,0.9305,2.8142,3.0244
1,18,35.25,9397,24850,6353,0.9397,2.485,2.64446
1,18,35.5,9301,28399,7122,0.9301,2.8399,3.05333
1,18,35.75,9370,25667,6509,0.937,2.5667,2.73927
1,18,36,9360,26222,6664,0.936,2.6222,2.8015
1,18,36.25,9330,27295,6902,0.933,2.7295,2.92551
1,18,36.5,9385,25115,6350,0.9385,2.5115,2.67608
1,18,36.75,9300,28557,7185,0.93,2.8557,3.07065
1,18,37,9358,26265,6641,0.9358,2.6265,2.80669
1,18,37.25,9327,27427,6959,0.9327,2.7427,2.9406
1,18,37.5,9401,24639,6271,0.9401,2.4639,2.62089
1,18,37.75,9326,27437,6881,0.9326,2.7437,2.94199
1,18,38,9349,26557,6719,0.9349,2.6557,2.84062
1,18,38.25,9393,24935,6311,0.9393,2.4935,2.65464
1,18,38.5,9394,24826,6311,0.9394,2.4826,2.64275
1,18,38.75,9296,28584,7190,0.9296,2.8584,3.07487
1,18,39,9336,27137,6873,0.9336,2.7137,2.90671
1,18,39.25,9321,27740,6995,0.9321,2.774,2.97608
1,18,39.5,9332,27290,6920,0.9332,2.729,2.92435
1,18,39.75,9327,27486,6932,0.9327,2.7486,2.94693
1,18,40,9355,26351,6633,0.9355,2.6351,2.81678
1,19,0,200,8414,135,0.02,0.8414,42.07
1,19,0.25,232,9651,103,0.0232,0.9651,41.5991
1,19,0.5,266,10989,122,0.0266,1.0989,41.312
1,19,0.75,273,11294,108,0.0273,1.1294,41.37
1,19,1,312,12816,133,0.0312,1.2816,41.0769
1,19,1.25,349,14223,160,0.0349,1.4223,40.7536
1,19,1.5,381,15415,198,0.0381,1.5415,40.4593
1,19,1.75,404,16266,235,0.0404,1.6266,40.2624
1,19,2,439,17650,243,0.0439,1.765,40.205
1,19,2.25,481,19165,256,0.0481,1.9165,39.8441
1,19,2.5,532,21118,301,0.0532,2.1118,39.6955
1,19,2.75,598,23558,400,0.0598,2.3558,39.3946
1,19,3,704,27340,498,0.0704,2.734,38.8352
1,19,3.25,837,32099,685,0.0837,3.2099,38.3501
1,19,3.5,974,36728,906,0.0974,3.6728,37.7084
1,19,3.75,1129,41861,1174,0.1129,4.1861,37.0779
1,19,4,1534,54303,1908,0.1534,5.4303,35.3996
1,19,4.25,2092,68870,3380,0.2092,6.887,32.9207
1,19,4.5,3324,92397,7075,0.3324,9.2397,27.7969
1,19,4.75,6236,99207,15009,0.6236,9.9207,15.9088
1,19,5,9007,38920,9247,0.9007,3.892,4.32108
1,19,5.25,9323,27582,6919,0.9323,2.7582,2.95849
1,19,5.5,9357,26361,6704,0.9357,2.6361,2.81725
1,19,5.75,9337,26997,6793,0.9337,2.6997,2.8914
1,19,6,9333,27203,6873,0.9333,2.7203,2.91471
1,19,6.25,9340,26924,6850,0.934,2.6924,2.88266
1,19,6.5,9307,28299,7171,0.9307,2.8299,3.04061
1,19,6.75,9345,26748,6758,0.9345,2.6748,2.86228
1,19,7,9362,26130,6603,0.9362,2.613,2.79107
1,19,7.25,9295,28545,7116,0.9295,2.8545,3.07101
1,19,7.5,9352,26587,6753,0.9352,2.6587,2.84292
1,19,7.75,9333,27131,6845,0.9333,2.7131,2.907
1,19,8,9323,27667,7018,0.9323,2.7667,2.96761
1,19,8.25,9342,26958,6794,0.9342,2.6958,2.88568
1,19,8.5,9339,27002,6785,0.9339,2.7002,2.89132
1,19,8.75,9333,27150,6864,0.9333,2.715,2.90903
1,19,9,9330,27353,6900,0.933,2.7353,2.93173
1,19,9.25,9335,27128,6837,0.9335,2.7128,2.90605
1,19,9.5,9351,26519,6690,0.9351,2.6519,2.83595
1,19,9.75,9305,28257,7111,0.9305,2.8257,3.03675
1,19,10,9312,28024,7023,0.9312,2.8024,3.00945
1,19,10.25,9321,27709,6968,0.9321,2.7709,2.97275
1,19,10.5,9258,30025,7545,0.9258,3.0025,3.24314
1,19,10.75,9320,27658,7002,0.932,2.7658,2.9676
1,19,11,9356,26392,6688,0.9356,2.6392,2.82086
1,19,11.25,9348,26667,6760,0.9348,2.6667,2.8527
1,19,11.5,9370,25870,6547,0.937,2.587,2.76094
1,19,11.75,9340,26970,6751,0.934,2.697,2.88758
1,19,12,9346,26669,6714,0.9346,2.6669,2.85352
1,19,12.25,9357,26395,6722,0.9357,2.6395,2.82088
1,19,12.5,9336,26987,6784,0.9336,2.6987,2.89064
1,19,12.75,9331,27263,6842,0.9331,2.7263,2.92177
1,19,13,9273,29516,7430,0.9273,2.9516,3.183
1,19,13.25,9380,25532,6465,0.938,2.5532,2.72196
1,19,13.5,9376,25643,6518,0.9376,2.5643,2.73496
1,19,13.75,9321,27709,6982,0.9321,2.7709,2.97275
1,19,14,9346,26752,6767,0.9346,2.6752,2.8624
1,19,14.25,9307,28164,7074,0.9307,2.8164,3.02611
1,19,14.5,9362,26165,6673,0.9362,2.6165,2.79481
1,19,14.75,9326,27429,6916,0.9326,2.7429,2.94113
1,19,15,9369,25820,6577,0.9369,2.582,2.7559
1,19,15.25,9338,27029,6796,0.9338,2.7029,2.89452
1,19,15.5,9373,25737,6524,0.9373,2.5737,2.74587
1,19,15.75,9288,28923,7229,0.9288,2.8923,3.11402
1,19,16,9358,26245,6614,0.9358,2.6245,2.80455
1,19,16.25,9299,28550,7233,0.9299,2.855,3.07022
1,19,16.5,9284,29087,7279,0.9284,2.9087,3.13302
1,19,16.75,9327,27520,6903,0.9327,2.752,2.95057
1,19,17,9313,28009,7074,0.9313,2.8009,3.00752
1,19,17.25,9315,27932,7081,0.9315,2.7932,2.9986
1,19,17.5,9302,28384,7123,0.9302,2.8384,3.05139
1,19,17.75,9358,26328,6629,0.9358,2.6328,2.81342
1,19,18,9393,24932,6320,0.9393,2.4932,2.65432
1,19,18.25,9335,27207,6883,0.9335,2.7207,2.91452
1,19,18.5,9310,28049,7086,0.931,2.8049,3.01278
1,19,18.75,9364,26031,6611,0.9364,2.6031,2.7799
1,19,19,9359,26238,6621,0.9359,2.6238,2.8035
1,19,19.25,9376,25605,6471,0.9376,2.5605,2.73091
1,19,19.5,9359,26154,6610,0.9359,2.6154,2.79453
1,19,19.75,9331,27336,6894,0.9331,2.7336,2.92959
1,19,20,9305,28257,7138,0.9305,2.8257,3.03675
1,19,20.25,9319,27771,7069,0.9319,2.7771,2.98004
1,19,20.5,9320,27812,7048,0.932,2.7812,2.98412
1,19,20.75,9282,29069,7299,0.9282,2.9069,3.13176
1,19,21,9350,26640,6758,0.935,2.664,2.8492
1,19,21.25,9322,27514,6885,0.9322,2.7514,2.95151
1,19,21.5,9308,28110,7052,0.9308,2.811,3.01998
1,19,21.75,9339,26910,6732,0.9339,2.691,2.88146
1,19,22,9355,26440,6722,0.9355,2.644,2.8263
1,19,22.25,9330,27385,6898,0.933,2.7385,2.93516
1,19,22.5,9357,26335,6660,0.9357,2.6335,2.81447
1,19,22.75,9345,26813,6725,0.9345,2.6813,2.86923
1,19,23,9334,27204,6853,0.9334,2.7204,2.91451
1,19,23.25,9329,27384,6920,0.9329,2.7384,2.93536
1,19,23.5,9330,27251,6827,0.933,2.7251,2.92079
1,19,23.75,9327,27452,6888,0.9327,2.7452,2.94328
1,19,24,9281,29242,7339,0.9281,2.9242,3.15074
1,19,24.25,9355,26453,6697,0.9355,2.6453,2.82769
1,19,24.5,9335,27098,6823,0.9335,2.7098,2.90284
1,19,24.75,9308,28094,7100,0.9308,2.8094,3.01826
1,19,25,9345,26757,6763,0.9345,2.6757,2.86324
1,19,25.25,9334,27271,6927,0.9334,2.7271,2.92168
1,19,25.5,9329,27307,6918,0.9329,2.7307,2.92711
1,19,25.75,9367,25989,6616,0.9367,2.5989,2.77453
1,19,26,9349,26681,6784,0.9349,2.6681,2.85389
1,19,26.25,9292,28854,7219,0.9292,2.8854,3.10525
1,19,26.5,9342,26906,6800,0.9342,2.6906,2.88011
1,19,26.75,9371,25758,6533,0.9371,2.5758,2.74869
1,19,27,9352,26475,6699,0.9352,2.6475,2.83095
1,19,27.25,9351,26523,6740,0.9351,2.6523,2.83638
1,19,27.5,9322,27583,6933,0.9322,2.7583,2.95891
1,19,27.75,9295,28616,7170,0.9295,2.8616,3.07864
1,19,28,9280,29114,7290,0.928,2.9114,3.13728
1,19,28.25,9375,25613,6476,0.9375,2.5613,2.73205
1,19,28.5,9322,27668,6927,0.9322,2.7668,2.96803
1,19,28.75,9351,26423,6656,0.9351,2.6423,2.82569
1,19,29,9380,25437,6467,0.938,2.5437,2.71183
1,19,29.25,9353,26526,6737,0.9353,2.6526,2.8361
1,19,29.5,9324,27550,6882,0.9324,2.755,2.95474
1,19,29.75,9312,27975,7064,0.9312,2.7975,3.00419
1,19,30,9315,27876,7018,0.9315,2.7876,2.99259
1,19,30.25,9337,27044,6809,0.9337,2.7044,2.89643
1,19,30.5,9294,28715,7228,0.9294,2.8715,3.08963
1,19,30.75,9363,26044,6577,0.9363,2.6044,2.78159
1,19,31,9346,26832,6771,0.9346,2.6832,2.87096
1,19,31.25,9326,27439,6922,0.9326,2.7439,2.9422
1,19,31.5,9352,26549,6766,0.9352,2.6549,2.83886
1,19,31.75,9328,27360,6899,0.9328,2.736,2.9331
1,19,32,9351,26673,6786,0.9351,2.6673,2.85242
1,19,32.25,9283,29128,7366,0.9283,2.9128,3.13778
1,19,32.5,9302,28435,7110,0.9302,2.8435,3.05687
1,19,32.75,9348,26668,6777,0.9348,2.6668,2.8528
1,19,33,9291,28820,7231,0.9291,2.882,3.10193
1,19,33.25,9269,29646,7476,0.9269,2.9646,3.1984
1,19,33.5,9283,29163,7297,0.9283,2.9163,3.14155
1,19,33.75,9360,26201,6634,0.936,2.6201,2.79925
1,19,34,9299,28545,7187,0.9299,2.8545,3.06968
1,19,34.25,9358,26167,6576,0.9358,2.6167,2.79622
1,19,34.5,9344,26755,6689,0.9344,2.6755,2.86333
1,19,34.75,9341,26826,6745,0.9341,2.6826,2.87186
1,19,35,9371,25784,6533,0.9371,2.5784,2.75147
1,19,35.25,9339,26904,6779,0.9339,2.6904,2.88082
1,19,35.5,9372,25673,6487,0.9372,2.5673,2.73933
1,19,35.75,9318,27676,6972,0.9318,2.7676,2.97017
1,19,36,9302,28406,7127,0.9302,2.8406,3.05375
1,19,36.25,9325,27594,6984,0.9325,2.7594,2.95914
1,19,36.5,9337,27105,6894,0.9337,2.7105,2.90297
1,19,36.75,9310,28069,7010,0.931,2.8069,3.01493
1,19,37,9350,26571,6732,0.935,2.6571,2.84182
1,19,37.25,9341,26929,6758,0.9341,2.6929,2.88288
1,19,37.5,9338,27070,6889,0.9338,2.707,2.89891
1,19,37.75,9314,28055,7067,0.9314,2.8055,3.01213
1,19,38,9388,25139,6356,0.9388,2.5139,2.67778
1,19,38.25,9339,27036,6780,0.9339,2.7036,2.89496
1,19,38.5,9315,27807,6973,0.9315,2.7807,2.98519
1,19,38.75,9337,26982,6787,0.9337,2.6982,2.88979
1,19,39,9332,27330,6956,0.9332,2.733,2.92863
1,19,39.25,9319,27733,7010,0.9319,2.7733,2.97596
1,19,39.5,9294,28596,7165,0.9294,2.8596,3.07682
1,19,39.75,9376,25617,6491,0.9376,2.5617,2.73219
1,19,40,9357,26295,6675,0.9357,2.6295,2.8102
2,0,0,200,8430,133,0.02,0.843,42.15
2,0,0.25,207,8644,103,0.0207,0.8644,41.7585
2,0,0.5,217,9045,77,0.0217,0.9045,41.682
2,0,0.75,234,9692,79,0.0234,0.9692,41.4188
2,0,1,245,10075,102,0.0245,1.0075,41.1224
2,0,1.25,267,10973,90,0.0267,1.0973,41.0974
2,0,1.5,260,10686,83,0.026,1.0686,41.1
2,0,1.75,273,11207,110,0.0273,1.1207,41.0513
2,0,2,302,12323,134,0.0302,1.2323,40.8046
2,0,2.25,317,12903,154,0.0317,1.2903,40.7035
2,0,2.5,316,12885,138,0.0316,1.2885,40.7753
2,0,2.75,329,13420,143,0.0329,1.342,40.7903
2,0,3,353,14302,164,0.0353,1.4302,40.5156
2,0,3.25,382,15427,188,0.0382,1.5427,40.3848
2,0,3.5,419,16820,214,0.0419,1.682,40.1432
2,0,3.75,425,17123,228,0.0425,1.7123,40.2894
2,0,4,457,18299,284,0.0457,1.8299,40.0416
2,0,4.25,520,20628,343,0.052,2.0628,39.6692
2,0,4.5,600,23544,438,0.06,2.3544,39.24
2,0,4.75,693,26911,553,0.0693,2.6911,38.8326
2,0,5,812,31133,675,0.0812,3.1133,38.3411
2,0,5.25,949,35853,860,0.0949,3.5853,37.7798
2,0,5.5,1183,43498,1222,0.1183,4.3498,36.7692
2,0,5.75,1510,53368,1909,0.151,5.3368,35.343
2,0,6,2031,67177,3233,0.2031,6.7177,33.0758
2,0,6.25,3222,90706,6643,0.3222,9.0706,28.1521
2,0,6.5,5961,101188,14534,0.5961,10.1188,16.975
2,0,6.75,8878,43096,10195,0.8878,4.3096,4.85425
2,0,7,9297,28561,7187,0.9297,2.8561,3.07207
2,0,7.25,9317,27711,6935,0.9317,2.7711,2.97424
2,0,7.5,9337,27139,6857,0.9337,2.7139,2.90661
2,0,7.75,9338,26970,6777,0.9338,2.697,2.8882
2,0,8,9311,28076,7062,0.9311,2.8076,3.01536
2,0,8.25,9345,26767,6764,0.9345,2.6767,2.86431
2,0,8.5,9328,27485,7013,0.9328,2.7485,2.94651
2,0,8.75,9371,25822,6591,0.9371,2.5822,2.75552
2,0,9,9303,28354,7144,0.9303,2.8354,3.04783
2,0,9.25,9290,28828,7203,0.929,2.8828,3.10312
2,0,9.5,9388,25108,6377,0.9388,2.5108,2.67448
2,0,9.75,9342,26910,6796,0.9342,2.691,2.88054
2,0,10,9337,27055,6832,0.9337,2.7055,2.89761
2,0,10.25,9339,26992,6802,0.9339,2.6992,2.89025
2,0,10.5,9344,26681,6697,0.9344,2.6681,2.85542
2,0,10.75,9314,27991,7102,0.9314,2.7991,3.00526
2,0,11,9319,27705,7008,0.9319,2.7705,2.97296
2,0,11.25,9333,27221,6894,0.9333,2.7221,2.91664
2,0,11.5,9323,27596,6931,0.9323,2.7596,2.95999
2,0,11.75,9321,27573,6886,0.9321,2.7573,2.95816
2,0,12,9323,27520,6906,0.9323,2.752,2.95184
2,0,12.25,9317,27823,6981,0.9317,2.7823,2.98626
2,0,12.5,9337,26970,6744,0.9337,2.697,2.88851
2,0,12.75,9300,28278,7000,0.93,2.8278,3.04065
2,0,13,9366,25947,6591,0.9366,2.5947,2.77034
2,0,13.25,9311,28061,7062,0.9311,2.8061,3.01375
2,0,13.5,9331,27310,6903,0.9331,2.731,2.9268
2,0,13.75,9334,27155,6870,0.9334,2.7155,2.90926
2,0,14,9340,26858,6806,0.934,2.6858,2.87559
2,0,14.25,9310,28167,7146,0.931,2.8167,3.02546
2,0,14.5,9374,25618,6497,0.9374,2.5618,2.73288
2,0,14.75,9281,29214,7342,0.9281,2.9214,3.14772
2,0,15,9341,26906,6804,0.9341,2.6906,2.88042
2,0,15.25,9329,27373,6881,0.9329,2.7373,2.93418
2,0,15.5,9364,26066,6637,0.9364,2.6066,2.78364
2,0,15.75,9321,27669,6971,0.9321,2.7669,2.96846
2,0,16,9349,26536,6679,0.9349,2.6536,2.83838
2,0,16.25,9352,26464,6688,0.9352,2.6464,2.82977
2,0,16.5,9262,29887,7485,0.9262,2.9887,3.22684
2,0,16.75,9311,28008,7044,0.9311,2.8008,3.00805
2,0,17,9321,27651,6983,0.9321,2.7651,2.96653
2,0,17.25,9330,27423,6923,0.933,2.7423,2.93923
2,0,17.5,9385,25225,6414,0.9385,2.5225,2.6878
2,0,17.75,9347,26698,6846,0.9347,2.6698,2.85632
2,0,18,9331,27268,6837,0.9331,2.7268,2.9223
2,0,18.25,9284,29009,7227,0.9284,2.9009,3.12462
2,0,18.5,9281,29199,7323,0.9281,2.9199,3.1461
2,0,18.75,9298,28501,7141,0.9298,2.8501,3.06528
2,0,19,9325,27547,6943,0.9325,2.7547,2.9541
2,0,19.25,9363,26100,6591,0.9363,2.61,2.78757
2,0,19.5,9385,25304,6444,0.9385,2.5304,2.69622
2,0,19.75,9354,26383,6644,0.9354,2.6383,2.8205
2,0,20,9370,25824,6552,0.937,2.5824,2.75603
2,0,20.25,9359,26294,6669,0.9359,2.6294,2.80949
2,0,20.5,9347,26747,6776,0.9347,2.6747,2.86156
2,0,20.75,9299,28461,7203,0.9299,2.8461,3.06065
2,0,21,9300,28369,7110,0.93,2.8369,3.05043
2,0,21.25,9336,27178,6921,0.9336,2.7178,2.9111
2,0,21.5,9338,27055,6825,0.9338,2.7055,2.8973
2,0,21.75,9320,27739,7016,0.932,2.7739,2.97629
2,0,22,9335,27166,6847,0.9335,2.7166,2.91012
2,0,22.25,9337,27064,6814,0.9337,2.7064,2.89858
2,0,22.5,9308,28121,7044,0.9308,2.8121,3.02116
2,0,22.75,9299,28519,7175,0.9299,2.8519,3.06689
2,0,23,9295,28571,7134,0.9295,2.8571,3.0738
2,0,23.25,9323,27609,6970,0.9323,2.7609,2.96139
2,0,23.5,9281,29138,7307,0.9281,2.9138,3.13953
2,0,23.75,9323,27590,6975,0.9323,2.759,2.95935
2,0,24,9355,26402,6691,0.9355,2.6402,2.82223
2,0,24.25,9373,25735,6498,0.9373,2.5735,2.74565
2,0,24.5,9369,25842,6536,0.9369,2.5842,2.75825
2,0,24.75,9333,27259,6936,0.9333,2.7259,2.92071
2,0,25,9336,27137,6857,0.9336,2.7137,2.90671
2,0,25.25,9341,26897,6783,0.9341,2.6897,2.87946
2,0,25.5,9360,26180,6616,0.936,2.618,2.79701
2,0,25.75,9335,27121,6832,0.9335,2.7121,2.9053
2,0,26,9342,26849,6823,0.9342,2.6849,2.87401
2,0,26.25,9336,27166,6870,0.9336,2.7166,2.90981
2,0,26.5,9355,26323,6615,0.9355,2.6323,2.81379
2,0,26.75,9284,29050,7274,0.9284,2.905,3.12904
2,0,27,9324,27497,6905,0.9324,2.7497,2.94906
2,0,27.25,9336,27126,6844,0.9336,2.7126,2.90553
2,0,27.5,9292,28750,7274,0.9292,2.875,3.09406
2,0,27.75,9327,27404,6929,0.9327,2.7404,2.93814
2,0,28,9305,28412,7117,0.9305,2.8412,3.05341
2,0,28.25,9338,27023,6825,0.9338,2.7023,2.89387
2,0,28.5,9359,26289,6636,0.9359,2.6289,2.80895
2,0,28.75,9351,26467,6692,0.9351,2.6467,2.83039
2,0,29,9308,28097,7116,0.9308,2.8097,3.01859
2,0,29.25,9356,26300,6622,0.9356,2.63,2.81103
2,0,29.5,9362,26204,6662,0.9362,2.6204,2.79897
2,0,29.75,9347,26697,6769,0.9347,2.6697,2.85621
2,0,30,9358,26234,6648,0.9358,2.6234,2.80338
2,0,30.25,9337,27050,6838,0.9337,2.705,2.89708
2,0,30.5,9375,25632,6516,0.9375,2.5632,2.73408
2,0,30.75,9387,25097,6329,0.9387,2.5097,2.67359
2,0,31,9327,27417,6922,0.9327,2.7417,2.93953
2,0,31.25,9319,27758,7060,0.9319,2.7758,2.97865
2,0,31.5,9332,27169,6853,0.9332,2.7169,2.91138
2,0,31.75,9324,27496,6919,0.9324,2.7496,2.94895
2,0,32,9282,29148,7282,0.9282,2.9148,3.14027
2,0,32.25,9393,24971,6364,0.9393,2.4971,2.65847
2,0,32.5,9337,27035,6820,0.9337,2.7035,2.89547
2,0,32.75,9318,27682,6976,0.9318,2.7682,2.97081
2,0,33,9333,27183,6831,0.9333,2.7183,2.91257
2,0,33.25,9313,27929,7029,0.9313,2.7929,2.99893
2,0,33.5,9333,27171,6830,0.9333,2.7171,2.91128
2,0,33.75,9356,26383,6641,0.9356,2.6383,2.8199
2,0,34,9322,27599,6946,0.9322,2.7599,2.96063
2,0,34.25,9326,27496,6912,0.9326,2.7496,2.94832
2,0,34.5,9343,26891,6813,0.9343,2.6891,2.8782
2,0,34.75,9307,28255,7174,0.9307,2.8255,3.03589
2,0,35,9295,28657,7164,0.9295,2.8657,3.08306
2,0,35.25,9371,25758,6510,0.9371,2.5758,2.74869
2,0,35.5,9330,27240,6837,0.933,2.724,2.91961
2,0,35.75,9296,28607,7227,0.9296,2.8607,3.07735
2,0,36,9338,27059,6846,0.9338,2.7059,2.89773
2,0,36.25,9319,27697,6994,0.9319,2.7697,2.9721
2,0,36.5,9284,28999,7222,0.9284,2.8999,3.12355
2,0,36.75,9324,27534,6935,0.9324,2.7534,2.95302
2,0,37,9338,26967,6819,0.9338,2.6967,2.88788
2,0,37.25,9383,25261,6446,0.9383,2.5261,2.69221
2,0,37.5,9305,28187,7046,0.9305,2.8187,3.02923
2,0,37.75,9330,27321,6923,0.933,2.7321,2.9283
2,0,38,9368,25929,6602,0.9368,2.5929,2.76783
2,0,38.25,9340,26793,6726,0.934,2.6793,2.86863
2,0,38.5,9388,25137,6334,0.9388,2.5137,2.67757
2,0,38.75,9322,27668,6974,0.9322,2.7668,2.96803
2,0,39,9336,27047,6812,0.9336,2.7047,2.89707
2,0,39.25,9324,27593,6951,0.9324,2.7593,2.95935
2,0,39.5,9384,25347,6455,0.9384,2.5347,2.70109
2,0,39.75,9333,27173,6894,0.9333,2.7173,2.9115
2,0,40,9354,26413,6656,0.9354,2.6413,2.82371
2,1,0,200,8420,141,0.02,0.842,42.1
2,1,0.25,228,9446,114,0.0228,0.9446,41.4298
2,1,0.5,258,10652,116,0.0258,1.0652,41.2868
2,1,0.75,263,10880,105,0.0263,1.088,41.3688
2,1,1,255,10569,97,0.0255,1.0569,41.4471
2,1,1.25,267,10993,100,0.0267,1.0993,41.1723
2,1,1.5,265,10918,109,0.0265,1.0918,41.2
2,1,1.75,269,11037,122,0.0269,1.1037,41.0297
2,1,2,247,10163,105,0.0247,1.0163,41.1457
2,1,2.25,269,11048,118,0.0269,1.1048,41.0706
2,1,2.5,283,11606,119,0.0283,1.1606,41.0106
2,1,2.75,292,11917,119,0.0292,1.1917,40.8116
2,1,3,336,13594,153,0.0336,1.3594,40.4583
2,1,3.25,359,14488,177,0.0359,1.4488,40.3565
2,1,3.5,383,15364,187,0.0383,1.5364,40.1149
2,1,3.75,408,16378,212,0.0408,1.6378,40.1422
2,1,4,406,16422,239,0.0406,1.6422,40.4483
2,1,4.25,427,17176,250,0.0427,1.7176,40.2248
2,1,4.5,482,19227,275,0.0482,1.9227,39.89
2,1,4.75,528,20943,335,0.0528,2.0943,39.6648
2,1,5,583,22985,385,0.0583,2.2985,39.4254
2,1,5.25,598,23695,395,0.0598,2.3695,39.6237
2,1,5.5,717,27897,549,0.0717,2.7897,38.9079
2,1,5.75,877,33344,746,0.0877,3.3344,38.0205
2,1,6,1051,39067,1039,0.1051,3.9067,37.1713
2,1,6.25,1278,46415,1448,0.1278,4.6415,36.3185
2,1,6.5,1746,59949,2405,0.1746,5.9949,34.3351
2,1,6.75,2495,77946,4485,0.2495,7.7946,31.2409
2,1,7,4160,101201,9898,0.416,10.1201,24.3272
2,1,7.25,7599,77986,14957,0.7599,7.7986,10.2627
2,1,7.5,9238,30652,7654,0.9238,3.0652,3.31803
2,1,7.75,9323,27535,6889,0.9323,2.7535,2.95345
2,1,8,9338,27047,6876,0.9338,2.7047,2.89644
2,1,8.25,9353,26484,6710,0.9353,2.6484,2.8316
2,1,8.5,9311,28008,7040,0.9311,2.8008,3.00805
2,1,8.75,9353,26470,6719,0.9353,2.647,2.83011
2,1,9,9321,27689,6956,0.9321,2.7689,2.9706
2,1,9.25,9311,28100,7132,0.9311,2.81,3.01794
2,1,9.5,9314,28031,7085,0.9314,2.8031,3.00956
2,1,9.75,9294,28645,7276,0.9294,2.8645,3.0821
2,1,10,9369,25779,6560,0.9369,2.5779,2.75152
2,1,10.25,9295,28653,7247,0.9295,2.8653,3.08263
2,1,10.5,9305,28199,7056,0.9305,2.8199,3.03052
2,1,10.75,9347,26661,6699,0.9347,2.6661,2.85236
2,1,11,9341,26938,6806,0.9341,2.6938,2.88385
2,1,11.25,9369,25742,6480,0.9369,2.5742,2.74757
2,1,11.5,9300,28515,7135,0.93,2.8515,3.06613
2,1,11.75,9349,26581,6774,0.9349,2.6581,2.84319
2,1,12,9325,27416,6918,0.9325,2.7416,2.94005
2,1,12.25,9332,27148,6880,0.9332,2.7148,2.90913
2,1,12.5,9339,26913,6795,0.9339,2.6913,2.88179
2,1,12.75,9356,26304,6641,0.9356,2.6304,2.81146
2,1,13,9305,28302,7143,0.9305,2.8302,3.04159
2,1,13.25,9391,25031,6329,0.9391,2.5031,2.66542
2,1,13.5,9348,26734,6794,0.9348,2.6734,2.85986
2,1,13.75,9390,24971,6325,0.939,2.4971,2.65932
2,1,14,9377,25596,6552,0.9377,2.5596,2.72966
2,1,14.25,9319,27723,7015,0.9319,2.7723,2.97489
2,1,14.5,9360,26160,6594,0.936,2.616,2.79487
2,1,14.75,9338,27043,6844,0.9338,2.7043,2.89602
2,1,15,9347,26681,6681,0.9347,2.6681,2.8545
2,1,15.25,9273,29467,7383,0.9273,2.9467,3.17772
2,1,15.5,9319,27735,6999,0.9319,2.7735,2.97618
2,1,15.75,9324,27536,6920,0.9324,2.7536,2.95324
2,1,16,9386,25188,6419,0.9386,2.5188,2.68357
2,1,16.25,9319,27684,6951,0.9319,2.7684,2.97071
2,1,16.5,9292,28764,7204,0.9292,2.8764,3.09557
2,1,16.75,9361,26146,6597,0.9361,2.6146,2.79308
2,1,17,9361,26080,6573,0.9361,2.608,2.78603
2,1,17.25,9355,26340,6682,0.9355,2.634,2.81561
2,1,17.5,9376,25582,6478,0.9376,2.5582,2.72846
2,1,17.75,9295,28580,7181,0.9295,2.858,3.07477
2,1,18,9342,26934,6804,0.9342,2.6934,2.88311
2,1,18.25,9284,29046,7190,0.9284,2.9046,3.12861
2,1,18.5,9338,27019,6815,0.9338,2.7019,2.89345
2,1,18.75,9361,26127,6626,0.9361,2.6127,2.79105
2,1,19,9352,26380,6662,0.9352,2.638,2.82079
2,1,19.25,9339,26969,6794,0.9339,2.6969,2.88778
2,1,19.5,9374,25704,6528,0.9374,2.5704,2.74205
2,1,19.75,9371,25775,6505,0.9371,2.5775,2.75051
2,1,20,9289,28816,7232,0.9289,2.8816,3.10216
2,1,20.25,9326,27506,7001,0.9326,2.7506,2.94939
2,1,20.5,9344,26775,6784,0.9344,2.6775,2.86548
2,1,20.75,9364,26055,6574,0.9364,2.6055,2.78246
2,1,21,9314,27970,7115,0.9314,2.797,3.00301
2,1,21.25,9302,28363,7114,0.9302,2.8363,3.04913
2,1,21.5,9322,27745,7040,0.9322,2.7745,2.97629
2,1,21.75,9323,27590,7017,0.9323,2.759,2.95935
2,1,22,9358,26295,6651,0.9358,2.6295,2.8099
2,1,22.25,9329,27319,6909,0.9329,2.7319,2.9284
2,1,22.5,9367,25914,6538,0.9367,2.5914,2.76652
2,1,22.75,9332,27212,6815,0.9332,2.7212,2.91599
2,1,23,9307,28286,7103,0.9307,2.8286,3.03922
2,1,23.25,9307,28176,7059,0.9307,2.8176,3.0274
2,1,23.5,9307,28169,7078,0.9307,2.8169,3.02665
2,1,23.75,9313,27869,6989,0.9313,2.7869,2.99248
2,1,24,9351,26519,6677,0.9351,2.6519,2.83595
2,1,24.25,9329,27442,6901,0.9329,2.7442,2.94158
2,1,24.5,9361,26238,6702,0.9361,2.6238,2.80291
2,1,24.75,9271,29528,7403,0.9271,2.9528,3.18499
2,1,25,9325,27440,6900,0.9325,2.744,2.94263
2,1,25.25,9309,28135,7131,0.9309,2.8135,3.02234
2,1,25.5,9291,28849,7259,0.9291,2.8849,3.10505
2,1,25.75,9286,28893,7266,0.9286,2.8893,3.11146
2,1,26,9354,26381,6666,0.9354,2.6381,2.82029
2,1,26.25,9329,27371,6925,0.9329,2.7371,2.93397
2,1,26.5,9356,26336,6663,0.9356,2.6336,2.81488
2,1,26.75,9322,27631,7014,0.9322,2.7631,2.96406
2,1,27,9314,27839,6971,0.9314,2.7839,2.98894
2,1,27.25,9286,28917,7235,0.9286,2.8917,3.11404
2,1,27.5,9350,26580,6710,0.935,2.658,2.84278
2,1,27.75,9306,28135,7066,0.9306,2.8135,3.02332
2,1,28,9319,27672,6965,0.9319,2.7672,2.96942
2,1,28.25,9324,27517,6894,0.9324,2.7517,2.9512
2,1,28.5,9281,29282,7396,0.9281,2.9282,3.15505
2,1,28.75,9371,25745,6552,0.9371,2.5745,2.74731
2,1,29,9347,26698,6694,0.9347,2.6698,2.85632
2,1,29.25,9360,26081,6554,0.936,2.6081,2.78643
2,1,29.5,9336,27085,6804,0.9336,2.7085,2.90114
2,1,29.75,9301,28321,7074,0.9301,2.8321,3.04494
2,1,30,9383,25326,6442,0.9383,2.5326,2.69914
2,1,30.25,9337,27109,6833,0.9337,2.7109,2.9034
2,1,30.5,9376,25572,6458,0.9376,2.5572,2.72739
2,1,30.75,9355,26294,6568,0.9355,2.6294,2.81069
2,1,31,9290,28779,7231,0.929,2.8779,3.09785
2,1,31.25,9355,26395,6675,0.9355,2.6395,2.82149
2,1,31.5,9353,26469,6724,0.9353,2.6469,2.83
2,1,31.75,9305,28284,7073,0.9305,2.8284,3.03966
2,1,32,9351,26483,6680,0.9351,2.6483,2.8321
2,1,32.25,9340,26922,6810,0.934,2.6922,2.88244
2,1,32.5,9378,25470,6481,0.9378,2.547,2.71593
2,1,32.75,9319,27768,6972,0.9319,2.7768,2.97972
2,1,33,9374,25738,6549,0.9374,2.5738,2.74568
2,1,33.25,9359,26185,6628,0.9359,2.6185,2.79784
2,1,33.5,9296,28605,7195,0.9296,2.8605,3.07713
2,1,33.75,9301,28361,7111,0.9301,2.8361,3.04924
2,1,34,9325,27453,6941,0.9325,2.7453,2.94402
2,1,34.25,9287,28911,7215,0.9287,2.8911,3.11306
2,1,34.5,9357,26272,6653,0.9357,2.6272,2.80774
2,1,34.75,9349,26643,6743,0.9349,2.6643,2.84982
2,1,35,9316,27907,7090,0.9316,2.7907,2.9956
2,1,35.25,9317,27845,7009,0.9317,2.7845,2.98862
2,1,35.5,9356,26318,6635,0.9356,2.6318,2.81295
2,1,35.75,9333,27165,6826,0.9333,2.7165,2.91064
2,1,36,9326,27441,6889,0.9326,2.7441,2.94242
2,1,36.25,9334,27110,6849,0.9334,2.711,2.90444
2,1,36.5,9389,25200,6404,0.9389,2.52,2.68399
2,1,36.75,9315,27913,7027,0.9315,2.7913,2.99656
2,1,37,9310,28095,7110,0.931,2.8095,3.01772
2,1,37.25,9335,27175,6888,0.9335,2.7175,2.91109
2,1,37.5,9317,27813,6980,0.9317,2.7813,2.98519
2,1,37.75,9301,28468,7125,0.9301,2.8468,3.06075
2,1,38,9343,26813,6749,0.9343,2.6813,2.86985
2,1,38.25,9342,26883,6816,0.9342,2.6883,2.87765
2,1,38.5,9273,29559,7466,0.9273,2.9559,3.18764
2,1,38.75,9331,27262,6860,0.9331,2.7262,2.92166
2,1,39,9283,29053,7273,0.9283,2.9053,3.1297
2,1,39.25,9336,27154,6915,0.9336,2.7154,2.90853
2,1,39.5,9336,27146,6875,0.9336,2.7146,2.90767
2,1,39.75,9326,27433,6849,0.9326,2.7433,2.94156
2,1,40,9298,28544,7182,0.9298,2.8544,3.06991
2,2,0,200,8429,143,0.02,0.8429,42.145
2,2,0.25,210,8796,98,0.021,0.8796,41.8857
2,2,0.5,231,9650,105,0.0231,0.965,41.7749
2,2,0.75,233,9663,90,0.0233,0.9663,41.4721
2,2,1,261,10761,101,0.0261,1.0761,41.2299
2,2,1.25,254,10500,98,0.0254,1.05,41.3386
2,2,1.5,260,10680,102,0.026,1.068,41.0769
2,2,1.75,257,10544,112,0.0257,1.0544,41.0272
2,2,2,252,10429,106,0.0252,1.0429,41.3849
2,2,2.25,252,10363,104,0.0252,1.0363,41.123
2,2,2.5,258,10603,119,0.0258,1.0603,41.0969
2,2,2.75,279,11421,123,0.0279,1.1421,40.9355
2,2,3,301,12316,131,0.0301,1.2316,40.9169
2,2,3.25,300,12329,134,0.03,1.2329,41.0967
2,2,3.5,298,12182,128,0.0298,1.2182,40.8792
2,2,3.75,315,12846,131,0.0315,1.2846,40.781
2,2,4,313,12813,121,0.0313,1.2813,40.9361
2,2,4.25,292,12016,131,0.0292,1.2016,41.1507
2,2,4.5,284,11673,119,0.0284,1.1673,41.1021
2,2,4.75,305,12534,140,0.0305,1.2534,41.0951
2,2,5,360,14702,163,0.036,1.4702,40.8389
2,2,5.25,365,14869,188,0.0365,1.4869,40.737
2,2,5.5,395,16019,223,0.0395,1.6019,40.5544
2,2,5.75,402,16318,218,0.0402,1.6318,40.592
2,2,6,428,17369,227,0.0428,1.7369,40.5818
2,2,6.25,455,18344,245,0.0455,1.8344,40.3165
2,2,6.5,489,19633,283,0.0489,1.9633,40.1493
2,2,6.75,543,21693,324,0.0543,2.1693,39.9503
2,2,7,601,23731,376,0.0601,2.3731,39.4859
2,2,7.25,656,25704,477,0.0656,2.5704,39.1829
2,2,7.5,763,29408,536,0.0763,2.9408,38.5426
2,2,7.75,899,34098,762,0.0899,3.4098,37.9288
2,2,8,1117,41192,1143,0.1117,4.1192,36.8774
2,2,8.25,1484,52322,1843,0.1484,5.2322,35.2574
2,2,8.5,2130,69324,3391,0.213,6.9324,32.5465
2,2,8.75,3403,93379,7214,0.3403,9.3379,27.4402
2,2,9,6131,99937,14772,0.6131,9.9937,16.3003
2,2,9.25,8976,39774,9414,0.8976,3.9774,4.43115
2,2,9.5,9288,28864,7222,0.9288,2.8864,3.10767
2,2,9.75,9324,27592,6981,0.9324,2.7592,2.95924
2,2,10,9315,27695,6865,0.9315,2.7695,2.97316
2,2,10.25,9364,26005,6553,0.9364,2.6005,2.77713
2,2,10.5,9303,28361,7175,0.9303,2.8361,3.04859
2,2,10.75,9333,27293,6912,0.9333,2.7293,2.92435
2,2,11,9310,27947,6964,0.931,2.7947,3.00183
2,2,11.25,9315,27850,6992,0.9315,2.785,2.9898
2,2,11.5,9369,25835,6541,0.9369,2.5835,2.7575
2,2,11.75,9336,27169,6919,0.9336,2.7169,2.91013
2,2,12,9356,26283,6651,0.9356,2.6283,2.80921
2,2,12.25,9355,26384,6640,0.9355,2.6384,2.82031
2,2,12.5,9336,27046,6807,0.9336,2.7046,2.89696
2,2,12.75,9324,27579,6956,0.9324,2.7579,2.95785
2,2,13,9346,26774,6788,0.9346,2.6774,2.86475
2,2,13.25,9342,26808,6705,0.9342,2.6808,2.86962
2,2,13.5,9312,27897,7027,0.9312,2.7897,2.99581
2,2,13.75,9294,28579,7090,0.9294,2.8579,3.07499
2,2,14,9311,27932,6984,0.9311,2.7932,2.99989
2,2,14.25,9297,28481,7088,0.9297,2.8481,3.06346
2,2,14.5,9364,26059,6633,0.9364,2.6059,2.78289
2,2,14.75,9309,28005,7020,0.9309,2.8005,3.00838
2,2,15,9350,26559,6679,0.935,2.6559,2.84053
2,2,15.25,9349,26614,6764,0.9349,2.6614,2.84672
2,2,15.5,9379,25547,6516,0.9379,2.5547,2.72385
2,2,15.75,9356,26329,6665,0.9356,2.6329,2.81413
2,2,16,9300,28396,7129,0.93,2.8396,3.05333
2,2,16.25,9311,28084,7100,0.9311,2.8084,3.01622
2,2,16.5,9310,28087,7097,0.931,2.8087,3.01686
2,2,16.75,9374,25636,6478,0.9374,2.5636,2.7348
2,2,17,9292,28828,7252,0.9292,2.8828,3.10245
2,2,17.25,9311,27997,7058,0.9311,2.7997,3.00687
2,2,17.5,9283,29051,7260,0.9283,2.9051,3.12948
2,2,17.75,9331,27173,6848,0.9331,2.7173,2.91212
2,2,18,9298,28436,7120,0.9298,2.8436,3.05829
2,2,18.25,9347,26640,6724,0.9347,2.664,2.85011
2,2,18.5,9321,27667,7017,0.9321,2.7667,2.96824
2,2,18.75,9321,27713,7033,0.9321,2.7713,2.97318
2,2,19,9348,26644,6725,0.9348,2.6644,2.85024
2,2,19.25,9399,24621,6239,0.9399,2.4621,2.61953
2,2,19.5,9315,27731,6891,0.9315,2.7731,2.97703
2,2,19.75,9377,25568,6533,0.9377,2.5568,2.72667
2,2,20,9342,26966,6838,0.9342,2.6966,2.88653
2,2,20.25,9328,27244,6851,0.9328,2.7244,2.92067
2,2,20.5,9287,28910,7252,0.9287,2.891,3.11295
2,2,20.75,9324,27552,6987,0.9324,2.7552,2.95495
2,2,21,9353,26415,6693,0.9353,2.6415,2.82423
2,2,21.25,9354,26404,6709,0.9354,2.6404,2.82275
2,2,21.5,9304,28410,7160,0.9304,2.841,3.05353
2,2,21.75,9406,24458,6213,0.9406,2.4458,2.60026
2,2,22,9302,28300,7088,0.9302,2.83,3.04236
2,2,22.25,9281,29176,7313,0.9281,2.9176,3.14363
2,2,22.5,9321,27608,6956,0.9321,2.7608,2.96191
2,2,22.75,9339,27004,6804,0.9339,2.7004,2.89153
2,2,23,9315,27931,7065,0.9315,2.7931,2.9985
2,2,23.25,9333,27144,6829,0.9333,2.7144,2.90839
2,2,23.5,9350,26640,6736,0.935,2.664,2.8492
2,2,23.75,9305,28232,7017,0.9305,2.8232,3.03407
2,2,24,9289,29032,7334,0.9289,2.9032,3.12542
2,2,24.25,9318,27870,7038,0.9318,2.787,2.99099
2,2,24.5,9308,28085,7048,0.9308,2.8085,3.0173
2,2,24.75,9302,28465,7216,0.9302,2.8465,3.06009
2,2,25,9321,27528,6880,0.9321,2.7528,2.95333
2,2,25.25,9352,26365,6632,0.9352,2.6365,2.81918
2,2,25.5,9304,28295,7102,0.9304,2.8295,3.04117
2,2,25.75,9348,26587,6712,0.9348,2.6587,2.84414
2,2,26,9324,27451,6819,0.9324,2.7451,2.94412
2,2,26.25,9302,28336,7152,0.9302,2.8336,3.04623
2,2,26.5,9324,27550,6945,0.9324,2.755,2.95474
2,2,26.75,9323,27472,6878,0.9323,2.7472,2.94669
2,2,27,9341,26776,6770,0.9341,2.6776,2.8665
2,2,27.25,9340,26917,6777,0.934,2.6917,2.88191
2,2,27.5,9333,27309,6940,0.9333,2.7309,2.92607
2,2,27.75,9351,26674,6771,0.9351,2.6674,2.85253
2,2,28,9328,27358,6900,0.9328,2.7358,2.93289
2,2,28.25,9378,25590,6517,0.9378,2.559,2.72873
2,2,28.5,9349,26582,6701,0.9349,2.6582,2.8433
2,2,28.75,9352,26491,6723,0.9352,2.6491,2.83266
2,2,29,9312,27974,7022,0.9312,2.7974,3.00408
2,2,29.25,9339,26996,6802,0.9339,2.6996,2.89067
2,2,29.5,9337,27053,6825,0.9337,2.7053,2.8974
2,2,29.75,9333,27175,6914,0.9333,2.7175,2.91171
2,2,30,9311,28063,7088,0.9311,2.8063,3.01396
2,2,30.25,9362,26107,6590,0.9362,2.6107,2.78861
2,2,30.5,9345,26779,6777,0.9345,2.6779,2.8656
2,2,30.75,9330,27298,6837,0.933,2.7298,2.92583
2,2,31,9338,26976,6764,0.9338,2.6976,2.88884
2,2,31.25,9374,25721,6549,0.9374,2.5721,2.74387
2,2,31.5,9334,27155,6831,0.9334,2.7155,2.90926
2,2,31.75,9325,27660,6999,0.9325,2.766,2.96622
2,2,32,9374,25671,6506,0.9374,2.5671,2.73853
2,2,32.25,9330,27323,6874,0.933,2.7323,2.92851
2,2,32.5,9279,29186,7323,0.9279,2.9186,3.14538
2,2,32.75,9351,26524,6701,0.9351,2.6524,2.83649
2,2,33,9297,28470,7143,0.9297,2.847,3.06228
2,2,33.25,9322,27595,6948,0.9322,2.7595,2.9602
2,2,33.5,9282,29065,7308,0.9282,2.9065,3.13133
2,2,33.75,9381,25463,6454,0.9381,2.5463,2.71432
2,2,34,9327,27467,6932,0.9327,2.7467,2.94489
2,2,34.25,9350,26574,6747,0.935,2.6574,2.84214
2,2,34.5,9358,26309,6666,0.9358,2.6309,2.81139
2,2,34.75,9362,26151,6625,0.9362,2.6151,2.79331
2,2,35,9362,26189,6641,0.9362,2.6189,2.79737
2,2,35.25,9310,28036,6988,0.931,2.8036,3.01139
2,2,35.5,9316,27837,7012,0.9316,2.7837,2.98809
2,2,35.75,9298,28564,7171,0.9298,2.8564,3.07206
2,2,36,9334,27197,6910,0.9334,2.7197,2.91376
2,2,36.25,9334,27209,6880,0.9334,2.7209,2.91504
2,2,36.5,9383,25227,6428,0.9383,2.5227,2.68859
2,2,36.75,9285,29029,7326,0.9285,2.9029,3.12644
2,2,37,9333,27140,6763,0.9333,2.714,2.90796
2,2,37.25,9356,26418,6700,0.9356,2.6418,2.82364
2,2,37.5,9344,26863,6841,0.9344,2.6863,2.87489
2,2,37.75,9312,27806,6937,0.9312,2.7806,2.98604
2,2,38,9329,27316,6888,0.9329,2.7316,2.92807
2,2,38.25,9340,26975,6800,0.934,2.6975,2.88812
2,2,38.5,9293,28644,7149,0.9293,2.8644,3.08232
2,2,38.75,9403,24582,6265,0.9403,2.4582,2.61427
2,2,39,9325,27440,6902,0.9325,2.744,2.94263
2,2,39.25,9339,26947,6809,0.9339,2.6947,2.88543
2,2,39.5,9356,26252,6632,0.9356,2.6252,2.8059
2,2,39.75,9363,26071,6595,0.9363,2.6071,2.78447
2,2,40,9331,27232,6883,0.9331,2.7232,2.91844
2,3,0,200,8426,134,0.02,0.8426,42.13
2,3,0.25,227,9466,107,0.0227,0.9466,41.7004
2,3,0.5,244,10135,98,0.0244,1.0135,41.5369
2,3,0.75,247,10227,98,0.0247,1.0227,41.4049
2,3,1,267,10982,99,0.0267,1.0982,41.1311
2,3,1.25,297,12155,131,0.0297,1.2155,40.9259
2,3,1.5,308,12646,128,0.0308,1.2646,41.0584
2,3,1.75,334,13615,161,0.0334,1.3615,40.7635
2,3,2,366,14912,194,0.0366,1.4912,40.7432
2,3,2.25,408,16537,221,0.0408,1.6537,40.5319
2,3,2.5,431,17411,257,0.0431,1.7411,40.3968
2,3,2.75,456,18324,259,0.0456,1.8324,40.1842
2,3,3,460,18544,272,0.046,1.8544,40.313
2,3,3.25,503,20117,307,0.0503,2.0117,39.994
2,3,3.5,560,22181,345,0.056,2.2181,39.6089
2,3,3.75,657,25690,464,0.0657,2.569,39.102
2,3,4,764,29545,569,0.0764,2.9545,38.6715
2,3,4.25,917,34798,845,0.0917,3.4798,37.9477
2,3,4.5,1138,42169,1185,0.1138,4.2169,37.0554
2,3,4.75,1427,50967,1762,0.1427,5.0967,35.7162
2,3,5,1966,65764,2947,0.1966,6.5764,33.4507
2,3,5.25,3047,88345,6237,0.3047,8.8345,28.9941
2,3,5.5,5568,103479,13910,0.5568,10.3479,18.5846
2,3,5.75,8628,51155,11607,0.8628,5.1155,5.92895
2,3,6,9292,28763,7215,0.9292,2.8763,3.09546
2,3,6.25,9311,28120,7054,0.9311,2.812,3.02008
2,3,6.5,9369,25900,6560,0.9369,2.59,2.76444
2,3,6.75,9309,28165,7123,0.9309,2.8165,3.02557
2,3,7,9345,26748,6786,0.9345,2.6748,2.86228
2,3,7.25,9321,27633,6957,0.9321,2.7633,2.9646
2,3,7.5,9340,26890,6779,0.934,2.689,2.87901
2,3,7.75,9361,26140,6611,0.9361,2.614,2.79244
2,3,8,9341,26917,6790,0.9341,2.6917,2.8816
2,3,8.25,9300,28397,7115,0.93,2.8397,3.05344
2,3,8.5,9383,25375,6498,0.9383,2.5375,2.70436
2,3,8.75,9372,25623,6462,0.9372,2.5623,2.73399
2,3,9,9309,28166,7062,0.9309,2.8166,3.02567
2,3,9.25,9346,26735,6716,0.9346,2.6735,2.86058
2,3,9.5,9311,27948,7068,0.9311,2.7948,3.00161
2,3,9.75,9327,27367,6922,0.9327,2.7367,2.93417
2,3,10,9315,27894,7034,0.9315,2.7894,2.99452
2,3,10.25,9332,27244,6896,0.9332,2.7244,2.91942
2,3,10.5,9376,25560,6482,0.9376,2.556,2.72611
2,3,10.75,9320,27792,7016,0.932,2.7792,2.98197
2,3,11,9336,27085,6875,0.9336,2.7085,2.90114
2,3,11.25,9352,26344,6657,0.9352,2.6344,2.81694
2,3,11.5,9377,25462,6437,0.9377,2.5462,2.71537
2,3,11.75,9308,28214,7072,0.9308,2.8214,3.03116
2,3,12,9286,28902,7297,0.9286,2.8902,3.11243
2,3,12.25,9328,27426,6959,0.9328,2.7426,2.94018
2,3,12.5,9371,25711,6534,0.9371,2.5711,2.74368
2,3,12.75,9352,26456,6647,0.9352,2.6456,2.82891
2,3,13,9360,26246,6665,0.936,2.6246,2.80406
2,3,13.25,9338,27098,6871,0.9338,2.7098,2.90191
2,3,13.5,9367,25810,6509,0.9367,2.581,2.75542
2,3,13.75,9323,27633,6991,0.9323,2.7633,2.96396
2,3,14,9317,27846,7016,0.9317,2.7846,2.98873
2,3,14.25,9340,27027,6853,0.934,2.7027,2.89368
2,3,14.5,9332,27264,6904,0.9332,2.7264,2.92156
2,3,14.75,9335,27035,6813,0.9335,2.7035,2.89609
2,3,15,9308,28147,7065,0.9308,2.8147,3.02396
2,3,15.25,9322,27618,6927,0.9322,2.7618,2.96267
2,3,15.5,9375,25546,6412,0.9375,2.5546,2.72491
2,3,15.75,9288,28825,7198,0.9288,2.8825,3.10347
2,3,16,9318,27763,6961,0.9318,2.7763,2.9795
2,3,16.25,9372,25740,6569,0.9372,2.574,2.74648
2,3,16.5,9360,26272,6621,0.936,2.6272,2.80684
2,3,16.75,9345,26773,6767,0.9345,2.6773,2.86495
2,3,17,9327,27498,6920,0.9327,2.7498,2.94821
2,3,17.25,9350,26529,6667,0.935,2.6529,2.83733
2,3,17.5,9357,26295,6670,0.9357,2.6295,2.8102
2,3,17.75,9379,25276,6411,0.9379,2.5276,2.69496
2,3,18,9337,27032,6772,0.9337,2.7032,2.89515
2,3,18.25,9340,27009,6846,0.934,2.7009,2.89176
2,3,18.5,9338,27041,6819,0.9338,2.7041,2.8958
2,3,18.75,9378,25385,6423,0.9378,2.5385,2.70687
2,3,19,9325,27547,6936,0.9325,2.7547,2.9541
2,3,19.25,9322,27611,6966,0.9322,2.7611,2.96192
2,3,19.5,9371,25843,6570,0.9371,2.5843,2.75776
2,3,19.75,9346,26724,6770,0.9346,2.6724,2.85941
2,3,20,9302,28452,7163,0.9302,2.8452,3.0587
2,3,20.25,9359,26120,6595,0.9359,2.612,2.7909
2,3,20.5,9333,27122,6822,0.9333,2.7122,2.90603
2,3,20.75,9380,25518,6486,0.938,2.5518,2.72047
2,3,21,9296,28700,7266,0.9296,2.87,3.08735
2,3,21.25,9307,28324,7166,0.9307,2.8324,3.0433
2,3,21.5,9333,27172,6872,0.9333,2.7172,2.91139
2,3,21.75,9352,26496,6747,0.9352,2.6496,2.83319
2,3,22,9297,28646,7220,0.9297,2.8646,3.08121
2,3,22.25,9320,27678,6939,0.932,2.7678,2.96974
2,3,22.5,9320,27708,6963,0.932,2.7708,2.97296
2,3,22.75,9345,26731,6730,0.9345,2.6731,2.86046
2,3,23,9325,27464,6934,0.9325,2.7464,2.9452
2,3,23.25,9321,27700,7016,0.9321,2.77,2.97178
2,3,23.5,9316,27837,7006,0.9316,2.7837,2.98809
2,3,23.75,9333,27282,6860,0.9333,2.7282,2.92318
2,3,24,9293,28692,7178,0.9293,2.8692,3.08749
2,3,24.25,9289,28792,7254,0.9289,2.8792,3.09958
2,3,24.5,9281,29092,7271,0.9281,2.9092,3.13458
2,3,24.75,9291,28767,7221,0.9291,2.8767,3.09622
2,3,25,9373,25725,6565,0.9373,2.5725,2.74459
2,3,25.25,9325,27432,6906,0.9325,2.7432,2.94177
2,3,25.5,9340,26912,6787,0.934,2.6912,2.88137
2,3,25.75,9325,27441,6953,0.9325,2.7441,2.94273
2,3,26,9297,28705,7279,0.9297,2.8705,3.08756
2,3,26.25,9298,28507,7192,0.9298,2.8507,3.06593
2,3,26.5,9374,25575,6482,0.9374,2.5575,2.72829
2,3,26.75,9334,27208,6883,0.9334,2.7208,2.91493
2,3,27,9305,28204,7066,0.9305,2.8204,3.03106
2,3,27.25,9330,27309,6888,0.933,2.7309,2.92701
2,3,27.5,9337,27001,6783,0.9337,2.7001,2.89183
2,3,27.75,9373,25730,6565,0.9373,2.573,2.74512
2,3,28,9357,26260,6639,0.9357,2.626,2.80646
2,3,28.25,9313,27965,7036,0.9313,2.7965,3.00279
2,3,28.5,9298,28500,7174,0.9298,2.85,3.06518
2,3,28.75,9317,27798,7001,0.9317,2.7798,2.98358
2,3,29,9384,25341,6452,0.9384,2.5341,2.70045
2,3,29.25,9319,27722,6968,0.9319,2.7722,2.97478
2,3,29.5,9363,26151,6615,0.9363,2.6151,2.79302
2,3,29.75,9346,26767,6814,0.9346,2.6767,2.86401
2,3,30,9323,27648,7013,0.9323,2.7648,2.96557
2,3,30.25,9277,29287,7333,0.9277,2.9287,3.15695
2,3,30.5,9307,28118,7092,0.9307,2.8118,3.02117
2,3,30.75,9368,25963,6605,0.9368,2.5963,2.77146
2,3,31,9322,27684,7042,0.9322,2.7684,2.96975
2,3,31.25,9312,27889,6993,0.9312,2.7889,2.99495
2,3,31.5,9334,27206,6895,0.9334,2.7206,2.91472
2,3,31.75,9321,27623,6944,0.9321,2.7623,2.96352
2,3,32,9356,26354,6602,0.9356,2.6354,2.8168
2,3,32.25,9377,25532,6499,0.9377,2.5532,2.72283
2,3,32.5,9385,25200,6349,0.9385,2.52,2.68514
2,3,32.75,9283,29137,7343,0.9283,2.9137,3.13875
2,3,33,9309,28012,7047,0.9309,2.8012,3.00913
2,3,33.25,9316,27869,7005,0.9316,2.7869,2.99152
2,3,33.5,9373,25639,6485,0.9373,2.5639,2.73541
2,3,33.75,9295,28645,7167,0.9295,2.8645,3.08176
2,3,34,9319,27739,7013,0.9319,2.7739,2.97661
2,3,34.25,9355,26424,6675,0.9355,2.6424,2.82459
2,3,34.5,9352,26503,6717,0.9352,2.6503,2.83394
2,3,34.75,9331,27309,6944,0.9331,2.7309,2.9267
2,3,35,9352,26473,6768,0.9352,2.6473,2.83073
2,3,35.25,9382,25380,6430,0.9382,2.538,2.70518
2,3,35.5,9375,25569,6467,0.9375,2.5569,2.72736
2,3,35.75,9349,26598,6719,0.9349,2.6598,2.84501
2,3,36,9354,26522,6745,0.9354,2.6522,2.83536
2,3,36.25,9362,26084,6611,0.9362,2.6084,2.78616
2,3,36.5,9345,26719,6750,0.9345,2.6719,2.85918
2,3,36.75,9337,27020,6789,0.9337,2.702,2.89386
2,3,37,9326,27500,6949,0.9326,2.75,2.94875
2,3,37.25,9362,26072,6574,0.9362,2.6072,2.78488
2,3,37.5,9357,26300,6652,0.9357,2.63,2.81073
2,3,37.75,9402,24617,6262,0.9402,2.4617,2.61827
2,3,38,9345,26723,6738,0.9345,2.6723,2.8596
2,3,38.25,9331,27361,6889,0.9331,2.7361,2.93227
2,3,38.5,9255,30087,7526,0.9255,3.0087,3.25089
2,3,38.75,9336,27087,6827,0.9336,2.7087,2.90135
2,3,39,9331,27283,6895,0.9331,2.7283,2.92391
2,3,39.25,9343,26821,6793,0.9343,2.6821,2.87071
2,3,39.5,9317,27804,6995,0.9317,2.7804,2.98422
2,3,39.75,9337,27162,6874,0.9337,2.7162,2.90907
2,3,40,9347,26687,6695,0.9347,2.6687,2.85514
2,4,0,200,8368,148,0.02,0.8368,41.84
2,4,0.25,225,9314,121,0.0225,0.9314,41.3956
2,4,0.5,250,10316,111,0.025,1.0316,41.264
2,4,0.75,287,11774,132,0.0287,1.1774,41.0244
2,4,1,328,13425,164,0.0328,1.3425,40.9299
2,4,1.25,369,14943,184,0.0369,1.4943,40.4959
2,4,1.5,396,16044,220,0.0396,1.6044,40.5152
2,4,1.75,420,16944,242,0.042,1.6944,40.3429
2,4,2,449,18097,255,0.0449,1.8097,40.3051
2,4,2.25,471,18916,285,0.0471,1.8916,40.1614
2,4,2.5,506,20269,303,0.0506,2.0269,40.0573
2,4,2.75,555,22152,369,0.0555,2.2152,39.9135
2,4,3,607,23971,402,0.0607,2.3971,39.4909
2,4,3.25,703,27341,529,0.0703,2.7341,38.8919
2,4,3.5,819,31526,650,0.0819,3.1526,38.4933
2,4,3.75,956,36220,861,0.0956,3.622,37.887
2,4,4,1133,41898,1171,0.1133,4.1898,36.9797
2,4,4.25,1437,51226,1800,0.1437,5.1226,35.6479
2,4,4.5,1965,65896,3039,0.1965,6.5896,33.5349
2,4,4.75,3172,89939,6583,0.3172,8.9939,28.354
2,4,5,5702,103308,14097,0.5702,10.3308,18.1179
2,4,5.25,8744,47566,11033,0.8744,4.7566,5.43984
2,4,5.5,9306,28167,7042,0.9306,2.8167,3.02676
2,4,5.75,9332,27161,6892,0.9332,2.7161,2.91052
2,4,6,9334,27145,6842,0.9334,2.7145,2.90819
2,4,6.25,9366,25982,6563,0.9366,2.5982,2.77408
2,4,6.5,9342,26906,6845,0.9342,2.6906,2.88011
2,4,6.75,9328,27335,6880,0.9328,2.7335,2.93042
2,4,7,9290,28790,7231,0.929,2.879,3.09903
2,4,7.25,9365,26038,6602,0.9365,2.6038,2.78035
2,4,7.5,9332,27322,6896,0.9332,2.7322,2.92778
2,4,7.75,9361,26114,6603,0.9361,2.6114,2.78966
2,4,8,9287,28871,7300,0.9287,2.8871,3.10875
2,4,8.25,9305,28296,7166,0.9305,2.8296,3.04095
2,4,8.5,9365,25933,6552,0.9365,2.5933,2.76914
2,4,8.75,9339,26952,6761,0.9339,2.6952,2.88596
2,4,9,9369,25929,6570,0.9369,2.5929,2.76753
2,4,9.25,9333,27144,6862,0.9333,2.7144,2.90839
2,4,9.5,9316,27822,6999,0.9316,2.7822,2.98647
2,4,9.75,9306,28280,7119,0.9306,2.828,3.0389
2,4,10,9330,27288,6881,0.933,2.7288,2.92476
2,4,10.25,9398,24780,6325,0.9398,2.478,2.63673
2,4,10.5,9295,28609,7193,0.9295,2.8609,3.07789
2,4,10.75,9365,25915,6552,0.9365,2.5915,2.76722
2,4,11,9342,26905,6828,0.9342,2.6905,2.88
2,4,11.25,9327,27495,6973,0.9327,2.7495,2.94789
2,4,11.5,9327,27439,6934,0.9327,2.7439,2.94189
2,4,11.75,9401,24752,6335,0.9401,2.4752,2.63291
2,4,12,9318,27669,6938,0.9318,2.7669,2.96941
2,4,12.25,9349,26652,6805,0.9349,2.6652,2.85079
2,4,12.5,9328,27459,6922,0.9328,2.7459,2.94372
2,4,12.75,9335,27135,6858,0.9335,2.7135,2.9068
2,4,13,9343,26891,6826,0.9343,2.6891,2.8782
2,4,13.25,9347,26717,6780,0.9347,2.6717,2.85835
2,4,13.5,9345,26824,6777,0.9345,2.6824,2.87041
2,4,13.75,9373,25685,6527,0.9373,2.5685,2.74032
2,4,14,9320,27635,6938,0.932,2.7635,2.96513
2,4,14.25,9381,25414,6471,0.9381,2.5414,2.70909
2,4,14.5,9374,25672,6550,0.9374,2.5672,2.73864
2,4,14.75,9301,28464,7159,0.9301,2.8464,3.06032
2,4,15,9309,28072,7090,0.9309,2.8072,3.01558
2,4,15.25,9338,26892,6761,0.9338,2.6892,2.87985
2,4,15.5,9317,27772,7005,0.9317,2.7772,2.98079
2,4,15.75,9341,26998,6838,0.9341,2.6998,2.89027
2,4,16,9297,28465,7120,0.9297,2.8465,3.06174
2,4,16.25,9277,29274,7384,0.9277,2.9274,3.15555
2,4,16.5,9334,27087,6814,0.9334,2.7087,2.90197
2,4,16.75,9344,26813,6773,0.9344,2.6813,2.86954
2,4,17,9344,26845,6842,0.9344,2.6845,2.87297
2,4,17.25,9333,27266,6895,0.9333,2.7266,2.92146
2,4,17.5,9360,26228,6628,0.936,2.6228,2.80214
2,4,17.75,9299,28490,7147,0.9299,2.849,3.06377
2,4,18,9332,27328,6971,0.9332,2.7328,2.92842
2,4,18.25,9352,26527,6730,0.9352,2.6527,2.83651
2,4,18.5,9368,25934,6511,0.9368,2.5934,2.76836
2,4,18.75,9391,25094,6391,0.9391,2.5094,2.67213
2,4,19,9347,26597,6698,0.9347,2.6597,2.84551
2,4,19.25,9329,27279,6861,0.9329,2.7279,2.92411
2,4,19.5,9383,25404,6456,0.9383,2.5404,2.70745
2,4,19.75,9350,26572,6749,0.935,2.6572,2.84193
2,4,20,9337,27121,6821,0.9337,2.7121,2.90468
2,4,20.25,9374,25664,6509,0.9374,2.5664,2.73779
2,4,20.5,9334,27269,6840,0.9334,2.7269,2.92147
2,4,20.75,9371,25762,6538,0.9371,2.5762,2.74912
2,4,21,9338,27000,6828,0.9338,2.7,2.89141
2,4,21.25,9323,27550,6924,0.9323,2.755,2.95506
2,4,21.5,9337,27070,6825,0.9337,2.707,2.89922
2,4,21.75,9258,29991,7492,0.9258,2.9991,3.23947
2,4,22,9325,27430,6893,0.9325,2.743,2.94155
2,4,22.25,9349,26615,6767,0.9349,2.6615,2.84683
2,4,22.5,9357,26384,6760,0.9357,2.6384,2.81971
2,4,22.75,9276,29284,7330,0.9276,2.9284,3.15696
2,4,23,9377,25624,6537,0.9377,2.5624,2.73264
2,4,23.25,9382,25378,6428,0.9382,2.5378,2.70497
2,4,23.5,9346,26764,6806,0.9346,2.6764,2.86368
2,4,23.75,9325,27539,6971,0.9325,2.7539,2.95324
2,4,24,9294,28651,7216,0.9294,2.8651,3.08274
2,4,24.25,9344,26692,6715,0.9344,2.6692,2.85659
2,4,24.5,9323,27575,6984,0.9323,2.7575,2.95774
2,4,24.75,9346,26644,6766,0.9346,2.6644,2.85085
2,4,25,9343,26794,6774,0.9343,2.6794,2.86782
2,4,25.25,9299,28487,7134,0.9299,2.8487,3.06345
2,4,25.5,9337,27019,6831,0.9337,2.7019,2.89376
2,4,25.75,9382,25364,6444,0.9382,2.5364,2.70347
2,4,26,9346,26705,6726,0.9346,2.6705,2.85737
2,4,26.25,9332,27327,6946,0.9332,2.7327,2.92831
2,4,26.5,9268,29614,7445,0.9268,2.9614,3.1953
2,4,26.75,9349,26585,6719,0.9349,2.6585,2.84362
2,4,27,9349,26632,6750,0.9349,2.6632,2.84865
2,4,27.25,9274,29391,7303,0.9274,2.9391,3.16918
2,4,27.5,9299,28514,7175,0.9299,2.8514,3.06635
2,4,27.75,9306,28233,7097,0.9306,2.8233,3.03385
2,4,28,9318,27719,6994,0.9318,2.7719,2.97478
2,4,28.25,9331,27330,6948,0.9331,2.733,2.92895
2,4,28.5,9409,24288,6148,0.9409,2.4288,2.58136
2,4,28.75,9330,27366,6941,0.933,2.7366,2.93312
2,4,29,9312,28016,7038,0.9312,2.8016,3.00859
2,4,29.25,9340,26966,6843,0.934,2.6966,2.88715
2,4,29.5,9323,27651,7031,0.9323,2.7651,2.96589
2,4,29.75,9356,26354,6656,0.9356,2.6354,2.8168
2,4,30,9337,26970,6769,0.9337,2.697,2.88851
2,4,30.25,9347,26723,6736,0.9347,2.6723,2.85899
2,4,30.5,9307,28168,7044,0.9307,2.8168,3.02654
2,4,30.75,9308,28221,7121,0.9308,2.8221,3.03191
2,4,31,9304,28335,7192,0.9304,2.8335,3.04546
2,4,31.25,9346,26790,6784,0.9346,2.679,2.86647
2,4,31.5,9332,27269,6840,0.9332,2.7269,2.9221
2,4,31.75,9326,27574,6942,0.9326,2.7574,2.95668
2,4,32,9292,28685,7169,0.9292,2.8685,3.08706
2,4,32.25,9348,26572,6677,0.9348,2.6572,2.84253
2,4,32.5,9319,27736,6988,0.9319,2.7736,2.97629
2,4,32.75,9345,26712,6726,0.9345,2.6712,2.85843
2,4,33,9375,25681,6515,0.9375,2.5681,2.73931
2,4,33.25,9347,26713,6769,0.9347,2.6713,2.85792
2,4,33.5,9313,28021,7102,0.9313,2.8021,3.0088
2,4,33.75,9328,27433,6977,0.9328,2.7433,2.94093
2,4,34,9323,27464,6884,0.9323,2.7464,2.94583
2,4,34.25,9327,27454,6904,0.9327,2.7454,2.9435
2,4,34.5,9363,26018,6544,0.9363,2.6018,2.77881
2,4,34.75,9266,29726,7398,0.9266,2.9726,3.20807
2,4,35,9343,26932,6846,0.9343,2.6932,2.88259
2,4,35.25,9344,26768,6771,0.9344,2.6768,2.86473
2,4,35.5,9380,25395,6444,0.938,2.5395,2.70736
2,4,35.75,9366,26009,6637,0.9366,2.6009,2.77696
2,4,36,9296,28619,7169,0.9296,2.8619,3.07864
2,4,36.25,9330,27244,6867,0.933,2.7244,2.92004
2,4,36.5,9350,26564,6710,0.935,2.6564,2.84107
2,4,36.75,9323,27666,6990,0.9323,2.7666,2.9675
2,4,37,9353,26466,6698,0.9353,2.6466,2.82968
2,4,37.25,9313,27952,7062,0.9313,2.7952,3.0014
2,4,37.5,9296,28573,7205,0.9296,2.8573,3.07369
2,4,37.75,9338,27148,6863,0.9338,2.7148,2.90726
2,4,38,9322,27614,6907,0.9322,2.7614,2.96224
2,4,38.25,9355,26428,6738,0.9355,2.6428,2.82501
2,4,38.5,9338,26985,6771,0.9338,2.6985,2.88981
2,4,38.75,9326,27472,6880,0.9326,2.7472,2.94574
2,4,39,9321,27676,6946,0.9321,2.7676,2.96921
2,4,39.25,9314,27980,7074,0.9314,2.798,3.00408
2,4,39.5,9345,26818,6789,0.9345,2.6818,2.86977
2,4,39.75,9358,26160,6580,0.9358,2.616,2.79547
2,4,40,9307,28100,7107,0.9307,2.81,3.01923
2,5,0,200,8398,137,0.02,0.8398,41.99
2,5,0.25,230,9538,104,0.023,0.9538,41.4696
2,5,0.5,223,9226,105,0.0223,0.9226,41.3722
2,5,0.75,250,10262,98,0.025,1.0262,41.048
2,5,1,243,10058,110,0.0243,1.0058,41.3909
2,5,1.25,250,10337,104,0.025,1.0337,41.348
2,5,1.5,247,10199,91,0.0247,1.0199,41.2915
2,5,1.75,246,10143,82,0.0246,1.0143,41.2317
2,5,2,237,9773,89,0.0237,0.9773,41.2363
2,5,2.25,250,10291,102,0.025,1.0291,41.164
2,5,2.5,257,10593,106,0.0257,1.0593,41.2179
2,5,2.75,249,10272,100,0.0249,1.0272,41.253
2,5,3,273,11254,116,0.0273,1.1254,41.2234
2,5,3.25,309,12676,131,0.0309,1.2676,41.0227
2,5,3.5,331,13530,134,0.0331,1.353,40.8761
2,5,3.75,352,14349,160,0.0352,1.4349,40.7642
2,5,4,366,14933,173,0.0366,1.4933,40.8005
2,5,4.25,403,16275,206,0.0403,1.6275,40.3846
2,5,4.5,420,16936,219,0.042,1.6936,40.3238
2,5,4.75,442,17734,247,0.0442,1.7734,40.1222
2,5,5,458,18300,247,0.0458,1.83,39.9563
2,5,5.25,552,21730,359,0.0552,2.173,39.3659
2,5,5.5,632,24689,445,0.0632,2.4689,39.0649
2,5,5.75,711,27628,543,0.0711,2.7628,38.8579
2,5,6,881,33490,760,0.0881,3.349,38.0136
2,5,6.25,1087,40239,1067,0.1087,4.0239,37.0184
2,5,6.5,1378,49445,1614,0.1378,4.9445,35.8817
2,5,6.75,1855,63021,2775,0.1855,6.3021,33.9736
2,5,7,2799,83621,5407,0.2799,8.3621,29.8753
2,5,7.25,4927,104496,12166,0.4927,10.4496,21.2088
2,5,7.5,8223,62606,13205,0.8223,6.2606,7.61352
2,5,7.75,9208,31881,7899,0.9208,3.1881,3.46232
2,5,8,9369,25937,6587,0.9369,2.5937,2.76839
2,5,8.25,9327,27389,6888,0.9327,2.7389,2.93653
2,5,8.5,9323,27631,6952,0.9323,2.7631,2.96375
2,5,8.75,9372,25670,6475,0.9372,2.567,2.73901
2,5,9,9312,28012,7071,0.9312,2.8012,3.00816
2,5,9.25,9341,26920,6827,0.9341,2.692,2.88192
2,5,9.5,9378,25456,6453,0.9378,2.5456,2.71444
2,5,9.75,9320,27625,6947,0.932,2.7625,2.96406
2,5,10,9294,28700,7248,0.9294,2.87,3.08801
2,5,10.25,9333,27087,6764,0.9333,2.7087,2.90228
2,5,10.5,9377,25683,6534,0.9377,2.5683,2.73894
2,5,10.75,9343,26890,6812,0.9343,2.689,2.87809
2,5,11,9324,27478,6916,0.9324,2.7478,2.94702
2,5,11.25,9329,27278,6850,0.9329,2.7278,2.924
2,5,11.5,9323,27674,6993,0.9323,2.7674,2.96836
2,5,11.75,9272,29606,7467,0.9272,2.9606,3.19305
2,5,12,9331,27305,6856,0.9331,2.7305,2.92627
2,5,12.25,9302,28267,7115,0.9302,2.8267,3.03881
2,5,12.5,9296,28625,7230,0.9296,2.8625,3.07928
2,5,12.75,9326,27475,6943,0.9326,2.7475,2.94606
2,5,13,9334,27061,6853,0.9334,2.7061,2.89919
2,5,13.25,9308,28198,7155,0.9308,2.8198,3.02944
2,5,13.5,9342,26896,6824,0.9342,2.6896,2.87904
2,5,13.75,9340,26802,6750,0.934,2.6802,2.86959
2,5,14,9310,27971,7031,0.931,2.7971,3.0044
2,5,14.25,9302,28361,7155,0.9302,2.8361,3.04891
2,5,14.5,9341,26862,6816,0.9341,2.6862,2.87571
2,5,14.75,9343,26809,6796,0.9343,2.6809,2.86942
2,5,15,9298,28369,7113,0.9298,2.8369,3.05109
2,5,15.25,9347,26782,6792,0.9347,2.6782,2.8653
2,5,15.5,9320,27742,6983,0.932,2.7742,2.97661
2,5,15.75,9325,27479,6961,0.9325,2.7479,2.94681
2,5,16,9344,26837,6734,0.9344,2.6837,2.87211
2,5,16.25,9324,27602,6927,0.9324,2.7602,2.96032
2,5,16.5,9361,26064,6589,0.9361,2.6064,2.78432
2,5,16.75,9349,26692,6798,0.9349,2.6692,2.85506
2,5,17,9381,25453,6525,0.9381,2.5453,2.71325
2,5,17.25,9395,24801,6325,0.9395,2.4801,2.63981
2,5,17.5,9373,25694,6536,0.9373,2.5694,2.74128
2,5,17.75,9357,26222,6632,0.9357,2.6222,2.80239
2,5,18,9365,25989,6599,0.9365,2.5989,2.77512
2,5,18.25,9306,28264,7125,0.9306,2.8264,3.03718
2,5,18.5,9350,26573,6719,0.935,2.6573,2.84203
2,5,18.75,9333,27222,6813,0.9333,2.7222,2.91675
2,5,19,9285,28979,7268,0.9285,2.8979,3.12106
2,5,19.25,9347,26647,6688,0.9347,2.6647,2.85086
2,5,19.5,9323,27443,6922,0.9323,2.7443,2.94358
2,5,19.75,9278,29351,7323,0.9278,2.9351,3.16351
2,5,20,9360,26164,6618,0.936,2.6164,2.7953
2,5,20.25,9331,27250,6886,0.9331,2.725,2.92037
2,5,20.5,9320,27678,7043,0.932,2.7678,2.96974
2,5,20.75,9333,27286,6884,0.9333,2.7286,2.9236
2,5,21,9296,28655,7163,0.9296,2.8655,3.08251
2,5,21.25,9282,29087,7313,0.9282,2.9087,3.1337
2,5,21.5,9325,27455,6925,0.9325,2.7455,2.94424
2,5,21.75,9351,26616,6751,0.9351,2.6616,2.84633
2,5,22,9356,26261,6661,0.9356,2.6261,2.80686
2,5,22.25,9338,26972,6805,0.9338,2.6972,2.88841
2,5,22.5,9364,25977,6599,0.9364,2.5977,2.77413
2,5,22.75,9348,26654,6765,0.9348,2.6654,2.85131
2,5,23,9390,25083,6421,0.939,2.5083,2.67125
2,5,23.25,9295,28576,7163,0.9295,2.8576,3.07434
2,5,23.5,9328,27366,6901,0.9328,2.7366,2.93375
2,5,23.75,9349,26576,6696,0.9349,2.6576,2.84266
2,5,24,9386,25219,6431,0.9386,2.5219,2.68687
2,5,24.25,9346,26700,6726,0.9346,2.67,2.85684
2,5,24.5,9320,27682,7014,0.932,2.7682,2.97017
2,5,24.75,9316,27811,7036,0.9316,2.7811,2.98529
2,5,25,9325,27478,6930,0.9325,2.7478,2.9467
2,5,25.25,9330,27314,6867,0.933,2.7314,2.92755
2,5,25.5,9281,29156,7319,0.9281,2.9156,3.14147
2,5,25.75,9305,28356,7160,0.9305,2.8356,3.04739
2,5,26,9332,27250,6856,0.9332,2.725,2.92006
2,5,26.25,9380,25362,6355,0.938,2.5362,2.70384
2,5,26.5,9359,26122,6584,0.9359,2.6122,2.79111
2,5,26.75,9345,26747,6807,0.9345,2.6747,2.86217
2,5,27,9293,28741,7243,0.9293,2.8741,3.09276
2,5,27.25,9363,26037,6543,0.9363,2.6037,2.78084
2,5,27.5,9345,26751,6714,0.9345,2.6751,2.8626
2,5,27.75,9296,28415,7112,0.9296,2.8415,3.05669
2,5,28,9292,28778,7244,0.9292,2.8778,3.09707
2,5,28.25,9398,24612,6252,0.9398,2.4612,2.61886
2,5,28.5,9344,26799,6811,0.9344,2.6799,2.86804
2,5,28.75,9345,26834,6851,0.9345,2.6834,2.87148
2,5,29,9382,25457,6514,0.9382,2.5457,2.71339
2,5,29.25,9325,27434,6925,0.9325,2.7434,2.94198
2,5,29.5,9363,26074,6584,0.9363,2.6074,2.78479
2,5,29.75,9342,26902,6812,0.9342,2.6902,2.87968
2,5,30,9312,28008,7045,0.9312,2.8008,3.00773
2,5,30.25,9374,25614,6508,0.9374,2.5614,2.73245
2,5,30.5,9339,27022,6819,0.9339,2.7022,2.89346
2,5,30.75,9343,26816,6789,0.9343,2.6816,2.87017
2,5,31,9362,26048,6605,0.9362,2.6048,2.78231
2,5,31.25,9379,25419,6416,0.9379,2.5419,2.7102
2,5,31.5,9337,27081,6820,0.9337,2.7081,2.9004
2,5,31.75,9294,28568,7166,0.9294,2.8568,3.07381
2,5,32,9287,29044,7324,0.9287,2.9044,3.12738
2,5,32.25,9340,26922,6782,0.934,2.6922,2.88244
2,5,32.5,9300,28505,7204,0.93,2.8505,3.06505
2,5,32.75,9295,28481,7122,0.9295,2.8481,3.06412
2,5,33,9321,27703,6983,0.9321,2.7703,2.97211
2,5,33.25,9359,26253,6663,0.9359,2.6253,2.80511
2,5,33.5,9345,26653,6713,0.9345,2.6653,2.85211
2,5,33.75,9305,28170,7083,0.9305,2.817,3.0274
2,5,34,9369,25822,6560,0.9369,2.5822,2.75611
2,5,34.25,9349,26607,6760,0.9349,2.6607,2.84597
2,5,34.5,9326,27494,6912,0.9326,2.7494,2.9481
2,5,34.75,9358,26297,6682,0.9358,2.6297,2.81011
2,5,35,9363,26151,6639,0.9363,2.6151,2.79302
2,5,35.25,9302,28364,7129,0.9302,2.8364,3.04924
2,5,35.5,9309,28137,7104,0.9309,2.8137,3.02256
2,5,35.75,9376,25469,6418,0.9376,2.5469,2.7164
2,5,36,9334,27133,6863,0.9334,2.7133,2.9069
2,5,36.25,9337,26977,6777,0.9337,2.6977,2.88926
2,5,36.5,9353,26434,6695,0.9353,2.6434,2.82626
2,5,36.75,9319,27710,6992,0.9319,2.771,2.9735
2,5,37,9326,27377,6884,0.9326,2.7377,2.93556
2,5,37.25,9331,27357,6953,0.9331,2.7357,2.93184
2,5,37.5,9314,27952,7029,0.9314,2.7952,3.00107
2,5,37.75,9315,27904,7046,0.9315,2.7904,2.9956
2,5,38,9307,28162,7110,0.9307,2.8162,3.02589
2,5,38.25,9316,28038,7111,0.9316,2.8038,3.00966
2,5,38.5,9315,27916,7096,0.9315,2.7916,2.99689
2,5,38.75,9340,26810,6734,0.934,2.681,2.87045
2,5,39,9337,27097,6822,0.9337,2.7097,2.90211
2,5,39.25,9326,27405,6896,0.9326,2.7405,2.93856
2,5,39.5,9368,25951,6556,0.9368,2.5951,2.77018
2,5,39.75,9318,27778,6986,0.9318,2.7778,2.98111
2,5,40,9299,28562,7185,0.9299,2.8562,3.07151
2,6,0,200,8377,139,0.02,0.8377,41.885
2,6,0.25,222,9193,116,0.0222,0.9193,41.4099
2,6,0.5,238,9851,106,0.0238,0.9851,41.3908
2,6,0.75,249,10249,111,0.0249,1.0249,41.1606
2,6,1,265,10923,103,0.0265,1.0923,41.2189
2,6,1.25,270,11130,119,0.027,1.113,41.2222
2,6,1.5,285,11708,109,0.0285,1.1708,41.0807
2,6,1.75,298,12268,123,0.0298,1.2268,41.1678
2,6,2,296,12118,131,0.0296,1.2118,40.9392
2,6,2.25,312,12733,133,0.0312,1.2733,40.8109
2,6,2.5,320,13019,133,0.032,1.3019,40.6844
2,6,2.75,337,13701,161,0.0337,1.3701,40.6558
2,6,3,362,14629,171,0.0362,1.4629,40.4116
2,6,3.25,380,15331,196,0.038,1.5331,40.3447
2,6,3.5,403,16205,210,0.0403,1.6205,40.2109
2,6,3.75,422,16947,230,0.0422,1.6947,40.1588
2,6,4,461,18508,276,0.0461,1.8508,40.1475
2,6,4.25,503,20142,295,0.0503,2.0142,40.0437
2,6,4.5,550,21762,357,0.055,2.1762,39.5673
2,6,4.75,592,23468,377,0.0592,2.3468,39.6419
2,6,5,684,26831,488,0.0684,2.6831,39.2266
2,6,5.25,784,30326,629,0.0784,3.0326,38.6811
2,6,5.5,866,33172,762,0.0866,3.3172,38.3048
2,6,5.75,1074,40127,1083,0.1074,4.0127,37.3622
2,6,6,1336,48360,1547,0.1336,4.836,36.1976
2,6,6.25,1773,60941,2552,0.1773,6.0941,34.3717
2,6,6.5,2653,81127,4990,0.2653,8.1127,30.5793
2,6,6.75,4621,103727,11230,0.4621,10.3727,22.4469
2,6,7,7967,69504,14091,0.7967,6.9504,8.72399
2,6,7.25,9270,29598,7419,0.927,2.9598,3.19288
2,6,7.5,9327,27408,6878,0.9327,2.7408,2.93857
2,6,7.75,9394,24913,6308,0.9394,2.4913,2.65201
2,6,8,9363,25964,6587,0.9363,2.5964,2.77304
2,6,8.25,9310,28134,7111,0.931,2.8134,3.02191
2,6,8.5,9338,27107,6880,0.9338,2.7107,2.90287
2,6,8.75,9292,28831,7265,0.9292,2.8831,3.10278
2,6,9,9394,24955,6358,0.9394,2.4955,2.65648
2,6,9.25,9361,26225,6658,0.9361,2.6225,2.80152
2,6,9.5,9365,26123,6696,0.9365,2.6123,2.78943
2,6,9.75,9364,26028,6649,0.9364,2.6028,2.77958
2,6,10,9297,28604,7235,0.9297,2.8604,3.07669
2,6,10.25,9320,27712,7007,0.932,2.7712,2.97339
2,6,10.5,9368,25922,6625,0.9368,2.5922,2.76708
2,6,10.75,9344,26859,6857,0.9344,2.6859,2.87446
2,6,11,9357,26205,6608,0.9357,2.6205,2.80058
2,6,11.25,9347,26623,6748,0.9347,2.6623,2.84829
2,6,11.5,9311,27999,7079,0.9311,2.7999,3.00709
2,6,11.75,9290,28884,7278,0.929,2.8884,3.10915
2,6,12,9349,26588,6690,0.9349,2.6588,2.84394
2,6,12.25,9342,26787,6722,0.9342,2.6787,2.86737
2,6,12.5,9342,26871,6837,0.9342,2.6871,2.87636
2,6,12.75,9363,25998,6562,0.9363,2.5998,2.77667
2,6,13,9354,26397,6652,0.9354,2.6397,2.822
2,6,13.25,9371,25840,6600,0.9371,2.584,2.75744
2,6,13.5,9329,27380,6905,0.9329,2.738,2.93493
2,6,13.75,9319,27678,6949,0.9319,2.7678,2.97006
2,6,14,9361,26142,6651,0.9361,2.6142,2.79265
2,6,14.25,9291,28847,7213,0.9291,2.8847,3.10483
2,6,14.5,9301,28452,7195,0.9301,2.8452,3.05903
2,6,14.75,9344,26760,6760,0.9344,2.676,2.86387
2,6,15,9378,25471,6481,0.9378,2.5471,2.71604
2,6,15.25,9394,24916,6291,0.9394,2.4916,2.65233
2,6,15.5,9302,28401,7150,0.9302,2.8401,3.05321
2,6,15.75,9348,26574,6712,0.9348,2.6574,2.84275
2,6,16,9330,27357,6921,0.933,2.7357,2.93215
2,6,16.25,9322,27693,7014,0.9322,2.7693,2.97071
2,6,16.5,9324,27420,6893,0.9324,2.742,2.9408
2,6,16.75,9372,25738,6540,0.9372,2.5738,2.74627
2,6,17,9368,25947,6568,0.9368,2.5947,2.76975
2,6,17.25,9391,24984,6367,0.9391,2.4984,2.66042
2,6,17.5,9341,26824,6773,0.9341,2.6824,2.87164
2,6,17.75,9379,25462,6449,0.9379,2.5462,2.71479
2,6,18,9246,30398,7580,0.9246,3.0398,3.28769
2,6,18.25,9288,29031,7331,0.9288,2.9031,3.12565
2,6,18.5,9315,27881,7055,0.9315,2.7881,2.99313
2,6,18.75,9318,27734,7011,0.9318,2.7734,2.97639
2,6,19,9366,25986,6631,0.9366,2.5986,2.7745
2,6,19.25,9332,27293,6866,0.9332,2.7293,2.92467
2,6,19.5,9351,26575,6713,0.9351,2.6575,2.84194
2,6,19.75,9312,27972,7031,0.9312,2.7972,3.00387
2,6,20,9333,27098,6830,0.9333,2.7098,2.90346
2,6,20.25,9372,25757,6550,0.9372,2.5757,2.74829
2,6,20.5,9336,27083,6780,0.9336,2.7083,2.90092
2,6,20.75,9359,26086,6579,0.9359,2.6086,2.78726
2,6,21,9319,27802,7024,0.9319,2.7802,2.98337
2,6,21.25,9351,26448,6612,0.9351,2.6448,2.82836
2,6,21.5,9336,27041,6849,0.9336,2.7041,2.89642
2,6,21.75,9294,28610,7192,0.9294,2.861,3.07833
2,6,22,9329,27340,6877,0.9329,2.734,2.93065
2,6,22.25,9359,26160,6608,0.9359,2.616,2.79517
2,6,22.5,9316,27749,6941,0.9316,2.7749,2.97864
2,6,22.75,9338,27122,6865,0.9338,2.7122,2.90448
2,6,23,9350,26601,6749,0.935,2.6601,2.84503
2,6,23.25,9329,27445,6915,0.9329,2.7445,2.9419
2,6,23.5,9368,25842,6531,0.9368,2.5842,2.75854
2,6,23.75,9316,27898,7076,0.9316,2.7898,2.99463
2,6,24,9370,25798,6550,0.937,2.5798,2.75326
2,6,24.25,9347,26673,6772,0.9347,2.6673,2.85364
2,6,24.5,9345,26758,6803,0.9345,2.6758,2.86335
2,6,24.75,9317,27711,6939,0.9317,2.7711,2.97424
2,6,25,9309,28097,7037,0.9309,2.8097,3.01826
2,6,25.25,9299,28611,7218,0.9299,2.8611,3.07678
2,6,25.5,9292,28772,7199,0.9292,2.8772,3.09643
2,6,25.75,9307,28085,7058,0.9307,2.8085,3.01762
2,6,26,9313,28066,7069,0.9313,2.8066,3.01364
2,6,26.25,9371,25698,6514,0.9371,2.5698,2.74229
2,6,26.5,9316,27822,6992,0.9316,2.7822,2.98647
2,6,26.75,9346,26694,6715,0.9346,2.6694,2.8562
2,6,27,9336,27111,6878,0.9336,2.7111,2.90392
2,6,27.25,9355,26325,6691,0.9355,2.6325,2.814
2,6,27.5,9338,27038,6862,0.9338,2.7038,2.89548
2,6,27.75,9305,28212,7095,0.9305,2.8212,3.03192
2,6,28,9342,26877,6811,0.9342,2.6877,2.87701
2,6,28.25,9363,26051,6617,0.9363,2.6051,2.78233
2,6,28.5,9345,26767,6715,0.9345,2.6767,2.86431
2,6,28.75,9343,26832,6788,0.9343,2.6832,2.87188
2,6,29,9331,27283,6867,0.9331,2.7283,2.92391
2,6,29.25,9331,27361,6930,0.9331,2.7361,2.93227
2,6,29.5,9319,27703,6956,0.9319,2.7703,2.97274
2,6,29.75,9273,29458,7426,0.9273,2.9458,3.17675
2,6,30,9361,26168,6658,0.9361,2.6168,2.79543
2,6,30.25,9323,27562,6952,0.9323,2.7562,2.95634
2,6,30.5,9345,26766,6766,0.9345,2.6766,2.86421
2,6,30.75,9301,28436,7171,0.9301,2.8436,3.05731
2,6,31,9342,26804,6792,0.9342,2.6804,2.86919
2,6,31.25,9311,27974,7010,0.9311,2.7974,3.0044
2,6,31.5,9373,25662,6539,0.9373,2.5662,2.73786
2,6,31.75,9316,27807,7003,0.9316,2.7807,2.98486
2,6,32,9362,26100,6605,0.9362,2.61,2.78787
2,6,32.25,9361,26060,6598,0.9361,2.606,2.78389
2,6,32.5,9298,28613,7207,0.9298,2.8613,3.07733
2,6,32.75,9329,27342,6855,0.9329,2.7342,2.93086
2,6,33,9356,26377,6689,0.9356,2.6377,2.81926
2,6,33.25,9284,29044,7273,0.9284,2.9044,3.12839
2,6,33.5,9320,27790,7048,0.932,2.779,2.98176
2,6,33.75,9332,27153,6800,0.9332,2.7153,2.90967
2,6,34,9330,27232,6839,0.933,2.7232,2.91876
2,6,34.25,9311,28042,7101,0.9311,2.8042,3.01171
2,6,34.5,9396,24762,6260,0.9396,2.4762,2.63538
2,6,34.75,9327,27498,6920,0.9327,2.7498,2.94821
2,6,35,9283,29167,7370,0.9283,2.9167,3.14198
2,6,35.25,9344,26827,6770,0.9344,2.6827,2.87104
2,6,35.5,9285,28974,7224,0.9285,2.8974,3.12052
2,6,35.75,9343,26915,6795,0.9343,2.6915,2.88077
2,6,36,9331,27241,6855,0.9331,2.7241,2.91941
2,6,36.25,9348,26670,6765,0.9348,2.667,2.85302
2,6,36.5,9323,27606,6981,0.9323,2.7606,2.96106
2,6,36.75,9327,27403,6900,0.9327,2.7403,2.93803
2,6,37,9340,27067,6872,0.934,2.7067,2.89797
2,6,37.25,9380,25532,6482,0.938,2.5532,2.72196
2,6,37.5,9327,27438,6911,0.9327,2.7438,2.94178
2,6,37.75,9371,25656,6468,0.9371,2.5656,2.73781
2,6,38,9382,25338,6423,0.9382,2.5338,2.7007
2,6,38.25,9340,27029,6863,0.934,2.7029,2.8939
2,6,38.5,9337,27043,6833,0.9337,2.7043,2.89633
2,6,38.75,9281,29222,7340,0.9281,2.9222,3.14858
2,6,39,9317,27778,6988,0.9317,2.7778,2.98143
2,6,39.25,9354,26499,6682,0.9354,2.6499,2.83291
2,6,39.5,9347,26743,6772,0.9347,2.6743,2.86113
2,6,39.75,9312,28042,7079,0.9312,2.8042,3.01138
2,6,40,9332,27273,6877,0.9332,2.7273,2.92252
2,7,0,200,8395,143,0.02,0.8395,41.975
2,7,0.25,202,8443,89,0.0202,0.8443,41.797
2,7,0.5,220,9115,95,0.022,0.9115,41.4318
2,7,0.75,246,10144,92,0.0246,1.0144,41.2358
2,7,1,284,11666,110,0.0284,1.1666,41.0775
2,7,1.25,270,11087,127,0.027,1.1087,41.063
2,7,1.5,279,11470,122,0.0279,1.147,41.1111
2,7,1.75,310,12690,135,0.031,1.269,40.9355
2,7,2,312,12820,132,0.0312,1.282,41.0897
2,7,2.25,326,13366,152,0.0326,1.3366,41
2,7,2.5,345,14046,175,0.0345,1.4046,40.713
2,7,2.75,357,14532,175,0.0357,1.4532,40.7059
2,7,3,372,15159,192,0.0372,1.5159,40.75
2,7,3.25,396,16126,221,0.0396,1.6126,40.7222
2,7,3.5,440,17689,258,0.044,1.7689,40.2023
2,7,3.75,521,20624,331,0.0521,2.0624,39.5854
2,7,4,605,23668,423,0.0605,2.3668,39.1207
2,7,4.25,672,26197,481,0.0672,2.6197,38.9836
2,7,4.5,782,30149,616,0.0782,3.0149,38.5537
2,7,4.75,921,34948,831,0.0921,3.4948,37.9457
2,7,5,1177,43186,1260,0.1177,4.3186,36.6916
2,7,5.25,1555,54600,2000,0.1555,5.46,35.1125
2,7,5.5,2268,72971,3816,0.2268,7.2971,32.1742
2,7,5.75,3617,96120,8055,0.3617,9.612,26.5745
2,7,6,6729,93141,15361,0.6729,9.3141,13.8417
2,7,6.25,9097,35761,8750,0.9097,3.5761,3.93108
2,7,6.5,9293,28629,7193,0.9293,2.8629,3.08071
2,7,6.75,9343,26869,6790,0.9343,2.6869,2.87584
2,7,7,9347,26658,6712,0.9347,2.6658,2.85204
2,7,7.25,9349,26579,6647,0.9349,2.6579,2.84298
2,7,7.5,9340,27006,6833,0.934,2.7006,2.89143
2,7,7.75,9295,28636,7177,0.9295,2.8636,3.0808
2,7,8,9300,28481,7132,0.93,2.8481,3.06247
2,7,8.25,9331,27243,6864,0.9331,2.7243,2.91962
2,7,8.5,9311,27939,6978,0.9311,2.7939,3.00064
2,7,8.75,9304,28322,7139,0.9304,2.8322,3.04407
2,7,9,9344,26814,6763,0.9344,2.6814,2.86965
2,7,9.25,9356,26410,6718,0.9356,2.641,2.82279
2,7,9.5,9289,28860,7239,0.9289,2.886,3.1069
2,7,9.75,9326,27484,6924,0.9326,2.7484,2.94703
2,7,10,9330,27258,6855,0.933,2.7258,2.92154
2,7,10.25,9328,27323,6865,0.9328,2.7323,2.92914
2,7,10.5,9327,27287,6833,0.9327,2.7287,2.92559
2,7,10.75,9342,26913,6769,0.9342,2.6913,2.88086
2,7,11,9317,27820,7026,0.9317,2.782,2.98594
2,7,11.25,9358,26163,6559,0.9358,2.6163,2.79579
2,7,11.5,9329,27522,6915,0.9329,2.7522,2.95016
2,7,11.75,9371,25754,6537,0.9371,2.5754,2.74827
2,7,12,9360,26271,6685,0.936,2.6271,2.80673
2,7,12.25,9361,26105,6623,0.9361,2.6105,2.7887
2,7,12.5,9327,27360,6878,0.9327,2.736,2.93342
2,7,12.75,9329,27368,6848,0.9329,2.7368,2.93365
2,7,13,9375,25588,6458,0.9375,2.5588,2.72939
2,7,13.25,9313,27933,7004,0.9313,2.7933,2.99936
2,7,13.5,9338,26963,6836,0.9338,2.6963,2.88745
2,7,13.75,9322,27490,6952,0.9322,2.749,2.94894
2,7,14,9280,29205,7294,0.928,2.9205,3.14709
2,7,14.25,9347,26690,6703,0.9347,2.669,2.85546
2,7,14.5,9316,27826,6969,0.9316,2.7826,2.9869
2,7,14.75,9309,28075,7086,0.9309,2.8075,3.0159
2,7,15,9320,27718,6950,0.932,2.7718,2.97403
2,7,15.25,9336,27100,6847,0.9336,2.71,2.90274
2,7,15.5,9334,27152,6831,0.9334,2.7152,2.90894
2,7,15.75,9355,26346,6649,0.9355,2.6346,2.81625
2,7,16,9308,28121,7051,0.9308,2.8121,3.02116
2,7,16.25,9379,25395,6405,0.9379,2.5395,2.70764
2,7,16.5,9330,27330,6869,0.933,2.733,2.92926
2,7,16.75,9334,27151,6847,0.9334,2.7151,2.90883
2,7,17,9332,27162,6824,0.9332,2.7162,2.91063
2,7,17.25,9360,26200,6646,0.936,2.62,2.79915
2,7,17.5,9353,26521,6732,0.9353,2.6521,2.83556
2,7,17.75,9356,26426,6665,0.9356,2.6426,2.8245
2,7,18,9318,27733,6992,0.9318,2.7733,2.97628
2,7,18.25,9329,27439,6925,0.9329,2.7439,2.94126
2,7,18.5,9328,27479,6928,0.9328,2.7479,2.94586
2,7,18.75,9353,26472,6666,0.9353,2.6472,2.83032
2,7,19,9366,25965,6603,0.9366,2.5965,2.77226
2,7,19.25,9288,28894,7212,0.9288,2.8894,3.1109
2,7,19.5,9277,29299,7342,0.9277,2.9299,3.15824
2,7,19.75,9362,26086,6608,0.9362,2.6086,2.78637
2,7,20,9327,27394,6880,0.9327,2.7394,2.93706
2,7,20.25,9342,26898,6767,0.9342,2.6898,2.87925
2,7,20.5,9314,27964,7043,0.9314,2.7964,3.00236
2,7,20.75,9378,25498,6476,0.9378,2.5498,2.71892
2,7,21,9294,28629,7189,0.9294,2.8629,3.08037
2,7,21.25,9307,28103,7112,0.9307,2.8103,3.01956
2,7,21.5,9373,25637,6463,0.9373,2.5637,2.7352
2,7,21.75,9294,28732,7277,0.9294,2.8732,3.09146
2,7,22,9295,28695,7186,0.9295,2.8695,3.08714
2,7,22.25,9323,27626,7015,0.9323,2.7626,2.96321
2,7,22.5,9332,27214,6850,0.9332,2.7214,2.9162
2,7,22.75,9318,27732,6972,0.9318,2.7732,2.97618
2,7,23,9361,26187,6644,0.9361,2.6187,2.79746
2,7,23.25,9345,26856,6783,0.9345,2.6856,2.87384
2,7,23.5,9346,26770,6764,0.9346,2.677,2.86433
2,7,23.75,9294,28572,7159,0.9294,2.8572,3.07424
2,7,24,9319,27645,6915,0.9319,2.7645,2.96652
2,7,24.25,9309,28017,7096,0.9309,2.8017,3.00967
2,7,24.5,9345,26758,6792,0.9345,2.6758,2.86335
2,7,24.75,9322,27547,6909,0.9322,2.7547,2.95505
2,7,25,9344,26822,6771,0.9344,2.6822,2.87051
2,7,25.25,9324,27488,6865,0.9324,2.7488,2.94809
2,7,25.5,9338,27083,6859,0.9338,2.7083,2.9003
2,7,25.75,9372,25685,6531,0.9372,2.5685,2.74061
2,7,26,9316,27780,6975,0.9316,2.778,2.98197
2,7,26.25,9355,26413,6692,0.9355,2.6413,2.82341
2,7,26.5,9323,27515,6991,0.9323,2.7515,2.9513
2,7,26.75,9347,26720,6769,0.9347,2.672,2.85867
2,7,27,9356,26444,6718,0.9356,2.6444,2.82642
2,7,27.25,9336,27075,6781,0.9336,2.7075,2.90006
2,7,27.5,9310,28115,7069,0.931,2.8115,3.01987
2,7,27.75,9352,26599,6761,0.9352,2.6599,2.8442
2,7,28,9292,28816,7277,0.9292,2.8816,3.10116
2,7,28.25,9288,28969,7264,0.9288,2.8969,3.11897
2,7,28.5,9330,27253,6889,0.933,2.7253,2.92101
2,7,28.75,9325,27477,6896,0.9325,2.7477,2.9466
2,7,29,9362,26208,6661,0.9362,2.6208,2.7994
2,7,29.25,9405,24397,6184,0.9405,2.4397,2.59405
2,7,29.5,9333,27169,6840,0.9333,2.7169,2.91107
2,7,29.75,9327,27445,6985,0.9327,2.7445,2.94253
2,7,30,9339,26893,6748,0.9339,2.6893,2.87964
2,7,30.25,9366,25919,6521,0.9366,2.5919,2.76735
2,7,30.5,9348,26692,6746,0.9348,2.6692,2.85537
2,7,30.75,9311,27979,7051,0.9311,2.7979,3.00494
2,7,31,9348,26536,6649,0.9348,2.6536,2.83868
2,7,31.25,9387,25144,6372,0.9387,2.5144,2.6786
2,7,31.5,9333,27149,6865,0.9333,2.7149,2.90893
2,7,31.75,9328,27313,6869,0.9328,2.7313,2.92807
2,7,32,9294,28739,7226,0.9294,2.8739,3.09221
2,7,32.25,9314,27880,7015,0.9314,2.788,2.99334
2,7,32.5,9351,26474,6682,0.9351,2.6474,2.83114
2,7,32.75,9343,26907,6778,0.9343,2.6907,2.87991
2,7,33,9337,26950,6751,0.9337,2.695,2.88637
2,7,33.25,9299,28548,7202,0.9299,2.8548,3.07001
2,7,33.5,9322,27598,6955,0.9322,2.7598,2.96052
2,7,33.75,9377,25551,6455,0.9377,2.5551,2.72486
2,7,34,9309,28064,7048,0.9309,2.8064,3.01472
2,7,34.25,9332,27231,6870,0.9332,2.7231,2.91802
2,7,34.5,9328,27284,6887,0.9328,2.7284,2.92496
2,7,34.75,9306,28209,7055,0.9306,2.8209,3.03127
2,7,35,9296,28667,7236,0.9296,2.8667,3.0838
2,7,35.25,9352,26600,6796,0.9352,2.66,2.84431
2,7,35.5,9345,26686,6759,0.9345,2.6686,2.85564
2,7,35.75,9298,28553,7157,0.9298,2.8553,3.07088
2,7,36,9356,26324,6652,0.9356,2.6324,2.8136
2,7,36.25,9368,26006,6619,0.9368,2.6006,2.77605
2,7,36.5,9292,28833,7211,0.9292,2.8833,3.10299
2,7,36.75,9396,24842,6359,0.9396,2.4842,2.64389
2,7,37,9287,28773,7126,0.9287,2.8773,3.0982
2,7,37.25,9335,27097,6830,0.9335,2.7097,2.90273
2,7,37.5,9307,28198,7057,0.9307,2.8198,3.02976
2,7,37.75,9357,26271,6666,0.9357,2.6271,2.80763
2,7,38,9347,26715,6768,0.9347,2.6715,2.85814
2,7,38.25,9270,29678,7486,0.927,2.9678,3.20151
2,7,38.5,9310,28198,7056,0.931,2.8198,3.02879
2,7,38.75,9338,27050,6827,0.9338,2.705,2.89677
2,7,39,9341,26970,6866,0.9341,2.697,2.88727
2,7,39.25,9270,29616,7407,0.927,2.9616,3.19482
2,7,39.5,9312,28012,7053,0.9312,2.8012,3.00816
2,7,39.75,9343,26852,6782,0.9343,2.6852,2.87402
2,7,40,9356,26218,6566,0.9356,2.6218,2.80227
2,8,0,200,8384,152,0.02,0.8384,41.92
2,8,0.25,238,9865,119,0.0238,0.9865,41.4496
2,8,0.5,230,9513,98,0.023,0.9513,41.3609
2,8,0.75,225,9329,103,0.0225,0.9329,41.4622
2,8,1,247,10170,105,0.0247,1.017,41.1741
2,8,1.25,245,10120,112,0.0245,1.012,41.3061
2,8,1.5,256,10515,115,0.0256,1.0515,41.0742
2,8,1.75,280,11464,138,0.028,1.1464,40.9429
2,8,2,297,12137,129,0.0297,1.2137,40.8653
2,8,2.25,305,12468,136,0.0305,1.2468,40.8787
2,8,2.5,327,13292,162,0.0327,1.3292,40.6483
2,8,2.75,342,13891,167,0.0342,1.3891,40.617
2,8,3,377,15234,182,0.0377,1.5234,40.4085
2,8,3.25,383,15459,214,0.0383,1.5459,40.3629
2,8,3.5,412,16523,225,0.0412,1.6523,40.1044
2,8,3.75,466,18575,263,0.0466,1.8575,39.8605
2,8,4,535,21128,313,0.0535,2.1128,39.4916
2,8,4.25,588,23131,402,0.0588,2.3131,39.3384
2,8,4.5,724,28164,538,0.0724,2.8164,38.9006
2,8,4.75,839,32210,710,0.0839,3.221,38.3909
2,8,5,1020,38283,989,0.102,3.8283,37.5324
2,8,5.25,1259,46107,1377,0.1259,4.6107,36.6219
2,8,5.5,1647,57278,2175,0.1647,5.7278,34.7772
2,8,5.75,2299,73727,3934,0.2299,7.3727,32.0692
2,8,6,3751,97687,8558,0.3751,9.7687,26.0429
2,8,6.25,6975,89460,15407,0.6975,8.946,12.8258
2,8,6.5,9108,35378,8645,0.9108,3.5378,3.88428
2,8,6.75,9323,27502,6888,0.9323,2.7502,2.94991
2,8,7,9348,26714,6803,0.9348,2.6714,2.85772
2,8,7.25,9333,27232,6931,0.9333,2.7232,2.91782
2,8,7.5,9310,28076,7075,0.931,2.8076,3.01568
2,8,7.75,9354,26340,6627,0.9354,2.634,2.81591
2,8,8,9385,25271,6479,0.9385,2.5271,2.6927
2,8,8.25,9331,27365,6948,0.9331,2.7365,2.9327
2,8,8.5,9352,26465,6692,0.9352,2.6465,2.82988
2,8,8.75,9306,28292,7161,0.9306,2.8292,3.04019
2,8,9,9308,28249,7148,0.9308,2.8249,3.03492
2,8,9.25,9338,26983,6784,0.9338,2.6983,2.88959
2,8,9.5,9375,25552,6448,0.9375,2.5552,2.72555
2,8,9.75,9394,24805,6258,0.9394,2.4805,2.64052
2,8,10,9356,26317,6642,0.9356,2.6317,2.81285
2,8,10.25,9327,27406,6909,0.9327,2.7406,2.93835
2,8,10.5,9368,25859,6596,0.9368,2.5859,2.76035
2,8,10.75,9323,27459,6911,0.9323,2.7459,2.9453
2,8,11,9362,26149,6587,0.9362,2.6149,2.7931
2,8,11.25,9331,27212,6872,0.9331,2.7212,2.9163
2,8,11.5,9356,26348,6713,0.9356,2.6348,2.81616
2,8,11.75,9294,28574,7169,0.9294,2.8574,3.07446
2,8,12,9347,26728,6754,0.9347,2.6728,2.85953
2,8,12.25,9300,28507,7155,0.93,2.8507,3.06527
2,8,12.5,9346,26787,6777,0.9346,2.6787,2.86615
2,8,12.75,9341,26981,6854,0.9341,2.6981,2.88845
2,8,13,9372,25668,6551,0.9372,2.5668,2.7388
2,8,13.25,9379,25417,6470,0.9379,2.5417,2.70999
2,8,13.5,9385,25133,6312,0.9385,2.5133,2.678
2,8,13.75,9359,26314,6673,0.9359,2.6314,2.81163
2,8,14,9289,28745,7149,0.9289,2.8745,3.09452
2,8,14.25,9365,26009,6582,0.9365,2.6009,2.77726
2,8,14.5,9364,25959,6564,0.9364,2.5959,2.77221
2,8,14.75,9335,27160,6874,0.9335,2.716,2.90948
2,8,15,9311,27978,7016,0.9311,2.7978,3.00483
2,8,15.25,9339,26848,6714,0.9339,2.6848,2.87483
2,8,15.5,9352,26513,6714,0.9352,2.6513,2.83501
2,8,15.75,9345,26753,6784,0.9345,2.6753,2.86281
2,8,16,9318,27758,6969,0.9318,2.7758,2.97897
2,8,16.25,9299,28443,7197,0.9299,2.8443,3.05872
2,8,16.5,9332,27197,6897,0.9332,2.7197,2.91438
2,8,16.75,9359,26281,6663,0.9359,2.6281,2.8081
2,8,17,9398,24710,6297,0.9398,2.471,2.62928
2,8,17.25,9300,28507,7146,0.93,2.8507,3.06527
2,8,17.5,9364,26132,6603,0.9364,2.6132,2.79069
2,8,17.75,9311,27939,7006,0.9311,2.7939,3.00064
2,8,18,9370,25737,6533,0.937,2.5737,2.74674
2,8,18.25,9350,26542,6709,0.935,2.6542,2.83872
2,8,18.5,9313,27912,7031,0.9313,2.7912,2.9971
2,8,18.75,9330,27240,6890,0.933,2.724,2.91961
2,8,19,9380,25514,6519,0.938,2.5514,2.72004
2,8,19.25,9310,28051,7109,0.931,2.8051,3.013
2,8,19.5,9300,28534,7182,0.93,2.8534,3.06817
2,8,19.75,9364,26088,6594,0.9364,2.6088,2.78599
2,8,20,9303,28325,7127,0.9303,2.8325,3.04472
2,8,20.25,9334,27195,6835,0.9334,2.7195,2.91354
2,8,20.5,9318,27826,7083,0.9318,2.7826,2.98626
2,8,20.75,9370,25805,6560,0.937,2.5805,2.754
2,8,21,9367,25893,6579,0.9367,2.5893,2.76428
2,8,21.25,9379,25520,6479,0.9379,2.552,2.72097
2,8,21.5,9301,28344,7102,0.9301,2.8344,3.04741
2,8,21.75,9370,25824,6589,0.937,2.5824,2.75603
2,8,22,9351,26458,6669,0.9351,2.6458,2.82943
2,8,22.25,9320,27752,7007,0.932,2.7752,2.97768
2,8,22.5,9340,26911,6769,0.934,2.6911,2.88126
2,8,22.75,9356,26373,6684,0.9356,2.6373,2.81883
2,8,23,9327,27456,6968,0.9327,2.7456,2.94371
2,8,23.25,9337,27077,6868,0.9337,2.7077,2.89997
2,8,23.5,9313,28139,7103,0.9313,2.8139,3.02148
2,8,23.75,9365,25993,6573,0.9365,2.5993,2.77555
2,8,24,9338,27067,6818,0.9338,2.7067,2.89859
2,8,24.25,9295,28588,7141,0.9295,2.8588,3.07563
2,8,24.5,9318,27692,6932,0.9318,2.7692,2.97188
2,8,24.75,9373,25711,6524,0.9373,2.5711,2.74309
2,8,25,9292,28750,7221,0.9292,2.875,3.09406
2,8,25.25,9330,27246,6909,0.933,2.7246,2.92026
2,8,25.5,9336,27113,6856,0.9336,2.7113,2.90413
2,8,25.75,9343,26850,6828,0.9343,2.685,2.87381
2,8,26,9280,29197,7311,0.928,2.9197,3.14623
2,8,26.25,9296,28665,7226,0.9296,2.8665,3.08358
2,8,26.5,9372,25655,6471,0.9372,2.5655,2.73741
2,8,26.75,9302,28363,7110,0.9302,2.8363,3.04913
2,8,27,9403,24520,6251,0.9403,2.452,2.60768
2,8,27.25,9345,26682,6736,0.9345,2.6682,2.85522
2,8,27.5,9390,25028,6399,0.939,2.5028,2.66539
2,8,27.75,9315,27888,7038,0.9315,2.7888,2.99388
2,8,28,9296,28631,7219,0.9296,2.8631,3.07993
2,8,28.25,9342,27017,6881,0.9342,2.7017,2.89199
2,8,28.5,9370,25717,6570,0.937,2.5717,2.74461
2,8,28.75,9333,27203,6911,0.9333,2.7203,2.91471
2,8,29,9334,27228,6879,0.9334,2.7228,2.91708
2,8,29.25,9352,26563,6723,0.9352,2.6563,2.84036
2,8,29.5,9331,27213,6809,0.9331,2.7213,2.91641
2,8,29.75,9314,27977,7083,0.9314,2.7977,3.00376
2,8,30,9351,26529,6728,0.9351,2.6529,2.83702
2,8,30.25,9342,26918,6780,0.9342,2.6918,2.8814
2,8,30.5,9321,27687,6997,0.9321,2.7687,2.97039
2,8,30.75,9317,27876,7023,0.9317,2.7876,2.99195
2,8,31,9289,28911,7264,0.9289,2.8911,3.11239
2,8,31.25,9305,28164,7071,0.9305,2.8164,3.02676
2,8,31.5,9344,26764,6733,0.9344,2.6764,2.8643
2,8,31.75,9303,28360,7102,0.9303,2.836,3.04848
2,8,32,9327,27487,6894,0.9327,2.7487,2.94704
2,8,32.25,9318,27706,7026,0.9318,2.7706,2.97338
2,8,32.5,9332,27251,6894,0.9332,2.7251,2.92017
2,8,32.75,9332,27243,6910,0.9332,2.7243,2.91931
2,8,33,9350,26660,6812,0.935,2.666,2.85134
2,8,33.25,9316,27794,6979,0.9316,2.7794,2.98347
2,8,33.5,9326,27440,6905,0.9326,2.744,2.94231
2,8,33.75,9324,27573,6972,0.9324,2.7573,2.95721
2,8,34,9350,26650,6731,0.935,2.665,2.85027
2,8,34.25,9397,24772,6282,0.9397,2.4772,2.63616
2,8,34.5,9271,29609,7445,0.9271,2.9609,3.19372
2,8,34.75,9335,27102,6854,0.9335,2.7102,2.90327
2,8,35,9294,28743,7265,0.9294,2.8743,3.09264
2,8,35.25,9326,27471,6938,0.9326,2.7471,2.94564
2,8,35.5,9408,24429,6218,0.9408,2.4429,2.59662
2,8,35.75,9318,27915,7110,0.9318,2.7915,2.99581
2,8,36,9340,26922,6761,0.934,2.6922,2.88244
2,8,36.25,9368,25908,6595,0.9368,2.5908,2.76558
2,8,36.5,9320,27705,6978,0.932,2.7705,2.97264
2,8,36.75,9360,26254,6660,0.936,2.6254,2.80491
2,8,37,9312,27915,7033,0.9312,2.7915,2.99774
2,8,37.25,9316,27814,6956,0.9316,2.7814,2.98562
2,8,37.5,9312,27998,7015,0.9312,2.7998,3.00666
2,8,37.75,9287,28839,7242,0.9287,2.8839,3.10531
2,8,38,9387,25163,6396,0.9387,2.5163,2.68062
2,8,38.25,9311,28000,7000,0.9311,2.8,3.0072
2,8,38.5,9344,26841,6805,0.9344,2.6841,2.87254
2,8,38.75,9333,27161,6833,0.9333,2.7161,2.91021
2,8,39,9381,25392,6443,0.9381,2.5392,2.70675
2,8,39.25,9317,27855,7028,0.9317,2.7855,2.9897
2,8,39.5,9382,25388,6521,0.9382,2.5388,2.70603
2,8,39.75,9343,26794,6786,0.9343,2.6794,2.86782
2,8,40,9358,26309,6673,0.9358,2.6309,2.81139
2,9,0,200,8409,148,0.02,0.8409,42.045
2,9,0.25,222,9230,94,0.0222,0.923,41.5766
2,9,0.5,207,8620,77,0.0207,0.862,41.6425
2,9,0.75,209,8671,81,0.0209,0.8671,41.488
2,9,1,224,9256,78,0.0224,0.9256,41.3214
2,9,1.25,225,9336,91,0.0225,0.9336,41.4933
2,9,1.5,234,9665,90,0.0234,0.9665,41.3034
2,9,1.75,249,10264,89,0.0249,1.0264,41.2209
2,9,2,251,10342,86,0.0251,1.0342,41.2032
2,9,2.25,252,10389,109,0.0252,1.0389,41.2262
2,9,2.5,271,11092,115,0.0271,1.1092,40.9299
2,9,2.75,276,11328,125,0.0276,1.1328,41.0435
2,9,3,283,11621,126,0.0283,1.1621,41.0636
2,9,3.25,286,11723,104,0.0286,1.1723,40.9895
2,9,3.5,282,11570,113,0.0282,1.157,41.0284
2,9,3.75,293,12017,120,0.0293,1.2017,41.0137
2,9,4,310,12703,133,0.031,1.2703,40.9774
2,9,4.25,320,13091,139,0.032,1.3091,40.9094
2,9,4.5,352,14331,149,0.0352,1.4331,40.7131
2,9,4.75,392,15942,187,0.0392,1.5942,40.6684
2,9,5,397,16120,184,0.0397,1.612,40.6045
2,9,5.25,434,17524,234,0.0434,1.7524,40.3779
2,9,5.5,487,19521,252,0.0487,1.9521,40.0842
2,9,5.75,519,20713,310,0.0519,2.0713,39.9094
2,9,6,579,22937,375,0.0579,2.2937,39.6149
2,9,6.25,625,24599,405,0.0625,2.4599,39.3584
2,9,6.5,739,28595,566,0.0739,2.8595,38.6942
2,9,6.75,861,32748,728,0.0861,3.2748,38.0348
2,9,7,1058,39409,1037,0.1058,3.9409,37.2486
2,9,7.25,1333,48183,1569,0.1333,4.8183,36.1463
2,9,7.5,1854,62615,2675,0.1854,6.2615,33.7729
2,9,7.75,2857,84599,5541,0.2857,8.4599,29.6111
2,9,8,5009,104377,12361,0.5009,10.4377,20.8379
2,9,8.25,8302,60704,12992,0.8302,6.0704,7.31197
2,9,8.5,9266,29654,7424,0.9266,2.9654,3.2003
2,9,8.75,9342,26776,6726,0.9342,2.6776,2.8662
2,9,9,9324,27551,6928,0.9324,2.7551,2.95485
2,9,9.25,9307,28124,7091,0.9307,2.8124,3.02181
2,9,9.5,9379,25500,6470,0.9379,2.55,2.71884
2,9,9.75,9336,27201,6903,0.9336,2.7201,2.91356
2,9,10,9331,27296,6858,0.9331,2.7296,2.9253
2,9,10.25,9333,27126,6820,0.9333,2.7126,2.90646
2,9,10.5,9372,25828,6598,0.9372,2.5828,2.75587
2,9,10.75,9356,26333,6630,0.9356,2.6333,2.81456
2,9,11,9367,25922,6583,0.9367,2.5922,2.76737
2,9,11.25,9287,28934,7251,0.9287,2.8934,3.11554
2,9,11.5,9396,24770,6270,0.9396,2.477,2.63623
2,9,11.75,9317,27881,6986,0.9317,2.7881,2.99249
2,9,12,9302,28432,7126,0.9302,2.8432,3.05655
2,9,12.25,9324,27649,7008,0.9324,2.7649,2.96536
2,9,12.5,9339,27044,6901,0.9339,2.7044,2.89581
2,9,12.75,9305,28304,7083,0.9305,2.8304,3.04181
2,9,13,9360,26193,6616,0.936,2.6193,2.7984
2,9,13.25,9369,25728,6500,0.9369,2.5728,2.74608
2,9,13.5,9329,27416,6953,0.9329,2.7416,2.93879
2,9,13.75,9336,27039,6801,0.9336,2.7039,2.89621
2,9,14,9378,25559,6515,0.9378,2.5559,2.72542
2,9,14.25,9300,28492,7140,0.93,2.8492,3.06366
2,9,14.5,9308,28130,7066,0.9308,2.813,3.02213
2,9,14.75,9324,27498,6923,0.9324,2.7498,2.94916
2,9,15,9292,28706,7169,0.9292,2.8706,3.08932
2,9,15.25,9337,27142,6857,0.9337,2.7142,2.90693
2,9,15.5,9323,27524,6892,0.9323,2.7524,2.95227
2,9,15.75,9301,28453,7118,0.9301,2.8453,3.05913
2,9,16,9294,28723,7184,0.9294,2.8723,3.09049
2,9,16.25,9340,26905,6827,0.934,2.6905,2.88062
2,9,16.5,9343,26897,6805,0.9343,2.6897,2.87884
2,9,16.75,9357,26282,6653,0.9357,2.6282,2.80881
2,9,17,9369,25853,6586,0.9369,2.5853,2.75942
2,9,17.25,9346,26715,6773,0.9346,2.6715,2.85844
2,9,17.5,9265,29863,7508,0.9265,2.9863,3.22321
2,9,17.75,9325,27580,6991,0.9325,2.758,2.95764
2,9,18,9308,28050,7057,0.9308,2.805,3.01354
2,9,18.25,9302,28445,7176,0.9302,2.8445,3.05794
2,9,18.5,9353,26458,6665,0.9353,2.6458,2.82882
2,9,18.75,9350,26511,6649,0.935,2.6511,2.8354
2,9,19,9377,25502,6459,0.9377,2.5502,2.71963
2,9,19.25,9319,27642,6971,0.9319,2.7642,2.9662
2,9,19.5,9312,28026,7087,0.9312,2.8026,3.00966
2,9,19.75,9337,27102,6844,0.9337,2.7102,2.90265
2,9,20,9367,25842,6512,0.9367,2.5842,2.75883
2,9,20.25,9305,28299,7172,0.9305,2.8299,3.04127
2,9,20.5,9286,28925,7276,0.9286,2.8925,3.1149
2,9,20.75,9319,27624,6906,0.9319,2.7624,2.96427
2,9,21,9353,26376,6641,0.9353,2.6376,2.82006
2,9,21.25,9314,27936,7055,0.9314,2.7936,2.99936
2,9,21.5,9332,27144,6856,0.9332,2.7144,2.9087
2,9,21.75,9327,27335,6851,0.9327,2.7335,2.93074
2,9,22,9326,27410,6939,0.9326,2.741,2.9391
2,9,22.25,9304,28383,7147,0.9304,2.8383,3.05062
2,9,22.5,9369,25878,6574,0.9369,2.5878,2.76209
2,9,22.75,9373,25691,6542,0.9373,2.5691,2.74096
2,9,23,9324,27580,6969,0.9324,2.758,2.95796
2,9,23.25,9318,27794,7020,0.9318,2.7794,2.98283
2,9,23.5,9366,25873,6551,0.9366,2.5873,2.76244
2,9,23.75,9308,28155,7137,0.9308,2.8155,3.02482
2,9,24,9353,26455,6766,0.9353,2.6455,2.8285
2,9,24.25,9343,26902,6802,0.9343,2.6902,2.87937
2,9,24.5,9338,26953,6784,0.9338,2.6953,2.88638
2,9,24.75,9333,27191,6830,0.9333,2.7191,2.91343
2,9,25,9319,27658,6943,0.9319,2.7658,2.96792
2,9,25.25,9357,26421,6694,0.9357,2.6421,2.82366
2,9,25.5,9361,26100,6543,0.9361,2.61,2.78816
2,9,25.75,9332,27278,6901,0.9332,2.7278,2.92306
2,9,26,9347,26662,6731,0.9347,2.6662,2.85247
2,9,26.25,9265,29798,7404,0.9265,2.9798,3.21619
2,9,26.5,9338,27009,6804,0.9338,2.7009,2.89238
2,9,26.75,9349,26623,6730,0.9349,2.6623,2.84768
2,9,27,9346,26746,6774,0.9346,2.6746,2.86176
2,9,27.25,9319,27799,7021,0.9319,2.7799,2.98305
2,9,27.5,9339,27092,6819,0.9339,2.7092,2.90095
2,9,27.75,9343,26834,6733,0.9343,2.6834,2.8721
2,9,28,9382,25489,6496,0.9382,2.5489,2.7168
2,9,28.25,9267,29679,7439,0.9267,2.9679,3.20265
2,9,28.5,9291,28716,7190,0.9291,2.8716,3.09073
2,9,28.75,9305,28263,7114,0.9305,2.8263,3.0374
2,9,29,9313,27923,7032,0.9313,2.7923,2.99828
2,9,29.25,9367,25968,6579,0.9367,2.5968,2.77229
2,9,29.5,9359,26128,6670,0.9359,2.6128,2.79175
2,9,29.75,9335,27110,6810,0.9335,2.711,2.90412
2,9,30,9336,27059,6792,0.9336,2.7059,2.89835
2,9,30.25,9354,26387,6680,0.9354,2.6387,2.82093
2,9,30.5,9354,26406,6705,0.9354,2.6406,2.82296
2,9,30.75,9338,26950,6724,0.9338,2.695,2.88606
2,9,31,9360,26199,6649,0.936,2.6199,2.79904
2,9,31.25,9295,28650,7246,0.9295,2.865,3.0823
2,9,31.5,9317,27853,7044,0.9317,2.7853,2.98948
2,9,31.75,9318,27663,6907,0.9318,2.7663,2.96877
2,9,32,9349,26520,6713,0.9349,2.652,2.83667
2,9,32.25,9313,27985,7019,0.9313,2.7985,3.00494
2,9,32.5,9312,28048,7020,0.9312,2.8048,3.01203
2,9,32.75,9250,30293,7552,0.925,3.0293,3.27492
2,9,33,9334,27126,6926,0.9334,2.7126,2.90615
2,9,33.25,9371,25752,6537,0.9371,2.5752,2.74805
2,9,33.5,9350,26665,6747,0.935,2.6665,2.85187
2,9,33.75,9331,27289,6841,0.9331,2.7289,2.92455
2,9,34,9335,27027,6773,0.9335,2.7027,2.89523
2,9,34.25,9351,26521,6728,0.9351,2.6521,2.83617
2,9,34.5,9306,28249,7108,0.9306,2.8249,3.03557
2,9,34.75,9373,25695,6473,0.9373,2.5695,2.74138
2,9,35,9341,26957,6794,0.9341,2.6957,2.88588
2,9,35.25,9368,25924,6540,0.9368,2.5924,2.76729
2,9,35.5,9310,28013,7053,0.931,2.8013,3.00892
2,9,35.75,9323,27555,6947,0.9323,2.7555,2.95559
2,9,36,9334,27151,6868,0.9334,2.7151,2.90883
2,9,36.25,9338,26978,6793,0.9338,2.6978,2.88906
2,9,36.5,9301,28397,7184,0.9301,2.8397,3.05311
2,9,36.75,9347,26694,6751,0.9347,2.6694,2.85589
2,9,37,9319,27696,6977,0.9319,2.7696,2.97199
2,9,37.25,9292,28728,7197,0.9292,2.8728,3.09169
2,9,37.5,9322,27609,6976,0.9322,2.7609,2.9617
2,9,37.75,9362,26122,6565,0.9362,2.6122,2.79022
2,9,38,9325,27586,6973,0.9325,2.7586,2.95828
2,9,38.25,9337,27050,6799,0.9337,2.705,2.89708
2,9,38.5,9334,27121,6845,0.9334,2.7121,2.90561
2,9,38.75,9310,28115,7090,0.931,2.8115,3.01987
2,9,39,9315,27931,7025,0.9315,2.7931,2.9985
2,9,39.25,9304,28174,7076,0.9304,2.8174,3.02816
2,9,39.5,9376,25624,6526,0.9376,2.5624,2.73294
2,9,39.75,9355,26469,6701,0.9355,2.6469,2.8294
2,9,40,9332,27285,6909,0.9332,2.7285,2.92381
2,10,0,200,8397,145,0.02,0.8397,41.985
2,10,0.25,218,9029,110,0.0218,0.9029,41.4174
2,10,0.5,241,9955,132,0.0241,0.9955,41.3071
2,10,0.75,240,9912,113,0.024,0.9912,41.3
2,10,1,253,10412,117,0.0253,1.0412,41.1542
2,10,1.25,258,10601,115,0.0258,1.0601,41.0891
2,10,1.5,246,10150,97,0.0246,1.015,41.2602
2,10,1.75,266,10921,119,0.0266,1.0921,41.0564
2,10,2,294,12015,126,0.0294,1.2015,40.8673
2,10,2.25,311,12657,154,0.0311,1.2657,40.6977
2,10,2.5,295,12109,145,0.0295,1.2109,41.0475
2,10,2.75,292,11967,134,0.0292,1.1967,40.9829
2,10,3,287,11780,155,0.0287,1.178,41.0453
2,10,3.25,295,12085,128,0.0295,1.2085,40.9661
2,10,3.5,298,12239,154,0.0298,1.2239,41.0705
2,10,3.75,318,12951,153,0.0318,1.2951,40.7264
2,10,4,341,13863,172,0.0341,1.3863,40.654
2,10,4.25,377,15262,216,0.0377,1.5262,40.4828
2,10,4.5,408,16469,223,0.0408,1.6469,40.3652
2,10,4.75,430,17270,239,0.043,1.727,40.1628
2,10,5,500,19903,289,0.05,1.9903,39.806
2,10,5.25,545,21628,341,0.0545,2.1628,39.6844
2,10,5.5,626,24550,433,0.0626,2.455,39.2173
2,10,5.75,716,27743,554,0.0716,2.7743,38.7472
2,10,6,845,32376,724,0.0845,3.2376,38.3148
2,10,6.25,1027,38391,965,0.1027,3.8391,37.3817
2,10,6.5,1312,47580,1501,0.1312,4.758,36.2652
2,10,6.75,1701,58943,2324,0.1701,5.8943,34.652
2,10,7,2568,79363,4815,0.2568,7.9363,30.9046
2,10,7.25,4430,103096,10754,0.443,10.3096,23.2722
2,10,7.5,7868,71756,14300,0.7868,7.1756,9.11998
2,10,7.75,9207,31742,7833,0.9207,3.1742,3.44759
2,10,8,9328,27429,6929,0.9328,2.7429,2.9405
2,10,8.25,9296,28558,7184,0.9296,2.8558,3.07207
2,10,8.5,9368,25808,6529,0.9368,2.5808,2.75491
2,10,8.75,9353,26367,6655,0.9353,2.6367,2.8191
2,10,9,9357,26351,6701,0.9357,2.6351,2.81618
2,10,9.25,9352,26419,6620,0.9352,2.6419,2.82496
2,10,9.5,9361,26085,6548,0.9361,2.6085,2.78656
2,10,9.75,9333,27213,6846,0.9333,2.7213,2.91578
2,10,10,9343,26851,6788,0.9343,2.6851,2.87392
2,10,10.25,9316,27735,6971,0.9316,2.7735,2.97714
2,10,10.5,9348,26661,6751,0.9348,2.6661,2.85205
2,10,10.75,9274,29433,7346,0.9274,2.9433,3.17371
2,10,11,9322,27546,6952,0.9322,2.7546,2.95495
2,10,11.25,9366,25982,6602,0.9366,2.5982,2.77408
2,10,11.5,9369,25924,6585,0.9369,2.5924,2.767
2,10,11.75,9320,27767,7028,0.932,2.7767,2.97929
2,10,12,9338,27009,6824,0.9338,2.7009,2.89238
2,10,12.25,9351,26433,6674,0.9351,2.6433,2.82676
2,10,12.5,9298,28506,7133,0.9298,2.8506,3.06582
2,10,12.75,9314,27918,6992,0.9314,2.7918,2.99742
2,10,13,9385,25205,6378,0.9385,2.5205,2.68567
2,10,13.25,9352,26541,6764,0.9352,2.6541,2.838
2,10,13.5,9317,27747,6987,0.9317,2.7747,2.9781
2,10,13.75,9376,25529,6419,0.9376,2.5529,2.7228
2,10,14,9330,27370,6936,0.933,2.737,2.93355
2,10,14.25,9367,25859,6592,0.9367,2.5859,2.76065
2,10,14.5,9311,28118,7083,0.9311,2.8118,3.01987
2,10,14.75,9302,28389,7163,0.9302,2.8389,3.05192
2,10,15,9334,27075,6803,0.9334,2.7075,2.90069
2,10,15.25,9351,26568,6694,0.9351,2.6568,2.84119
2,10,15.5,9360,26043,6557,0.936,2.6043,2.78237
2,10,15.75,9321,27569,6920,0.9321,2.7569,2.95773
2,10,16,9302,28432,7156,0.9302,2.8432,3.05655
2,10,16.25,9344,26763,6748,0.9344,2.6763,2.86419
2,10,16.5,9371,25662,6469,0.9371,2.5662,2.73845
2,10,16.75,9338,26967,6794,0.9338,2.6967,2.88788
2,10,17,9281,29101,7324,0.9281,2.9101,3.13555
2,10,17.25,9317,27835,6995,0.9317,2.7835,2.98755
2,10,17.5,9372,25664,6494,0.9372,2.5664,2.73837
2,10,17.75,9338,26974,6788,0.9338,2.6974,2.88863
2,10,18,9295,28630,7188,0.9295,2.863,3.08015
2,10,18.25,9322,27622,6941,0.9322,2.7622,2.9631
2,10,18.5,9289,28810,7202,0.9289,2.881,3.10152
2,10,18.75,9310,28026,7058,0.931,2.8026,3.01031
2,10,19,9304,28323,7133,0.9304,2.8323,3.04417
2,10,19.25,9347,26657,6788,0.9347,2.6657,2.85193
2,10,19.5,9327,27474,6940,0.9327,2.7474,2.94564
2,10,19.75,9311,27864,6941,0.9311,2.7864,2.99259
2,10,20,9335,27142,6882,0.9335,2.7142,2.90755
2,10,20.25,9332,27278,6866,0.9332,2.7278,2.92306
2,10,20.5,9317,27733,6948,0.9317,2.7733,2.9766
2,10,20.75,9290,28762,7164,0.929,2.8762,3.09602
2,10,21,9367,25922,6588,0.9367,2.5922,2.76737
2,10,21.25,9264,29729,7440,0.9264,2.9729,3.20909
2,10,21.5,9363,26058,6605,0.9363,2.6058,2.78308
2,10,21.75,9316,27734,6927,0.9316,2.7734,2.97703
2,10,22,9367,25867,6551,0.9367,2.5867,2.7615
2,10,22.25,9344,26795,6800,0.9344,2.6795,2.86762
2,10,22.5,9366,25980,6582,0.9366,2.598,2.77386
2,10,22.75,9324,27488,6897,0.9324,2.7488,2.94809
2,10,23,9375,25579,6453,0.9375,2.5579,2.72843
2,10,23.25,9294,28680,7184,0.9294,2.868,3.08586
2,10,23.5,9322,27673,7034,0.9322,2.7673,2.96857
2,10,23.75,9364,26070,6582,0.9364,2.607,2.78407
2,10,24,9352,26521,6723,0.9352,2.6521,2.83586
2,10,24.25,9341,26905,6822,0.9341,2.6905,2.88031
2,10,24.5,9296,28586,7149,0.9296,2.8586,3.07509
2,10,24.75,9341,27056,6866,0.9341,2.7056,2.89648
2,10,25,9346,26746,6778,0.9346,2.6746,2.86176
2,10,25.25,9349,26577,6719,0.9349,2.6577,2.84276
2,10,25.5,9332,27345,6896,0.9332,2.7345,2.93024
2,10,25.75,9362,26169,6601,0.9362,2.6169,2.79524
2,10,26,9315,27905,6966,0.9315,2.7905,2.99571
2,10,26.25,9327,27497,6962,0.9327,2.7497,2.94811
2,10,26.5,9348,26678,6761,0.9348,2.6678,2.85387
2,10,26.75,9276,29448,7370,0.9276,2.9448,3.17464
2,10,27,9334,27069,6795,0.9334,2.7069,2.90004
2,10,27.25,9385,25171,6367,0.9385,2.5171,2.68205
2,10,27.5,9321,27648,6940,0.9321,2.7648,2.96621
2,10,27.75,9317,27743,6996,0.9317,2.7743,2.97768
2,10,28,9322,27662,7006,0.9322,2.7662,2.96739
2,10,28.25,9329,27251,6876,0.9329,2.7251,2.92111
2,10,28.5,9374,25651,6506,0.9374,2.5651,2.7364
2,10,28.75,9335,27333,6959,0.9335,2.7333,2.92801
2,10,29,9292,28831,7268,0.9292,2.8831,3.10278
2,10,29.25,9321,27528,6924,0.9321,2.7528,2.95333
2,10,29.5,9308,28156,7057,0.9308,2.8156,3.02492
2,10,29.75,9338,26983,6809,0.9338,2.6983,2.88959
2,10,30,9294,28647,7172,0.9294,2.8647,3.08231
2,10,30.25,9327,27305,6893,0.9327,2.7305,2.92752
2,10,30.5,9344,26734,6770,0.9344,2.6734,2.86109
2,10,30.75,9353,26427,6643,0.9353,2.6427,2.82551
2,10,31,9340,26911,6767,0.934,2.6911,2.88126
2,10,31.25,9295,28600,7194,0.9295,2.86,3.07692
2,10,31.5,9351,26582,6740,0.9351,2.6582,2.84269
2,10,31.75,9328,27461,6933,0.9328,2.7461,2.94393
2,10,32,9319,27745,6987,0.9319,2.7745,2.97725
2,10,32.25,9325,27564,6944,0.9325,2.7564,2.95592
2,10,32.5,9349,26621,6688,0.9349,2.6621,2.84747
2,10,32.75,9313,27937,7012,0.9313,2.7937,2.99979
2,10,33,9382,25373,6452,0.9382,2.5373,2.70443
2,10,33.25,9333,27277,6914,0.9333,2.7277,2.92264
2,10,33.5,9292,28773,7221,0.9292,2.8773,3.09653
2,10,33.75,9330,27338,6938,0.933,2.7338,2.93012
2,10,34,9374,25739,6589,0.9374,2.5739,2.74579
2,10,34.25,9352,26475,6757,0.9352,2.6475,2.83095
2,10,34.5,9358,26196,6637,0.9358,2.6196,2.79932
2,10,34.75,9317,27882,7045,0.9317,2.7882,2.99259
2,10,35,9336,27069,6819,0.9336,2.7069,2.89942
2,10,35.25,9379,25518,6514,0.9379,2.5518,2.72076
2,10,35.5,9260,29911,7498,0.926,2.9911,3.23013
2,10,35.75,9347,26717,6775,0.9347,2.6717,2.85835
2,10,36,9278,29318,7338,0.9278,2.9318,3.15995
2,10,36.25,9345,26749,6713,0.9345,2.6749,2.86239
2,10,36.5,9335,27148,6867,0.9335,2.7148,2.90819
2,10,36.75,9329,27343,6899,0.9329,2.7343,2.93097
2,10,37,9318,27748,7016,0.9318,2.7748,2.97789
2,10,37.25,9378,25466,6464,0.9378,2.5466,2.7155
2,10,37.5,9340,26959,6830,0.934,2.6959,2.8864
2,10,37.75,9284,29036,7311,0.9284,2.9036,3.12753
2,10,38,9357,26333,6677,0.9357,2.6333,2.81426
2,10,38.25,9353,26509,6733,0.9353,2.6509,2.83428
2,10,38.5,9355,26387,6689,0.9355,2.6387,2.82063
2,10,38.75,9307,28152,7124,0.9307,2.8152,3.02482
2,10,39,9356,26343,6687,0.9356,2.6343,2.81563
2,10,39.25,9356,26317,6672,0.9356,2.6317,2.81285
2,10,39.5,9342,26907,6822,0.9342,2.6907,2.88022
2,10,39.75,9347,26635,6757,0.9347,2.6635,2.84958
2,10,40,9386,25174,6416,0.9386,2.5174,2.68208
2,11,0,200,8437,137,0.02,0.8437,42.185
2,11,0.25,211,8795,90,0.0211,0.8795,41.6825
2,11,0.5,237,9799,99,0.0237,0.9799,41.346
2,11,0.75,247,10213,101,0.0247,1.0213,41.3482
2,11,1,265,10855,107,0.0265,1.0855,40.9623
2,11,1.25,290,11866,108,0.029,1.1866,40.9172
2,11,1.5,295,12030,130,0.0295,1.203,40.7797
2,11,1.75,332,13537,155,0.0332,1.3537,40.7741
2,11,2,353,14379,175,0.0353,1.4379,40.7337
2,11,2.25,365,14898,192,0.0365,1.4898,40.8164
2,11,2.5,416,16792,242,0.0416,1.6792,40.3654
2,11,2.75,448,17970,245,0.0448,1.797,40.1116
2,11,3,478,19134,284,0.0478,1.9134,40.0293
2,11,3.25,527,20970,335,0.0527,2.097,39.7913
2,11,3.5,583,23060,373,0.0583,2.306,39.554
2,11,3.75,663,26022,453,0.0663,2.6022,39.2489
2,11,4,799,30725,631,0.0799,3.0725,38.4543
2,11,4.25,965,36452,864,0.0965,3.6452,37.7741
2,11,4.5,1232,44928,1342,0.1232,4.4928,36.4675
2,11,4.75,1673,57977,2231,0.1673,5.7977,34.6545
2,11,5,2440,76468,4177,0.244,7.6468,31.3393
2,11,5.25,4206,101620,9918,0.4206,10.162,24.1607
2,11,5.5,7591,77998,14971,0.7591,7.7998,10.2751
2,11,5.75,9237,30682,7622,0.9237,3.0682,3.32164
2,11,6,9286,29000,7240,0.9286,2.9,3.12298
2,11,6.25,9308,28206,7077,0.9308,2.8206,3.0303
2,11,6.5,9282,29247,7382,0.9282,2.9247,3.15094
2,11,6.75,9341,26975,6816,0.9341,2.6975,2.88781
2,11,7,9336,26958,6707,0.9336,2.6958,2.88753
2,11,7.25,9327,27436,6916,0.9327,2.7436,2.94157
2,11,7.5,9296,28684,7215,0.9296,2.8684,3.08563
2,11,7.75,9330,27305,6850,0.933,2.7305,2.92658
2,11,8,9317,27650,6955,0.9317,2.765,2.96769
2,11,8.25,9351,26532,6705,0.9351,2.6532,2.83734
2,11,8.5,9337,27167,6847,0.9337,2.7167,2.90961
2,11,8.75,9283,29064,7304,0.9283,2.9064,3.13088
2,11,9,9317,27757,6965,0.9317,2.7757,2.97918
2,11,9.25,9305,28285,7112,0.9305,2.8285,3.03976
2,11,9.5,9399,24635,6265,0.9399,2.4635,2.62102
2,11,9.75,9377,25516,6427,0.9377,2.5516,2.72113
2,11,10,9330,27401,6971,0.933,2.7401,2.93687
2,11,10.25,9339,27049,6836,0.9339,2.7049,2.89635
2,11,10.5,9303,28294,7092,0.9303,2.8294,3.04138
2,11,10.75,9369,25865,6537,0.9369,2.5865,2.7607
2,11,11,9306,28292,7206,0.9306,2.8292,3.04019
2,11,11.25,9352,26437,6667,0.9352,2.6437,2.82688
2,11,11.5,9353,26536,6704,0.9353,2.6536,2.83716
2,11,11.75,9334,27005,6772,0.9334,2.7005,2.89319
2,11,12,9300,28515,7161,0.93,2.8515,3.06613
2,11,12.25,9334,27098,6823,0.9334,2.7098,2.90315
2,11,12.5,9355,26270,6583,0.9355,2.627,2.80812
2,11,12.75,9320,27810,7057,0.932,2.781,2.98391
2,11,13,9361,26159,6593,0.9361,2.6159,2.79447
2,11,13.25,9325,27480,6959,0.9325,2.748,2.94692
2,11,13.5,9318,27790,7008,0.9318,2.779,2.9824
2,11,13.75,9326,27452,6922,0.9326,2.7452,2.9436
2,11,14,9366,25988,6640,0.9366,2.5988,2.77472
2,11,14.25,9369,25883,6556,0.9369,2.5883,2.76262
2,11,14.5,9386,25285,6472,0.9386,2.5285,2.69391
2,11,14.75,9378,25536,6477,0.9378,2.5536,2.72297
2,11,15,9321,27706,7006,0.9321,2.7706,2.97243
2,11,15.25,9305,28117,7003,0.9305,2.8117,3.02171
2,11,15.5,9311,28042,7066,0.9311,2.8042,3.01171
2,11,15.75,9343,26834,6842,0.9343,2.6834,2.8721
2,11,16,9288,28878,7292,0.9288,2.8878,3.10917
2,11,16.25,9326,27461,6907,0.9326,2.7461,2.94456
2,11,16.5,9367,25879,6546,0.9367,2.5879,2.76278
2,11,16.75,9337,27141,6858,0.9337,2.7141,2.90682
2,11,17,9276,29193,7287,0.9276,2.9193,3.14715
2,11,17.25,9315,27841,6988,0.9315,2.7841,2.98884
2,11,17.5,9326,27532,6897,0.9326,2.7532,2.95218
2,11,17.75,9333,27147,6871,0.9333,2.7147,2.90871
2,11,18,9307,28234,7130,0.9307,2.8234,3.03363
2,11,18.25,9331,27305,6931,0.9331,2.7305,2.92627
2,11,18.5,9302,28397,7153,0.9302,2.8397,3.05278
2,11,18.75,9336,26976,6749,0.9336,2.6976,2.88946
2,11,19,9372,25819,6591,0.9372,2.5819,2.75491
2,11,19.25,9340,26897,6816,0.934,2.6897,2.87976
2,11,19.5,9303,28253,7109,0.9303,2.8253,3.03698
2,11,19.75,9283,29213,7372,0.9283,2.9213,3.14694
2,11,20,9328,27392,6970,0.9328,2.7392,2.93654
2,11,20.25,9369,25847,6549,0.9369,2.5847,2.75878
2,11,20.5,9324,27474,6914,0.9324,2.7474,2.94659
2,11,20.75,9362,26072,6564,0.9362,2.6072,2.78488
2,11,21,9365,25996,6579,0.9365,2.5996,2.77587
2,11,21.25,9345,26792,6767,0.9345,2.6792,2.86699
2,11,21.5,9339,27016,6842,0.9339,2.7016,2.89282
2,11,21.75,9350,26589,6704,0.935,2.6589,2.84374
2,11,22,9302,28393,7141,0.9302,2.8393,3.05235
2,11,22.25,9310,28117,7105,0.931,2.8117,3.02009
2,11,22.5,9337,27096,6864,0.9337,2.7096,2.902
2,11,22.75,9338,27086,6858,0.9338,2.7086,2.90062
2,11,23,9323,27533,6918,0.9323,2.7533,2.95323
2,11,23.25,9364,26024,6575,0.9364,2.6024,2.77915
2,11,23.5,9354,26469,6722,0.9354,2.6469,2.8297
2,11,23.75,9336,27122,6879,0.9336,2.7122,2.9051
2,11,24,9340,26923,6786,0.934,2.6923,2.88255
2,11,24.25,9334,27139,6850,0.9334,2.7139,2.90754
2,11,24.5,9329,27408,6906,0.9329,2.7408,2.93794
2,11,24.75,9360,26156,6569,0.936,2.6156,2.79444
2,11,25,9346,26804,6828,0.9346,2.6804,2.86796
2,11,25.25,9310,28010,7090,0.931,2.801,3.00859
2,11,25.5,9328,27367,6926,0.9328,2.7367,2.93386
2,11,25.75,9335,27047,6801,0.9335,2.7047,2.89738
2,11,26,9321,27598,6930,0.9321,2.7598,2.96084
2,11,26.25,9290,28760,7167,0.929,2.876,3.0958
2,11,26.5,9363,25983,6597,0.9363,2.5983,2.77507
2,11,26.75,9313,28047,7098,0.9313,2.8047,3.0116
2,11,27,9330,27389,6904,0.933,2.7389,2.93558
2,11,27.25,9314,27949,7092,0.9314,2.7949,3.00075
2,11,27.5,9339,26940,6823,0.9339,2.694,2.88468
2,11,27.75,9357,26309,6608,0.9357,2.6309,2.81169
2,11,28,9331,27338,6907,0.9331,2.7338,2.9298
2,11,28.25,9356,26284,6651,0.9356,2.6284,2.80932
2,11,28.5,9321,27536,6936,0.9321,2.7536,2.95419
2,11,28.75,9335,27167,6870,0.9335,2.7167,2.91023
2,11,29,9265,29702,7431,0.9265,2.9702,3.20583
2,11,29.25,9294,28710,7248,0.9294,2.871,3.08909
2,11,29.5,9337,27105,6868,0.9337,2.7105,2.90297
2,11,29.75,9373,25717,6501,0.9373,2.5717,2.74373
2,11,30,9332,27273,6875,0.9332,2.7273,2.92252
2,11,30.25,9363,26070,6635,0.9363,2.607,2.78436
2,11,30.5,9321,27645,6940,0.9321,2.7645,2.96588
2,11,30.75,9311,28058,7088,0.9311,2.8058,3.01342
2,11,31,9375,25593,6496,0.9375,2.5593,2.72992
2,11,31.25,9364,26050,6639,0.9364,2.605,2.78193
2,11,31.5,9349,26659,6789,0.9349,2.6659,2.85153
2,11,31.75,9297,28457,7129,0.9297,2.8457,3.06088
2,11,32,9371,25748,6554,0.9371,2.5748,2.74763
2,11,32.25,9317,27875,7035,0.9317,2.7875,2.99184
2,11,32.5,9328,27521,6943,0.9328,2.7521,2.95036
2,11,32.75,9339,26938,6780,0.9339,2.6938,2.88446
2,11,33,9332,27207,6851,0.9332,2.7207,2.91545
2,11,33.25,9363,25972,6517,0.9363,2.5972,2.7739
2,11,33.5,9372,25803,6548,0.9372,2.5803,2.7532
2,11,33.75,9370,25750,6489,0.937,2.575,2.74813
2,11,34,9353,26461,6686,0.9353,2.6461,2.82915
2,11,34.25,9331,27255,6916,0.9331,2.7255,2.92091
2,11,34.5,9310,28142,7078,0.931,2.8142,3.02277
2,11,34.75,9288,28848,7165,0.9288,2.8848,3.10594
2,11,35,9358,26235,6626,0.9358,2.6235,2.80348
2,11,35.25,9317,27823,7029,0.9317,2.7823,2.98626
2,11,35.5,9293,28796,7254,0.9293,2.8796,3.09868
2,11,35.75,9351,26528,6729,0.9351,2.6528,2.83692
2,11,36,9343,26862,6814,0.9343,2.6862,2.87509
2,11,36.25,9326,27507,6952,0.9326,2.7507,2.9495
2,11,36.5,9361,26188,6629,0.9361,2.6188,2.79756
2,11,36.75,9338,27007,6803,0.9338,2.7007,2.89216
2,11,37,9268,29623,7446,0.9268,2.9623,3.19627
2,11,37.25,9319,27743,7010,0.9319,2.7743,2.97704
2,11,37.5,9356,26344,6606,0.9356,2.6344,2.81573
2,11,37.75,9332,27322,6927,0.9332,2.7322,2.92778
2,11,38,9294,28701,7256,0.9294,2.8701,3.08812
2,11,38.25,9332,27198,6832,0.9332,2.7198,2.91449
2,11,38.5,9291,28757,7200,0.9291,2.8757,3.09515
2,11,38.75,9300,28342,7116,0.93,2.8342,3.04753
2,11,39,9365,26018,6569,0.9365,2.6018,2.77822
2,11,39.25,9326,27439,6922,0.9326,2.7439,2.9422
2,11,39.5,9311,27984,7040,0.9311,2.7984,3.00548
2,11,39.75,9335,27045,6791,0.9335,2.7045,2.89716
2,11,40,9347,26657,6730,0.9347,2.6657,2.85193
2,12,0,200,8415,136,0.02,0.8415,42.075
2,12,0.25,213,8874,92,0.0213,0.8874,41.662
2,12,0.5,200,8356,79,0.02,0.8356,41.78
2,12,0.75,210,8719,82,0.021,0.8719,41.519
2,12,1,215,8893,74,0.0215,0.8893,41.3628
2,12,1.25,219,9077,79,0.0219,0.9077,41.4475
2,12,1.5,232,9593,82,0.0232,0.9593,41.3491
2,12,1.75,231,9561,92,0.0231,0.9561,41.3896
2,12,2,232,9551,101,0.0232,0.9551,41.1681
2,12,2.25,246,10109,105,0.0246,1.0109,41.0935
2,12,2.5,255,10472,109,0.0255,1.0472,41.0667
2,12,2.75,268,11004,118,0.0268,1.1004,41.0597
2,12,3,274,11239,130,0.0274,1.1239,41.0182
2,12,3.25,283,11613,130,0.0283,1.1613,41.0353
2,12,3.5,312,12755,142,0.0312,1.2755,40.8814
2,12,3.75,300,12301,143,0.03,1.2301,41.0033
2,12,4,312,12767,137,0.0312,1.2767,40.9199
2,12,4.25,332,13475,163,0.0332,1.3475,40.5873
2,12,4.5,363,14641,167,0.0363,1.4641,40.3333
2,12,4.75,399,16068,200,0.0399,1.6068,40.2707
2,12,5,420,16892,207,0.042,1.6892,40.219
2,12,5.25,440,17621,270,0.044,1.7621,40.0477
2,12,5.5,476,19007,263,0.0476,1.9007,39.9307
2,12,5.75,513,20462,300,0.0513,2.0462,39.8869
2,12,6,557,22149,340,0.0557,2.2149,39.7648
2,12,6.25,636,25029,448,0.0636,2.5029,39.3538
2,12,6.5,689,26936,536,0.0689,2.6936,39.0943
2,12,6.75,785,30281,650,0.0785,3.0281,38.5745
2,12,7,939,35502,855,0.0939,3.5502,37.8083
2,12,7.25,1149,42424,1222,0.1149,4.2424,36.9225
2,12,7.5,1453,51610,1767,0.1453,5.161,35.5196
2,12,7.75,1977,65922,3012,0.1977,6.5922,33.3445
2,12,8,3103,89121,6279,0.3103,8.9121,28.7209
2,12,8.25,5526,103800,13564,0.5526,10.38,18.7839
2,12,8.5,8551,53558,11910,0.8551,5.3558,6.26336
2,12,8.75,9279,29227,7330,0.9279,2.9227,3.1498
2,12,9,9326,27479,6944,0.9326,2.7479,2.94649
2,12,9.25,9304,28222,7083,0.9304,2.8222,3.03332
2,12,9.5,9334,27311,6928,0.9334,2.7311,2.92597
2,12,9.75,9373,25787,6577,0.9373,2.5787,2.7512
2,12,10,9358,26271,6636,0.9358,2.6271,2.80733
2,12,10.25,9316,27882,7097,0.9316,2.7882,2.99292
2,12,10.5,9317,27792,6980,0.9317,2.7792,2.98293
2,12,10.75,9344,26731,6759,0.9344,2.6731,2.86077
2,12,11,9340,26869,6795,0.934,2.6869,2.87677
2,12,11.25,9331,27222,6866,0.9331,2.7222,2.91737
2,12,11.5,9327,27418,6900,0.9327,2.7418,2.93964
2,12,11.75,9341,26933,6821,0.9341,2.6933,2.88331
2,12,12,9373,25747,6551,0.9373,2.5747,2.74693
2,12,12.25,9263,29798,7445,0.9263,2.9798,3.21688
2,12,12.5,9362,26085,6596,0.9362,2.6085,2.78626
2,12,12.75,9344,26757,6769,0.9344,2.6757,2.86355
2,12,13,9311,27984,7052,0.9311,2.7984,3.00548
2,12,13.25,9302,28396,7181,0.9302,2.8396,3.05268
2,12,13.5,9355,26396,6729,0.9355,2.6396,2.82159
2,12,13.75,9331,27210,6865,0.9331,2.721,2.91609
2,12,14,9328,27373,6890,0.9328,2.7373,2.9345
2,12,14.25,9343,26774,6733,0.9343,2.6774,2.86567
2,12,14.5,9338,26919,6767,0.9338,2.6919,2.88274
2,12,14.75,9362,26084,6594,0.9362,2.6084,2.78616
2,12,15,9314,27878,6960,0.9314,2.7878,2.99313
2,12,15.25,9337,27071,6803,0.9337,2.7071,2.89933
2,12,15.5,9384,25222,6335,0.9384,2.5222,2.68777
2,12,15.75,9340,26888,6748,0.934,2.6888,2.8788
2,12,16,9326,27511,6953,0.9326,2.7511,2.94992
2,12,16.25,9348,26634,6730,0.9348,2.6634,2.84917
2,12,16.5,9347,26841,6805,0.9347,2.6841,2.87162
2,12,16.75,9330,27342,6910,0.933,2.7342,2.93055
2,12,17,9309,28040,7053,0.9309,2.804,3.01214
2,12,17.25,9330,27242,6843,0.933,2.7242,2.91983
2,12,17.5,9286,29020,7293,0.9286,2.902,3.12513
2,12,17.75,9322,27554,6885,0.9322,2.7554,2.9558
2,12,18,9316,27897,6988,0.9316,2.7897,2.99453
2,12,18.25,9305,28313,7106,0.9305,2.8313,3.04277
2,12,18.5,9336,27150,6866,0.9336,2.715,2.9081
2,12,18.75,9346,26694,6693,0.9346,2.6694,2.8562
2,12,19,9314,27876,7041,0.9314,2.7876,2.99291
2,12,19.25,9369,25906,6556,0.9369,2.5906,2.76508
2,12,19.5,9280,29110,7268,0.928,2.911,3.13685
2,12,19.75,9377,25595,6506,0.9377,2.5595,2.72955
2,12,20,9357,26303,6595,0.9357,2.6303,2.81105
2,12,20.25,9341,26876,6807,0.9341,2.6876,2.87721
2,12,20.5,9348,26646,6760,0.9348,2.6646,2.85045
2,12,20.75,9332,27145,6871,0.9332,2.7145,2.90881
2,12,21,9329,27400,6911,0.9329,2.74,2.93708
2,12,21.25,9300,28478,7138,0.93,2.8478,3.06215
2,12,21.5,9335,27154,6852,0.9335,2.7154,2.90884
2,12,21.75,9360,26237,6601,0.936,2.6237,2.8031
2,12,22,9305,28199,7097,0.9305,2.8199,3.03052
2,12,22.25,9351,26448,6651,0.9351,2.6448,2.82836
2,12,22.5,9317,27909,7070,0.9317,2.7909,2.99549
2,12,22.75,9299,28499,7166,0.9299,2.8499,3.06474
2,12,23,9364,26106,6606,0.9364,2.6106,2.78791
2,12,23.25,9367,25865,6549,0.9367,2.5865,2.76129
2,12,23.5,9290,28798,7238,0.929,2.8798,3.09989
2,12,23.75,9320,27585,6918,0.932,2.7585,2.95976
2,12,24,9357,26242,6676,0.9357,2.6242,2.80453
2,12,24.25,9373,25622,6486,0.9373,2.5622,2.7336
2,12,24.5,9372,25713,6522,0.9372,2.5713,2.7436
2,12,24.75,9349,26623,6729,0.9349,2.6623,2.84768
2,12,25,9335,27068,6811,0.9335,2.7068,2.89963
2,12,25.25,9342,26883,6843,0.9342,2.6883,2.87765
2,12,25.5,9363,26084,6648,0.9363,2.6084,2.78586
2,12,25.75,9344,26702,6745,0.9344,2.6702,2.85766
2,12,26,9319,27738,6965,0.9319,2.7738,2.9765
2,12,26.25,9328,27395,6927,0.9328,2.7395,2.93686
2,12,26.5,9331,27333,6892,0.9331,2.7333,2.92927
2,12,26.75,9394,24927,6374,0.9394,2.4927,2.6535
2,12,27,9360,26179,6559,0.936,2.6179,2.7969
2,12,27.25,9343,26837,6782,0.9343,2.6837,2.87242
2,12,27.5,9341,26862,6788,0.9341,2.6862,2.87571
2,12,27.75,9324,27576,6963,0.9324,2.7576,2.95753
2,12,28,9364,26003,6592,0.9364,2.6003,2.77691
2,12,28.25,9330,27369,6935,0.933,2.7369,2.93344
2,12,28.5,9331,27316,6872,0.9331,2.7316,2.92745
2,12,28.75,9322,27702,6986,0.9322,2.7702,2.97168
2,12,29,9325,27617,6986,0.9325,2.7617,2.96161
2,12,29.25,9320,27709,6971,0.932,2.7709,2.97307
2,12,29.5,9316,27859,6980,0.9316,2.7859,2.99045
2,12,29.75,9321,27535,6904,0.9321,2.7535,2.95408
2,12,30,9332,27226,6838,0.9332,2.7226,2.91749
2,12,30.25,9342,26832,6716,0.9342,2.6832,2.87219
2,12,30.5,9325,27587,6968,0.9325,2.7587,2.95839
2,12,30.75,9365,26093,6596,0.9365,2.6093,2.78623
2,12,31,9370,25824,6575,0.937,2.5824,2.75603
2,12,31.25,9346,26714,6753,0.9346,2.6714,2.85834
2,12,31.5,9328,27410,6884,0.9328,2.741,2.93846
2,12,31.75,9346,26673,6713,0.9346,2.6673,2.85395
2,12,32,9352,26445,6681,0.9352,2.6445,2.82774
2,12,32.25,9303,28416,7169,0.9303,2.8416,3.0545
2,12,32.5,9324,27566,6977,0.9324,2.7566,2.95646
2,12,32.75,9279,29273,7355,0.9279,2.9273,3.15476
2,12,33,9309,28028,7016,0.9309,2.8028,3.01085
2,12,33.25,9364,26028,6578,0.9364,2.6028,2.77958
2,12,33.5,9345,26740,6762,0.9345,2.674,2.86142
2,12,33.75,9372,25742,6526,0.9372,2.5742,2.74669
2,12,34,9313,27992,7064,0.9313,2.7992,3.00569
2,12,34.25,9339,27016,6842,0.9339,2.7016,2.89282
2,12,34.5,9332,27241,6874,0.9332,2.7241,2.9191
2,12,34.75,9368,25912,6575,0.9368,2.5912,2.76601
2,12,35,9345,26659,6704,0.9345,2.6659,2.85276
2,12,35.25,9299,28479,7173,0.9299,2.8479,3.06259
2,12,35.5,9351,26536,6682,0.9351,2.6536,2.83777
2,12,35.75,9352,26615,6794,0.9352,2.6615,2.84592
2,12,36,9304,28298,7114,0.9304,2.8298,3.04149
2,12,36.25,9367,25855,6579,0.9367,2.5855,2.76022
2,12,36.5,9347,26675,6766,0.9347,2.6675,2.85386
2,12,36.75,9296,28551,7170,0.9296,2.8551,3.07132
2,12,37,9345,26622,6654,0.9345,2.6622,2.8488
2,12,37.25,9299,28430,7111,0.9299,2.843,3.05732
2,12,37.5,9344,26827,6777,0.9344,2.6827,2.87104
2,12,37.75,9344,26805,6775,0.9344,2.6805,2.86869
2,12,38,9348,26721,6786,0.9348,2.6721,2.85847
2,12,38.25,9348,26639,6741,0.9348,2.6639,2.8497
2,12,38.5,9318,27825,7030,0.9318,2.7825,2.98616
2,12,38.75,9278,29280,7354,0.9278,2.928,3.15585
2,12,39,9352,26452,6742,0.9352,2.6452,2.82849
2,12,39.25,9383,25294,6393,0.9383,2.5294,2.69573
2,12,39.5,9355,26421,6702,0.9355,2.6421,2.82427
2,12,39.75,9315,27888,7002,0.9315,2.7888,2.99388
2,12,40,9330,27372,6927,0.933,2.7372,2.93376
2,13,0,200,8397,129,0.02,0.8397,41.985
2,13,0.25,207,8635,95,0.0207,0.8635,41.715
2,13,0.5,204,8472,71,0.0204,0.8472,41.5294
2,13,0.75,226,9335,80,0.0226,0.9335,41.3053
2,13,1,242,9970,98,0.0242,0.997,41.1983
2,13,1.25,247,10162,105,0.0247,1.0162,41.1417
2,13,1.5,286,11690,136,0.0286,1.169,40.8741
2,13,1.75,300,12238,134,0.03,1.2238,40.7933
2,13,2,331,13450,156,0.0331,1.345,40.6344
2,13,2.25,345,14010,172,0.0345,1.401,40.6087
2,13,2.5,387,15651,179,0.0387,1.5651,40.4419
2,13,2.75,430,17328,221,0.043,1.7328,40.2977
2,13,3,456,18361,263,0.0456,1.8361,40.2654
2,13,3.25,512,20446,336,0.0512,2.0446,39.9336
2,13,3.5,571,22600,380,0.0571,2.26,39.5797
2,13,3.75,673,26244,534,0.0673,2.6244,38.9955
2,13,4,776,29922,694,0.0776,2.9922,38.5593
2,13,4.25,891,33882,794,0.0891,3.3882,38.0269
2,13,4.5,1131,41712,1170,0.1131,4.1712,36.8806
2,13,4.75,1412,50486,1710,0.1412,5.0486,35.755
2,13,5,1966,65643,2943,0.1966,6.5643,33.3891
2,13,5.25,3135,89334,6542,0.3135,8.9334,28.4957
2,13,5.5,5789,102266,14099,0.5789,10.2266,17.6656
2,13,5.75,8784,46295,10751,0.8784,4.6295,5.27038
2,13,6,9292,28702,7218,0.9292,2.8702,3.08889
2,13,6.25,9286,28944,7240,0.9286,2.8944,3.11695
2,13,6.5,9309,28095,7008,0.9309,2.8095,3.01805
2,13,6.75,9343,26731,6774,0.9343,2.6731,2.86107
2,13,7,9342,26885,6741,0.9342,2.6885,2.87786
2,13,7.25,9311,28005,7032,0.9311,2.8005,3.00773
2,13,7.5,9352,26565,6771,0.9352,2.6565,2.84057
2,13,7.75,9381,25405,6467,0.9381,2.5405,2.70813
2,13,8,9325,27530,6939,0.9325,2.753,2.95228
2,13,8.25,9337,27153,6901,0.9337,2.7153,2.90811
2,13,8.5,9315,27932,7057,0.9315,2.7932,2.9986
2,13,8.75,9324,27624,6964,0.9324,2.7624,2.96268
2,13,9,9327,27482,6984,0.9327,2.7482,2.9465
2,13,9.25,9367,25904,6584,0.9367,2.5904,2.76545
2,13,9.5,9299,28583,7192,0.9299,2.8583,3.07377
2,13,9.75,9307,28182,7054,0.9307,2.8182,3.02804
2,13,10,9282,29114,7295,0.9282,2.9114,3.13661
2,13,10.25,9320,27663,6955,0.932,2.7663,2.96813
2,13,10.5,9318,27768,7046,0.9318,2.7768,2.98004
2,13,10.75,9333,27106,6857,0.9333,2.7106,2.90432
2,13,11,9394,24879,6293,0.9394,2.4879,2.64839
2,13,11.25,9354,26430,6685,0.9354,2.643,2.82553
2,13,11.5,9327,27571,7026,0.9327,2.7571,2.95604
2,13,11.75,9306,28248,7187,0.9306,2.8248,3.03546
2,13,12,9259,29887,7453,0.9259,2.9887,3.22789
2,13,12.25,9303,28377,7117,0.9303,2.8377,3.05031
2,13,12.5,9305,28298,7081,0.9305,2.8298,3.04116
2,13,12.75,9344,26803,6762,0.9344,2.6803,2.86847
2,13,13,9330,27391,6935,0.933,2.7391,2.9358
2,13,13.25,9349,26698,6799,0.9349,2.6698,2.85571
2,13,13.5,9385,25148,6366,0.9385,2.5148,2.6796
2,13,13.75,9371,25762,6544,0.9371,2.5762,2.74912
2,13,14,9335,27137,6856,0.9335,2.7137,2.90702
2,13,14.25,9361,26114,6617,0.9361,2.6114,2.78966
2,13,14.5,9276,29341,7355,0.9276,2.9341,3.16311
2,13,14.75,9306,28309,7126,0.9306,2.8309,3.04202
2,13,15,9297,28551,7165,0.9297,2.8551,3.07099
2,13,15.25,9312,27908,7008,0.9312,2.7908,2.99699
2,13,15.5,9344,26703,6749,0.9344,2.6703,2.85777
2,13,15.75,9350,26619,6816,0.935,2.6619,2.84695
2,13,16,9391,25019,6333,0.9391,2.5019,2.66415
2,13,16.25,9352,26454,6660,0.9352,2.6454,2.8287
2,13,16.5,9364,26023,6619,0.9364,2.6023,2.77905
2,13,16.75,9384,25166,6368,0.9384,2.5166,2.6818
2,13,17,9345,26743,6751,0.9345,2.6743,2.86174
2,13,17.25,9338,27025,6839,0.9338,2.7025,2.89409
2,13,17.5,9300,28363,7089,0.93,2.8363,3.04978
2,13,17.75,9390,25029,6390,0.939,2.5029,2.6655
2,13,18,9357,26357,6667,0.9357,2.6357,2.81682
2,13,18.25,9330,27364,6890,0.933,2.7364,2.9329
2,13,18.5,9322,27711,7038,0.9322,2.7711,2.97265
2,13,18.75,9333,27193,6896,0.9333,2.7193,2.91364
2,13,19,9392,24868,6306,0.9392,2.4868,2.64779
2,13,19.25,9349,26715,6789,0.9349,2.6715,2.85752
2,13,19.5,9353,26485,6693,0.9353,2.6485,2.83171
2,13,19.75,9345,26823,6812,0.9345,2.6823,2.8703
2,13,20,9364,26091,6636,0.9364,2.6091,2.78631
2,13,20.25,9310,27863,6974,0.931,2.7863,2.9928
2,13,20.5,9355,26438,6704,0.9355,2.6438,2.82608
2,13,20.75,9273,29477,7395,0.9273,2.9477,3.1788
2,13,21,9326,27492,6980,0.9326,2.7492,2.94789
2,13,21.25,9313,28019,7026,0.9313,2.8019,3.00859
2,13,21.5,9378,25525,6435,0.9378,2.5525,2.7218
2,13,21.75,9340,26974,6829,0.934,2.6974,2.88801
2,13,22,9362,26086,6582,0.9362,2.6086,2.78637
2,13,22.25,9337,27046,6804,0.9337,2.7046,2.89665
2,13,22.5,9362,26095,6579,0.9362,2.6095,2.78733
2,13,22.75,9355,26367,6644,0.9355,2.6367,2.81849
2,13,23,9290,28655,7189,0.929,2.8655,3.0845
2,13,23.25,9276,29345,7342,0.9276,2.9345,3.16354
2,13,23.5,9313,28005,7096,0.9313,2.8005,3.00709
2,13,23.75,9329,27241,6882,0.9329,2.7241,2.92003
2,13,24,9329,27265,6852,0.9329,2.7265,2.92261
2,13,24.25,9300,28358,7131,0.93,2.8358,3.04925
2,13,24.5,9356,26210,6619,0.9356,2.621,2.80141
2,13,24.75,9354,26431,6658,0.9354,2.6431,2.82564
2,13,25,9328,27425,6897,0.9328,2.7425,2.94007
2,13,25.25,9342,26988,6841,0.9342,2.6988,2.88889
2,13,25.5,9297,28466,7080,0.9297,2.8466,3.06185
2,13,25.75,9340,26869,6750,0.934,2.6869,2.87677
2,13,26,9342,26949,6832,0.9342,2.6949,2.88471
2,13,26.25,9366,26006,6588,0.9366,2.6006,2.77664
2,13,26.5,9289,28787,7155,0.9289,2.8787,3.09904
2,13,26.75,9377,25683,6551,0.9377,2.5683,2.73894
2,13,27,9341,26944,6856,0.9341,2.6944,2.88449
2,13,27.25,9335,26971,6825,0.9335,2.6971,2.88923
2,13,27.5,9282,29076,7225,0.9282,2.9076,3.13251
2,13,27.75,9373,25664,6510,0.9373,2.5664,2.73808
2,13,28,9325,27603,7040,0.9325,2.7603,2.96011
2,13,28.25,9358,26192,6601,0.9358,2.6192,2.79889
2,13,28.5,9332,27268,6882,0.9332,2.7268,2.92199
2,13,28.75,9338,27015,6828,0.9338,2.7015,2.89302
2,13,29,9326,27488,6946,0.9326,2.7488,2.94746
2,13,29.25,9335,27170,6861,0.9335,2.717,2.91055
2,13,29.5,9354,26504,6702,0.9354,2.6504,2.83344
2,13,29.75,9360,26175,6637,0.936,2.6175,2.79647
2,13,30,9295,28556,7145,0.9295,2.8556,3.07219
2,13,30.25,9316,27858,7012,0.9316,2.7858,2.99034
2,13,30.5,9353,26386,6631,0.9353,2.6386,2.82113
2,13,30.75,9312,27985,7040,0.9312,2.7985,3.00526
2,13,31,9339,27026,6843,0.9339,2.7026,2.89389
2,13,31.25,9324,27507,6896,0.9324,2.7507,2.95013
2,13,31.5,9309,27977,6949,0.9309,2.7977,3.00537
2,13,31.75,9330,27281,6833,0.933,2.7281,2.92401
2,13,32,9358,26316,6657,0.9358,2.6316,2.81214
2,13,32.25,9353,26535,6744,0.9353,2.6535,2.83706
2,13,32.5,9305,28228,7123,0.9305,2.8228,3.03364
2,13,32.75,9356,26301,6678,0.9356,2.6301,2.81114
2,13,33,9305,28175,7028,0.9305,2.8175,3.02794
2,13,33.25,9326,27480,6937,0.9326,2.748,2.9466
2,13,33.5,9358,26223,6609,0.9358,2.6223,2.8022
2,13,33.75,9310,28137,7131,0.931,2.8137,3.02223
2,13,34,9367,25897,6522,0.9367,2.5897,2.76471
2,13,34.25,9329,27359,6879,0.9329,2.7359,2.93268
2,13,34.5,9278,29294,7370,0.9278,2.9294,3.15736
2,13,34.75,9295,28470,7127,0.9295,2.847,3.06294
2,13,35,9276,29331,7310,0.9276,2.9331,3.16203
2,13,35.25,9332,27253,6850,0.9332,2.7253,2.92038
2,13,35.5,9358,26268,6660,0.9358,2.6268,2.80701
2,13,35.75,9332,27219,6860,0.9332,2.7219,2.91674
2,13,36,9318,27706,7011,0.9318,2.7706,2.97338
2,13,36.25,9340,27023,6780,0.934,2.7023,2.89325
2,13,36.5,9349,26648,6726,0.9349,2.6648,2.85036
2,13,36.75,9303,28494,7179,0.9303,2.8494,3.06288
2,13,37,9334,27173,6911,0.9334,2.7173,2.91118
2,13,37.25,9296,28688,7216,0.9296,2.8688,3.08606
2,13,37.5,9341,26947,6832,0.9341,2.6947,2.88481
2,13,37.75,9293,28754,7220,0.9293,2.8754,3.09416
2,13,38,9265,29745,7456,0.9265,2.9745,3.21047
2,13,38.25,9357,26243,6598,0.9357,2.6243,2.80464
2,13,38.5,9351,26466,6711,0.9351,2.6466,2.83029
2,13,38.75,9304,28364,7199,0.9304,2.8364,3.04858
2,13,39,9376,25544,6492,0.9376,2.5544,2.7244
2,13,39.25,9311,27973,7021,0.9311,2.7973,3.0043
2,13,39.5,9359,26249,6650,0.9359,2.6249,2.80468
2,13,39.75,9354,26443,6698,0.9354,2.6443,2.82692
2,13,40,9321,27734,6993,0.9321,2.7734,2.97543
2,14,0,200,8421,139,0.02,0.8421,42.105
2,14,0.25,231,9624,104,0.0231,0.9624,41.6623
2,14,0.5,241,9988,96,0.0241,0.9988,41.444
2,14,0.75,249,10307,107,0.0249,1.0307,41.3936
2,14,1,259,10714,108,0.0259,1.0714,41.3668
2,14,1.25,263,10860,108,0.0263,1.086,41.2928
2,14,1.5,271,11142,121,0.0271,1.1142,41.1144
2,14,1.75,279,11440,116,0.0279,1.144,41.0036
2,14,2,294,12047,132,0.0294,1.2047,40.9762
2,14,2.25,314,12783,152,0.0314,1.2783,40.7102
2,14,2.5,339,13751,150,0.0339,1.3751,40.5634
2,14,2.75,360,14586,159,0.036,1.4586,40.5167
2,14,3,353,14398,165,0.0353,1.4398,40.7875
2,14,3.25,386,15647,193,0.0386,1.5647,40.5363
2,14,3.5,405,16343,208,0.0405,1.6343,40.3531
2,14,3.75,463,18493,273,0.0463,1.8493,39.9417
2,14,4,491,19546,280,0.0491,1.9546,39.8086
2,14,4.25,552,21767,369,0.0552,2.1767,39.433
2,14,4.5,641,25044,428,0.0641,2.5044,39.0702
2,14,4.75,736,28542,576,0.0736,2.8542,38.7799
2,14,5,883,33742,807,0.0883,3.3742,38.2129
2,14,5.25,1113,41238,1144,0.1113,4.1238,37.0512
2,14,5.5,1417,50498,1740,0.1417,5.0498,35.6373
2,14,5.75,1904,64139,2802,0.1904,6.4139,33.6864
2,14,6,2872,85157,5661,0.2872,8.5157,29.6508
2,14,6.25,4967,104718,12369,0.4967,10.4718,21.0827
2,14,6.5,8361,58690,12669,0.8361,5.869,7.0195
2,14,6.75,9290,28753,7197,0.929,2.8753,3.09505
2,14,7,9318,27716,6979,0.9318,2.7716,2.97446
2,14,7.25,9321,27641,6954,0.9321,2.7641,2.96545
2,14,7.5,9279,29230,7307,0.9279,2.923,3.15012
2,14,7.75,9362,26069,6649,0.9362,2.6069,2.78455
2,14,8,9343,26873,6790,0.9343,2.6873,2.87627
2,14,8.25,9318,27687,6997,0.9318,2.7687,2.97135
2,14,8.5,9351,26514,6714,0.9351,2.6514,2.83542
2,14,8.75,9306,28173,7074,0.9306,2.8173,3.0274
2,14,9,9287,28978,7281,0.9287,2.8978,3.12028
2,14,9.25,9296,28655,7195,0.9296,2.8655,3.08251
2,14,9.5,9347,26651,6725,0.9347,2.6651,2.85129
2,14,9.75,9334,27153,6827,0.9334,2.7153,2.90904
2,14,10,9332,27303,6867,0.9332,2.7303,2.92574
2,14,10.25,9357,26297,6690,0.9357,2.6297,2.81041
2,14,10.5,9336,27190,6886,0.9336,2.719,2.91238
2,14,10.75,9311,28047,7098,0.9311,2.8047,3.01224
2,14,11,9364,26071,6638,0.9364,2.6071,2.78417
2,14,11.25,9340,26880,6767,0.934,2.688,2.87794
2,14,11.5,9348,26666,6722,0.9348,2.6666,2.85259
2,14,11.75,9352,26539,6735,0.9352,2.6539,2.83779
2,14,12,9326,27427,6908,0.9326,2.7427,2.94092
2,14,12.25,9331,27225,6874,0.9331,2.7225,2.91769
2,14,12.5,9306,28309,7171,0.9306,2.8309,3.04202
2,14,12.75,9248,30490,7683,0.9248,3.049,3.29693
2,14,13,9297,28465,7137,0.9297,2.8465,3.06174
2,14,13.25,9342,26920,6835,0.9342,2.692,2.88161
2,14,13.5,9332,27348,6950,0.9332,2.7348,2.93056
2,14,13.75,9380,25351,6421,0.938,2.5351,2.70267
2,14,14,9376,25553,6472,0.9376,2.5553,2.72536
2,14,14.25,9376,25529,6469,0.9376,2.5529,2.7228
2,14,14.5,9327,27269,6860,0.9327,2.7269,2.92366
2,14,14.75,9333,27217,6930,0.9333,2.7217,2.91621
2,14,15,9378,25456,6482,0.9378,2.5456,2.71444
2,14,15.25,9370,25892,6559,0.937,2.5892,2.76329
2,14,15.5,9375,25666,6524,0.9375,2.5666,2.73771
2,14,15.75,9326,27576,6990,0.9326,2.7576,2.95689
2,14,16,9338,27175,6918,0.9338,2.7175,2.91015
2,14,16.25,9328,27406,6894,0.9328,2.7406,2.93804
2,14,16.5,9340,26968,6802,0.934,2.6968,2.88737
2,14,16.75,9330,27307,6868,0.933,2.7307,2.9268
2,14,17,9320,27765,7006,0.932,2.7765,2.97908
2,14,17.25,9351,26559,6720,0.9351,2.6559,2.84023
2,14,17.5,9316,27868,7003,0.9316,2.7868,2.99141
2,14,17.75,9381,25419,6453,0.9381,2.5419,2.70963
2,14,18,9359,26227,6669,0.9359,2.6227,2.80233
2,14,18.25,9331,27325,6911,0.9331,2.7325,2.92841
2,14,18.5,9341,26765,6733,0.9341,2.6765,2.86532
2,14,18.75,9303,28316,7127,0.9303,2.8316,3.04375
2,14,19,9336,27135,6849,0.9336,2.7135,2.90649
2,14,19.25,9349,26696,6759,0.9349,2.6696,2.85549
2,14,19.5,9384,25286,6444,0.9384,2.5286,2.69459
2,14,19.75,9305,28317,7114,0.9305,2.8317,3.0432
2,14,20,9309,28071,7044,0.9309,2.8071,3.01547
2,14,20.25,9325,27430,6879,0.9325,2.743,2.94155
2,14,20.5,9324,27485,6890,0.9324,2.7485,2.94777
2,14,20.75,9306,28149,7065,0.9306,2.8149,3.02482
2,14,21,9315,27892,7041,0.9315,2.7892,2.99431
2,14,21.25,9310,28021,7045,0.931,2.8021,3.00977
2,14,21.5,9319,27810,7081,0.9319,2.781,2.98423
2,14,21.75,9367,25967,6599,0.9367,2.5967,2.77218
2,14,22,9359,26173,6625,0.9359,2.6173,2.79656
2,14,22.25,9309,28136,7086,0.9309,2.8136,3.02245
2,14,22.5,9334,27159,6892,0.9334,2.7159,2.90969
2,14,22.75,9360,26264,6626,0.936,2.6264,2.80598
2,14,23,9323,27577,6971,0.9323,2.7577,2.95795
2,14,23.25,9338,27079,6885,0.9338,2.7079,2.89987
2,14,23.5,9334,27169,6849,0.9334,2.7169,2.91076
2,14,23.75,9328,27437,6959,0.9328,2.7437,2.94136
2,14,24,9330,27309,6885,0.933,2.7309,2.92701
2,14,24.25,9332,27291,6910,0.9332,2.7291,2.92445
2,14,24.5,9351,26499,6685,0.9351,2.6499,2.83381
2,14,24.75,9312,27965,7028,0.9312,2.7965,3.00311
2,14,25,9357,26470,6738,0.9357,2.647,2.8289
2,14,25.25,9323,27640,6955,0.9323,2.764,2.96471
2,14,25.5,9315,27887,6963,0.9315,2.7887,2.99377
2,14,25.75,9358,26314,6701,0.9358,2.6314,2.81193
2,14,26,9326,27514,7020,0.9326,2.7514,2.95025
2,14,26.25,9355,26363,6663,0.9355,2.6363,2.81807
2,14,26.5,9329,27402,6918,0.9329,2.7402,2.93729
2,14,26.75,9321,27758,7008,0.9321,2.7758,2.97801
2,14,27,9313,27882,6973,0.9313,2.7882,2.99388
2,14,27.25,9314,27918,6957,0.9314,2.7918,2.99742
2,14,27.5,9354,26304,6633,0.9354,2.6304,2.81206
2,14,27.75,9348,26613,6726,0.9348,2.6613,2.84692
2,14,28,9322,27618,6936,0.9322,2.7618,2.96267
2,14,28.25,9303,28381,7182,0.9303,2.8381,3.05074
2,14,28.5,9339,26893,6788,0.9339,2.6893,2.87964
2,14,28.75,9302,28385,7108,0.9302,2.8385,3.05149
2,14,29,9345,26685,6758,0.9345,2.6685,2.85554
2,14,29.25,9335,27225,6903,0.9335,2.7225,2.91644
2,14,29.5,9331,27156,6767,0.9331,2.7156,2.9103
2,14,29.75,9348,26600,6691,0.9348,2.66,2.84553
2,14,30,9366,25902,6531,0.9366,2.5902,2.76553
2,14,30.25,9336,27080,6825,0.9336,2.708,2.9006
2,14,30.5,9329,27311,6894,0.9329,2.7311,2.92754
2,14,30.75,9362,25989,6541,0.9362,2.5989,2.77601
2,14,31,9331,27287,6906,0.9331,2.7287,2.92434
2,14,31.25,9342,26916,6765,0.9342,2.6916,2.88118
2,14,31.5,9377,25554,6506,0.9377,2.5554,2.72518
2,14,31.75,9376,25546,6490,0.9376,2.5546,2.72462
2,14,32,9319,27664,6992,0.9319,2.7664,2.96856
2,14,32.25,9321,27562,6930,0.9321,2.7562,2.95698
2,14,32.5,9327,27440,6918,0.9327,2.744,2.942
2,14,32.75,9350,26453,6655,0.935,2.6453,2.8292
2,14,33,9363,26071,6627,0.9363,2.6071,2.78447
2,14,33.25,9322,27600,6979,0.9322,2.76,2.96074
2,14,33.5,9324,27553,6949,0.9324,2.7553,2.95506
2,14,33.75,9375,25638,6549,0.9375,2.5638,2.73472
2,14,34,9318,27670,6918,0.9318,2.767,2.96952
2,14,34.25,9260,29834,7389,0.926,2.9834,3.22181
2,14,34.5,9322,27654,6976,0.9322,2.7654,2.96653
2,14,34.75,9329,27312,6905,0.9329,2.7312,2.92764
2,14,35,9389,25114,6469,0.9389,2.5114,2.67483
2,14,35.25,9288,29028,7335,0.9288,2.9028,3.12532
2,14,35.5,9286,28987,7268,0.9286,2.8987,3.12158
2,14,35.75,9339,27040,6842,0.9339,2.704,2.89538
2,14,36,9299,28520,7207,0.9299,2.852,3.067
2,14,36.25,9344,26866,6767,0.9344,2.6866,2.87521
2,14,36.5,9390,25001,6289,0.939,2.5001,2.66251
2,14,36.75,9332,27233,6868,0.9332,2.7233,2.91824
2,14,37,9325,27524,6948,0.9325,2.7524,2.95164
2,14,37.25,9356,26286,6595,0.9356,2.6286,2.80953
2,14,37.5,9380,25437,6446,0.938,2.5437,2.71183
2,14,37.75,9319,27724,6989,0.9319,2.7724,2.975
2,14,38,9347,26674,6774,0.9347,2.6674,2.85375
2,14,38.25,9332,27202,6805,0.9332,2.7202,2.91492
2,14,38.5,9302,28314,7114,0.9302,2.8314,3.04386
2,14,38.75,9327,27435,6959,0.9327,2.7435,2.94146
2,14,39,9284,29068,7327,0.9284,2.9068,3.13098
2,14,39.25,9350,26561,6717,0.935,2.6561,2.84075
2,14,39.5,9292,28630,7170,0.9292,2.863,3.08115
2,14,39.75,9301,28504,7166,0.9301,2.8504,3.06462
2,14,40,9309,28059,7021,0.9309,2.8059,3.01418
2,15,0,200,8394,145,0.02,0.8394,41.97
2,15,0.25,204,8510,103,0.0204,0.851,41.7157
2,15,0.5,201,8361,82,0.0201,0.8361,41.597
2,15,0.75,205,8516,63,0.0205,0.8516,41.5415
2,15,1,208,8625,66,0.0208,0.8625,41.4663
2,15,1.25,213,8834,79,0.0213,0.8834,41.4742
2,15,1.5,228,9410,99,0.0228,0.941,41.2719
2,15,1.75,250,10291,108,0.025,1.0291,41.164
2,15,2,253,10383,107,0.0253,1.0383,41.0395
2,15,2.25,257,10550,111,0.0257,1.055,41.0506
2,15,2.5,262,10773,114,0.0262,1.0773,41.1183
2,15,2.75,275,11253,120,0.0275,1.1253,40.92
2,15,3,293,11987,144,0.0293,1.1987,40.9113
2,15,3.25,325,13257,166,0.0325,1.3257,40.7908
2,15,3.5,322,13139,158,0.0322,1.3139,40.8043
2,15,3.75,342,13949,158,0.0342,1.3949,40.7865
2,15,4,361,14699,181,0.0361,1.4699,40.7175
2,15,4.25,397,16017,222,0.0397,1.6017,40.3451
2,15,4.5,414,16760,244,0.0414,1.676,40.4831
2,15,4.75,451,18143,250,0.0451,1.8143,40.2284
2,15,5,519,20806,314,0.0519,2.0806,40.0886
2,15,5.25,589,23348,387,0.0589,2.3348,39.6401
2,15,5.5,650,25479,452,0.065,2.5479,39.1985
2,15,5.75,724,28207,529,0.0724,2.8207,38.9599
2,15,6,818,31531,679,0.0818,3.1531,38.5465
2,15,6.25,960,36258,869,0.096,3.6258,37.7687
2,15,6.5,1204,43946,1275,0.1204,4.3946,36.5
2,15,6.75,1627,56555,2163,0.1627,5.6555,34.7603
2,15,7,2483,77424,4453,0.2483,7.7424,31.1816
2,15,7.25,4414,102786,10695,0.4414,10.2786,23.2864
2,15,7.5,7909,70861,14304,0.7909,7.0861,8.95954
2,15,7.75,9210,31825,7939,0.921,3.1825,3.45548
2,15,8,9317,27808,7024,0.9317,2.7808,2.98465
2,15,8.25,9383,25313,6465,0.9383,2.5313,2.69775
2,15,8.5,9342,26794,6724,0.9342,2.6794,2.86812
2,15,8.75,9319,27548,6860,0.9319,2.7548,2.95611
2,15,9,9307,28156,7074,0.9307,2.8156,3.02525
2,15,9.25,9334,27171,6870,0.9334,2.7171,2.91097
2,15,9.5,9307,28245,7104,0.9307,2.8245,3.03481
2,15,9.75,9320,27605,6975,0.932,2.7605,2.96191
2,15,10,9383,25360,6437,0.9383,2.536,2.70276
2,15,10.25,9317,27760,6998,0.9317,2.776,2.9795
2,15,10.5,9372,25669,6504,0.9372,2.5669,2.7389
2,15,10.75,9392,24980,6328,0.9392,2.498,2.65971
2,15,11,9334,27161,6835,0.9334,2.7161,2.9099
2,15,11.25,9358,26325,6710,0.9358,2.6325,2.8131
2,15,11.5,9340,26980,6836,0.934,2.698,2.88865
2,15,11.75,9380,25393,6417,0.938,2.5393,2.70714
2,15,12,9313,28007,7067,0.9313,2.8007,3.0073
2,15,12.25,9342,26845,6782,0.9342,2.6845,2.87358
2,15,12.5,9330,27272,6838,0.933,2.7272,2.92304
2,15,12.75,9320,27624,6927,0.932,2.7624,2.96395
2,15,13,9340,26967,6820,0.934,2.6967,2.88726
2,15,13.25,9352,26540,6742,0.9352,2.654,2.8379
2,15,13.5,9344,26773,6774,0.9344,2.6773,2.86526
2,15,13.75,9313,28068,7077,0.9313,2.8068,3.01385
2,15,14,9344,26765,6742,0.9344,2.6765,2.8644
2,15,14.25,9329,27414,6880,0.9329,2.7414,2.93858
2,15,14.5,9337,27070,6831,0.9337,2.707,2.89922
2,15,14.75,9388,25037,6323,0.9388,2.5037,2.66692
2,15,15,9361,26174,6622,0.9361,2.6174,2.79607
2,15,15.25,9355,26386,6716,0.9355,2.6386,2.82052
2,15,15.5,9356,26302,6663,0.9356,2.6302,2.81124
2,15,15.75,9332,27320,6922,0.9332,2.732,2.92756
2,15,16,9329,27345,6841,0.9329,2.7345,2.93118
2,15,16.25,9348,26574,6750,0.9348,2.6574,2.84275
2,15,16.5,9297,28565,7187,0.9297,2.8565,3.0725
2,15,16.75,9296,28647,7196,0.9296,2.8647,3.08165
2,15,17,9340,26954,6854,0.934,2.6954,2.88587
2,15,17.25,9334,27213,6940,0.9334,2.7213,2.91547
2,15,17.5,9319,27704,6889,0.9319,2.7704,2.97285
2,15,17.75,9323,27598,6958,0.9323,2.7598,2.96021
2,15,18,9331,27275,6871,0.9331,2.7275,2.92305
2,15,18.25,9354,26443,6666,0.9354,2.6443,2.82692
2,15,18.5,9328,27496,6965,0.9328,2.7496,2.94768
2,15,18.75,9342,26917,6830,0.9342,2.6917,2.88129
2,15,19,9307,28192,7111,0.9307,2.8192,3.02912
2,15,19.25,9312,28021,7083,0.9312,2.8021,3.00913
2,15,19.5,9344,26715,6735,0.9344,2.6715,2.85905
2,15,19.75,9355,26403,6703,0.9355,2.6403,2.82234
2,15,20,9298,28587,7194,0.9298,2.8587,3.07453
2,15,20.25,9359,26185,6575,0.9359,2.6185,2.79784
2,15,20.5,9319,27715,6992,0.9319,2.7715,2.97403
2,15,20.75,9323,27536,6890,0.9323,2.7536,2.95356
2,15,21,9285,29106,7262,0.9285,2.9106,3.13473
2,15,21.25,9312,27994,7026,0.9312,2.7994,3.00623
2,15,21.5,9337,27059,6793,0.9337,2.7059,2.89804
2,15,21.75,9347,26784,6887,0.9347,2.6784,2.86552
2,15,22,9299,28475,7191,0.9299,2.8475,3.06216
2,15,22.25,9300,28480,7194,0.93,2.848,3.06237
2,15,22.5,9336,27088,6839,0.9336,2.7088,2.90146
2,15,22.75,9306,28258,7090,0.9306,2.8258,3.03654
2,15,23,9322,27647,7000,0.9322,2.7647,2.96578
2,15,23.25,9323,27563,6940,0.9323,2.7563,2.95645
2,15,23.5,9307,28140,7095,0.9307,2.814,3.02353
2,15,23.75,9311,28051,7053,0.9311,2.8051,3.01267
2,15,24,9306,28156,7097,0.9306,2.8156,3.02557
2,15,24.25,9325,27541,6963,0.9325,2.7541,2.95346
2,15,24.5,9353,26543,6774,0.9353,2.6543,2.83791
2,15,24.75,9366,25928,6544,0.9366,2.5928,2.76831
2,15,25,9316,27911,7069,0.9316,2.7911,2.99603
2,15,25.25,9341,27094,6906,0.9341,2.7094,2.90055
2,15,25.5,9313,27945,7006,0.9313,2.7945,3.00064
2,15,25.75,9305,28253,7092,0.9305,2.8253,3.03632
2,15,26,9371,25739,6510,0.9371,2.5739,2.74667
2,15,26.25,9326,27516,6987,0.9326,2.7516,2.95046
2,15,26.5,9314,27893,7013,0.9314,2.7893,2.99474
2,15,26.75,9338,27000,6844,0.9338,2.7,2.89141
2,15,27,9366,25993,6588,0.9366,2.5993,2.77525
2,15,27.25,9299,28475,7205,0.9299,2.8475,3.06216
2,15,27.5,9305,28294,7151,0.9305,2.8294,3.04073
2,15,27.75,9351,26543,6743,0.9351,2.6543,2.83852
2,15,28,9300,28436,7132,0.93,2.8436,3.05763
2,15,28.25,9309,28071,7067,0.9309,2.8071,3.01547
2,15,28.5,9324,27426,6932,0.9324,2.7426,2.94144
2,15,28.75,9319,27666,6936,0.9319,2.7666,2.96877
2,15,29,9319,27635,6978,0.9319,2.7635,2.96545
2,15,29.25,9331,27167,6862,0.9331,2.7167,2.91148
2,15,29.5,9359,26209,6630,0.9359,2.6209,2.80041
2,15,29.75,9315,27873,7051,0.9315,2.7873,2.99227
2,15,30,9318,27649,6910,0.9318,2.7649,2.96727
2,15,30.25,9315,27940,7009,0.9315,2.794,2.99946
2,15,30.5,9380,25424,6465,0.938,2.5424,2.71045
2,15,30.75,9360,26192,6637,0.936,2.6192,2.79829
2,15,31,9307,28151,7129,0.9307,2.8151,3.02471
2,15,31.25,9360,26269,6670,0.936,2.6269,2.80652
2,15,31.5,9297,28563,7181,0.9297,2.8563,3.07228
2,15,31.75,9357,26285,6650,0.9357,2.6285,2.80913
2,15,32,9317,27899,7080,0.9317,2.7899,2.99442
2,15,32.25,9334,27154,6829,0.9334,2.7154,2.90915
2,15,32.5,9302,28370,7152,0.9302,2.837,3.04988
2,15,32.75,9310,28067,7039,0.931,2.8067,3.01472
2,15,33,9335,27050,6838,0.9335,2.705,2.8977
2,15,33.25,9345,26814,6811,0.9345,2.6814,2.86934
2,15,33.5,9314,27998,7066,0.9314,2.7998,3.00601
2,15,33.75,9308,28215,7099,0.9308,2.8215,3.03126
2,15,34,9361,26151,6594,0.9361,2.6151,2.79361
2,15,34.25,9322,27679,6931,0.9322,2.7679,2.96921
2,15,34.5,9343,26827,6753,0.9343,2.6827,2.87135
2,15,34.75,9337,27057,6834,0.9337,2.7057,2.89783
2,15,35,9307,28230,7163,0.9307,2.823,3.0332
2,15,35.25,9345,26796,6805,0.9345,2.6796,2.86742
2,15,35.5,9372,25577,6458,0.9372,2.5577,2.72909
2,15,35.75,9359,26156,6603,0.9359,2.6156,2.79474
2,15,36,9304,28198,7117,0.9304,2.8198,3.03074
2,15,36.25,9324,27664,6991,0.9324,2.7664,2.96697
2,15,36.5,9314,28015,7076,0.9314,2.8015,3.00784
2,15,36.75,9363,26004,6602,0.9363,2.6004,2.77731
2,15,37,9386,25169,6445,0.9386,2.5169,2.68155
2,15,37.25,9337,27112,6868,0.9337,2.7112,2.90372
2,15,37.5,9337,27005,6804,0.9337,2.7005,2.89226
2,15,37.75,9344,26750,6750,0.9344,2.675,2.8628
2,15,38,9340,26965,6779,0.934,2.6965,2.88704
2,15,38.25,9370,25781,6500,0.937,2.5781,2.75144
2,15,38.5,9286,29020,7257,0.9286,2.902,3.12513
2,15,38.75,9304,28246,7072,0.9304,2.8246,3.0359
2,15,39,9361,26176,6598,0.9361,2.6176,2.79628
2,15,39.25,9325,27479,6976,0.9325,2.7479,2.94681
2,15,39.5,9367,25822,6496,0.9367,2.5822,2.7567
2,15,39.75,9332,27235,6856,0.9332,2.7235,2.91845
2,15,40,9322,27664,7017,0.9322,2.7664,2.9676
2,16,0,200,8396,144,0.02,0.8396,41.98
2,16,0.25,202,8449,102,0.0202,0.8449,41.8267
2,16,0.5,198,8267,68,0.0198,0.8267,41.7525
2,16,0.75,207,8597,77,0.0207,0.8597,41.5314
2,16,1,188,7831,69,0.0188,0.7831,41.6543
2,16,1.25,193,8003,64,0.0193,0.8003,41.4663
2,16,1.5,207,8563,76,0.0207,0.8563,41.3671
2,16,1.75,203,8437,78,0.0203,0.8437,41.5616
2,16,2,212,8787,86,0.0212,0.8787,41.4481
2,16,2.25,239,9855,90,0.0239,0.9855,41.2343
2,16,2.5,253,10429,100,0.0253,1.0429,41.2213
2,16,2.75,248,10232,101,0.0248,1.0232,41.2581
2,16,3,290,11858,111,0.029,1.1858,40.8897
2,16,3.25,296,12129,111,0.0296,1.2129,40.9764
2,16,3.5,309,12609,142,0.0309,1.2609,40.8058
2,16,3.75,318,13004,151,0.0318,1.3004,40.8931
2,16,4,354,14357,174,0.0354,1.4357,40.5565
2,16,4.25,399,16099,201,0.0399,1.6099,40.3484
2,16,4.5,415,16759,201,0.0415,1.6759,40.3831
2,16,4.75,461,18503,264,0.0461,1.8503,40.1367
2,16,5,486,19499,288,0.0486,1.9499,40.1214
2,16,5.25,520,20682,283,0.052,2.0682,39.7731
2,16,5.5,568,22330,383,0.0568,2.233,39.3134
2,16,5.75,661,25711,456,0.0661,2.5711,38.8971
2,16,6,718,27867,552,0.0718,2.7867,38.812
2,16,6.25,852,32624,740,0.0852,3.2624,38.2911
2,16,6.5,1057,39517,1065,0.1057,3.9517,37.386
2,16,6.75,1350,48765,1565,0.135,4.8765,36.1222
2,16,7,1834,62198,2670,0.1834,6.2198,33.9138
2,16,7.25,2710,81926,5158,0.271,8.1926,30.231
2,16,7.5,4836,104418,11977,0.4836,10.4418,21.5918
2,16,7.75,8193,63646,13448,0.8193,6.3646,7.76834
2,16,8,9274,29407,7338,0.9274,2.9407,3.17091
2,16,8.25,9324,27556,6960,0.9324,2.7556,2.95538
2,16,8.5,9293,28682,7213,0.9293,2.8682,3.08641
2,16,8.75,9337,27026,6844,0.9337,2.7026,2.89451
2,16,9,9330,27285,6889,0.933,2.7285,2.92444
2,16,9.25,9356,26450,6701,0.9356,2.645,2.82706
2,16,9.5,9367,25964,6630,0.9367,2.5964,2.77186
2,16,9.75,9339,26981,6817,0.9339,2.6981,2.88907
2,16,10,9354,26520,6745,0.9354,2.652,2.83515
2,16,10.25,9354,26436,6715,0.9354,2.6436,2.82617
2,16,10.5,9319,27718,7004,0.9319,2.7718,2.97435
2,16,10.75,9363,26148,6653,0.9363,2.6148,2.79269
2,16,11,9351,26522,6684,0.9351,2.6522,2.83627
2,16,11.25,9380,25537,6487,0.938,2.5537,2.72249
2,16,11.5,9348,26740,6826,0.9348,2.674,2.8605
2,16,11.75,9340,26829,6800,0.934,2.6829,2.87248
2,16,12,9342,26864,6820,0.9342,2.6864,2.87562
2,16,12.25,9268,29702,7424,0.9268,2.9702,3.20479
2,16,12.5,9322,27668,7012,0.9322,2.7668,2.96803
2,16,12.75,9343,26844,6785,0.9343,2.6844,2.87317
2,16,13,9287,28908,7250,0.9287,2.8908,3.11274
2,16,13.25,9335,27145,6851,0.9335,2.7145,2.90787
2,16,13.5,9322,27621,6932,0.9322,2.7621,2.96299
2,16,13.75,9372,25756,6534,0.9372,2.5756,2.74819
2,16,14,9355,26297,6647,0.9355,2.6297,2.81101
2,16,14.25,9315,27766,6965,0.9315,2.7766,2.98078
2,16,14.5,9309,28075,7094,0.9309,2.8075,3.0159
2,16,14.75,9363,26025,6591,0.9363,2.6025,2.77956
2,16,15,9387,25101,6394,0.9387,2.5101,2.67402
2,16,15.25,9333,27274,6877,0.9333,2.7274,2.92232
2,16,15.5,9325,27550,6967,0.9325,2.755,2.95442
2,16,15.75,9325,27622,6959,0.9325,2.7622,2.96214
2,16,16,9374,25527,6448,0.9374,2.5527,2.72317
2,16,16.25,9348,26677,6764,0.9348,2.6677,2.85377
2,16,16.5,9348,26706,6741,0.9348,2.6706,2.85687
2,16,16.75,9354,26410,6713,0.9354,2.641,2.82339
2,16,17,9349,26570,6733,0.9349,2.657,2.84202
2,16,17.25,9335,27120,6862,0.9335,2.712,2.9052
2,16,17.5,9340,26885,6812,0.934,2.6885,2.87848
2,16,17.75,9370,25717,6484,0.937,2.5717,2.74461
2,16,18,9352,26450,6692,0.9352,2.645,2.82827
2,16,18.25,9327,27525,6988,0.9327,2.7525,2.95111
2,16,18.5,9374,25758,6613,0.9374,2.5758,2.74781
2,16,18.75,9299,28469,7168,0.9299,2.8469,3.06151
2,16,19,9333,27105,6839,0.9333,2.7105,2.90421
2,16,19.25,9325,27567,7025,0.9325,2.7567,2.95625
2,16,19.5,9327,27453,6954,0.9327,2.7453,2.94339
2,16,19.75,9360,26210,6608,0.936,2.621,2.80021
2,16,20,9345,26707,6757,0.9345,2.6707,2.85789
2,16,20.25,9351,26549,6749,0.9351,2.6549,2.83916
2,16,20.5,9388,25173,6378,0.9388,2.5173,2.6814
2,16,20.75,9301,28468,7143,0.9301,2.8468,3.06075
2,16,21,9294,28713,7235,0.9294,2.8713,3.08941
2,16,21.25,9334,27247,6874,0.9334,2.7247,2.91911
2,16,21.5,9300,28426,7135,0.93,2.8426,3.05656
2,16,21.75,9324,27608,6960,0.9324,2.7608,2.96096
2,16,22,9369,25920,6613,0.9369,2.592,2.76657
2,16,22.25,9330,27367,6916,0.933,2.7367,2.93323
2,16,22.5,9272,29510,7375,0.9272,2.951,3.1827
2,16,22.75,9336,27136,6882,0.9336,2.7136,2.9066
2,16,23,9372,25762,6585,0.9372,2.5762,2.74883
2,16,23.25,9359,26258,6658,0.9359,2.6258,2.80564
2,16,23.5,9339,27062,6881,0.9339,2.7062,2.89774
2,16,23.75,9325,27436,6871,0.9325,2.7436,2.9422
2,16,24,9361,26162,6630,0.9361,2.6162,2.79479
2,16,24.25,9353,26488,6726,0.9353,2.6488,2.83203
2,16,24.5,9281,29130,7319,0.9281,2.913,3.13867
2,16,24.75,9352,26418,6699,0.9352,2.6418,2.82485
2,16,25,9308,28098,7045,0.9308,2.8098,3.01869
2,16,25.25,9347,26708,6757,0.9347,2.6708,2.85739
2,16,25.5,9307,28145,7097,0.9307,2.8145,3.02407
2,16,25.75,9341,26953,6831,0.9341,2.6953,2.88545
2,16,26,9377,25585,6506,0.9377,2.5585,2.72848
2,16,26.25,9314,27833,6934,0.9314,2.7833,2.9883
2,16,26.5,9348,26706,6763,0.9348,2.6706,2.85687
2,16,26.75,9301,28256,7029,0.9301,2.8256,3.03795
2,16,27,9326,27533,6922,0.9326,2.7533,2.95228
2,16,27.25,9317,27892,7000,0.9317,2.7892,2.99367
2,16,27.5,9322,27671,6965,0.9322,2.7671,2.96835
2,16,27.75,9355,26369,6618,0.9355,2.6369,2.81871
2,16,28,9291,28741,7173,0.9291,2.8741,3.09342
2,16,28.25,9338,27022,6809,0.9338,2.7022,2.89377
2,16,28.5,9339,27001,6800,0.9339,2.7001,2.89121
2,16,28.75,9361,26091,6621,0.9361,2.6091,2.7872
2,16,29,9329,27423,6973,0.9329,2.7423,2.93954
2,16,29.25,9338,27023,6816,0.9338,2.7023,2.89387
2,16,29.5,9326,27554,7017,0.9326,2.7554,2.95454
2,16,29.75,9326,27433,6880,0.9326,2.7433,2.94156
2,16,30,9332,27146,6816,0.9332,2.7146,2.90892
2,16,30.25,9321,27716,6983,0.9321,2.7716,2.9735
2,16,30.5,9327,27447,6887,0.9327,2.7447,2.94275
2,16,30.75,9357,26284,6652,0.9357,2.6284,2.80902
2,16,31,9345,26815,6851,0.9345,2.6815,2.86945
2,16,31.25,9348,26663,6711,0.9348,2.6663,2.85227
2,16,31.5,9331,27303,6916,0.9331,2.7303,2.92605
2,16,31.75,9344,26837,6768,0.9344,2.6837,2.87211
2,16,32,9320,27700,7009,0.932,2.77,2.9721
2,16,32.25,9355,26291,6625,0.9355,2.6291,2.81037
2,16,32.5,9347,26703,6749,0.9347,2.6703,2.85685
2,16,32.75,9339,26913,6765,0.9339,2.6913,2.88179
2,16,33,9319,27840,7081,0.9319,2.784,2.98745
2,16,33.25,9308,28168,7145,0.9308,2.8168,3.02621
2,16,33.5,9317,27813,7023,0.9317,2.7813,2.98519
2,16,33.75,9311,28039,7008,0.9311,2.8039,3.01138
2,16,34,9324,27557,7006,0.9324,2.7557,2.95549
2,16,34.25,9341,27040,6872,0.9341,2.704,2.89477
2,16,34.5,9336,26991,6813,0.9336,2.6991,2.89107
2,16,34.75,9314,27800,6970,0.9314,2.78,2.98475
2,16,35,9333,27142,6827,0.9333,2.7142,2.90818
2,16,35.25,9324,27527,6917,0.9324,2.7527,2.95227
2,16,35.5,9300,28381,7179,0.93,2.8381,3.05172
2,16,35.75,9347,26646,6783,0.9347,2.6646,2.85075
2,16,36,9387,25206,6451,0.9387,2.5206,2.6852
2,16,36.25,9348,26547,6716,0.9348,2.6547,2.83986
2,16,36.5,9340,26878,6793,0.934,2.6878,2.87773
2,16,36.75,9354,26400,6612,0.9354,2.64,2.82232
2,16,37,9342,26867,6781,0.9342,2.6867,2.87594
2,16,37.25,9346,26630,6668,0.9346,2.663,2.84935
2,16,37.5,9334,27233,6844,0.9334,2.7233,2.91761
2,16,37.75,9306,28226,7114,0.9306,2.8226,3.0331
2,16,38,9353,26379,6615,0.9353,2.6379,2.82038
2,16,38.25,9370,25838,6574,0.937,2.5838,2.75752
2,16,38.5,9313,28069,7078,0.9313,2.8069,3.01396
2,16,38.75,9355,26495,6747,0.9355,2.6495,2.83218
2,16,39,9336,27117,6885,0.9336,2.7117,2.90456
2,16,39.25,9353,26466,6711,0.9353,2.6466,2.82968
2,16,39.5,9300,28553,7210,0.93,2.8553,3.07022
2,16,39.75,9321,27697,6994,0.9321,2.7697,2.97146
2,16,40,9369,25833,6550,0.9369,2.5833,2.75728
2,17,0,200,8413,137,0.02,0.8413,42.065
2,17,0.25,211,8814,93,0.0211,0.8814,41.7725
2,17,0.5,219,9087,85,0.0219,0.9087,41.4932
2,17,0.75,222,9229,86,0.0222,0.9229,41.5721
2,17,1,226,9383,73,0.0226,0.9383,41.5177
2,17,1.25,229,9475,88,0.0229,0.9475,41.3755
2,17,1.5,254,10473,106,0.0254,1.0473,41.2323
2,17,1.75,260,10681,117,0.026,1.0681,41.0808
2,17,2,290,11861,135,0.029,1.1861,40.9
2,17,2.25,293,12029,142,0.0293,1.2029,41.0546
2,17,2.5,343,13920,170,0.0343,1.392,40.5831
2,17,2.75,375,15137,186,0.0375,1.5137,40.3653
2,17,3,408,16429,203,0.0408,1.6429,40.2672
2,17,3.25,447,18007,243,0.0447,1.8007,40.2841
2,17,3.5,476,19120,258,0.0476,1.912,40.1681
2,17,3.75,492,19720,248,0.0492,1.972,40.0813
2,17,4,536,21373,306,0.0536,2.1373,39.875
2,17,4.25,602,23762,397,0.0602,2.3762,39.4718
2,17,4.5,696,27146,517,0.0696,2.7146,39.0029
2,17,4.75,827,31731,685,0.0827,3.1731,38.3688
2,17,5,985,37112,954,0.0985,3.7112,37.6772
2,17,5.25,1225,44876,1363,0.1225,4.4876,36.6335
2,17,5.5,1619,56515,2154,0.1619,5.6515,34.9074
2,17,5.75,2387,75648,4055,0.2387,7.5648,31.6917
2,17,6,4022,100464,9420,0.4022,10.0464,24.9786
2,17,6.25,7314,83353,15292,0.7314,8.3353,11.3964
2,17,6.5,9165,33306,8264,0.9165,3.3306,3.63404
2,17,6.75,9339,26955,6799,0.9339,2.6955,2.88628
2,17,7,9366,25951,6590,0.9366,2.5951,2.77077
2,17,7.25,9302,28395,7129,0.9302,2.8395,3.05257
2,17,7.5,9319,27792,6970,0.9319,2.7792,2.98229
2,17,7.75,9331,27360,6937,0.9331,2.736,2.93216
2,17,8,9330,27327,6898,0.933,2.7327,2.92894
2,17,8.25,9325,27504,6940,0.9325,2.7504,2.94949
2,17,8.5,9314,27976,7032,0.9314,2.7976,3.00365
2,17,8.75,9327,27418,6919,0.9327,2.7418,2.93964
2,17,9,9349,26617,6739,0.9349,2.6617,2.84704
2,17,9.25,9302,28379,7179,0.9302,2.8379,3.05085
2,17,9.5,9302,28296,7055,0.9302,2.8296,3.04193
2,17,9.75,9284,29001,7282,0.9284,2.9001,3.12376
2,17,10,9332,27211,6833,0.9332,2.7211,2.91588
2,17,10.25,9326,27407,6940,0.9326,2.7407,2.93877
2,17,10.5,9314,27926,7043,0.9314,2.7926,2.99828
2,17,10.75,9323,27668,7000,0.9323,2.7668,2.96771
2,17,11,9313,28053,7124,0.9313,2.8053,3.01224
2,17,11.25,9344,26668,6703,0.9344,2.6668,2.85402
2,17,11.5,9372,25708,6505,0.9372,2.5708,2.74306
2,17,11.75,9339,27023,6860,0.9339,2.7023,2.89356
2,17,12,9335,27018,6781,0.9335,2.7018,2.89427
2,17,12.25,9328,27417,6917,0.9328,2.7417,2.93922
2,17,12.5,9361,26173,6651,0.9361,2.6173,2.79596
2,17,12.75,9405,24430,6207,0.9405,2.443,2.59755
2,17,13,9334,27167,6851,0.9334,2.7167,2.91054
2,17,13.25,9284,29090,7334,0.9284,2.909,3.13335
2,17,13.5,9352,26497,6683,0.9352,2.6497,2.8333
2,17,13.75,9338,27009,6754,0.9338,2.7009,2.89238
2,17,14,9331,27215,6801,0.9331,2.7215,2.91662
2,17,14.25,9343,26830,6821,0.9343,2.683,2.87167
2,17,14.5,9343,26903,6840,0.9343,2.6903,2.87948
2,17,14.75,9325,27440,6908,0.9325,2.744,2.94263
2,17,15,9357,26341,6668,0.9357,2.6341,2.81511
2,17,15.25,9384,25341,6466,0.9384,2.5341,2.70045
2,17,15.5,9329,27381,6891,0.9329,2.7381,2.93504
2,17,15.75,9301,28412,7138,0.9301,2.8412,3.05473
2,17,16,9362,26105,6613,0.9362,2.6105,2.7884
2,17,16.25,9265,29715,7429,0.9265,2.9715,3.20723
2,17,16.5,9322,27604,6943,0.9322,2.7604,2.96117
2,17,16.75,9313,28005,7083,0.9313,2.8005,3.00709
2,17,17,9359,26232,6659,0.9359,2.6232,2.80286
2,17,17.25,9321,27659,6992,0.9321,2.7659,2.96739
2,17,17.5,9376,25639,6472,0.9376,2.5639,2.73453
2,17,17.75,9322,27589,6902,0.9322,2.7589,2.95956
2,17,18,9325,27406,6855,0.9325,2.7406,2.93898
2,17,18.25,9300,28400,7141,0.93,2.84,3.05376
2,17,18.5,9379,25458,6479,0.9379,2.5458,2.71436
2,17,18.75,9349,26658,6738,0.9349,2.6658,2.85143
2,17,19,9295,28578,7209,0.9295,2.8578,3.07456
2,17,19.25,9317,27752,7007,0.9317,2.7752,2.97864
2,17,19.5,9333,27266,6929,0.9333,2.7266,2.92146
2,17,19.75,9390,25154,6394,0.939,2.5154,2.67881
2,17,20,9325,27501,6888,0.9325,2.7501,2.94917
2,17,20.25,9365,25984,6593,0.9365,2.5984,2.77459
2,17,20.5,9328,27387,6892,0.9328,2.7387,2.936
2,17,20.75,9337,27076,6863,0.9337,2.7076,2.89986
2,17,21,9305,28284,7148,0.9305,2.8284,3.03966
2,17,21.25,9309,28079,7028,0.9309,2.8079,3.01633
2,17,21.5,9363,26091,6616,0.9363,2.6091,2.78661
2,17,21.75,9328,27396,6895,0.9328,2.7396,2.93696
2,17,22,9360,26233,6663,0.936,2.6233,2.80267
2,17,22.25,9345,26733,6780,0.9345,2.6733,2.86067
2,17,22.5,9386,25123,6378,0.9386,2.5123,2.67665
2,17,22.75,9316,27869,7041,0.9316,2.7869,2.99152
2,17,23,9294,28810,7277,0.9294,2.881,3.09985
2,17,23.25,9300,28449,7167,0.93,2.8449,3.05903
2,17,23.5,9333,27332,6894,0.9333,2.7332,2.92853
2,17,23.75,9353,26518,6696,0.9353,2.6518,2.83524
2,17,24,9308,28146,7044,0.9308,2.8146,3.02385
2,17,24.25,9364,25961,6532,0.9364,2.5961,2.77243
2,17,24.5,9329,27424,6890,0.9329,2.7424,2.93965
2,17,24.75,9385,25223,6424,0.9385,2.5223,2.68759
2,17,25,9362,26148,6621,0.9362,2.6148,2.79299
2,17,25.25,9319,27676,6975,0.9319,2.7676,2.96985
2,17,25.5,9393,24952,6367,0.9393,2.4952,2.65645
2,17,25.75,9302,28373,7135,0.9302,2.8373,3.0502
2,17,26,9319,27673,6967,0.9319,2.7673,2.96952
2,17,26.25,9363,25970,6554,0.9363,2.597,2.77368
2,17,26.5,9345,26826,6799,0.9345,2.6826,2.87063
2,17,26.75,9369,25841,6590,0.9369,2.5841,2.75814
2,17,27,9419,23968,6133,0.9419,2.3968,2.54464
2,17,27.25,9370,25749,6580,0.937,2.5749,2.74803
2,17,27.5,9347,26649,6802,0.9347,2.6649,2.85108
2,17,27.75,9324,27541,6922,0.9324,2.7541,2.95378
2,17,28,9319,27729,6981,0.9319,2.7729,2.97553
2,17,28.25,9330,27316,6904,0.933,2.7316,2.92776
2,17,28.5,9379,25436,6524,0.9379,2.5436,2.71202
2,17,28.75,9358,26280,6667,0.9358,2.628,2.80829
2,17,29,9349,26681,6837,0.9349,2.6681,2.85389
2,17,29.25,9327,27418,6908,0.9327,2.7418,2.93964
2,17,29.5,9325,27489,6916,0.9325,2.7489,2.94788
2,17,29.75,9355,26435,6667,0.9355,2.6435,2.82576
2,17,30,9349,26717,6795,0.9349,2.6717,2.85774
2,17,30.25,9330,27324,6892,0.933,2.7324,2.92862
2,17,30.5,9314,27994,7099,0.9314,2.7994,3.00558
2,17,30.75,9287,28980,7301,0.9287,2.898,3.12049
2,17,31,9312,27958,7062,0.9312,2.7958,3.00236
2,17,31.25,9395,24880,6371,0.9395,2.488,2.64822
2,17,31.5,9344,26802,6794,0.9344,2.6802,2.86836
2,17,31.75,9298,28556,7129,0.9298,2.8556,3.0712
2,17,32,9322,27586,6912,0.9322,2.7586,2.95924
2,17,32.25,9305,28328,7208,0.9305,2.8328,3.04438
2,17,32.5,9305,28295,7124,0.9305,2.8295,3.04084
2,17,32.75,9349,26573,6761,0.9349,2.6573,2.84234
2,17,33,9328,27446,6918,0.9328,2.7446,2.94232
2,17,33.25,9370,25842,6516,0.937,2.5842,2.75795
2,17,33.5,9311,28126,7070,0.9311,2.8126,3.02073
2,17,33.75,9330,27397,6970,0.933,2.7397,2.93644
2,17,34,9326,27592,6966,0.9326,2.7592,2.95861
2,17,34.25,9346,26760,6793,0.9346,2.676,2.86326
2,17,34.5,9351,26361,6642,0.9351,2.6361,2.81906
2,17,34.75,9344,26851,6811,0.9344,2.6851,2.87361
2,17,35,9274,29344,7354,0.9274,2.9344,3.16411
2,17,35.25,9340,26939,6763,0.934,2.6939,2.88426
2,17,35.5,9310,28122,7101,0.931,2.8122,3.02062
2,17,35.75,9343,26804,6799,0.9343,2.6804,2.86889
2,17,36,9330,27311,6874,0.933,2.7311,2.92722
2,17,36.25,9302,28364,7084,0.9302,2.8364,3.04924
2,17,36.5,9335,27073,6821,0.9335,2.7073,2.90016
2,17,36.75,9326,27418,6854,0.9326,2.7418,2.93995
2,17,37,9368,25851,6551,0.9368,2.5851,2.7595
2,17,37.25,9328,27378,6881,0.9328,2.7378,2.93503
2,17,37.5,9378,25517,6481,0.9378,2.5517,2.72094
2,17,37.75,9324,27622,7028,0.9324,2.7622,2.96246
2,17,38,9341,27028,6820,0.9341,2.7028,2.89348
2,17,38.25,9315,27905,7026,0.9315,2.7905,2.99571
2,17,38.5,9316,27862,6981,0.9316,2.7862,2.99077
2,17,38.75,9295,28645,7215,0.9295,2.8645,3.08176
2,17,39,9278,29417,7417,0.9278,2.9417,3.17062
2,17,39.25,9325,27603,6942,0.9325,2.7603,2.96011
2,17,39.5,9301,28346,7080,0.9301,2.8346,3.04763
2,17,39.75,9343,26783,6765,0.9343,2.6783,2.86664
2,17,40,9319,27680,6942,0.9319,2.768,2.97028
2,18,0,200,8400,136,0.02,0.84,42
2,18,0.25,210,8752,106,0.021,0.8752,41.6762
2,18,0.5,219,9089,95,0.0219,0.9089,41.5023
2,18,0.75,218,9034,83,0.0218,0.9034,41.4404
2,18,1,227,9413,92,0.0227,0.9413,41.467
2,18,1.25,226,9346,80,0.0226,0.9346,41.354
2,18,1.5,221,9141,71,0.0221,0.9141,41.362
2,18,1.75,224,9287,78,0.0224,0.9287,41.4598
2,18,2,246,10165,82,0.0246,1.0165,41.3211
2,18,2.25,236,9827,95,0.0236,0.9827,41.6398
2,18,2.5,230,9533,86,0.023,0.9533,41.4478
2,18,2.75,247,10185,102,0.0247,1.0185,41.2348
2,18,3,257,10586,97,0.0257,1.0586,41.1907
2,18,3.25,280,11507,124,0.028,1.1507,41.0964
2,18,3.5,320,13052,156,0.032,1.3052,40.7875
2,18,3.75,342,13971,167,0.0342,1.3971,40.8509
2,18,4,363,14787,189,0.0363,1.4787,40.7355
2,18,4.25,383,15544,201,0.0383,1.5544,40.5849
2,18,4.5,400,16226,216,0.04,1.6226,40.565
2,18,4.75,457,18384,243,0.0457,1.8384,40.2276
2,18,5,496,19863,295,0.0496,1.9863,40.0464
2,18,5.25,588,23315,356,0.0588,2.3315,39.6514
2,18,5.5,672,26343,470,0.0672,2.6343,39.2009
2,18,5.75,805,30976,669,0.0805,3.0976,38.4795
2,18,6,976,36761,884,0.0976,3.6761,37.665
2,18,6.25,1213,44447,1268,0.1213,4.4447,36.6422
2,18,6.5,1642,57133,2193,0.1642,5.7133,34.7948
2,18,6.75,2383,75700,4150,0.2383,7.57,31.7667
2,18,7,4073,100842,9521,0.4073,10.0842,24.7587
2,18,7.25,7311,83514,15411,0.7311,8.3514,11.4231
2,18,7.5,9215,31652,7921,0.9215,3.1652,3.43483
2,18,7.75,9348,26639,6760,0.9348,2.6639,2.8497
2,18,8,9315,27916,7098,0.9315,2.7916,2.99689
2,18,8.25,9318,27833,7023,0.9318,2.7833,2.98701
2,18,8.5,9334,27213,6889,0.9334,2.7213,2.91547
2,18,8.75,9370,25712,6504,0.937,2.5712,2.74408
2,18,9,9340,26942,6775,0.934,2.6942,2.88458
2,18,9.25,9373,25742,6536,0.9373,2.5742,2.7464
2,18,9.5,9348,26648,6734,0.9348,2.6648,2.85066
2,18,9.75,9342,26944,6857,0.9342,2.6944,2.88418
2,18,10,9371,25677,6472,0.9371,2.5677,2.74005
2,18,10.25,9300,28411,7154,0.93,2.8411,3.05495
2,18,10.5,9322,27617,6996,0.9322,2.7617,2.96256
2,18,10.75,9334,27139,6857,0.9334,2.7139,2.90754
2,18,11,9346,26707,6740,0.9346,2.6707,2.85759
2,18,11.25,9345,26649,6691,0.9345,2.6649,2.85169
2,18,11.5,9313,27969,7090,0.9313,2.7969,3.00322
2,18,11.75,9327,27482,6932,0.9327,2.7482,2.9465
2,18,12,9325,27505,6962,0.9325,2.7505,2.9496
2,18,12.25,9315,27950,7079,0.9315,2.795,3.00054
2,18,12.5,9360,26178,6636,0.936,2.6178,2.79679
2,18,12.75,9383,25412,6454,0.9383,2.5412,2.7083
2,18,13,9350,26537,6751,0.935,2.6537,2.83818
2,18,13.25,9377,25511,6454,0.9377,2.5511,2.72059
2,18,13.5,9311,28056,7044,0.9311,2.8056,3.01321
2,18,13.75,9392,25132,6457,0.9392,2.5132,2.67589
2,18,14,9341,26913,6796,0.9341,2.6913,2.88117
2,18,14.25,9308,28154,7079,0.9308,2.8154,3.02471
2,18,14.5,9296,28634,7178,0.9296,2.8634,3.08025
2,18,14.75,9346,26680,6739,0.9346,2.668,2.8547
2,18,15,9325,27558,6953,0.9325,2.7558,2.95528
2,18,15.25,9350,26463,6658,0.935,2.6463,2.83027
2,18,15.5,9361,26123,6577,0.9361,2.6123,2.79062
2,18,15.75,9389,25123,6343,0.9389,2.5123,2.67579
2,18,16,9319,27803,7012,0.9319,2.7803,2.98347
2,18,16.25,9362,26087,6555,0.9362,2.6087,2.78648
2,18,16.5,9341,26888,6770,0.9341,2.6888,2.87849
2,18,16.75,9306,28252,7099,0.9306,2.8252,3.03589
2,18,17,9301,28433,7150,0.9301,2.8433,3.05698
2,18,17.25,9401,24573,6285,0.9401,2.4573,2.61387
2,18,17.5,9305,28180,7066,0.9305,2.818,3.02848
2,18,17.75,9320,27628,6962,0.932,2.7628,2.96438
2,18,18,9346,26721,6738,0.9346,2.6721,2.85908
2,18,18.25,9331,27325,6848,0.9331,2.7325,2.92841
2,18,18.5,9319,27793,7011,0.9319,2.7793,2.9824
2,18,18.75,9319,27809,7135,0.9319,2.7809,2.98412
2,18,19,9372,25675,6489,0.9372,2.5675,2.73954
2,18,19.25,9329,27326,6916,0.9329,2.7326,2.92915
2,18,19.5,9335,27137,6845,0.9335,2.7137,2.90702
2,18,19.75,9320,27615,6929,0.932,2.7615,2.96298
2,18,20,9343,26852,6817,0.9343,2.6852,2.87402
2,18,20.25,9284,29148,7311,0.9284,2.9148,3.1396
2,18,20.5,9340,26979,6867,0.934,2.6979,2.88854
2,18,20.75,9305,28319,7148,0.9305,2.8319,3.04342
2,18,21,9292,28664,7180,0.9292,2.8664,3.0848
2,18,21.25,9317,27878,7008,0.9317,2.7878,2.99216
2,18,21.5,9380,25400,6419,0.938,2.54,2.70789
2,18,21.75,9276,29395,7307,0.9276,2.9395,3.16893
2,18,22,9303,28330,7166,0.9303,2.833,3.04525
2,18,22.25,9323,27621,7001,0.9323,2.7621,2.96267
2,18,22.5,9301,28383,7114,0.9301,2.8383,3.05161
2,18,22.75,9358,26282,6624,0.9358,2.6282,2.80851
2,18,23,9347,26638,6715,0.9347,2.6638,2.8499
2,18,23.25,9335,27137,6823,0.9335,2.7137,2.90702
2,18,23.5,9299,28512,7179,0.9299,2.8512,3.06614
2,18,23.75,9355,26433,6704,0.9355,2.6433,2.82555
2,18,24,9357,26369,6689,0.9357,2.6369,2.8181
2,18,24.25,9339,27056,6831,0.9339,2.7056,2.8971
2,18,24.5,9324,27655,6963,0.9324,2.7655,2.966
2,18,24.75,9301,28459,7206,0.9301,2.8459,3.05978
2,18,25,9353,26494,6700,0.9353,2.6494,2.83267
2,18,25.25,9359,26240,6638,0.9359,2.624,2.80372
2,18,25.5,9362,26117,6610,0.9362,2.6117,2.78968
2,18,25.75,9338,26901,6778,0.9338,2.6901,2.88081
2,18,26,9350,26508,6651,0.935,2.6508,2.83508
2,18,26.25,9385,25138,6414,0.9385,2.5138,2.67853
2,18,26.5,9327,27452,6903,0.9327,2.7452,2.94328
2,18,26.75,9295,28553,7179,0.9295,2.8553,3.07187
2,18,27,9289,28839,7227,0.9289,2.8839,3.10464
2,18,27.25,9296,28666,7223,0.9296,2.8666,3.08369
2,18,27.5,9314,27922,7084,0.9314,2.7922,2.99785
2,18,27.75,9361,26149,6667,0.9361,2.6149,2.7934
2,18,28,9299,28533,7172,0.9299,2.8533,3.06839
2,18,28.25,9303,28310,7063,0.9303,2.831,3.0431
2,18,28.5,9394,24950,6339,0.9394,2.495,2.65595
2,18,28.75,9388,25165,6396,0.9388,2.5165,2.68055
2,18,29,9305,28299,7061,0.9305,2.8299,3.04127
2,18,29.25,9315,27959,7081,0.9315,2.7959,3.0015
2,18,29.5,9348,26586,6685,0.9348,2.6586,2.84403
2,18,29.75,9338,26933,6749,0.9338,2.6933,2.88424
2,18,30,9376,25599,6472,0.9376,2.5599,2.73027
2,18,30.25,9326,27482,6957,0.9326,2.7482,2.94682
2,18,30.5,9331,27166,6801,0.9331,2.7166,2.91137
2,18,30.75,9270,29638,7438,0.927,2.9638,3.1972
2,18,31,9307,28254,7126,0.9307,2.8254,3.03578
2,18,31.25,9337,27136,6893,0.9337,2.7136,2.90629
2,18,31.5,9301,28366,7145,0.9301,2.8366,3.04978
2,18,31.75,9294,28721,7219,0.9294,2.8721,3.09027
2,18,32,9318,27605,6927,0.9318,2.7605,2.96255
2,18,32.25,9291,28818,7223,0.9291,2.8818,3.10171
2,18,32.5,9339,26964,6814,0.9339,2.6964,2.88725
2,18,32.75,9370,25812,6527,0.937,2.5812,2.75475
2,18,33,9345,26749,6773,0.9345,2.6749,2.86239
2,18,33.25,9283,29087,7281,0.9283,2.9087,3.13336
2,18,33.5,9322,27544,6924,0.9322,2.7544,2.95473
2,18,33.75,9363,26078,6613,0.9363,2.6078,2.78522
2,18,34,9330,27351,6882,0.933,2.7351,2.93151
2,18,34.25,9337,27042,6835,0.9337,2.7042,2.89622
2,18,34.5,9291,28891,7280,0.9291,2.8891,3.10957
2,18,34.75,9325,27572,6977,0.9325,2.7572,2.95678
2,18,35,9334,27123,6837,0.9334,2.7123,2.90583
2,18,35.25,9335,27204,6883,0.9335,2.7204,2.91419
2,18,35.5,9337,26971,6827,0.9337,2.6971,2.88862
2,18,35.75,9311,28013,7102,0.9311,2.8013,3.00859
2,18,36,9339,27023,6835,0.9339,2.7023,2.89356
2,18,36.25,9295,28658,7169,0.9295,2.8658,3.08316
2,18,36.5,9373,25793,6557,0.9373,2.5793,2.75184
2,18,36.75,9324,27451,6872,0.9324,2.7451,2.94412
2,18,37,9332,27258,6844,0.9332,2.7258,2.92092
2,18,37.25,9310,27988,7051,0.931,2.7988,3.00623
2,18,37.5,9334,27094,6778,0.9334,2.7094,2.90272
2,18,37.75,9377,25544,6535,0.9377,2.5544,2.72411
2,18,38,9330,27376,6874,0.933,2.7376,2.93419
2,18,38.25,9383,25353,6496,0.9383,2.5353,2.70201
2,18,38.5,9313,27986,7025,0.9313,2.7986,3.00505
2,18,38.75,9294,28616,7166,0.9294,2.8616,3.07898
2,18,39,9326,27515,6954,0.9326,2.7515,2.95035
2,18,39.25,9328,27506,6969,0.9328,2.7506,2.94876
2,18,39.5,9334,27153,6827,0.9334,2.7153,2.90904
2,18,39.75,9337,27166,6829,0.9337,2.7166,2.9095
2,18,40,9350,26618,6743,0.935,2.6618,2.84684
2,19,0,200,8425,137,0.02,0.8425,42.125
2,19,0.25,218,9102,102,0.0218,0.9102,41.7523
2,19,0.5,220,9175,97,0.022,0.9175,41.7045
2,19,0.75,224,9343,83,0.0224,0.9343,41.7098
2,19,1,247,10247,99,0.0247,1.0247,41.4858
2,19,1.25,252,10457,102,0.0252,1.0457,41.496
2,19,1.5,241,10011,88,0.0241,1.0011,41.5394
2,19,1.75,263,10861,105,0.0263,1.0861,41.2966
2,19,2,289,11915,117,0.0289,1.1915,41.2284
2,19,2.25,269,11121,114,0.0269,1.1121,41.342
2,19,2.5,310,12677,136,0.031,1.2677,40.8935
2,19,2.75,308,12599,148,0.0308,1.2599,40.9058
2,19,3,332,13531,148,0.0332,1.3531,40.756
2,19,3.25,355,14456,152,0.0355,1.4456,40.7211
2,19,3.5,392,15883,184,0.0392,1.5883,40.5179
2,19,3.75,426,17212,216,0.0426,1.7212,40.4038
2,19,4,473,18966,274,0.0473,1.8966,40.0973
2,19,4.25,509,20294,289,0.0509,2.0294,39.8703
2,19,4.5,561,22170,355,0.0561,2.217,39.5187
2,19,4.75,649,25376,464,0.0649,2.5376,39.1002
2,19,5,789,30264,610,0.0789,3.0264,38.3574
2,19,5.25,928,35063,810,0.0928,3.5063,37.7834
2,19,5.5,1082,40317,1128,0.1082,4.0317,37.2616
2,19,5.75,1345,48460,1593,0.1345,4.846,36.0297
2,19,6,1826,62197,2753,0.1826,6.2197,34.0619
2,19,6.25,2780,83108,5228,0.278,8.3108,29.895
2,19,6.5,4831,104684,11932,0.4831,10.4684,21.6692
2,19,6.75,8117,65717,13717,0.8117,6.5717,8.09622
2,19,7,9244,30547,7634,0.9244,3.0547,3.30452
2,19,7.25,9347,26706,6750,0.9347,2.6706,2.85717
2,19,7.5,9331,27243,6846,0.9331,2.7243,2.91962
2,19,7.75,9334,27091,6789,0.9334,2.7091,2.9024
2,19,8,9351,26516,6730,0.9351,2.6516,2.83563
2,19,8.25,9341,26872,6739,0.9341,2.6872,2.87678
2,19,8.5,9344,26855,6766,0.9344,2.6855,2.87404
2,19,8.75,9309,28099,7068,0.9309,2.8099,3.01848
2,19,9,9328,27427,6898,0.9328,2.7427,2.94029
2,19,9.25,9300,28461,7119,0.93,2.8461,3.06032
2,19,9.5,9356,26377,6707,0.9356,2.6377,2.81926
2,19,9.75,9309,28147,7133,0.9309,2.8147,3.02363
2,19,10,9332,27278,6902,0.9332,2.7278,2.92306
2,19,10.25,9290,28712,7198,0.929,2.8712,3.09064
2,19,10.5,9292,28782,7226,0.9292,2.8782,3.0975
2,19,10.75,9318,27795,6966,0.9318,2.7795,2.98294
2,19,11,9311,27974,7025,0.9311,2.7974,3.0044
2,19,11.25,9268,29653,7367,0.9268,2.9653,3.1995
2,19,11.5,9304,28316,7098,0.9304,2.8316,3.04342
2,19,11.75,9298,28539,7200,0.9298,2.8539,3.06937
2,19,12,9361,26118,6598,0.9361,2.6118,2.79009
2,19,12.25,9298,28559,7146,0.9298,2.8559,3.07152
2,19,12.5,9318,27734,6962,0.9318,2.7734,2.97639
2,19,12.75,9305,28301,7115,0.9305,2.8301,3.04148
2,19,13,9336,27114,6862,0.9336,2.7114,2.90424
2,19,13.25,9347,26671,6749,0.9347,2.6671,2.85343
2,19,13.5,9321,27526,6872,0.9321,2.7526,2.95312
2,19,13.75,9388,25191,6425,0.9388,2.5191,2.68332
2,19,14,9334,27173,6872,0.9334,2.7173,2.91118
2,19,14.25,9324,27588,6935,0.9324,2.7588,2.95882
2,19,14.5,9273,29409,7345,0.9273,2.9409,3.17147
2,19,14.75,9340,26895,6796,0.934,2.6895,2.87955
2,19,15,9326,27396,6907,0.9326,2.7396,2.93759
2,19,15.25,9372,25744,6527,0.9372,2.5744,2.74691
2,19,15.5,9279,29298,7287,0.9279,2.9298,3.15745
2,19,15.75,9323,27534,6915,0.9323,2.7534,2.95334
2,19,16,9298,28616,7207,0.9298,2.8616,3.07765
2,19,16.25,9370,25821,6564,0.937,2.5821,2.75571
2,19,16.5,9302,28382,7107,0.9302,2.8382,3.05117
2,19,16.75,9370,25879,6552,0.937,2.5879,2.7619
2,19,17,9328,27573,6984,0.9328,2.7573,2.95594
2,19,17.25,9333,27185,6893,0.9333,2.7185,2.91278
2,19,17.5,9352,26381,6609,0.9352,2.6381,2.82089
2,19,17.75,9331,27378,6881,0.9331,2.7378,2.93409
2,19,18,9325,27420,6908,0.9325,2.742,2.94048
2,19,18.25,9299,28474,7168,0.9299,2.8474,3.06205
2,19,18.5,9359,26251,6660,0.9359,2.6251,2.80489
2,19,18.75,9298,28456,7063,0.9298,2.8456,3.06044
2,19,19,9322,27527,6904,0.9322,2.7527,2.95291
2,19,19.25,9288,28895,7207,0.9288,2.8895,3.111
2,19,19.5,9290,28721,7215,0.929,2.8721,3.0916
2,19,19.75,9307,28170,7140,0.9307,2.817,3.02675
2,19,20,9313,27992,7085,0.9313,2.7992,3.00569
2,19,20.25,9303,28145,7014,0.9303,2.8145,3.02537
2,19,20.5,9363,26061,6636,0.9363,2.6061,2.7834
2,19,20.75,9291,28815,7277,0.9291,2.8815,3.10139
2,19,21,9326,27439,6915,0.9326,2.7439,2.9422
2,19,21.25,9278,29218,7291,0.9278,2.9218,3.14917
2,19,21.5,9367,26021,6624,0.9367,2.6021,2.77794
2,19,21.75,9296,28654,7204,0.9296,2.8654,3.0824
2,19,22,9361,26147,6636,0.9361,2.6147,2.79318
2,19,22.25,9355,26400,6698,0.9355,2.64,2.82202
2,19,22.5,9310,28110,7110,0.931,2.811,3.01933
2,19,22.75,9309,28191,7157,0.9309,2.8191,3.02836
2,19,23,9324,27523,6879,0.9324,2.7523,2.95184
2,19,23.25,9382,25272,6413,0.9382,2.5272,2.69367
2,19,23.5,9324,27589,6903,0.9324,2.7589,2.95892
2,19,23.75,9291,28763,7196,0.9291,2.8763,3.09579
2,19,24,9350,26547,6700,0.935,2.6547,2.83925
2,19,24.25,9290,28783,7189,0.929,2.8783,3.09828
2,19,24.5,9308,28190,7066,0.9308,2.819,3.02858
2,19,24.75,9290,28708,7190,0.929,2.8708,3.0902
2,19,25,9351,26481,6713,0.9351,2.6481,2.83189
2,19,25.25,9342,26888,6771,0.9342,2.6888,2.87818
2,19,25.5,9339,26963,6782,0.9339,2.6963,2.88714
2,19,25.75,9380,25488,6476,0.938,2.5488,2.71727
2,19,26,9333,27329,6931,0.9333,2.7329,2.92821
2,19,26.25,9328,27521,6939,0.9328,2.7521,2.95036
2,19,26.5,9319,27667,6926,0.9319,2.7667,2.96888
2,19,26.75,9332,27196,6874,0.9332,2.7196,2.91427
2,19,27,9340,26858,6718,0.934,2.6858,2.87559
2,19,27.25,9320,27762,7026,0.932,2.7762,2.97876
2,19,27.5,9372,25730,6529,0.9372,2.573,2.74541
2,19,27.75,9342,26860,6776,0.9342,2.686,2.87519
2,19,28,9344,26867,6766,0.9344,2.6867,2.87532
2,19,28.25,9379,25393,6420,0.9379,2.5393,2.70743
2,19,28.5,9335,27071,6818,0.9335,2.7071,2.89995
2,19,28.75,9299,28465,7177,0.9299,2.8465,3.06108
2,19,29,9312,27944,7020,0.9312,2.7944,3.00086
2,19,29.25,9381,25439,6473,0.9381,2.5439,2.71176
2,19,29.5,9341,27051,6859,0.9341,2.7051,2.89594
2,19,29.75,9304,28330,7098,0.9304,2.833,3.04493
2,19,30,9327,27388,6870,0.9327,2.7388,2.93642
2,19,30.25,9361,26218,6622,0.9361,2.6218,2.80077
2,19,30.5,9341,26816,6728,0.9341,2.6816,2.87078
2,19,30.75,9279,29370,7425,0.9279,2.937,3.16521
2,19,31,9332,27238,6850,0.9332,2.7238,2.91877
2,19,31.25,9341,26918,6806,0.9341,2.6918,2.8817
2,19,31.5,9378,25499,6442,0.9378,2.5499,2.71902
2,19,31.75,9348,26646,6758,0.9348,2.6646,2.85045
2,19,32,9329,27437,6924,0.9329,2.7437,2.94104
2,19,32.25,9373,25685,6452,0.9373,2.5685,2.74032
2,19,32.5,9328,27388,6858,0.9328,2.7388,2.93611
2,19,32.75,9359,26165,6628,0.9359,2.6165,2.7957
2,19,33,9365,26037,6568,0.9365,2.6037,2.78025
2,19,33.25,9356,26383,6674,0.9356,2.6383,2.8199
2,19,33.5,9350,26523,6664,0.935,2.6523,2.83668
2,19,33.75,9355,26305,6662,0.9355,2.6305,2.81187
2,19,34,9317,27807,6988,0.9317,2.7807,2.98454
2,19,34.25,9331,27344,6902,0.9331,2.7344,2.93045
2,19,34.5,9384,25226,6365,0.9384,2.5226,2.68819
2,19,34.75,9349,26525,6731,0.9349,2.6525,2.8372
2,19,35,9338,26983,6855,0.9338,2.6983,2.88959
2,19,35.25,9332,27224,6870,0.9332,2.7224,2.91727
2,19,35.5,9370,25870,6573,0.937,2.587,2.76094
2,19,35.75,9305,28347,7166,0.9305,2.8347,3.04643
2,19,36,9326,27390,6903,0.9326,2.739,2.93695
2,19,36.25,9311,28123,7088,0.9311,2.8123,3.02041
2,19,36.5,9329,27239,6793,0.9329,2.7239,2.91982
2,19,36.75,9312,27948,7013,0.9312,2.7948,3.00129
2,19,37,9368,25986,6610,0.9368,2.5986,2.77391
2,19,37.25,9340,26886,6798,0.934,2.6886,2.87859
2,19,37.5,9346,26638,6675,0.9346,2.6638,2.8502
2,19,37.75,9377,25621,6511,0.9377,2.5621,2.73232
2,19,38,9330,27292,6866,0.933,2.7292,2.92519
2,19,38.25,9334,27048,6780,0.9334,2.7048,2.89779
2,19,38.5,9290,28820,7259,0.929,2.882,3.10226
2,19,38.75,9285,29107,7321,0.9285,2.9107,3.13484
2,19,39,9332,27303,6922,0.9332,2.7303,2.92574
2,19,39.25,9343,26845,6810,0.9343,2.6845,2.87327
2,19,39.5,9310,28138,7108,0.931,2.8138,3.02234
2,19,39.75,9341,26901,6841,0.9341,2.6901,2.87988
2,19,40,9355,26458,6705,0.9355,2.6458,2.82822
3,0,0,200,8388,141,0.02,0.8388,41.94
3,0,0.25,229,9478,111,0.0229,0.9478,41.3886
3,0,0.5,239,9867,106,0.0239,0.9867,41.2845
3,0,0.75,281,11498,135,0.0281,1.1498,40.9181
3,0,1,316,12875,155,0.0316,1.2875,40.7437
3,0,1.25,357,14484,170,0.0357,1.4484,40.5714
3,0,1.5,375,15151,169,0.0375,1.5151,40.4027
3,0,1.75,411,16519,185,0.0411,1.6519,40.1922
3,0,2,450,18055,239,0.045,1.8055,40.1222
3,0,2.25,494,19744,259,0.0494,1.9744,39.9676
3,0,2.5,537,21362,303,0.0537,2.1362,39.7803
3,0,2.75,598,23591,411,0.0598,2.3591,39.4498
3,0,3,716,27733,535,0.0716,2.7733,38.7332
3,0,3.25,862,32845,708,0.0862,3.2845,38.1032
3,0,3.5,1052,39177,988,0.1052,3.9177,37.2405
3,0,3.75,1360,48895,1534,0.136,4.8895,35.9522
3,0,4,1851,62568,2687,0.1851,6.2568,33.8023
3,0,4.25,2845,84386,5506,0.2845,8.4386,29.6612
3,0,4.5,4904,104074,12021,0.4904,10.4074,21.2223
3,0,4.75,8238,62396,13318,0.8238,6.2396,7.57417
3,0,5,9302,28452,7171,0.9302,2.8452,3.0587
3,0,5.25,9370,25852,6572,0.937,2.5852,2.75902
3,0,5.5,9372,25727,6516,0.9372,2.5727,2.74509
3,0,5.75,9331,27292,6841,0.9331,2.7292,2.92487
3,0,6,9295,28732,7211,0.9295,2.8732,3.09112
3,0,6.25,9297,28584,7147,0.9297,2.8584,3.07454
3,0,6.5,9318,27736,6947,0.9318,2.7736,2.9766
3,0,6.75,9337,27145,6871,0.9337,2.7145,2.90725
3,0,7,9345,26756,6724,0.9345,2.6756,2.86314
3,0,7.25,9350,26514,6699,0.935,2.6514,2.83572
3,0,7.5,9318,27691,6919,0.9318,2.7691,2.97178
3,0,7.75,9351,26504,6709,0.9351,2.6504,2.83435
3,0,8,9358,26241,6629,0.9358,2.6241,2.80412
3,0,8.25,9363,26171,6636,0.9363,2.6171,2.79515
3,0,8.5,9338,27022,6848,0.9338,2.7022,2.89377
3,0,8.75,9353,26514,6682,0.9353,2.6514,2.83481
3,0,9,9359,26200,6635,0.9359,2.62,2.79944
3,0,9.25,9334,27202,6865,0.9334,2.7202,2.91429
3,0,9.5,9329,27389,6910,0.9329,2.7389,2.9359
3,0,9.75,9364,26013,6589,0.9364,2.6013,2.77798
3,0,10,9330,27276,6894,0.933,2.7276,2.92347
3,0,10.25,9309,28183,7073,0.9309,2.8183,3.0275
3,0,10.5,9347,26719,6750,0.9347,2.6719,2.85856
3,0,10.75,9357,26383,6680,0.9357,2.6383,2.8196
3,0,11,9374,25549,6453,0.9374,2.5549,2.72552
3,0,11.25,9312,27907,6996,0.9312,2.7907,2.99689
3,0,11.5,9348,26554,6660,0.9348,2.6554,2.84061
3,0,11.75,9297,28522,7145,0.9297,2.8522,3.06787
3,0,12,9333,27184,6828,0.9333,2.7184,2.91268
3,0,12.25,9326,27450,6889,0.9326,2.745,2.94338
3,0,12.5,9308,28215,7086,0.9308,2.8215,3.03126
3,0,12.75,9364,26002,6631,0.9364,2.6002,2.7768
3,0,13,9371,25725,6547,0.9371,2.5725,2.74517
3,0,13.25,9362,26099,6587,0.9362,2.6099,2.78776
3,0,13.5,9328,27436,6907,0.9328,2.7436,2.94125
3,0,13.75,9336,27048,6814,0.9336,2.7048,2.89717
3,0,14,9332,27157,6821,0.9332,2.7157,2.91009
3,0,14.25,9323,27525,6891,0.9323,2.7525,2.95238
3,0,14.5,9317,27887,7048,0.9317,2.7887,2.99313
3,0,14.75,9346,26685,6730,0.9346,2.6685,2.85523
3,0,15,9348,26651,6758,0.9348,2.6651,2.85098
3,0,15.25,9367,25924,6578,0.9367,2.5924,2.76759
3,0,15.5,9330,27381,6898,0.933,2.7381,2.93473
3,0,15.75,9312,28104,7083,0.9312,2.8104,3.01804
3,0,16,9331,27292,6862,0.9331,2.7292,2.92487
3,0,16.25,9301,28438,7197,0.9301,2.8438,3.05752
3,0,16.5,9361,26071,6525,0.9361,2.6071,2.78507
3,0,16.75,9281,29208,7341,0.9281,2.9208,3.14707
3,0,17,9306,28246,7115,0.9306,2.8246,3.03525
3,0,17.25,9358,26296,6631,0.9358,2.6296,2.81
3,0,17.5,9297,28552,7180,0.9297,2.8552,3.0711
3,0,17.75,9343,26876,6793,0.9343,2.6876,2.87659
3,0,18,9339,26899,6752,0.9339,2.6899,2.88029
3,0,18.25,9368,25773,6503,0.9368,2.5773,2.75117
3,0,18.5,9315,27941,7049,0.9315,2.7941,2.99957
3,0,18.75,9345,26695,6735,0.9345,2.6695,2.85661
3,0,19,9372,25735,6541,0.9372,2.5735,2.74595
3,0,19.25,9356,26272,6626,0.9356,2.6272,2.80804
3,0,19.5,9300,28464,7159,0.93,2.8464,3.06065
3,0,19.75,9312,27959,7032,0.9312,2.7959,3.00247
3,0,20,9322,27649,6961,0.9322,2.7649,2.96599
3,0,20.25,9343,26726,6727,0.9343,2.6726,2.86054
3,0,20.5,9353,26424,6702,0.9353,2.6424,2.82519
3,0,20.75,9346,26716,6728,0.9346,2.6716,2.85855
3,0,21,9349,26641,6750,0.9349,2.6641,2.84961
3,0,21.25,9323,27656,7012,0.9323,2.7656,2.96643
3,0,21.5,9305,28360,7179,0.9305,2.836,3.04782
3,0,21.75,9307,28177,7059,0.9307,2.8177,3.02751
3,0,22,9387,25082,6379,0.9387,2.5082,2.67199
3,0,22.25,9297,28581,7257,0.9297,2.8581,3.07422
3,0,22.5,9285,29098,7248,0.9285,2.9098,3.13387
3,0,22.75,9356,26420,6707,0.9356,2.642,2.82386
3,0,23,9327,27317,6855,0.9327,2.7317,2.92881
3,0,23.25,9339,26978,6822,0.9339,2.6978,2.88875
3,0,23.5,9355,26284,6658,0.9355,2.6284,2.80962
3,0,23.75,9336,27079,6791,0.9336,2.7079,2.90049
3,0,24,9310,28051,7062,0.931,2.8051,3.013
3,0,24.25,9305,28204,7078,0.9305,2.8204,3.03106
3,0,24.5,9313,28046,7051,0.9313,2.8046,3.01149
3,0,24.75,9282,29140,7323,0.9282,2.914,3.13941
3,0,25,9389,25121,6361,0.9389,2.5121,2.67558
3,0,25.25,9394,24777,6250,0.9394,2.4777,2.63753
3,0,25.5,9329,27437,6942,0.9329,2.7437,2.94104
3,0,25.75,9349,26538,6693,0.9349,2.6538,2.83859
3,0,26,9354,26394,6705,0.9354,2.6394,2.82168
3,0,26.25,9311,28133,7087,0.9311,2.8133,3.02148
3,0,26.5,9316,27872,7029,0.9316,2.7872,2.99184
3,0,26.75,9299,28521,7208,0.9299,2.8521,3.0671
3,0,27,9323,27477,6893,0.9323,2.7477,2.94723
3,0,27.25,9320,27728,7002,0.932,2.7728,2.97511
3,0,27.5,9355,26382,6707,0.9355,2.6382,2.8201
3,0,27.75,9336,27030,6777,0.9336,2.703,2.89524
3,0,28,9316,27848,7008,0.9316,2.7848,2.98927
3,0,28.25,9348,26670,6791,0.9348,2.667,2.85302
3,0,28.5,9343,26825,6769,0.9343,2.6825,2.87113
3,0,28.75,9348,26668,6782,0.9348,2.6668,2.8528
3,0,29,9323,27612,6945,0.9323,2.7612,2.96171
3,0,29.25,9386,25093,6367,0.9386,2.5093,2.67345
3,0,29.5,9283,29220,7395,0.9283,2.922,3.14769
3,0,29.75,9326,27545,6942,0.9326,2.7545,2.95357
3,0,30,9354,26412,6678,0.9354,2.6412,2.8236
3,0,30.25,9361,26119,6558,0.9361,2.6119,2.79019
3,0,30.5,9372,25688,6489,0.9372,2.5688,2.74093
3,0,30.75,9372,25744,6500,0.9372,2.5744,2.74691
3,0,31,9359,26112,6563,0.9359,2.6112,2.79004
3,0,31.25,9354,26368,6635,0.9354,2.6368,2.8189
3,0,31.5,9375,25539,6463,0.9375,2.5539,2.72416
3,0,31.75,9333,27126,6831,0.9333,2.7126,2.90646
3,0,32,9328,27491,7009,0.9328,2.7491,2.94715
3,0,32.25,9345,26779,6773,0.9345,2.6779,2.8656
3,0,32.5,9347,26768,6789,0.9347,2.6768,2.86381
3,0,32.75,9306,28267,7132,0.9306,2.8267,3.0375
3,0,33,9360,26149,6667,0.936,2.6149,2.7937
3,0,33.25,9336,27209,6876,0.9336,2.7209,2.91442
3,0,33.5,9315,27862,7044,0.9315,2.7862,2.99109
3,0,33.75,9350,26586,6726,0.935,2.6586,2.84342
3,0,34,9349,26585,6694,0.9349,2.6585,2.84362
3,0,34.25,9372,25729,6557,0.9372,2.5729,2.74531
3,0,34.5,9357,26296,6646,0.9357,2.6296,2.8103
3,0,34.75,9306,28141,7062,0.9306,2.8141,3.02396
3,0,35,9326,27421,6915,0.9326,2.7421,2.94027
3,0,35.25,9312,27998,7054,0.9312,2.7998,3.00666
3,0,35.5,9326,27388,6905,0.9326,2.7388,2.93674
3,0,35.75,9293,28810,7290,0.9293,2.881,3.10018
3,0,36,9342,26952,6829,0.9342,2.6952,2.88504
3,0,36.25,9310,28135,7078,0.931,2.8135,3.02202
3,0,36.5,9346,26748,6785,0.9346,2.6748,2.86197
3,0,36.75,9381,25393,6406,0.9381,2.5393,2.70685
3,0,37,9325,27465,6920,0.9325,2.7465,2.94531
3,0,37.25,9333,27248,6871,0.9333,2.7248,2.91953
3,0,37.5,9408,24363,6227,0.9408,2.4363,2.5896
3,0,37.75,9312,27997,7050,0.9312,2.7997,3.00655
3,0,38,9352,26468,6725,0.9352,2.6468,2.8302
3,0,38.25,9368,25769,6469,0.9368,2.5769,2.75075
3,0,38.5,9328,27384,6868,0.9328,2.7384,2.93568
3,0,38.75,9323,27527,6921,0.9323,2.7527,2.95259
3,0,39,9304,28182,7007,0.9304,2.8182,3.02902
3,0,39.25,9314,27811,7024,0.9314,2.7811,2.98594
3,0,39.5,9319,27687,6952,0.9319,2.7687,2.97103
3,0,39.75,9345,26687,6774,0.9345,2.6687,2.85575
3,0,40,9363,26067,6594,0.9363,2.6067,2.78404
3,1,0,200,8448,137,0.02,0.8448,42.24
3,1,0.25,222,9260,107,0.0222,0.926,41.7117
3,1,0.5,242,10016,105,0.0242,1.0016,41.3884
3,1,0.75,261,10768,99,0.0261,1.0768,41.2567
3,1,1,259,10714,114,0.0259,1.0714,41.3668
3,1,1.25,270,11135,120,0.027,1.1135,41.2407
3,1,1.5,293,12061,130,0.0293,1.2061,41.1638
3,1,1.75,317,12999,149,0.0317,1.2999,41.0063
3,1,2,341,13907,156,0.0341,1.3907,40.783
3,1,2.25,345,14128,149,0.0345,1.4128,40.9507
3,1,2.5,361,14744,168,0.0361,1.4744,40.8421
3,1,2.75,406,16501,212,0.0406,1.6501,40.6429
3,1,3,451,18149,270,0.0451,1.8149,40.2417
3,1,3.25,486,19488,290,0.0486,1.9488,40.0988
3,1,3.5,534,21328,334,0.0534,2.1328,39.9401
3,1,3.75,603,23795,388,0.0603,2.3795,39.461
3,1,4,667,26043,466,0.0667,2.6043,39.045
3,1,4.25,777,29856,644,0.0777,2.9856,38.4247
3,1,4.5,919,34874,796,0.0919,3.4874,37.9478
3,1,4.75,1148,42326,1199,0.1148,4.2326,36.8693
3,1,5,1526,53773,1972,0.1526,5.3773,35.2379
3,1,5.25,2214,71724,3661,0.2214,7.1724,32.3957
3,1,5.5,3676,96749,8235,0.3676,9.6749,26.3191
3,1,5.75,6817,91803,15566,0.6817,9.1803,13.4668
3,1,6,9080,36534,8906,0.908,3.6534,4.02357
3,1,6.25,9311,27983,7086,0.9311,2.7983,3.00537
3,1,6.5,9360,26128,6622,0.936,2.6128,2.79145
3,1,6.75,9303,28376,7174,0.9303,2.8376,3.0502
3,1,7,9333,27102,6793,0.9333,2.7102,2.90389
3,1,7.25,9301,28471,7221,0.9301,2.8471,3.06107
3,1,7.5,9307,28214,7066,0.9307,2.8214,3.03148
3,1,7.75,9362,26045,6581,0.9362,2.6045,2.78199
3,1,8,9351,26444,6691,0.9351,2.6444,2.82793
3,1,8.25,9378,25519,6508,0.9378,2.5519,2.72116
3,1,8.5,9304,28211,7075,0.9304,2.8211,3.03214
3,1,8.75,9336,27161,6888,0.9336,2.7161,2.90928
3,1,9,9350,26518,6678,0.935,2.6518,2.83615
3,1,9.25,9330,27309,6904,0.933,2.7309,2.92701
3,1,9.5,9353,26524,6739,0.9353,2.6524,2.83588
3,1,9.75,9289,28751,7199,0.9289,2.8751,3.09517
3,1,10,9314,27859,6987,0.9314,2.7859,2.99109
3,1,10.25,9317,27853,7048,0.9317,2.7853,2.98948
3,1,10.5,9301,28360,7128,0.9301,2.836,3.04913
3,1,10.75,9371,25873,6557,0.9371,2.5873,2.76096
3,1,11,9310,28053,7077,0.931,2.8053,3.01321
3,1,11.25,9346,26740,6794,0.9346,2.674,2.86112
3,1,11.5,9376,25581,6513,0.9376,2.5581,2.72835
3,1,11.75,9327,27499,6988,0.9327,2.7499,2.94832
3,1,12,9297,28565,7223,0.9297,2.8565,3.0725
3,1,12.25,9334,27207,6898,0.9334,2.7207,2.91483
3,1,12.5,9333,27271,6929,0.9333,2.7271,2.922
3,1,12.75,9363,26127,6613,0.9363,2.6127,2.79045
3,1,13,9312,28053,7096,0.9312,2.8053,3.01256
3,1,13.25,9338,27038,6851,0.9338,2.7038,2.89548
3,1,13.5,9317,27895,7059,0.9317,2.7895,2.99399
3,1,13.75,9302,28346,7107,0.9302,2.8346,3.0473
3,1,14,9361,26114,6560,0.9361,2.6114,2.78966
3,1,14.25,9310,28050,7072,0.931,2.805,3.01289
3,1,14.5,9359,26183,6588,0.9359,2.6183,2.79763
3,1,14.75,9326,27479,6908,0.9326,2.7479,2.94649
3,1,15,9325,27433,6885,0.9325,2.7433,2.94188
3,1,15.25,9383,25338,6477,0.9383,2.5338,2.70042
3,1,15.5,9280,29193,7273,0.928,2.9193,3.1458
3,1,15.75,9249,30405,7585,0.9249,3.0405,3.28738
3,1,16,9272,29501,7393,0.9272,2.9501,3.18173
3,1,16.25,9272,29562,7429,0.9272,2.9562,3.18831
3,1,16.5,9342,26915,6799,0.9342,2.6915,2.88107
3,1,16.75,9301,28457,7182,0.9301,2.8457,3.05956
3,1,17,9342,26894,6806,0.9342,2.6894,2.87883
3,1,17.25,9331,27292,6892,0.9331,2.7292,2.92487
3,1,17.5,9277,29252,7299,0.9277,2.9252,3.15317
3,1,17.75,9322,27701,7008,0.9322,2.7701,2.97157
3,1,18,9296,28580,7212,0.9296,2.858,3.07444
3,1,18.25,9362,26145,6611,0.9362,2.6145,2.79267
3,1,18.5,9374,25691,6527,0.9374,2.5691,2.74067
3,1,18.75,9374,25648,6515,0.9374,2.5648,2.73608
3,1,19,9329,27355,6929,0.9329,2.7355,2.93225
3,1,19.25,9324,27508,6936,0.9324,2.7508,2.95024
3,1,19.5,9334,27233,6903,0.9334,2.7233,2.91761
3,1,19.75,9339,27065,6825,0.9339,2.7065,2.89806
3,1,20,9326,27464,6926,0.9326,2.7464,2.94489
3,1,20.25,9292,28798,7288,0.9292,2.8798,3.09923
3,1,20.5,9311,28123,7110,0.9311,2.8123,3.02041
3,1,20.75,9331,27260,6866,0.9331,2.726,2.92144
3,1,21,9322,27595,6948,0.9322,2.7595,2.9602
3,1,21.25,9334,27179,6836,0.9334,2.7179,2.91183
3,1,21.5,9324,27592,6975,0.9324,2.7592,2.95924
3,1,21.75,9325,27475,6918,0.9325,2.7475,2.94638
3,1,22,9364,26023,6594,0.9364,2.6023,2.77905
3,1,22.25,9316,27858,6989,0.9316,2.7858,2.99034
3,1,22.5,9351,26556,6768,0.9351,2.6556,2.83991
3,1,22.75,9349,26576,6653,0.9349,2.6576,2.84266
3,1,23,9304,28405,7186,0.9304,2.8405,3.05299
3,1,23.25,9344,26795,6759,0.9344,2.6795,2.86762
3,1,23.5,9330,27272,6909,0.933,2.7272,2.92304
3,1,23.75,9338,27044,6761,0.9338,2.7044,2.89612
3,1,24,9322,27613,6960,0.9322,2.7613,2.96213
3,1,24.25,9319,27745,7031,0.9319,2.7745,2.97725
3,1,24.5,9329,27466,6953,0.9329,2.7466,2.94415
3,1,24.75,9368,25873,6544,0.9368,2.5873,2.76185
3,1,25,9333,27223,6899,0.9333,2.7223,2.91685
3,1,25.25,9300,28381,7175,0.93,2.8381,3.05172
3,1,25.5,9325,27428,6940,0.9325,2.7428,2.94134
3,1,25.75,9362,26128,6647,0.9362,2.6128,2.79086
3,1,26,9299,28543,7205,0.9299,2.8543,3.06947
3,1,26.25,9321,27672,6952,0.9321,2.7672,2.96878
3,1,26.5,9348,26620,6734,0.9348,2.662,2.84767
3,1,26.75,9326,27507,6967,0.9326,2.7507,2.9495
3,1,27,9347,26753,6747,0.9347,2.6753,2.8622
3,1,27.25,9368,25854,6544,0.9368,2.5854,2.75982
3,1,27.5,9266,29616,7392,0.9266,2.9616,3.1962
3,1,27.75,9344,26844,6780,0.9344,2.6844,2.87286
3,1,28,9333,27280,6893,0.9333,2.728,2.92296
3,1,28.25,9364,25920,6501,0.9364,2.592,2.76805
3,1,28.5,9315,27882,7039,0.9315,2.7882,2.99324
3,1,28.75,9363,25949,6533,0.9363,2.5949,2.77144
3,1,29,9354,26353,6690,0.9354,2.6353,2.8173
3,1,29.25,9355,26418,6715,0.9355,2.6418,2.82394
3,1,29.5,9294,28727,7241,0.9294,2.8727,3.09092
3,1,29.75,9297,28655,7245,0.9297,2.8655,3.08218
3,1,30,9335,27058,6840,0.9335,2.7058,2.89855
3,1,30.25,9298,28478,7184,0.9298,2.8478,3.06281
3,1,30.5,9356,26304,6660,0.9356,2.6304,2.81146
3,1,30.75,9304,28270,7061,0.9304,2.827,3.03848
3,1,31,9361,26154,6640,0.9361,2.6154,2.79393
3,1,31.25,9361,26112,6572,0.9361,2.6112,2.78945
3,1,31.5,9364,25939,6572,0.9364,2.5939,2.77008
3,1,31.75,9354,26398,6662,0.9354,2.6398,2.82211
3,1,32,9349,26577,6688,0.9349,2.6577,2.84276
3,1,32.25,9316,27838,7022,0.9316,2.7838,2.98819
3,1,32.5,9359,26195,6608,0.9359,2.6195,2.79891
3,1,32.75,9340,26902,6808,0.934,2.6902,2.8803
3,1,33,9405,24474,6266,0.9405,2.4474,2.60223
3,1,33.25,9364,26042,6605,0.9364,2.6042,2.78108
3,1,33.5,9345,26641,6700,0.9345,2.6641,2.85083
3,1,33.75,9331,27339,6926,0.9331,2.7339,2.92991
3,1,34,9383,25254,6376,0.9383,2.5254,2.69146
3,1,34.25,9323,27583,6954,0.9323,2.7583,2.9586
3,1,34.5,9368,25922,6588,0.9368,2.5922,2.76708
3,1,34.75,9285,29002,7245,0.9285,2.9002,3.12353
3,1,35,9325,27418,6930,0.9325,2.7418,2.94027
3,1,35.25,9325,27517,6895,0.9325,2.7517,2.95088
3,1,35.5,9378,25496,6471,0.9378,2.5496,2.7187
3,1,35.75,9322,27640,6961,0.9322,2.764,2.96503
3,1,36,9338,27050,6841,0.9338,2.705,2.89677
3,1,36.25,9358,26167,6613,0.9358,2.6167,2.79622
3,1,36.5,9336,27141,6872,0.9336,2.7141,2.90713
3,1,36.75,9320,27624,6907,0.932,2.7624,2.96395
3,1,37,9341,26925,6787,0.9341,2.6925,2.88245
3,1,37.25,9302,28415,7181,0.9302,2.8415,3.05472
3,1,37.5,9307,28205,7111,0.9307,2.8205,3.03051
3,1,37.75,9290,28894,7243,0.929,2.8894,3.11023
3,1,38,9374,25625,6508,0.9374,2.5625,2.73362
3,1,38.25,9334,27082,6768,0.9334,2.7082,2.90144
3,1,38.5,9329,27301,6831,0.9329,2.7301,2.92647
3,1,38.75,9321,27662,6989,0.9321,2.7662,2.96771
3,1,39,9296,28680,7223,0.9296,2.868,3.0852
3,1,39.25,9345,26768,6728,0.9345,2.6768,2.86442
3,1,39.5,9359,26240,6698,0.9359,2.624,2.80372
3,1,39.75,9310,28093,7038,0.931,2.8093,3.01751
3,1,40,9383,25245,6440,0.9383,2.5245,2.6905
3,2,0,200,8394,138,0.02,0.8394,41.97
3,2,0.25,226,9358,100,0.0226,0.9358,41.4071
3,2,0.5,237,9775,113,0.0237,0.9775,41.2447
3,2,0.75,255,10486,105,0.0255,1.0486,41.1216
3,2,1,257,10548,102,0.0257,1.0548,41.0428
3,2,1.25,257,10585,101,0.0257,1.0585,41.1868
3,2,1.5,254,10513,97,0.0254,1.0513,41.3898
3,2,1.75,250,10313,87,0.025,1.0313,41.252
3,2,2,272,11153,102,0.0272,1.1153,41.0037
3,2,2.25,276,11360,110,0.0276,1.136,41.1594
3,2,2.5,294,12045,121,0.0294,1.2045,40.9694
3,2,2.75,294,12065,133,0.0294,1.2065,41.0374
3,2,3,330,13502,165,0.033,1.3502,40.9152
3,2,3.25,355,14443,186,0.0355,1.4443,40.6845
3,2,3.5,395,15929,224,0.0395,1.5929,40.3266
3,2,3.75,425,17100,222,0.0425,1.71,40.2353
3,2,4,460,18412,263,0.046,1.8412,40.0261
3,2,4.25,474,18943,260,0.0474,1.8943,39.9641
3,2,4.5,513,20406,321,0.0513,2.0406,39.7778
3,2,4.75,538,21306,361,0.0538,2.1306,39.6022
3,2,5,639,25007,450,0.0639,2.5007,39.1346
3,2,5.25,753,29027,594,0.0753,2.9027,38.5485
3,2,5.5,871,33322,800,0.0871,3.3322,38.2572
3,2,5.75,1103,40967,1154,0.1103,4.0967,37.1414
3,2,6,1456,51773,1789,0.1456,5.1773,35.5584
3,2,6.25,1981,66261,3068,0.1981,6.6261,33.4483
3,2,6.5,3043,88332,6205,0.3043,8.8332,29.0279
3,2,6.75,5519,103673,13718,0.5519,10.3673,18.7847
3,2,7,8582,52426,11754,0.8582,5.2426,6.10883
3,2,7.25,9332,27052,6779,0.9332,2.7052,2.89884
3,2,7.5,9355,26512,6707,0.9355,2.6512,2.83399
3,2,7.75,9348,26714,6784,0.9348,2.6714,2.85772
3,2,8,9373,25588,6499,0.9373,2.5588,2.72997
3,2,8.25,9286,28994,7334,0.9286,2.8994,3.12233
3,2,8.5,9302,28463,7234,0.9302,2.8463,3.05988
3,2,8.75,9296,28609,7245,0.9296,2.8609,3.07756
3,2,9,9335,27278,6945,0.9335,2.7278,2.92212
3,2,9.25,9320,27747,6987,0.932,2.7747,2.97715
3,2,9.5,9351,26537,6719,0.9351,2.6537,2.83788
3,2,9.75,9272,29430,7366,0.9272,2.943,3.17407
3,2,10,9392,24931,6339,0.9392,2.4931,2.65449
3,2,10.25,9321,27591,6945,0.9321,2.7591,2.96009
3,2,10.5,9333,27347,6918,0.9333,2.7347,2.93014
3,2,10.75,9283,29122,7267,0.9283,2.9122,3.13713
3,2,11,9390,25031,6355,0.939,2.5031,2.66571
3,2,11.25,9316,27768,6962,0.9316,2.7768,2.98068
3,2,11.5,9323,27571,6925,0.9323,2.7571,2.95731
3,2,11.75,9362,26164,6645,0.9362,2.6164,2.7947
3,2,12,9291,28746,7177,0.9291,2.8746,3.09396
3,2,12.25,9394,24952,6385,0.9394,2.4952,2.65616
3,2,12.5,9392,24935,6348,0.9392,2.4935,2.65492
3,2,12.75,9337,27053,6806,0.9337,2.7053,2.8974
3,2,13,9372,25663,6484,0.9372,2.5663,2.73826
3,2,13.25,9308,28198,7179,0.9308,2.8198,3.02944
3,2,13.5,9340,27029,6882,0.934,2.7029,2.8939
3,2,13.75,9349,26668,6747,0.9349,2.6668,2.8525
3,2,14,9302,28395,7183,0.9302,2.8395,3.05257
3,2,14.25,9359,26198,6626,0.9359,2.6198,2.79923
3,2,14.5,9328,27450,6922,0.9328,2.745,2.94275
3,2,14.75,9321,27655,6975,0.9321,2.7655,2.96696
3,2,15,9349,26575,6707,0.9349,2.6575,2.84255
3,2,15.25,9339,27006,6830,0.9339,2.7006,2.89174
3,2,15.5,9391,24973,6338,0.9391,2.4973,2.65925
3,2,15.75,9339,27008,6840,0.9339,2.7008,2.89196
3,2,16,9375,25620,6531,0.9375,2.562,2.7328
3,2,16.25,9333,27223,6880,0.9333,2.7223,2.91685
3,2,16.5,9326,27450,6927,0.9326,2.745,2.94338
3,2,16.75,9324,27567,6995,0.9324,2.7567,2.95656
3,2,17,9307,28077,7059,0.9307,2.8077,3.01676
3,2,17.25,9312,28035,7074,0.9312,2.8035,3.01063
3,2,17.5,9344,26723,6691,0.9344,2.6723,2.85991
3,2,17.75,9346,26666,6702,0.9346,2.6666,2.8532
3,2,18,9310,28093,7064,0.931,2.8093,3.01751
3,2,18.25,9347,26719,6798,0.9347,2.6719,2.85856
3,2,18.5,9310,28097,7092,0.931,2.8097,3.01794
3,2,18.75,9329,27356,6909,0.9329,2.7356,2.93236
3,2,19,9361,26152,6612,0.9361,2.6152,2.79372
3,2,19.25,9352,26612,6771,0.9352,2.6612,2.84559
3,2,19.5,9344,26743,6763,0.9344,2.6743,2.86205
3,2,19.75,9367,25918,6588,0.9367,2.5918,2.76695
3,2,20,9333,27219,6908,0.9333,2.7219,2.91643
3,2,20.25,9405,24433,6227,0.9405,2.4433,2.59787
3,2,20.5,9325,27435,6896,0.9325,2.7435,2.94209
3,2,20.75,9357,26294,6683,0.9357,2.6294,2.81009
3,2,21,9332,27225,6882,0.9332,2.7225,2.91738
3,2,21.25,9275,29362,7312,0.9275,2.9362,3.16571
3,2,21.5,9307,28197,7091,0.9307,2.8197,3.02966
3,2,21.75,9328,27332,6862,0.9328,2.7332,2.9301
3,2,22,9401,24716,6285,0.9401,2.4716,2.62908
3,2,22.25,9346,26769,6783,0.9346,2.6769,2.86422
3,2,22.5,9394,24832,6344,0.9394,2.4832,2.64339
3,2,22.75,9379,25449,6497,0.9379,2.5449,2.7134
3,2,23,9301,28518,7232,0.9301,2.8518,3.06612
3,2,23.25,9322,27597,6952,0.9322,2.7597,2.96042
3,2,23.5,9361,26127,6616,0.9361,2.6127,2.79105
3,2,23.75,9318,27766,7034,0.9318,2.7766,2.97982
3,2,24,9337,27083,6843,0.9337,2.7083,2.90061
3,2,24.25,9355,26350,6673,0.9355,2.635,2.81668
3,2,24.5,9352,26502,6728,0.9352,2.6502,2.83383
3,2,24.75,9322,27531,6938,0.9322,2.7531,2.95334
3,2,25,9309,28146,7109,0.9309,2.8146,3.02353
3,2,25.25,9300,28523,7248,0.93,2.8523,3.06699
3,2,25.5,9361,26092,6595,0.9361,2.6092,2.78731
3,2,25.75,9330,27198,6858,0.933,2.7198,2.91511
3,2,26,9312,28012,7029,0.9312,2.8012,3.00816
3,2,26.25,9314,27941,7029,0.9314,2.7941,2.99989
3,2,26.5,9364,25932,6565,0.9364,2.5932,2.76933
3,2,26.75,9331,27213,6859,0.9331,2.7213,2.91641
3,2,27,9360,26252,6650,0.936,2.6252,2.8047
3,2,27.25,9345,26830,6795,0.9345,2.683,2.87105
3,2,27.5,9297,28481,7147,0.9297,2.8481,3.06346
3,2,27.75,9313,27997,7050,0.9313,2.7997,3.00623
3,2,28,9292,28688,7202,0.9292,2.8688,3.08739
3,2,28.25,9339,26959,6850,0.9339,2.6959,2.88671
3,2,28.5,9328,27378,6904,0.9328,2.7378,2.93503
3,2,28.75,9327,27494,6950,0.9327,2.7494,2.94779
3,2,29,9348,26669,6788,0.9348,2.6669,2.85291
3,2,29.25,9358,26298,6626,0.9358,2.6298,2.81022
3,2,29.5,9366,26006,6607,0.9366,2.6006,2.77664
3,2,29.75,9359,26267,6679,0.9359,2.6267,2.8066
3,2,30,9370,25859,6566,0.937,2.5859,2.75977
3,2,30.25,9328,27414,6973,0.9328,2.7414,2.93889
3,2,30.5,9304,28278,7107,0.9304,2.8278,3.03934
3,2,30.75,9359,26287,6679,0.9359,2.6287,2.80874
3,2,31,9391,25014,6358,0.9391,2.5014,2.66361
3,2,31.25,9341,26889,6825,0.9341,2.6889,2.8786
3,2,31.5,9345,26775,6757,0.9345,2.6775,2.86517
3,2,31.75,9328,27434,6855,0.9328,2.7434,2.94104
3,2,32,9347,26698,6760,0.9347,2.6698,2.85632
3,2,32.25,9301,28307,7072,0.9301,2.8307,3.04344
3,2,32.5,9333,27258,6935,0.9333,2.7258,2.9206
3,2,32.75,9353,26553,6749,0.9353,2.6553,2.83898
3,2,33,9328,27441,6939,0.9328,2.7441,2.94179
3,2,33.25,9294,28705,7227,0.9294,2.8705,3.08855
3,2,33.5,9344,26825,6825,0.9344,2.6825,2.87083
3,2,33.75,9279,29164,7304,0.9279,2.9164,3.14301
3,2,34,9384,25294,6428,0.9384,2.5294,2.69544
3,2,34.25,9335,27156,6890,0.9335,2.7156,2.90905
3,2,34.5,9323,27586,6968,0.9323,2.7586,2.95892
3,2,34.75,9354,26406,6662,0.9354,2.6406,2.82296
3,2,35,9324,27542,6979,0.9324,2.7542,2.95388
3,2,35.25,9328,27457,6967,0.9328,2.7457,2.9435
3,2,35.5,9337,27032,6777,0.9337,2.7032,2.89515
3,2,35.75,9329,27378,6937,0.9329,2.7378,2.93472
3,2,36,9355,26350,6624,0.9355,2.635,2.81668
3,2,36.25,9323,27686,6972,0.9323,2.7686,2.96964
3,2,36.5,9355,26306,6676,0.9355,2.6306,2.81197
3,2,36.75,9302,28347,7118,0.9302,2.8347,3.04741
3,2,37,9327,27628,7014,0.9327,2.7628,2.96215
3,2,37.25,9331,27243,6849,0.9331,2.7243,2.91962
3,2,37.5,9331,27319,6896,0.9331,2.7319,2.92777
3,2,37.75,9290,28782,7210,0.929,2.8782,3.09817
3,2,38,9359,26206,6623,0.9359,2.6206,2.80009
3,2,38.25,9327,27441,6956,0.9327,2.7441,2.9421
3,2,38.5,9300,28477,7110,0.93,2.8477,3.06204
3,2,38.75,9345,26628,6715,0.9345,2.6628,2.84944
3,2,39,9349,26562,6668,0.9349,2.6562,2.84116
3,2,39.25,9342,26863,6786,0.9342,2.6863,2.87551
3,2,39.5,9417,24086,6161,0.9417,2.4086,2.55771
3,2,39.75,9303,28329,7124,0.9303,2.8329,3.04515
3,2,40,9351,26509,6698,0.9351,2.6509,2.83488
3,3,0,200,8389,140,0.02,0.8389,41.945
3,3,0.25,228,9440,111,0.0228,0.944,41.4035
3,3,0.5,237,9778,106,0.0237,0.9778,41.2574
3,3,0.75,252,10369,99,0.0252,1.0369,41.1468
3,3,1,269,11046,110,0.0269,1.1046,41.0632
3,3,1.25,290,11915,124,0.029,1.1915,41.0862
3,3,1.5,314,12872,138,0.0314,1.2872,40.9936
3,3,1.75,333,13591,137,0.0333,1.3591,40.8138
3,3,2,369,15034,171,0.0369,1.5034,40.7425
3,3,2.25,398,16062,215,0.0398,1.6062,40.3568
3,3,2.5,447,17905,228,0.0447,1.7905,40.0559
3,3,2.75,502,20034,281,0.0502,2.0034,39.9084
3,3,3,535,21337,307,0.0535,2.1337,39.8822
3,3,3.25,593,23432,379,0.0593,2.3432,39.5143
3,3,3.5,635,25003,430,0.0635,2.5003,39.3748
3,3,3.75,749,29124,566,0.0749,2.9124,38.8838
3,3,4,858,32872,721,0.0858,3.2872,38.3124
3,3,4.25,986,37396,930,0.0986,3.7396,37.927
3,3,4.5,1206,44520,1313,0.1206,4.452,36.9154
3,3,4.75,1567,55116,2048,0.1567,5.5116,35.1729
3,3,5,2312,73846,3944,0.2312,7.3846,31.9403
3,3,5.25,3797,98131,8611,0.3797,9.8131,25.8444
3,3,5.5,7044,88574,15551,0.7044,8.8574,12.5744
3,3,5.75,9087,36149,8748,0.9087,3.6149,3.9781
3,3,6,9330,27422,6901,0.933,2.7422,2.93912
3,3,6.25,9315,27898,7049,0.9315,2.7898,2.99495
3,3,6.5,9325,27530,6954,0.9325,2.753,2.95228
3,3,6.75,9358,26262,6611,0.9358,2.6262,2.80637
3,3,7,9320,27700,6951,0.932,2.77,2.9721
3,3,7.25,9312,27990,7060,0.9312,2.799,3.0058
3,3,7.5,9302,28359,7117,0.9302,2.8359,3.0487
3,3,7.75,9340,26909,6732,0.934,2.6909,2.88105
3,3,8,9372,25747,6551,0.9372,2.5747,2.74723
3,3,8.25,9313,28052,7062,0.9313,2.8052,3.01213
3,3,8.5,9330,27434,6956,0.933,2.7434,2.94041
3,3,8.75,9333,27326,6950,0.9333,2.7326,2.92789
3,3,9,9374,25675,6490,0.9374,2.5675,2.73896
3,3,9.25,9356,26412,6686,0.9356,2.6412,2.823
3,3,9.5,9314,27896,7012,0.9314,2.7896,2.99506
3,3,9.75,9342,26804,6754,0.9342,2.6804,2.86919
3,3,10,9343,26840,6744,0.9343,2.684,2.87274
3,3,10.25,9331,27237,6893,0.9331,2.7237,2.91898
3,3,10.5,9327,27429,6961,0.9327,2.7429,2.94082
3,3,10.75,9374,25685,6514,0.9374,2.5685,2.74003
3,3,11,9362,26158,6637,0.9362,2.6158,2.79406
3,3,11.25,9375,25600,6470,0.9375,2.56,2.73067
3,3,11.5,9339,27050,6877,0.9339,2.705,2.89646
3,3,11.75,9354,26437,6687,0.9354,2.6437,2.82628
3,3,12,9286,28963,7285,0.9286,2.8963,3.119
3,3,12.25,9341,26870,6783,0.9341,2.687,2.87657
3,3,12.5,9327,27449,6932,0.9327,2.7449,2.94296
3,3,12.75,9345,26758,6742,0.9345,2.6758,2.86335
3,3,13,9306,28167,7060,0.9306,2.8167,3.02676
3,3,13.25,9337,27096,6912,0.9337,2.7096,2.902
3,3,13.5,9321,27715,6978,0.9321,2.7715,2.97339
3,3,13.75,9353,26434,6702,0.9353,2.6434,2.82626
3,3,14,9367,25881,6605,0.9367,2.5881,2.763
3,3,14.25,9370,25841,6537,0.937,2.5841,2.75784
3,3,14.5,9315,27883,6989,0.9315,2.7883,2.99334
3,3,14.75,9368,25860,6520,0.9368,2.586,2.76046
3,3,15,9280,29239,7302,0.928,2.9239,3.15075
3,3,15.25,9332,27181,6850,0.9332,2.7181,2.91267
3,3,15.5,9342,26779,6712,0.9342,2.6779,2.86652
3,3,15.75,9343,26742,6745,0.9343,2.6742,2.86225
3,3,16,9376,25648,6495,0.9376,2.5648,2.73549
3,3,16.25,9343,26852,6786,0.9343,2.6852,2.87402
3,3,16.5,9319,27806,7033,0.9319,2.7806,2.9838
3,3,16.75,9294,28687,7252,0.9294,2.8687,3.08662
3,3,17,9309,28213,7099,0.9309,2.8213,3.03072
3,3,17.25,9326,27483,6916,0.9326,2.7483,2.94692
3,3,17.5,9322,27656,7037,0.9322,2.7656,2.96675
3,3,17.75,9332,27204,6875,0.9332,2.7204,2.91513
3,3,18,9336,27007,6772,0.9336,2.7007,2.89278
3,3,18.25,9341,26882,6716,0.9341,2.6882,2.87785
3,3,18.5,9319,27751,7054,0.9319,2.7751,2.97789
3,3,18.75,9350,26537,6693,0.935,2.6537,2.83818
3,3,19,9332,27290,6919,0.9332,2.729,2.92435
3,3,19.25,9371,25779,6555,0.9371,2.5779,2.75093
3,3,19.5,9330,27338,6906,0.933,2.7338,2.93012
3,3,19.75,9364,26014,6587,0.9364,2.6014,2.77809
3,3,20,9353,26365,6617,0.9353,2.6365,2.81888
3,3,20.25,9303,28237,7075,0.9303,2.8237,3.03526
3,3,20.5,9320,27790,7035,0.932,2.779,2.98176
3,3,20.75,9325,27615,6980,0.9325,2.7615,2.96139
3,3,21,9379,25415,6454,0.9379,2.5415,2.70978
3,3,21.25,9367,26001,6631,0.9367,2.6001,2.77581
3,3,21.5,9366,25881,6582,0.9366,2.5881,2.76329
3,3,21.75,9323,27676,7038,0.9323,2.7676,2.96857
3,3,22,9283,29149,7325,0.9283,2.9149,3.14004
3,3,22.25,9272,29433,7370,0.9272,2.9433,3.1744
3,3,22.5,9340,26954,6799,0.934,2.6954,2.88587
3,3,22.75,9351,26465,6658,0.9351,2.6465,2.83018
3,3,23,9310,28223,7196,0.931,2.8223,3.03147
3,3,23.25,9345,26808,6799,0.9345,2.6808,2.8687
3,3,23.5,9367,26015,6582,0.9367,2.6015,2.7773
3,3,23.75,9228,31056,7669,0.9228,3.1056,3.36541
3,3,24,9332,27232,6820,0.9332,2.7232,2.91813
3,3,24.25,9320,27681,6952,0.932,2.7681,2.97006
3,3,24.5,9257,30075,7490,0.9257,3.0075,3.24889
3,3,24.75,9308,28126,7035,0.9308,2.8126,3.0217
3,3,25,9356,26309,6664,0.9356,2.6309,2.81199
3,3,25.25,9341,26871,6793,0.9341,2.6871,2.87667
3,3,25.5,9332,27317,6920,0.9332,2.7317,2.92724
3,3,25.75,9318,27712,6913,0.9318,2.7712,2.97403
3,3,26,9337,27112,6824,0.9337,2.7112,2.90372
3,3,26.25,9304,28250,7082,0.9304,2.825,3.03633
3,3,26.5,9326,27416,6864,0.9326,2.7416,2.93974
3,3,26.75,9338,26961,6819,0.9338,2.6961,2.88723
3,3,27,9281,29138,7310,0.9281,2.9138,3.13953
3,3,27.25,9313,27897,7052,0.9313,2.7897,2.99549
3,3,27.5,9437,23240,5939,0.9437,2.324,2.46265
3,3,27.75,9320,27688,6959,0.932,2.7688,2.97082
3,3,28,9386,25253,6483,0.9386,2.5253,2.6905
3,3,28.25,9348,26608,6683,0.9348,2.6608,2.84638
3,3,28.5,9359,26183,6668,0.9359,2.6183,2.79763
3,3,28.75,9355,26402,6701,0.9355,2.6402,2.82223
3,3,29,9297,28588,7224,0.9297,2.8588,3.07497
3,3,29.25,9323,27559,6958,0.9323,2.7559,2.95602
3,3,29.5,9393,24909,6349,0.9393,2.4909,2.65187
3,3,29.75,9355,26440,6673,0.9355,2.644,2.8263
3,3,30,9325,27496,6975,0.9325,2.7496,2.94863
3,3,30.25,9333,27236,6876,0.9333,2.7236,2.91825
3,3,30.5,9323,27609,6937,0.9323,2.7609,2.96139
3,3,30.75,9331,27245,6867,0.9331,2.7245,2.91984
3,3,31,9339,26992,6768,0.9339,2.6992,2.89025
3,3,31.25,9374,25612,6511,0.9374,2.5612,2.73224
3,3,31.5,9363,26050,6613,0.9363,2.605,2.78223
3,3,31.75,9315,27874,7012,0.9315,2.7874,2.99238
3,3,32,9331,27194,6790,0.9331,2.7194,2.91437
3,3,32.25,9309,28047,7003,0.9309,2.8047,3.01289
3,3,32.5,9350,26651,6804,0.935,2.6651,2.85037
3,3,32.75,9341,26931,6822,0.9341,2.6931,2.8831
3,3,33,9315,27862,7007,0.9315,2.7862,2.99109
3,3,33.25,9270,29522,7435,0.927,2.9522,3.18468
3,3,33.5,9322,27624,6973,0.9322,2.7624,2.96331
3,3,33.75,9344,26760,6786,0.9344,2.676,2.86387
3,3,34,9288,28843,7252,0.9288,2.8843,3.1054
3,3,34.25,9327,27427,6882,0.9327,2.7427,2.9406
3,3,34.5,9324,27680,6986,0.9324,2.768,2.96868
3,3,34.75,9337,27022,6851,0.9337,2.7022,2.89408
3,3,35,9342,26964,6844,0.9342,2.6964,2.88632
3,3,35.25,9358,26244,6659,0.9358,2.6244,2.80445
3,3,35.5,9311,28091,7106,0.9311,2.8091,3.01697
3,3,35.75,9289,28735,7151,0.9289,2.8735,3.09344
3,3,36,9323,27600,6921,0.9323,2.76,2.96042
3,3,36.25,9347,26628,6711,0.9347,2.6628,2.84883
3,3,36.5,9356,26439,6702,0.9356,2.6439,2.82589
3,3,36.75,9290,28779,7194,0.929,2.8779,3.09785
3,3,37,9372,25780,6594,0.9372,2.578,2.75075
3,3,37.25,9343,26816,6806,0.9343,2.6816,2.87017
3,3,37.5,9418,24005,6110,0.9418,2.4005,2.54884
3,3,37.75,9339,26972,6821,0.9339,2.6972,2.8881
3,3,38,9339,27047,6808,0.9339,2.7047,2.89613
3,3,38.25,9320,27641,6863,0.932,2.7641,2.96577
3,3,38.5,9351,26515,6704,0.9351,2.6515,2.83553
3,3,38.75,9328,27438,6923,0.9328,2.7438,2.94147
3,3,39,9326,27499,6925,0.9326,2.7499,2.94864
3,3,39.25,9307,28160,7094,0.9307,2.816,3.02568
3,3,39.5,9313,28072,7122,0.9313,2.8072,3.01428
3,3,39.75,9324,27596,7006,0.9324,2.7596,2.95967
3,3,40,9341,26968,6856,0.9341,2.6968,2.88706
3,4,0,200,8386,155,0.02,0.8386,41.93
3,4,0.25,223,9269,117,0.0223,0.9269,41.565
3,4,0.5,232,9625,93,0.0232,0.9625,41.4871
3,4,0.75,237,9819,87,0.0237,0.9819,41.4304
3,4,1,255,10459,106,0.0255,1.0459,41.0157
3,4,1.25,275,11269,129,0.0275,1.1269,40.9782
3,4,1.5,294,12041,144,0.0294,1.2041,40.9558
3,4,1.75,288,11834,133,0.0288,1.1834,41.0903
3,4,2,312,12740,138,0.0312,1.274,40.8333
3,4,2.25,342,13955,182,0.0342,1.3955,40.8041
3,4,2.5,355,14488,186,0.0355,1.4488,40.8113
3,4,2.75,379,15408,217,0.0379,1.5408,40.6544
3,4,3,452,18127,248,0.0452,1.8127,40.104
3,4,3.25,469,18800,270,0.0469,1.88,40.0853
3,4,3.5,534,21232,350,0.0534,2.1232,39.7603
3,4,3.75,595,23484,416,0.0595,2.3484,39.4689
3,4,4,684,26757,467,0.0684,2.6757,39.1184
3,4,4.25,797,30750,633,0.0797,3.075,38.5822
3,4,4.5,936,35472,849,0.0936,3.5472,37.8974
3,4,4.75,1149,42375,1233,0.1149,4.2375,36.8799
3,4,5,1498,52998,1882,0.1498,5.2998,35.3792
3,4,5.25,2015,67001,3011,0.2015,6.7001,33.2511
3,4,5.5,3177,90394,6486,0.3177,9.0394,28.4526
3,4,5.75,5822,102472,14530,0.5822,10.2472,17.6008
3,4,6,8875,43414,10146,0.8875,4.3414,4.89172
3,4,6.25,9289,28835,7232,0.9289,2.8835,3.10421
3,4,6.5,9363,26061,6634,0.9363,2.6061,2.7834
3,4,6.75,9271,29573,7377,0.9271,2.9573,3.18984
3,4,7,9325,27464,6920,0.9325,2.7464,2.9452
3,4,7.25,9373,25790,6571,0.9373,2.579,2.75152
3,4,7.5,9314,28037,7081,0.9314,2.8037,3.0102
3,4,7.75,9318,27759,6995,0.9318,2.7759,2.97907
3,4,8,9299,28556,7193,0.9299,2.8556,3.07087
3,4,8.25,9325,27603,6942,0.9325,2.7603,2.96011
3,4,8.5,9332,27205,6832,0.9332,2.7205,2.91524
3,4,8.75,9372,25693,6492,0.9372,2.5693,2.74146
3,4,9,9357,26358,6722,0.9357,2.6358,2.81693
3,4,9.25,9350,26397,6670,0.935,2.6397,2.82321
3,4,9.5,9375,25715,6513,0.9375,2.5715,2.74293
3,4,9.75,9314,28065,7090,0.9314,2.8065,3.01321
3,4,10,9310,28096,7078,0.931,2.8096,3.01783
3,4,10.25,9319,27723,6963,0.9319,2.7723,2.97489
3,4,10.5,9342,26834,6778,0.9342,2.6834,2.8724
3,4,10.75,9374,25750,6588,0.9374,2.575,2.74696
3,4,11,9340,26844,6755,0.934,2.6844,2.87409
3,4,11.25,9381,25385,6423,0.9381,2.5385,2.706
3,4,11.5,9355,26335,6672,0.9355,2.6335,2.81507
3,4,11.75,9318,27688,6953,0.9318,2.7688,2.97145
3,4,12,9306,28213,7086,0.9306,2.8213,3.0317
3,4,12.25,9328,27379,6941,0.9328,2.7379,2.93514
3,4,12.5,9330,27426,6930,0.933,2.7426,2.93955
3,4,12.75,9289,28816,7194,0.9289,2.8816,3.10216
3,4,13,9329,27352,6874,0.9329,2.7352,2.93193
3,4,13.25,9317,27854,6995,0.9317,2.7854,2.98959
3,4,13.5,9380,25434,6443,0.938,2.5434,2.71151
3,4,13.75,9331,27264,6911,0.9331,2.7264,2.92187
3,4,14,9368,25863,6536,0.9368,2.5863,2.76078
3,4,14.25,9337,27032,6814,0.9337,2.7032,2.89515
3,4,14.5,9338,27012,6759,0.9338,2.7012,2.8927
3,4,14.75,9332,27294,6926,0.9332,2.7294,2.92477
3,4,15,9319,27691,6968,0.9319,2.7691,2.97146
3,4,15.25,9321,27547,6904,0.9321,2.7547,2.95537
3,4,15.5,9372,25759,6567,0.9372,2.5759,2.74851
3,4,15.75,9357,26344,6628,0.9357,2.6344,2.81543
3,4,16,9336,27117,6808,0.9336,2.7117,2.90456
3,4,16.25,9328,27354,6878,0.9328,2.7354,2.93246
3,4,16.5,9269,29547,7378,0.9269,2.9547,3.18772
3,4,16.75,9332,27303,6914,0.9332,2.7303,2.92574
3,4,17,9346,26700,6760,0.9346,2.67,2.85684
3,4,17.25,9333,27131,6819,0.9333,2.7131,2.907
3,4,17.5,9341,26974,6851,0.9341,2.6974,2.8877
3,4,17.75,9337,27220,6916,0.9337,2.722,2.91528
3,4,18,9353,26432,6675,0.9353,2.6432,2.82605
3,4,18.25,9343,26856,6770,0.9343,2.6856,2.87445
3,4,18.5,9301,28464,7181,0.9301,2.8464,3.06032
3,4,18.75,9266,29736,7409,0.9266,2.9736,3.20915
3,4,19,9356,26271,6678,0.9356,2.6271,2.80793
3,4,19.25,9347,26737,6772,0.9347,2.6737,2.86049
3,4,19.5,9302,28444,7211,0.9302,2.8444,3.05784
3,4,19.75,9375,25584,6508,0.9375,2.5584,2.72896
3,4,20,9288,28969,7273,0.9288,2.8969,3.11897
3,4,20.25,9301,28439,7203,0.9301,2.8439,3.05763
3,4,20.5,9409,24321,6235,0.9409,2.4321,2.58487
3,4,20.75,9348,26537,6658,0.9348,2.6537,2.83879
3,4,21,9337,27179,6863,0.9337,2.7179,2.91089
3,4,21.25,9366,25950,6559,0.9366,2.595,2.77066
3,4,21.5,9300,28423,7086,0.93,2.8423,3.05624
3,4,21.75,9343,26734,6779,0.9343,2.6734,2.86139
3,4,22,9338,27004,6836,0.9338,2.7004,2.89184
3,4,22.25,9312,28011,7052,0.9312,2.8011,3.00805
3,4,22.5,9376,25578,6525,0.9376,2.5578,2.72803
3,4,22.75,9346,26757,6737,0.9346,2.6757,2.86294
3,4,23,9361,26076,6584,0.9361,2.6076,2.7856
3,4,23.25,9365,26057,6622,0.9365,2.6057,2.78238
3,4,23.5,9315,27931,7057,0.9315,2.7931,2.9985
3,4,23.75,9291,28741,7218,0.9291,2.8741,3.09342
3,4,24,9348,26822,6855,0.9348,2.6822,2.86928
3,4,24.25,9350,26680,6807,0.935,2.668,2.85348
3,4,24.5,9359,26166,6543,0.9359,2.6166,2.79581
3,4,24.75,9335,27095,6880,0.9335,2.7095,2.90252
3,4,25,9318,27776,6990,0.9318,2.7776,2.9809
3,4,25.25,9384,25288,6429,0.9384,2.5288,2.6948
3,4,25.5,9324,27587,6953,0.9324,2.7587,2.95871
3,4,25.75,9326,27487,6935,0.9326,2.7487,2.94735
3,4,26,9325,27485,6956,0.9325,2.7485,2.94745
3,4,26.25,9324,27503,6919,0.9324,2.7503,2.9497
3,4,26.5,9347,26641,6728,0.9347,2.6641,2.85022
3,4,26.75,9340,26841,6769,0.934,2.6841,2.87377
3,4,27,9335,27189,6890,0.9335,2.7189,2.91259
3,4,27.25,9326,27420,6920,0.9326,2.742,2.94017
3,4,27.5,9303,28341,7107,0.9303,2.8341,3.04644
3,4,27.75,9288,28908,7311,0.9288,2.8908,3.1124
3,4,28,9334,27067,6849,0.9334,2.7067,2.89983
3,4,28.25,9286,29014,7273,0.9286,2.9014,3.12449
3,4,28.5,9321,27628,6981,0.9321,2.7628,2.96406
3,4,28.75,9323,27669,6972,0.9323,2.7669,2.96782
3,4,29,9331,27222,6868,0.9331,2.7222,2.91737
3,4,29.25,9333,27261,6863,0.9333,2.7261,2.92093
3,4,29.5,9262,29822,7488,0.9262,2.9822,3.21982
3,4,29.75,9340,26848,6720,0.934,2.6848,2.87452
3,4,30,9343,26901,6822,0.9343,2.6901,2.87927
3,4,30.25,9294,28623,7148,0.9294,2.8623,3.07973
3,4,30.5,9336,26961,6724,0.9336,2.6961,2.88785
3,4,30.75,9304,28307,7159,0.9304,2.8307,3.04245
3,4,31,9354,26406,6674,0.9354,2.6406,2.82296
3,4,31.25,9368,25806,6513,0.9368,2.5806,2.7547
3,4,31.5,9312,28005,7056,0.9312,2.8005,3.00741
3,4,31.75,9301,28507,7217,0.9301,2.8507,3.06494
3,4,32,9331,27259,6883,0.9331,2.7259,2.92134
3,4,32.25,9350,26505,6732,0.935,2.6505,2.83476
3,4,32.5,9307,28157,7103,0.9307,2.8157,3.02536
3,4,32.75,9326,27457,6931,0.9326,2.7457,2.94413
3,4,33,9347,26761,6803,0.9347,2.6761,2.86306
3,4,33.25,9301,28459,7165,0.9301,2.8459,3.05978
3,4,33.5,9362,26123,6662,0.9362,2.6123,2.79032
3,4,33.75,9357,26395,6718,0.9357,2.6395,2.82088
3,4,34,9324,27666,7021,0.9324,2.7666,2.96718
3,4,34.25,9294,28731,7309,0.9294,2.8731,3.09135
3,4,34.5,9317,27894,7079,0.9317,2.7894,2.99388
3,4,34.75,9314,27922,7037,0.9314,2.7922,2.99785
3,4,35,9327,27342,6910,0.9327,2.7342,2.93149
3,4,35.25,9372,25736,6511,0.9372,2.5736,2.74605
3,4,35.5,9356,26333,6667,0.9356,2.6333,2.81456
3,4,35.75,9299,28567,7209,0.9299,2.8567,3.07205
3,4,36,9373,25677,6505,0.9373,2.5677,2.73946
3,4,36.25,9345,26624,6710,0.9345,2.6624,2.84901
3,4,36.5,9313,27921,6999,0.9313,2.7921,2.99807
3,4,36.75,9317,27865,7006,0.9317,2.7865,2.99077
3,4,37,9360,26085,6600,0.936,2.6085,2.78686
3,4,37.25,9367,25919,6577,0.9367,2.5919,2.76705
3,4,37.5,9339,26991,6856,0.9339,2.6991,2.89014
3,4,37.75,9341,26911,6811,0.9341,2.6911,2.88095
3,4,38,9340,26867,6735,0.934,2.6867,2.87655
3,4,38.25,9294,28692,7184,0.9294,2.8692,3.08715
3,4,38.5,9325,27609,6989,0.9325,2.7609,2.96075
3,4,38.75,9352,26470,6680,0.9352,2.647,2.83041
3,4,39,9321,27563,6987,0.9321,2.7563,2.95709
3,4,39.25,9348,26704,6779,0.9348,2.6704,2.85665
3,4,39.5,9363,26137,6615,0.9363,2.6137,2.79152
3,4,39.75,9360,26279,6642,0.936,2.6279,2.80759
3,4,40,9298,28541,7196,0.9298,2.8541,3.06958
3,5,0,200,8436,130,0.02,0.8436,42.18
3,5,0.25,212,8869,96,0.0212,0.8869,41.8349
3,5,0.5,205,8554,73,0.0205,0.8554,41.7268
3,5,0.75,209,8717,74,0.0209,0.8717,41.7081
3,5,1,210,8750,70,0.021,0.875,41.6667
3,5,1.25,207,8659,68,0.0207,0.8659,41.8309
3,5,1.5,235,9722,78,0.0235,0.9722,41.3702
3,5,1.75,228,9494,77,0.0228,0.9494,41.6404
3,5,2,225,9291,74,0.0225,0.9291,41.2933
3,5,2.25,225,9246,84,0.0225,0.9246,41.0933
3,5,2.5,247,10073,83,0.0247,1.0073,40.7814
3,5,2.75,255,10436,111,0.0255,1.0436,40.9255
3,5,3,250,10305,124,0.025,1.0305,41.22
3,5,3.25,262,10748,123,0.0262,1.0748,41.0229
3,5,3.5,278,11360,126,0.0278,1.136,40.8633
3,5,3.75,300,12226,158,0.03,1.2226,40.7533
3,5,4,322,13067,155,0.0322,1.3067,40.5807
3,5,4.25,344,13909,168,0.0344,1.3909,40.4331
3,5,4.5,369,14915,176,0.0369,1.4915,40.4201
3,5,4.75,398,16000,212,0.0398,1.6,40.201
3,5,5,423,16985,258,0.0423,1.6985,40.1537
3,5,5.25,484,19295,300,0.0484,1.9295,39.8657
3,5,5.5,560,22081,357,0.056,2.2081,39.4304
3,5,5.75,614,24102,410,0.0614,2.4102,39.2541
3,5,6,698,27232,507,0.0698,2.7232,39.0143
3,5,6.25,803,30984,644,0.0803,3.0984,38.5853
3,5,6.5,937,35545,823,0.0937,3.5545,37.9349
3,5,6.75,1159,42773,1169,0.1159,4.2773,36.9051
3,5,7,1478,52577,1750,0.1478,5.2577,35.5731
3,5,7.25,2030,67483,3161,0.203,6.7483,33.2429
3,5,7.5,3266,91265,6732,0.3266,9.1265,27.944
3,5,7.75,6036,100241,14664,0.6036,10.0241,16.6072
3,5,8,8847,44258,10338,0.8847,4.4258,5.0026
3,5,8.25,9340,26892,6829,0.934,2.6892,2.87923
3,5,8.5,9356,26349,6665,0.9356,2.6349,2.81627
3,5,8.75,9292,28687,7170,0.9292,2.8687,3.08728
3,5,9,9311,28074,7075,0.9311,2.8074,3.01514
3,5,9.25,9300,28495,7145,0.93,2.8495,3.06398
3,5,9.5,9325,27532,6959,0.9325,2.7532,2.95249
3,5,9.75,9325,27576,6972,0.9325,2.7576,2.95721
3,5,10,9391,25008,6384,0.9391,2.5008,2.66298
3,5,10.25,9299,28384,7109,0.9299,2.8384,3.05237
3,5,10.5,9350,26625,6749,0.935,2.6625,2.84759
3,5,10.75,9282,29031,7277,0.9282,2.9031,3.12767
3,5,11,9352,26433,6662,0.9352,2.6433,2.82645
3,5,11.25,9335,27137,6790,0.9335,2.7137,2.90702
3,5,11.5,9366,25896,6546,0.9366,2.5896,2.76489
3,5,11.75,9327,27407,6918,0.9327,2.7407,2.93846
3,5,12,9331,27232,6864,0.9331,2.7232,2.91844
3,5,12.25,9300,28466,7151,0.93,2.8466,3.06086
3,5,12.5,9359,26219,6674,0.9359,2.6219,2.80147
3,5,12.75,9337,27038,6853,0.9337,2.7038,2.89579
3,5,13,9346,26724,6783,0.9346,2.6724,2.85941
3,5,13.25,9333,27257,6906,0.9333,2.7257,2.9205
3,5,13.5,9307,28224,7172,0.9307,2.8224,3.03256
3,5,13.75,9329,27418,6935,0.9329,2.7418,2.93901
3,5,14,9347,26651,6761,0.9347,2.6651,2.85129
3,5,14.25,9350,26583,6789,0.935,2.6583,2.8431
3,5,14.5,9321,27684,6944,0.9321,2.7684,2.97007
3,5,14.75,9314,27992,7036,0.9314,2.7992,3.00537
3,5,15,9388,25136,6405,0.9388,2.5136,2.67746
3,5,15.25,9330,27415,6927,0.933,2.7415,2.93837
3,5,15.5,9312,28047,7079,0.9312,2.8047,3.01192
3,5,15.75,9338,27007,6823,0.9338,2.7007,2.89216
3,5,16,9359,26177,6616,0.9359,2.6177,2.79699
3,5,16.25,9329,27357,6926,0.9329,2.7357,2.93247
3,5,16.5,9313,28012,7045,0.9313,2.8012,3.00784
3,5,16.75,9344,26722,6728,0.9344,2.6722,2.8598
3,5,17,9342,26924,6829,0.9342,2.6924,2.88204
3,5,17.25,9330,27333,6910,0.933,2.7333,2.92958
3,5,17.5,9334,27205,6857,0.9334,2.7205,2.91461
3,5,17.75,9367,26010,6621,0.9367,2.601,2.77677
3,5,18,9334,27200,6864,0.9334,2.72,2.91408
3,5,18.25,9368,25835,6530,0.9368,2.5835,2.75779
3,5,18.5,9325,27584,6950,0.9325,2.7584,2.95807
3,5,18.75,9310,28029,7068,0.931,2.8029,3.01063
3,5,19,9351,26421,6663,0.9351,2.6421,2.82547
3,5,19.25,9323,27570,7003,0.9323,2.757,2.9572
3,5,19.5,9333,27242,6882,0.9333,2.7242,2.91889
3,5,19.75,9341,26864,6789,0.9341,2.6864,2.87592
3,5,20,9319,27761,7058,0.9319,2.7761,2.97897
3,5,20.25,9390,25042,6378,0.939,2.5042,2.66688
3,5,20.5,9304,28363,7179,0.9304,2.8363,3.04847
3,5,20.75,9337,27072,6845,0.9337,2.7072,2.89943
3,5,21,9312,28025,7062,0.9312,2.8025,3.00956
3,5,21.25,9294,28617,7225,0.9294,2.8617,3.07908
3,5,21.5,9325,27561,6957,0.9325,2.7561,2.9556
3,5,21.75,9374,25688,6487,0.9374,2.5688,2.74035
3,5,22,9314,27881,7021,0.9314,2.7881,2.99345
3,5,22.25,9354,26365,6643,0.9354,2.6365,2.81858
3,5,22.5,9323,27610,6922,0.9323,2.761,2.96149
3,5,22.75,9336,27066,6852,0.9336,2.7066,2.8991
3,5,23,9302,28350,7146,0.9302,2.835,3.04773
3,5,23.25,9335,27083,6830,0.9335,2.7083,2.90123
3,5,23.5,9311,28074,7108,0.9311,2.8074,3.01514
3,5,23.75,9311,28022,7082,0.9311,2.8022,3.00956
3,5,24,9289,28816,7253,0.9289,2.8816,3.10216
3,5,24.25,9361,26146,6647,0.9361,2.6146,2.79308
3,5,24.5,9292,28728,7218,0.9292,2.8728,3.09169
3,5,24.75,9282,29141,7309,0.9282,2.9141,3.13952
3,5,25,9341,26992,6878,0.9341,2.6992,2.88963
3,5,25.25,9318,27681,6999,0.9318,2.7681,2.9707
3,5,25.5,9336,27062,6829,0.9336,2.7062,2.89867
3,5,25.75,9311,28032,7025,0.9311,2.8032,3.01063
3,5,26,9320,27801,7014,0.932,2.7801,2.98294
3,5,26.25,9335,27112,6830,0.9335,2.7112,2.90434
3,5,26.5,9354,26358,6687,0.9354,2.6358,2.81783
3,5,26.75,9368,25795,6533,0.9368,2.5795,2.75352
3,5,27,9363,26086,6638,0.9363,2.6086,2.78607
3,5,27.25,9359,26229,6633,0.9359,2.6229,2.80254
3,5,27.5,9307,28218,7064,0.9307,2.8218,3.03191
3,5,27.75,9324,27596,6966,0.9324,2.7596,2.95967
3,5,28,9367,25997,6578,0.9367,2.5997,2.77538
3,5,28.25,9370,25830,6541,0.937,2.583,2.75667
3,5,28.5,9328,27402,6955,0.9328,2.7402,2.93761
3,5,28.75,9304,28268,7159,0.9304,2.8268,3.03826
3,5,29,9355,26392,6702,0.9355,2.6392,2.82117
3,5,29.25,9320,27768,6992,0.932,2.7768,2.9794
3,5,29.5,9371,25835,6541,0.9371,2.5835,2.75691
3,5,29.75,9326,27498,6950,0.9326,2.7498,2.94853
3,5,30,9341,26826,6748,0.9341,2.6826,2.87186
3,5,30.25,9302,28290,7105,0.9302,2.829,3.04128
3,5,30.5,9316,27801,7007,0.9316,2.7801,2.98422
3,5,30.75,9305,28208,7037,0.9305,2.8208,3.03149
3,5,31,9334,27216,6847,0.9334,2.7216,2.91579
3,5,31.25,9362,26132,6638,0.9362,2.6132,2.79128
3,5,31.5,9361,26243,6663,0.9361,2.6243,2.80344
3,5,31.75,9312,27909,6977,0.9312,2.7909,2.9971
3,5,32,9356,26417,6741,0.9356,2.6417,2.82354
3,5,32.25,9352,26536,6712,0.9352,2.6536,2.83747
3,5,32.5,9322,27477,6910,0.9322,2.7477,2.94754
3,5,32.75,9328,27417,6915,0.9328,2.7417,2.93922
3,5,33,9369,25841,6554,0.9369,2.5841,2.75814
3,5,33.25,9356,26310,6632,0.9356,2.631,2.8121
3,5,33.5,9343,26700,6746,0.9343,2.67,2.85775
3,5,33.75,9325,27542,6932,0.9325,2.7542,2.95357
3,5,34,9333,27252,6829,0.9333,2.7252,2.91996
3,5,34.25,9368,25779,6469,0.9368,2.5779,2.75181
3,5,34.5,9365,26024,6625,0.9365,2.6024,2.77886
3,5,34.75,9289,28786,7260,0.9289,2.8786,3.09893
3,5,35,9323,27579,6963,0.9323,2.7579,2.95817
3,5,35.25,9343,26787,6762,0.9343,2.6787,2.86707
3,5,35.5,9325,27609,6969,0.9325,2.7609,2.96075
3,5,35.75,9334,27179,6840,0.9334,2.7179,2.91183
3,5,36,9321,27610,6914,0.9321,2.761,2.96213
3,5,36.25,9371,25799,6624,0.9371,2.5799,2.75307
3,5,36.5,9353,26413,6693,0.9353,2.6413,2.82401
3,5,36.75,9347,26639,6709,0.9347,2.6639,2.85001
3,5,37,9351,26534,6674,0.9351,2.6534,2.83756
3,5,37.25,9336,27054,6819,0.9336,2.7054,2.89781
3,5,37.5,9292,28678,7239,0.9292,2.8678,3.08631
3,5,37.75,9314,27825,7004,0.9314,2.7825,2.98744
3,5,38,9300,28505,7169,0.93,2.8505,3.06505
3,5,38.25,9346,26655,6690,0.9346,2.6655,2.85202
3,5,38.5,9344,26812,6751,0.9344,2.6812,2.86943
3,5,38.75,9311,27921,6994,0.9311,2.7921,2.99871
3,5,39,9323,27556,6954,0.9323,2.7556,2.9557
3,5,39.25,9313,28051,7064,0.9313,2.8051,3.01203
3,5,39.5,9342,26926,6762,0.9342,2.6926,2.88225
3,5,39.75,9332,27330,6890,0.9332,2.733,2.92863
3,5,40,9338,27162,6891,0.9338,2.7162,2.90876
3,6,0,200,8432,135,0.02,0.8432,42.16
3,6,0.25,221,9162,98,0.0221,0.9162,41.457
3,6,0.5,209,8725,82,0.0209,0.8725,41.7464
3,6,0.75,204,8498,62,0.0204,0.8498,41.6569
3,6,1,201,8371,71,0.0201,0.8371,41.6468
3,6,1.25,198,8251,56,0.0198,0.8251,41.6717
3,6,1.5,218,9005,72,0.0218,0.9005,41.3073
3,6,1.75,214,8831,68,0.0214,0.8831,41.2664
3,6,2,213,8815,71,0.0213,0.8815,41.385
3,6,2.25,213,8849,70,0.0213,0.8849,41.5446
3,6,2.5,235,9709,86,0.0235,0.9709,41.3149
3,6,2.75,217,9016,75,0.0217,0.9016,41.5484
3,6,3,227,9392,100,0.0227,0.9392,41.3744
3,6,3.25,241,9965,96,0.0241,0.9965,41.3485
3,6,3.5,259,10658,97,0.0259,1.0658,41.1506
3,6,3.75,245,10118,87,0.0245,1.0118,41.298
3,6,4,268,11037,97,0.0268,1.1037,41.1828
3,6,4.25,268,11023,89,0.0268,1.1023,41.1306
3,6,4.5,266,11007,101,0.0266,1.1007,41.3797
3,6,4.75,288,11832,118,0.0288,1.1832,41.0833
3,6,5,308,12596,128,0.0308,1.2596,40.8961
3,6,5.25,324,13194,149,0.0324,1.3194,40.7222
3,6,5.5,305,12516,134,0.0305,1.2516,41.0361
3,6,5.75,303,12423,143,0.0303,1.2423,41
3,6,6,318,13007,149,0.0318,1.3007,40.9025
3,6,6.25,327,13370,141,0.0327,1.337,40.8869
3,6,6.5,367,14895,169,0.0367,1.4895,40.5858
3,6,6.75,382,15447,191,0.0382,1.5447,40.4372
3,6,7,424,17036,235,0.0424,1.7036,40.1792
3,6,7.25,461,18526,245,0.0461,1.8526,40.1866
3,6,7.5,551,21914,321,0.0551,2.1914,39.7713
3,6,7.75,649,25433,462,0.0649,2.5433,39.188
3,6,8,716,27961,546,0.0716,2.7961,39.0517
3,6,8.25,807,31065,665,0.0807,3.1065,38.4944
3,6,8.5,976,36630,919,0.0976,3.663,37.5307
3,6,8.75,1236,45119,1359,0.1236,4.5119,36.504
3,6,9,1631,56854,2145,0.1631,5.6854,34.8584
3,6,9.25,2339,74454,4035,0.2339,7.4454,31.8316
3,6,9.5,3878,99102,8918,0.3878,9.9102,25.5549
3,6,9.75,7140,86517,15512,0.714,8.6517,12.1172
3,6,10,9142,34176,8409,0.9142,3.4176,3.73835
3,6,10.25,9313,27981,7057,0.9313,2.7981,3.00451
3,6,10.5,9338,26999,6717,0.9338,2.6999,2.8913
3,6,10.75,9317,27964,7123,0.9317,2.7964,3.0014
3,6,11,9351,26450,6689,0.9351,2.645,2.82857
3,6,11.25,9308,28158,7124,0.9308,2.8158,3.02514
3,6,11.5,9349,26531,6703,0.9349,2.6531,2.83784
3,6,11.75,9332,27183,6794,0.9332,2.7183,2.91288
3,6,12,9377,25532,6408,0.9377,2.5532,2.72283
3,6,12.25,9345,26624,6725,0.9345,2.6624,2.84901
3,6,12.5,9397,24705,6283,0.9397,2.4705,2.62903
3,6,12.75,9320,27679,6924,0.932,2.7679,2.96985
3,6,13,9340,26916,6772,0.934,2.6916,2.8818
3,6,13.25,9291,28772,7254,0.9291,2.8772,3.09676
3,6,13.5,9352,26495,6706,0.9352,2.6495,2.83308
3,6,13.75,9355,26502,6761,0.9355,2.6502,2.83292
3,6,14,9321,27731,7014,0.9321,2.7731,2.97511
3,6,14.25,9323,27630,7011,0.9323,2.763,2.96364
3,6,14.5,9364,25999,6587,0.9364,2.5999,2.77648
3,6,14.75,9363,26028,6595,0.9363,2.6028,2.77988
3,6,15,9345,26797,6799,0.9345,2.6797,2.86752
3,6,15.25,9326,27551,6985,0.9326,2.7551,2.95421
3,6,15.5,9314,27917,6996,0.9314,2.7917,2.99732
3,6,15.75,9311,28085,7109,0.9311,2.8085,3.01632
3,6,16,9316,27791,6978,0.9316,2.7791,2.98315
3,6,16.25,9355,26376,6689,0.9355,2.6376,2.81945
3,6,16.5,9364,26054,6606,0.9364,2.6054,2.78236
3,6,16.75,9359,26204,6684,0.9359,2.6204,2.79987
3,6,17,9339,27052,6804,0.9339,2.7052,2.89667
3,6,17.25,9349,26645,6765,0.9349,2.6645,2.85004
3,6,17.5,9362,26068,6587,0.9362,2.6068,2.78445
3,6,17.75,9359,26154,6642,0.9359,2.6154,2.79453
3,6,18,9318,27741,6966,0.9318,2.7741,2.97714
3,6,18.25,9347,26677,6744,0.9347,2.6677,2.85407
3,6,18.5,9333,27206,6825,0.9333,2.7206,2.91503
3,6,18.75,9296,28512,7095,0.9296,2.8512,3.06713
3,6,19,9343,26857,6815,0.9343,2.6857,2.87456
3,6,19.25,9373,25764,6548,0.9373,2.5764,2.74875
3,6,19.5,9384,25290,6404,0.9384,2.529,2.69501
3,6,19.75,9387,25139,6342,0.9387,2.5139,2.67807
3,6,20,9336,27084,6846,0.9336,2.7084,2.90103
3,6,20.25,9310,28054,7035,0.931,2.8054,3.01332
3,6,20.5,9300,28419,7085,0.93,2.8419,3.05581
3,6,20.75,9325,27415,6894,0.9325,2.7415,2.93995
3,6,21,9299,28440,7126,0.9299,2.844,3.05839
3,6,21.25,9333,27228,6903,0.9333,2.7228,2.91739
3,6,21.5,9347,26835,6811,0.9347,2.6835,2.87097
3,6,21.75,9379,25456,6490,0.9379,2.5456,2.71415
3,6,22,9368,25803,6533,0.9368,2.5803,2.75438
3,6,22.25,9346,26664,6707,0.9346,2.6664,2.85299
3,6,22.5,9327,27394,6908,0.9327,2.7394,2.93706
3,6,22.75,9363,26062,6586,0.9363,2.6062,2.78351
3,6,23,9366,26008,6643,0.9366,2.6008,2.77685
3,6,23.25,9326,27511,6922,0.9326,2.7511,2.94992
3,6,23.5,9362,26101,6567,0.9362,2.6101,2.78797
3,6,23.75,9313,27905,6999,0.9313,2.7905,2.99635
3,6,24,9360,26232,6693,0.936,2.6232,2.80256
3,6,24.25,9332,27241,6913,0.9332,2.7241,2.9191
3,6,24.5,9387,25190,6419,0.9387,2.519,2.6835
3,6,24.75,9377,25627,6524,0.9377,2.5627,2.73296
3,6,25,9322,27610,7030,0.9322,2.761,2.96181
3,6,25.25,9349,26656,6758,0.9349,2.6656,2.85121
3,6,25.5,9367,25761,6522,0.9367,2.5761,2.75019
3,6,25.75,9342,26893,6821,0.9342,2.6893,2.87872
3,6,26,9307,28118,7104,0.9307,2.8118,3.02117
3,6,26.25,9306,28209,7085,0.9306,2.8209,3.03127
3,6,26.5,9337,27107,6933,0.9337,2.7107,2.90318
3,6,26.75,9340,26943,6802,0.934,2.6943,2.88469
3,6,27,9361,26104,6645,0.9361,2.6104,2.78859
3,6,27.25,9310,28002,7050,0.931,2.8002,3.00773
3,6,27.5,9283,28948,7200,0.9283,2.8948,3.11839
3,6,27.75,9328,27514,6941,0.9328,2.7514,2.94961
3,6,28,9329,27318,6888,0.9329,2.7318,2.92829
3,6,28.25,9298,28430,7129,0.9298,2.843,3.05765
3,6,28.5,9348,26584,6732,0.9348,2.6584,2.84382
3,6,28.75,9336,27111,6837,0.9336,2.7111,2.90392
3,6,29,9362,26097,6603,0.9362,2.6097,2.78755
3,6,29.25,9309,28090,7063,0.9309,2.809,3.01751
3,6,29.5,9315,27847,7026,0.9315,2.7847,2.98948
3,6,29.75,9331,27359,6922,0.9331,2.7359,2.93205
3,6,30,9351,26643,6729,0.9351,2.6643,2.84921
3,6,30.25,9338,27153,6923,0.9338,2.7153,2.9078
3,6,30.5,9319,27687,6905,0.9319,2.7687,2.97103
3,6,30.75,9363,26126,6635,0.9363,2.6126,2.79034
3,6,31,9348,26765,6801,0.9348,2.6765,2.86318
3,6,31.25,9280,29244,7352,0.928,2.9244,3.15129
3,6,31.5,9373,25729,6486,0.9373,2.5729,2.74501
3,6,31.75,9283,29036,7265,0.9283,2.9036,3.12787
3,6,32,9349,26620,6769,0.9349,2.662,2.84736
3,6,32.25,9321,27691,7011,0.9321,2.7691,2.97082
3,6,32.5,9316,27948,7051,0.9316,2.7948,3
3,6,32.75,9340,27023,6832,0.934,2.7023,2.89325
3,6,33,9316,27859,7046,0.9316,2.7859,2.99045
3,6,33.25,9346,26705,6774,0.9346,2.6705,2.85737
3,6,33.5,9392,24875,6333,0.9392,2.4875,2.64853
3,6,33.75,9381,25393,6453,0.9381,2.5393,2.70685
3,6,34,9310,28185,7108,0.931,2.8185,3.02739
3,6,34.25,9362,26134,6570,0.9362,2.6134,2.7915
3,6,34.5,9340,26918,6776,0.934,2.6918,2.88201
3,6,34.75,9331,27238,6884,0.9331,2.7238,2.91909
3,6,35,9337,26979,6813,0.9337,2.6979,2.88947
3,6,35.25,9313,27939,7002,0.9313,2.7939,3
3,6,35.5,9390,25006,6342,0.939,2.5006,2.66305
3,6,35.75,9327,27440,6953,0.9327,2.744,2.942
3,6,36,9326,27474,6899,0.9326,2.7474,2.94596
3,6,36.25,9367,25894,6572,0.9367,2.5894,2.76439
3,6,36.5,9322,27669,6947,0.9322,2.7669,2.96814
3,6,36.75,9315,27842,7004,0.9315,2.7842,2.98894
3,6,37,9321,27690,7017,0.9321,2.769,2.97071
3,6,37.25,9330,27344,6884,0.933,2.7344,2.93076
3,6,37.5,9334,27139,6869,0.9334,2.7139,2.90754
3,6,37.75,9345,26763,6789,0.9345,2.6763,2.86388
3,6,38,9356,26282,6580,0.9356,2.6282,2.80911
3,6,38.25,9308,28132,7087,0.9308,2.8132,3.02235
3,6,38.5,9329,27374,6885,0.9329,2.7374,2.93429
3,6,38.75,9302,28498,7196,0.9302,2.8498,3.06364
3,6,39,9310,28111,7107,0.931,2.8111,3.01944
3,6,39.25,9336,27171,6873,0.9336,2.7171,2.91035
3,6,39.5,9349,26624,6765,0.9349,2.6624,2.84779
3,6,39.75,9376,25587,6447,0.9376,2.5587,2.72899
3,6,40,9317,27839,7021,0.9317,2.7839,2.98798
3,7,0,200,8400,139,0.02,0.84,42
3,7,0.25,214,8933,98,0.0214,0.8933,41.743
3,7,0.5,222,9245,83,0.0222,0.9245,41.6441
3,7,0.75,205,8553,85,0.0205,0.8553,41.722
3,7,1,206,8583,78,0.0206,0.8583,41.665
3,7,1.25,230,9560,95,0.023,0.956,41.5652
3,7,1.5,228,9509,86,0.0228,0.9509,41.7061
3,7,1.75,235,9796,77,0.0235,0.9796,41.6851
3,7,2,244,10119,87,0.0244,1.0119,41.4713
3,7,2.25,243,10052,94,0.0243,1.0052,41.3663
3,7,2.5,242,10006,92,0.0242,1.0006,41.3471
3,7,2.75,245,10127,96,0.0245,1.0127,41.3347
3,7,3,280,11433,116,0.028,1.1433,40.8321
3,7,3.25,308,12612,132,0.0308,1.2612,40.9481
3,7,3.5,343,13984,137,0.0343,1.3984,40.7697
3,7,3.75,381,15479,175,0.0381,1.5479,40.6273
3,7,4,404,16312,217,0.0404,1.6312,40.3762
3,7,4.25,428,17268,215,0.0428,1.7268,40.3458
3,7,4.5,468,18791,233,0.0468,1.8791,40.1517
3,7,4.75,511,20372,305,0.0511,2.0372,39.8669
3,7,5,587,23226,385,0.0587,2.3226,39.5673
3,7,5.25,635,25035,469,0.0635,2.5035,39.4252
3,7,5.5,813,31229,663,0.0813,3.1229,38.4121
3,7,5.75,999,37444,927,0.0999,3.7444,37.4815
3,7,6,1317,47806,1514,0.1317,4.7806,36.2992
3,7,6.25,1834,62150,2679,0.1834,6.215,33.8877
3,7,6.5,2924,85955,5767,0.2924,8.5955,29.3964
3,7,6.75,5314,104631,13079,0.5314,10.4631,19.6897
3,7,7,8491,55432,12476,0.8491,5.5432,6.52832
3,7,7.25,9284,29012,7249,0.9284,2.9012,3.12495
3,7,7.5,9298,28579,7195,0.9298,2.8579,3.07367
3,7,7.75,9361,26093,6581,0.9361,2.6093,2.78742
3,7,8,9368,25939,6575,0.9368,2.5939,2.76889
3,7,8.25,9346,26805,6781,0.9346,2.6805,2.86807
3,7,8.5,9342,26959,6831,0.9342,2.6959,2.88578
3,7,8.75,9410,24308,6224,0.941,2.4308,2.58321
3,7,9,9346,26752,6773,0.9346,2.6752,2.8624
3,7,9.25,9336,26997,6761,0.9336,2.6997,2.89171
3,7,9.5,9333,27284,6898,0.9333,2.7284,2.92339
3,7,9.75,9381,25399,6441,0.9381,2.5399,2.70749
3,7,10,9349,26667,6733,0.9349,2.6667,2.85239
3,7,10.25,9331,27315,6865,0.9331,2.7315,2.92734
3,7,10.5,9320,27753,7000,0.932,2.7753,2.97779
3,7,10.75,9364,26144,6666,0.9364,2.6144,2.79197
3,7,11,9334,27152,6856,0.9334,2.7152,2.90894
3,7,11.25,9342,26823,6780,0.9342,2.6823,2.87123
3,7,11.5,9315,27859,7041,0.9315,2.7859,2.99077
3,7,11.75,9345,26783,6756,0.9345,2.6783,2.86602
3,7,12,9311,28133,7087,0.9311,2.8133,3.02148
3,7,12.25,9350,26509,6664,0.935,2.6509,2.83519
3,7,12.5,9341,26899,6785,0.9341,2.6899,2.87967
3,7,12.75,9320,27679,6985,0.932,2.7679,2.96985
3,7,13,9298,28619,7180,0.9298,2.8619,3.07797
3,7,13.25,9324,27477,6908,0.9324,2.7477,2.94691
3,7,13.5,9335,27107,6816,0.9335,2.7107,2.9038
3,7,13.75,9360,26235,6675,0.936,2.6235,2.80288
3,7,14,9283,29048,7302,0.9283,2.9048,3.12916
3,7,14.25,9287,28890,7268,0.9287,2.889,3.1108
3,7,14.5,9325,27538,6977,0.9325,2.7538,2.95314
3,7,14.75,9351,26510,6708,0.9351,2.651,2.83499
3,7,15,9353,26423,6706,0.9353,2.6423,2.82508
3,7,15.25,9357,26213,6643,0.9357,2.6213,2.80143
3,7,15.5,9346,26649,6735,0.9346,2.6649,2.85138
3,7,15.75,9343,26907,6755,0.9343,2.6907,2.87991
3,7,16,9309,28221,7105,0.9309,2.8221,3.03158
3,7,16.25,9326,27435,6906,0.9326,2.7435,2.94178
3,7,16.5,9283,29015,7275,0.9283,2.9015,3.12561
3,7,16.75,9355,26393,6665,0.9355,2.6393,2.82127
3,7,17,9353,26445,6617,0.9353,2.6445,2.82744
3,7,17.25,9379,25438,6458,0.9379,2.5438,2.71223
3,7,17.5,9375,25623,6535,0.9375,2.5623,2.73312
3,7,17.75,9395,24828,6328,0.9395,2.4828,2.64268
3,7,18,9345,26741,6752,0.9345,2.6741,2.86153
3,7,18.25,9341,27027,6837,0.9341,2.7027,2.89337
3,7,18.5,9314,27868,7006,0.9314,2.7868,2.99205
3,7,18.75,9345,26699,6719,0.9345,2.6699,2.85704
3,7,19,9339,27020,6856,0.9339,2.702,2.89324
3,7,19.25,9370,25766,6542,0.937,2.5766,2.74984
3,7,19.5,9404,24451,6219,0.9404,2.4451,2.60006
3,7,19.75,9356,26366,6705,0.9356,2.6366,2.81808
3,7,20,9357,26374,6705,0.9357,2.6374,2.81864
3,7,20.25,9364,26003,6518,0.9364,2.6003,2.77691
3,7,20.5,9350,26622,6739,0.935,2.6622,2.84727
3,7,20.75,9329,27296,6848,0.9329,2.7296,2.92593
3,7,21,9342,26929,6855,0.9342,2.6929,2.88257
3,7,21.25,9269,29510,7390,0.9269,2.951,3.18373
3,7,21.5,9312,27990,7050,0.9312,2.799,3.0058
3,7,21.75,9356,26299,6641,0.9356,2.6299,2.81092
3,7,22,9339,26891,6797,0.9339,2.6891,2.87943
3,7,22.25,9328,27405,6928,0.9328,2.7405,2.93793
3,7,22.5,9355,26334,6659,0.9355,2.6334,2.81497
3,7,22.75,9398,24755,6263,0.9398,2.4755,2.63407
3,7,23,9361,26256,6627,0.9361,2.6256,2.80483
3,7,23.25,9299,28574,7217,0.9299,2.8574,3.0728
3,7,23.5,9365,25875,6530,0.9365,2.5875,2.76295
3,7,23.75,9325,27475,6922,0.9325,2.7475,2.94638
3,7,24,9354,26479,6722,0.9354,2.6479,2.83077
3,7,24.25,9319,27673,6976,0.9319,2.7673,2.96952
3,7,24.5,9325,27555,6938,0.9325,2.7555,2.95496
3,7,24.75,9279,29200,7249,0.9279,2.92,3.14689
3,7,25,9282,29077,7311,0.9282,2.9077,3.13262
3,7,25.25,9338,26991,6801,0.9338,2.6991,2.89045
3,7,25.5,9344,26757,6772,0.9344,2.6757,2.86355
3,7,25.75,9308,28169,7103,0.9308,2.8169,3.02632
3,7,26,9308,28158,7134,0.9308,2.8158,3.02514
3,7,26.25,9273,29593,7488,0.9273,2.9593,3.19131
3,7,26.5,9333,27213,6872,0.9333,2.7213,2.91578
3,7,26.75,9345,26739,6736,0.9345,2.6739,2.86132
3,7,27,9363,26036,6569,0.9363,2.6036,2.78073
3,7,27.25,9328,27462,6964,0.9328,2.7462,2.94404
3,7,27.5,9351,26503,6690,0.9351,2.6503,2.83424
3,7,27.75,9299,28500,7170,0.9299,2.85,3.06485
3,7,28,9325,27557,6916,0.9325,2.7557,2.95517
3,7,28.25,9313,28018,7050,0.9313,2.8018,3.00848
3,7,28.5,9352,26484,6722,0.9352,2.6484,2.83191
3,7,28.75,9322,27658,6986,0.9322,2.7658,2.96696
3,7,29,9312,28036,7114,0.9312,2.8036,3.01074
3,7,29.25,9343,26861,6787,0.9343,2.6861,2.87499
3,7,29.5,9347,26632,6710,0.9347,2.6632,2.84926
3,7,29.75,9325,27513,6917,0.9325,2.7513,2.95046
3,7,30,9344,26750,6700,0.9344,2.675,2.8628
3,7,30.25,9343,26793,6769,0.9343,2.6793,2.86771
3,7,30.5,9371,25779,6517,0.9371,2.5779,2.75093
3,7,30.75,9285,29029,7249,0.9285,2.9029,3.12644
3,7,31,9361,26166,6627,0.9361,2.6166,2.79521
3,7,31.25,9333,27261,6869,0.9333,2.7261,2.92093
3,7,31.5,9347,26559,6676,0.9347,2.6559,2.84145
3,7,31.75,9291,28764,7238,0.9291,2.8764,3.0959
3,7,32,9344,26873,6865,0.9344,2.6873,2.87596
3,7,32.25,9321,27580,6963,0.9321,2.758,2.95891
3,7,32.5,9315,27887,6996,0.9315,2.7887,2.99377
3,7,32.75,9342,26876,6782,0.9342,2.6876,2.8769
3,7,33,9313,27992,7053,0.9313,2.7992,3.00569
3,7,33.25,9320,27712,6958,0.932,2.7712,2.97339
3,7,33.5,9292,28778,7252,0.9292,2.8778,3.09707
3,7,33.75,9318,27755,7041,0.9318,2.7755,2.97864
3,7,34,9326,27433,6873,0.9326,2.7433,2.94156
3,7,34.25,9365,26052,6640,0.9365,2.6052,2.78185
3,7,34.5,9321,27570,6968,0.9321,2.757,2.95784
3,7,34.75,9349,26636,6736,0.9349,2.6636,2.84907
3,7,35,9369,25833,6582,0.9369,2.5833,2.75728
3,7,35.25,9330,27262,6834,0.933,2.7262,2.92197
3,7,35.5,9282,29121,7283,0.9282,2.9121,3.13736
3,7,35.75,9331,27356,6910,0.9331,2.7356,2.93173
3,7,36,9344,26814,6778,0.9344,2.6814,2.86965
3,7,36.25,9352,26408,6679,0.9352,2.6408,2.82378
3,7,36.5,9376,25525,6476,0.9376,2.5525,2.72238
3,7,36.75,9295,28671,7218,0.9295,2.8671,3.08456
3,7,37,9391,24924,6338,0.9391,2.4924,2.65403
3,7,37.25,9345,26680,6726,0.9345,2.668,2.855
3,7,37.5,9365,25892,6562,0.9365,2.5892,2.76476
3,7,37.75,9300,28342,7065,0.93,2.8342,3.04753
3,7,38,9360,26259,6660,0.936,2.6259,2.80545
3,7,38.25,9334,27125,6822,0.9334,2.7125,2.90604
3,7,38.5,9307,28110,7027,0.9307,2.811,3.02031
3,7,38.75,9351,26396,6637,0.9351,2.6396,2.8228
3,7,39,9346,26675,6731,0.9346,2.6675,2.85416
3,7,39.25,9354,26434,6728,0.9354,2.6434,2.82596
3,7,39.5,9339,26910,6779,0.9339,2.691,2.88146
3,7,39.75,9277,29384,7407,0.9277,2.9384,3.1674
3,7,40,9347,26656,6705,0.9347,2.6656,2.85182
3,8,0,200,8425,131,0.02,0.8425,42.125
3,8,0.25,222,9219,78,0.0222,0.9219,41.527
3,8,0.5,227,9440,84,0.0227,0.944,41.5859
3,8,0.75,228,9500,81,0.0228,0.95,41.6667
3,8,1,251,10393,93,0.0251,1.0393,41.4064
3,8,1.25,253,10479,100,0.0253,1.0479,41.419
3,8,1.5,274,11310,117,0.0274,1.131,41.2774
3,8,1.75,308,12615,128,0.0308,1.2615,40.9578
3,8,2,311,12759,124,0.0311,1.2759,41.0257
3,8,2.25,302,12458,128,0.0302,1.2458,41.2517
3,8,2.5,301,12399,117,0.0301,1.2399,41.1927
3,8,2.75,328,13448,134,0.0328,1.3448,41
3,8,3,370,15081,182,0.037,1.5081,40.7595
3,8,3.25,387,15688,212,0.0387,1.5688,40.5375
3,8,3.5,416,16848,202,0.0416,1.6848,40.5
3,8,3.75,444,17899,245,0.0444,1.7899,40.3131
3,8,4,475,19093,268,0.0475,1.9093,40.1958
3,8,4.25,517,20642,289,0.0517,2.0642,39.9265
3,8,4.5,555,22006,313,0.0555,2.2006,39.6505
3,8,4.75,605,23833,414,0.0605,2.3833,39.3934
3,8,5,707,27509,521,0.0707,2.7509,38.9095
3,8,5.25,812,31098,695,0.0812,3.1098,38.298
3,8,5.5,998,37596,923,0.0998,3.7596,37.6713
3,8,5.75,1223,44668,1352,0.1223,4.4668,36.5233
3,8,6,1577,55311,2046,0.1577,5.5311,35.0736
3,8,6.25,2230,72061,3696,0.223,7.2061,32.3143
3,8,6.5,3802,98080,8653,0.3802,9.808,25.7969
3,8,6.75,7014,88673,15396,0.7014,8.8673,12.6423
3,8,7,9095,35722,8703,0.9095,3.5722,3.92765
3,8,7.25,9342,27001,6834,0.9342,2.7001,2.89028
3,8,7.5,9308,28218,7071,0.9308,2.8218,3.03159
3,8,7.75,9357,26371,6637,0.9357,2.6371,2.81832
3,8,8,9298,28550,7180,0.9298,2.855,3.07055
3,8,8.25,9335,27122,6847,0.9335,2.7122,2.90541
3,8,8.5,9355,26331,6658,0.9355,2.6331,2.81464
3,8,8.75,9303,28464,7232,0.9303,2.8464,3.05966
3,8,9,9339,27024,6859,0.9339,2.7024,2.89367
3,8,9.25,9291,28757,7252,0.9291,2.8757,3.09515
3,8,9.5,9347,26662,6722,0.9347,2.6662,2.85247
3,8,9.75,9312,27920,7000,0.9312,2.792,2.99828
3,8,10,9311,28007,7046,0.9311,2.8007,3.00795
3,8,10.25,9286,28942,7235,0.9286,2.8942,3.11673
3,8,10.5,9331,27286,6922,0.9331,2.7286,2.92423
3,8,10.75,9329,27315,6852,0.9329,2.7315,2.92797
3,8,11,9352,26491,6707,0.9352,2.6491,2.83266
3,8,11.25,9335,27077,6866,0.9335,2.7077,2.90059
3,8,11.5,9299,28564,7233,0.9299,2.8564,3.07173
3,8,11.75,9330,27348,6932,0.933,2.7348,2.93119
3,8,12,9304,28265,7055,0.9304,2.8265,3.03794
3,8,12.25,9373,25763,6588,0.9373,2.5763,2.74864
3,8,12.5,9298,28511,7198,0.9298,2.8511,3.06636
3,8,12.75,9346,26632,6687,0.9346,2.6632,2.84956
3,8,13,9341,27007,6828,0.9341,2.7007,2.89123
3,8,13.25,9304,28369,7130,0.9304,2.8369,3.04912
3,8,13.5,9330,27278,6844,0.933,2.7278,2.92369
3,8,13.75,9316,27769,6967,0.9316,2.7769,2.98079
3,8,14,9311,27989,7068,0.9311,2.7989,3.00601
3,8,14.25,9365,25969,6596,0.9365,2.5969,2.77298
3,8,14.5,9297,28639,7192,0.9297,2.8639,3.08046
3,8,14.75,9313,27932,7008,0.9313,2.7932,2.99925
3,8,15,9314,28069,7111,0.9314,2.8069,3.01364
3,8,15.25,9307,28218,7111,0.9307,2.8218,3.03191
3,8,15.5,9328,27271,6822,0.9328,2.7271,2.92356
3,8,15.75,9301,28351,7163,0.9301,2.8351,3.04817
3,8,16,9356,26380,6660,0.9356,2.638,2.81958
3,8,16.25,9343,26803,6808,0.9343,2.6803,2.86878
3,8,16.5,9327,27426,6929,0.9327,2.7426,2.9405
3,8,16.75,9330,27318,6948,0.933,2.7318,2.92797
3,8,17,9341,26973,6858,0.9341,2.6973,2.88759
3,8,17.25,9324,27458,6914,0.9324,2.7458,2.94487
3,8,17.5,9363,26147,6638,0.9363,2.6147,2.79259
3,8,17.75,9338,27004,6816,0.9338,2.7004,2.89184
3,8,18,9351,26583,6686,0.9351,2.6583,2.8428
3,8,18.25,9355,26360,6649,0.9355,2.636,2.81774
3,8,18.5,9321,27564,6959,0.9321,2.7564,2.95719
3,8,18.75,9325,27489,6935,0.9325,2.7489,2.94788
3,8,19,9340,26820,6809,0.934,2.682,2.87152
3,8,19.25,9285,29055,7327,0.9285,2.9055,3.12924
3,8,19.5,9341,26904,6772,0.9341,2.6904,2.88021
3,8,19.75,9346,26766,6780,0.9346,2.6766,2.8639
3,8,20,9317,27688,6996,0.9317,2.7688,2.97177
3,8,20.25,9358,26332,6673,0.9358,2.6332,2.81385
3,8,20.5,9357,26281,6651,0.9357,2.6281,2.8087
3,8,20.75,9359,26208,6651,0.9359,2.6208,2.8003
3,8,21,9319,27727,6986,0.9319,2.7727,2.97532
3,8,21.25,9330,27319,6868,0.933,2.7319,2.92808
3,8,21.5,9371,25747,6510,0.9371,2.5747,2.74752
3,8,21.75,9333,27110,6795,0.9333,2.711,2.90475
3,8,22,9298,28487,7178,0.9298,2.8487,3.06378
3,8,22.25,9324,27526,6901,0.9324,2.7526,2.95217
3,8,22.5,9341,26925,6840,0.9341,2.6925,2.88245
3,8,22.75,9312,28018,7067,0.9312,2.8018,3.00881
3,8,23,9309,28048,7064,0.9309,2.8048,3.013
3,8,23.25,9354,26271,6620,0.9354,2.6271,2.80853
3,8,23.5,9351,26463,6676,0.9351,2.6463,2.82996
3,8,23.75,9328,27444,6913,0.9328,2.7444,2.94211
3,8,24,9316,27837,6985,0.9316,2.7837,2.98809
3,8,24.25,9352,26438,6659,0.9352,2.6438,2.82699
3,8,24.5,9282,29277,7383,0.9282,2.9277,3.15417
3,8,24.75,9346,26715,6736,0.9346,2.6715,2.85844
3,8,25,9330,27284,6895,0.933,2.7284,2.92433
3,8,25.25,9304,28324,7097,0.9304,2.8324,3.04428
3,8,25.5,9320,27712,7015,0.932,2.7712,2.97339
3,8,25.75,9341,26960,6828,0.9341,2.696,2.8862
3,8,26,9389,24990,6384,0.9389,2.499,2.66163
3,8,26.25,9361,26151,6628,0.9361,2.6151,2.79361
3,8,26.5,9296,28615,7136,0.9296,2.8615,3.07821
3,8,26.75,9396,24830,6317,0.9396,2.483,2.64261
3,8,27,9327,27464,6916,0.9327,2.7464,2.94457
3,8,27.25,9336,27019,6759,0.9336,2.7019,2.89407
3,8,27.5,9342,26937,6823,0.9342,2.6937,2.88343
3,8,27.75,9305,28295,7113,0.9305,2.8295,3.04084
3,8,28,9289,28848,7277,0.9289,2.8848,3.10561
3,8,28.25,9327,27574,7010,0.9327,2.7574,2.95636
3,8,28.5,9340,26976,6825,0.934,2.6976,2.88822
3,8,28.75,9352,26503,6720,0.9352,2.6503,2.83394
3,8,29,9384,25218,6406,0.9384,2.5218,2.68734
3,8,29.25,9325,27501,6932,0.9325,2.7501,2.94917
3,8,29.5,9300,28441,7136,0.93,2.8441,3.05817
3,8,29.75,9356,26351,6648,0.9356,2.6351,2.81648
3,8,30,9313,28033,7052,0.9313,2.8033,3.01009
3,8,30.25,9344,26868,6820,0.9344,2.6868,2.87543
3,8,30.5,9355,26433,6762,0.9355,2.6433,2.82555
3,8,30.75,9326,27398,6866,0.9326,2.7398,2.93781
3,8,31,9367,25975,6606,0.9367,2.5975,2.77303
3,8,31.25,9349,26615,6786,0.9349,2.6615,2.84683
3,8,31.5,9369,25827,6532,0.9369,2.5827,2.75664
3,8,31.75,9317,27841,6984,0.9317,2.7841,2.98819
3,8,32,9351,26547,6699,0.9351,2.6547,2.83895
3,8,32.25,9383,25347,6421,0.9383,2.5347,2.70137
3,8,32.5,9347,26749,6740,0.9347,2.6749,2.86177
3,8,32.75,9353,26337,6659,0.9353,2.6337,2.81589
3,8,33,9369,25850,6592,0.9369,2.585,2.7591
3,8,33.25,9349,26669,6732,0.9349,2.6669,2.8526
3,8,33.5,9337,27059,6860,0.9337,2.7059,2.89804
3,8,33.75,9317,27799,6965,0.9317,2.7799,2.98369
3,8,34,9305,28318,7128,0.9305,2.8318,3.04331
3,8,34.25,9352,26468,6673,0.9352,2.6468,2.8302
3,8,34.5,9332,27157,6806,0.9332,2.7157,2.91009
3,8,34.75,9297,28564,7218,0.9297,2.8564,3.07239
3,8,35,9386,25221,6391,0.9386,2.5221,2.68709
3,8,35.25,9302,28339,7075,0.9302,2.8339,3.04655
3,8,35.5,9316,27853,6977,0.9316,2.7853,2.9898
3,8,35.75,9303,28326,7134,0.9303,2.8326,3.04482
3,8,36,9396,24875,6343,0.9396,2.4875,2.6474
3,8,36.25,9390,25074,6414,0.939,2.5074,2.67029
3,8,36.5,9340,26901,6789,0.934,2.6901,2.88019
3,8,36.75,9348,26669,6776,0.9348,2.6669,2.85291
3,8,37,9363,26062,6556,0.9363,2.6062,2.78351
3,8,37.25,9352,26524,6764,0.9352,2.6524,2.83618
3,8,37.5,9293,28647,7203,0.9293,2.8647,3.08264
3,8,37.75,9342,26852,6827,0.9342,2.6852,2.87433
3,8,38,9272,29506,7403,0.9272,2.9506,3.18227
3,8,38.25,9291,28749,7197,0.9291,2.8749,3.09428
3,8,38.5,9366,25907,6520,0.9366,2.5907,2.76607
3,8,38.75,9304,28369,7164,0.9304,2.8369,3.04912
3,8,39,9323,27672,7004,0.9323,2.7672,2.96814
3,8,39.25,9321,27638,6994,0.9321,2.7638,2.96513
3,8,39.5,9303,28309,7169,0.9303,2.8309,3.043
3,8,39.75,9334,27100,6817,0.9334,2.71,2.90336
3,8,40,9282,29192,7315,0.9282,2.9192,3.14501
3,9,0,200,8407,143,0.02,0.8407,42.035
3,9,0.25,215,8979,101,0.0215,0.8979,41.7628
3,9,0.5,229,9497,85,0.0229,0.9497,41.4716
3,9,0.75,238,9865,93,0.0238,0.9865,41.4496
3,9,1,278,11404,134,0.0278,1.1404,41.0216
3,9,1.25,295,12069,139,0.0295,1.2069,40.9119
3,9,1.5,342,13898,180,0.0342,1.3898,40.6374
3,9,1.75,352,14296,179,0.0352,1.4296,40.6136
3,9,2,412,16535,231,0.0412,1.6535,40.1335
3,9,2.25,484,19333,286,0.0484,1.9333,39.9442
3,9,2.5,549,21650,321,0.0549,2.165,39.4353
3,9,2.75,598,23548,373,0.0598,2.3548,39.3779
3,9,3,703,27388,471,0.0703,2.7388,38.9587
3,9,3.25,772,29924,590,0.0772,2.9924,38.7617
3,9,3.5,879,33530,731,0.0879,3.353,38.1456
3,9,3.75,1039,39020,962,0.1039,3.902,37.5553
3,9,4,1262,46129,1462,0.1262,4.6129,36.5523
3,9,4.25,1722,59149,2386,0.1722,5.9149,34.349
3,9,4.5,2544,78657,4619,0.2544,7.8657,30.9186
3,9,4.75,4474,103468,10860,0.4474,10.3468,23.1265
3,9,5,7902,70758,14341,0.7902,7.0758,8.95444
3,9,5.25,9234,30909,7728,0.9234,3.0909,3.3473
3,9,5.5,9320,27738,6997,0.932,2.7738,2.97618
3,9,5.75,9372,25688,6518,0.9372,2.5688,2.74093
3,9,6,9353,26484,6676,0.9353,2.6484,2.8316
3,9,6.25,9284,29113,7314,0.9284,2.9113,3.13583
3,9,6.5,9330,27276,6839,0.933,2.7276,2.92347
3,9,6.75,9337,26949,6759,0.9337,2.6949,2.88626
3,9,7,9357,26353,6688,0.9357,2.6353,2.81639
3,9,7.25,9312,28090,7063,0.9312,2.809,3.01654
3,9,7.5,9315,27886,7009,0.9315,2.7886,2.99367
3,9,7.75,9326,27534,6933,0.9326,2.7534,2.95239
3,9,8,9317,27852,7002,0.9317,2.7852,2.98937
3,9,8.25,9331,27321,6890,0.9331,2.7321,2.92798
3,9,8.5,9356,26313,6679,0.9356,2.6313,2.81242
3,9,8.75,9333,27274,6951,0.9333,2.7274,2.92232
3,9,9,9350,26475,6665,0.935,2.6475,2.83155
3,9,9.25,9343,26740,6711,0.9343,2.674,2.86204
3,9,9.5,9340,26945,6774,0.934,2.6945,2.8849
3,9,9.75,9378,25466,6451,0.9378,2.5466,2.7155
3,9,10,9347,26691,6816,0.9347,2.6691,2.85557
3,9,10.25,9321,27642,6962,0.9321,2.7642,2.96556
3,9,10.5,9379,25619,6531,0.9379,2.5619,2.73153
3,9,10.75,9351,26492,6694,0.9351,2.6492,2.83307
3,9,11,9333,27337,6911,0.9333,2.7337,2.92907
3,9,11.25,9351,26667,6804,0.9351,2.6667,2.85178
3,9,11.5,9346,26666,6734,0.9346,2.6666,2.8532
3,9,11.75,9330,27268,6875,0.933,2.7268,2.92262
3,9,12,9301,28405,7155,0.9301,2.8405,3.05397
3,9,12.25,9339,26987,6789,0.9339,2.6987,2.88971
3,9,12.5,9325,27616,6993,0.9325,2.7616,2.9615
3,9,12.75,9325,27531,6889,0.9325,2.7531,2.95239
3,9,13,9355,26334,6691,0.9355,2.6334,2.81497
3,9,13.25,9348,26577,6676,0.9348,2.6577,2.84307
3,9,13.5,9376,25686,6587,0.9376,2.5686,2.73955
3,9,13.75,9345,26851,6829,0.9345,2.6851,2.8733
3,9,14,9330,27288,6871,0.933,2.7288,2.92476
3,9,14.25,9361,26123,6579,0.9361,2.6123,2.79062
3,9,14.5,9333,27089,6791,0.9333,2.7089,2.9025
3,9,14.75,9323,27611,6973,0.9323,2.7611,2.9616
3,9,15,9291,28805,7261,0.9291,2.8805,3.10031
3,9,15.25,9343,26928,6779,0.9343,2.6928,2.88216
3,9,15.5,9375,25563,6456,0.9375,2.5563,2.72672
3,9,15.75,9359,26151,6590,0.9359,2.6151,2.79421
3,9,16,9337,27078,6808,0.9337,2.7078,2.90007
3,9,16.25,9270,29592,7475,0.927,2.9592,3.19223
3,9,16.5,9295,28630,7199,0.9295,2.863,3.08015
3,9,16.75,9326,27442,6893,0.9326,2.7442,2.94253
3,9,17,9316,27849,7037,0.9316,2.7849,2.98937
3,9,17.25,9313,28061,7118,0.9313,2.8061,3.0131
3,9,17.5,9308,28186,7081,0.9308,2.8186,3.02815
3,9,17.75,9290,28833,7263,0.929,2.8833,3.10366
3,9,18,9351,26610,6722,0.9351,2.661,2.84568
3,9,18.25,9372,25732,6552,0.9372,2.5732,2.74563
3,9,18.5,9343,26813,6771,0.9343,2.6813,2.86985
3,9,18.75,9319,27780,6966,0.9319,2.778,2.98101
3,9,19,9381,25334,6403,0.9381,2.5334,2.70056
3,9,19.25,9375,25656,6520,0.9375,2.5656,2.73664
3,9,19.5,9323,27569,6938,0.9323,2.7569,2.9571
3,9,19.75,9344,26792,6829,0.9344,2.6792,2.86729
3,9,20,9359,26214,6668,0.9359,2.6214,2.80094
3,9,20.25,9294,28696,7237,0.9294,2.8696,3.08758
3,9,20.5,9334,27219,6863,0.9334,2.7219,2.91611
3,9,20.75,9353,26534,6763,0.9353,2.6534,2.83695
3,9,21,9371,25707,6506,0.9371,2.5707,2.74325
3,9,21.25,9330,27365,6875,0.933,2.7365,2.93301
3,9,21.5,9333,27315,6912,0.9333,2.7315,2.92671
3,9,21.75,9327,27441,6896,0.9327,2.7441,2.9421
3,9,22,9342,26866,6715,0.9342,2.6866,2.87583
3,9,22.25,9349,26612,6672,0.9349,2.6612,2.84651
3,9,22.5,9331,27270,6883,0.9331,2.727,2.92252
3,9,22.75,9274,29436,7396,0.9274,2.9436,3.17403
3,9,23,9322,27566,6914,0.9322,2.7566,2.95709
3,9,23.25,9339,27121,6918,0.9339,2.7121,2.90406
3,9,23.5,9315,27794,6980,0.9315,2.7794,2.98379
3,9,23.75,9331,27267,6894,0.9331,2.7267,2.92219
3,9,24,9319,27759,7022,0.9319,2.7759,2.97875
3,9,24.25,9342,26898,6814,0.9342,2.6898,2.87925
3,9,24.5,9375,25647,6493,0.9375,2.5647,2.73568
3,9,24.75,9313,27972,7054,0.9313,2.7972,3.00354
3,9,25,9330,27353,6881,0.933,2.7353,2.93173
3,9,25.25,9348,26538,6691,0.9348,2.6538,2.8389
3,9,25.5,9360,26170,6675,0.936,2.617,2.79594
3,9,25.75,9340,26883,6792,0.934,2.6883,2.87827
3,9,26,9345,26787,6809,0.9345,2.6787,2.86645
3,9,26.25,9292,28713,7256,0.9292,2.8713,3.09008
3,9,26.5,9338,27066,6826,0.9338,2.7066,2.89848
3,9,26.75,9326,27454,6901,0.9326,2.7454,2.94381
3,9,27,9313,27926,7015,0.9313,2.7926,2.9986
3,9,27.25,9297,28596,7183,0.9297,2.8596,3.07583
3,9,27.5,9395,24838,6290,0.9395,2.4838,2.64375
3,9,27.75,9329,27336,6934,0.9329,2.7336,2.93022
3,9,28,9373,25780,6574,0.9373,2.578,2.75045
3,9,28.25,9335,27140,6855,0.9335,2.714,2.90734
3,9,28.5,9358,26318,6681,0.9358,2.6318,2.81235
3,9,28.75,9315,27832,6999,0.9315,2.7832,2.98787
3,9,29,9363,26005,6547,0.9363,2.6005,2.77742
3,9,29.25,9336,27095,6860,0.9336,2.7095,2.90221
3,9,29.5,9356,26340,6598,0.9356,2.634,2.81531
3,9,29.75,9337,27174,6895,0.9337,2.7174,2.91036
3,9,30,9302,28361,7113,0.9302,2.8361,3.04891
3,9,30.25,9331,27351,6957,0.9331,2.7351,2.9312
3,9,30.5,9311,28053,6998,0.9311,2.8053,3.01289
3,9,30.75,9345,26729,6713,0.9345,2.6729,2.86025
3,9,31,9292,28779,7212,0.9292,2.8779,3.09718
3,9,31.25,9333,27233,6860,0.9333,2.7233,2.91793
3,9,31.5,9305,28248,7126,0.9305,2.8248,3.03579
3,9,31.75,9326,27357,6810,0.9326,2.7357,2.93341
3,9,32,9322,27574,6962,0.9322,2.7574,2.95795
3,9,32.25,9334,27185,6881,0.9334,2.7185,2.91247
3,9,32.5,9365,26081,6648,0.9365,2.6081,2.78494
3,9,32.75,9335,27227,6866,0.9335,2.7227,2.91666
3,9,33,9309,28091,7070,0.9309,2.8091,3.01762
3,9,33.25,9334,27173,6854,0.9334,2.7173,2.91118
3,9,33.5,9350,26598,6753,0.935,2.6598,2.84471
3,9,33.75,9351,26462,6682,0.9351,2.6462,2.82986
3,9,34,9287,28826,7199,0.9287,2.8826,3.10391
3,9,34.25,9358,26158,6571,0.9358,2.6158,2.79526
3,9,34.5,9350,26601,6707,0.935,2.6601,2.84503
3,9,34.75,9336,27158,6846,0.9336,2.7158,2.90895
3,9,35,9375,25626,6491,0.9375,2.5626,2.73344
3,9,35.25,9342,26980,6819,0.9342,2.698,2.88803
3,9,35.5,9337,27015,6773,0.9337,2.7015,2.89333
3,9,35.75,9351,26555,6656,0.9351,2.6555,2.8398
3,9,36,9342,26898,6749,0.9342,2.6898,2.87925
3,9,36.25,9351,26544,6694,0.9351,2.6544,2.83863
3,9,36.5,9323,27618,6969,0.9323,2.7618,2.96235
3,9,36.75,9299,28453,7136,0.9299,2.8453,3.05979
3,9,37,9344,26830,6764,0.9344,2.683,2.87136
3,9,37.25,9334,27229,6900,0.9334,2.7229,2.91718
3,9,37.5,9342,26851,6770,0.9342,2.6851,2.87422
3,9,37.75,9320,27754,6975,0.932,2.7754,2.9779
3,9,38,9320,27726,7008,0.932,2.7726,2.97489
3,9,38.25,9354,26373,6640,0.9354,2.6373,2.81944
3,9,38.5,9339,27136,6901,0.9339,2.7136,2.90566
3,9,38.75,9342,26797,6710,0.9342,2.6797,2.86844
3,9,39,9329,27333,6922,0.9329,2.7333,2.9299
3,9,39.25,9334,27099,6785,0.9334,2.7099,2.90326
3,9,39.5,9310,28086,7022,0.931,2.8086,3.01676
3,9,39.75,9326,27486,6938,0.9326,2.7486,2.94724
3,9,40,9301,28364,7159,0.9301,2.8364,3.04956
3,10,0,200,8405,138,0.02,0.8405,42.025
3,10,0.25,219,9098,93,0.0219,0.9098,41.5434
3,10,0.5,237,9794,90,0.0237,0.9794,41.3249
3,10,0.75,263,10846,114,0.0263,1.0846,41.2395
3,10,1,284,11660,133,0.0284,1.166,41.0563
3,10,1.25,296,12165,118,0.0296,1.2165,41.098
3,10,1.5,299,12295,132,0.0299,1.2295,41.1204
3,10,1.75,305,12540,145,0.0305,1.254,41.1148
3,10,2,334,13692,159,0.0334,1.3692,40.994
3,10,2.25,343,14005,160,0.0343,1.4005,40.8309
3,10,2.5,388,15715,219,0.0388,1.5715,40.5026
3,10,2.75,421,16955,247,0.0421,1.6955,40.2732
3,10,3,474,18964,280,0.0474,1.8964,40.0084
3,10,3.25,509,20324,316,0.0509,2.0324,39.9293
3,10,3.5,555,22067,354,0.0555,2.2067,39.7604
3,10,3.75,616,24258,393,0.0616,2.4258,39.3799
3,10,4,670,26191,496,0.067,2.6191,39.091
3,10,4.25,760,29411,588,0.076,2.9411,38.6987
3,10,4.5,888,33855,792,0.0888,3.3855,38.125
3,10,4.75,1079,40213,1083,0.1079,4.0213,37.2688
3,10,5,1386,49686,1632,0.1386,4.9686,35.8485
3,10,5.25,1921,64448,2943,0.1921,6.4448,33.5492
3,10,5.5,3039,87958,6214,0.3039,8.7958,28.9431
3,10,5.75,5535,103856,13767,0.5535,10.3856,18.7635
3,10,6,8655,50392,11420,0.8655,5.0392,5.8223
3,10,6.25,9260,29860,7433,0.926,2.986,3.22462
3,10,6.5,9371,25688,6488,0.9371,2.5688,2.74122
3,10,6.75,9376,25599,6474,0.9376,2.5599,2.73027
3,10,7,9352,26515,6739,0.9352,2.6515,2.83522
3,10,7.25,9392,24974,6387,0.9392,2.4974,2.65907
3,10,7.5,9356,26423,6697,0.9356,2.6423,2.82418
3,10,7.75,9373,25667,6508,0.9373,2.5667,2.7384
3,10,8,9327,27502,6984,0.9327,2.7502,2.94864
3,10,8.25,9338,26991,6811,0.9338,2.6991,2.89045
3,10,8.5,9351,26567,6719,0.9351,2.6567,2.84109
3,10,8.75,9358,26227,6701,0.9358,2.6227,2.80263
3,10,9,9401,24608,6254,0.9401,2.4608,2.61759
3,10,9.25,9315,27839,7058,0.9315,2.7839,2.98862
3,10,9.5,9319,27643,7001,0.9319,2.7643,2.96631
3,10,9.75,9339,26916,6823,0.9339,2.6916,2.88211
3,10,10,9344,26801,6772,0.9344,2.6801,2.86826
3,10,10.25,9318,27872,7071,0.9318,2.7872,2.9912
3,10,10.5,9295,28594,7138,0.9295,2.8594,3.07628
3,10,10.75,9321,27517,6888,0.9321,2.7517,2.95215
3,10,11,9340,26917,6837,0.934,2.6917,2.88191
3,10,11.25,9336,27071,6814,0.9336,2.7071,2.89964
3,10,11.5,9365,26008,6617,0.9365,2.6008,2.77715
3,10,11.75,9338,26983,6787,0.9338,2.6983,2.88959
3,10,12,9324,27553,6966,0.9324,2.7553,2.95506
3,10,12.25,9341,26931,6797,0.9341,2.6931,2.8831
3,10,12.5,9365,25959,6614,0.9365,2.5959,2.77192
3,10,12.75,9335,27163,6810,0.9335,2.7163,2.9098
3,10,13,9381,25370,6464,0.9381,2.537,2.7044
3,10,13.25,9320,27636,6977,0.932,2.7636,2.96524
3,10,13.5,9304,28302,7077,0.9304,2.8302,3.04192
3,10,13.75,9313,27895,7036,0.9313,2.7895,2.99528
3,10,14,9316,27912,7025,0.9316,2.7912,2.99614
3,10,14.25,9349,26656,6791,0.9349,2.6656,2.85121
3,10,14.5,9298,28519,7113,0.9298,2.8519,3.06722
3,10,14.75,9336,27010,6792,0.9336,2.701,2.8931
3,10,15,9360,26177,6598,0.936,2.6177,2.79669
3,10,15.25,9326,27506,6934,0.9326,2.7506,2.94939
3,10,15.5,9334,27220,6892,0.9334,2.722,2.91622
3,10,15.75,9371,25697,6508,0.9371,2.5697,2.74218
3,10,16,9310,28255,7145,0.931,2.8255,3.03491
3,10,16.25,9338,27083,6881,0.9338,2.7083,2.9003
3,10,16.5,9359,26149,6594,0.9359,2.6149,2.794
3,10,16.75,9336,27088,6828,0.9336,2.7088,2.90146
3,10,17,9327,27456,6862,0.9327,2.7456,2.94371
3,10,17.25,9361,26158,6624,0.9361,2.6158,2.79436
3,10,17.5,9333,27187,6862,0.9333,2.7187,2.913
3,10,17.75,9332,27208,6804,0.9332,2.7208,2.91556
3,10,18,9307,28303,7167,0.9307,2.8303,3.04104
3,10,18.25,9329,27402,6928,0.9329,2.7402,2.93729
3,10,18.5,9331,27294,6890,0.9331,2.7294,2.92509
3,10,18.75,9340,26880,6770,0.934,2.688,2.87794
3,10,19,9332,27237,6935,0.9332,2.7237,2.91867
3,10,19.25,9357,26312,6667,0.9357,2.6312,2.81201
3,10,19.5,9351,26463,6692,0.9351,2.6463,2.82996
3,10,19.75,9357,26293,6654,0.9357,2.6293,2.80998
3,10,20,9313,27908,6985,0.9313,2.7908,2.99667
3,10,20.25,9313,28089,7065,0.9313,2.8089,3.01611
3,10,20.5,9325,27443,6918,0.9325,2.7443,2.94295
3,10,20.75,9332,27264,6885,0.9332,2.7264,2.92156
3,10,21,9376,25715,6597,0.9376,2.5715,2.74264
3,10,21.25,9330,27255,6835,0.933,2.7255,2.92122
3,10,21.5,9342,26828,6807,0.9342,2.6828,2.87176
3,10,21.75,9367,25886,6482,0.9367,2.5886,2.76353
3,10,22,9372,25742,6581,0.9372,2.5742,2.74669
3,10,22.25,9312,28053,7081,0.9312,2.8053,3.01256
3,10,22.5,9294,28640,7210,0.9294,2.864,3.08156
3,10,22.75,9322,27673,7007,0.9322,2.7673,2.96857
3,10,23,9336,27109,6860,0.9336,2.7109,2.90371
3,10,23.25,9354,26325,6625,0.9354,2.6325,2.8143
3,10,23.5,9310,28038,7004,0.931,2.8038,3.0116
3,10,23.75,9306,28234,7117,0.9306,2.8234,3.03396
3,10,24,9275,29382,7373,0.9275,2.9382,3.16787
3,10,24.25,9259,30052,7537,0.9259,3.0052,3.24571
3,10,24.5,9309,28065,7057,0.9309,2.8065,3.01482
3,10,24.75,9306,28218,7072,0.9306,2.8218,3.03224
3,10,25,9313,27966,7039,0.9313,2.7966,3.0029
3,10,25.25,9320,27628,6962,0.932,2.7628,2.96438
3,10,25.5,9283,29107,7280,0.9283,2.9107,3.13552
3,10,25.75,9325,27525,6992,0.9325,2.7525,2.95174
3,10,26,9361,26020,6563,0.9361,2.602,2.77962
3,10,26.25,9371,25774,6477,0.9371,2.5774,2.7504
3,10,26.5,9341,26917,6823,0.9341,2.6917,2.8816
3,10,26.75,9326,27527,6933,0.9326,2.7527,2.95164
3,10,27,9333,27120,6820,0.9333,2.712,2.90582
3,10,27.25,9334,27125,6821,0.9334,2.7125,2.90604
3,10,27.5,9377,25607,6473,0.9377,2.5607,2.73083
3,10,27.75,9372,25736,6517,0.9372,2.5736,2.74605
3,10,28,9327,27453,6971,0.9327,2.7453,2.94339
3,10,28.25,9337,27099,6806,0.9337,2.7099,2.90232
3,10,28.5,9293,28686,7179,0.9293,2.8686,3.08684
3,10,28.75,9355,26298,6664,0.9355,2.6298,2.81112
3,10,29,9290,28928,7293,0.929,2.8928,3.11389
3,10,29.25,9310,28046,7074,0.931,2.8046,3.01246
3,10,29.5,9321,27669,6985,0.9321,2.7669,2.96846
3,10,29.75,9332,27269,6884,0.9332,2.7269,2.9221
3,10,30,9397,24735,6252,0.9397,2.4735,2.63222
3,10,30.25,9338,27087,6855,0.9338,2.7087,2.90073
3,10,30.5,9319,27750,7022,0.9319,2.775,2.97779
3,10,30.75,9358,26260,6623,0.9358,2.626,2.80616
3,10,31,9329,27396,6876,0.9329,2.7396,2.93665
3,10,31.25,9285,28966,7233,0.9285,2.8966,3.11966
3,10,31.5,9353,26497,6714,0.9353,2.6497,2.83299
3,10,31.75,9346,26651,6723,0.9346,2.6651,2.85159
3,10,32,9317,27798,7046,0.9317,2.7798,2.98358
3,10,32.25,9345,26790,6797,0.9345,2.679,2.86677
3,10,32.5,9315,27904,7009,0.9315,2.7904,2.9956
3,10,32.75,9360,26240,6670,0.936,2.624,2.80342
3,10,33,9264,29744,7429,0.9264,2.9744,3.21071
3,10,33.25,9386,25088,6341,0.9386,2.5088,2.67292
3,10,33.5,9314,27897,7046,0.9314,2.7897,2.99517
3,10,33.75,9378,25419,6427,0.9378,2.5419,2.71049
3,10,34,9339,26978,6800,0.9339,2.6978,2.88875
3,10,34.25,9350,26562,6752,0.935,2.6562,2.84086
3,10,34.5,9346,26814,6802,0.9346,2.6814,2.86903
3,10,34.75,9319,27738,6945,0.9319,2.7738,2.9765
3,10,35,9318,27755,6996,0.9318,2.7755,2.97864
3,10,35.25,9324,27570,6944,0.9324,2.757,2.95689
3,10,35.5,9331,27269,6919,0.9331,2.7269,2.92241
3,10,35.75,9313,27897,7030,0.9313,2.7897,2.99549
3,10,36,9315,27864,6993,0.9315,2.7864,2.9913
3,10,36.25,9332,27399,6905,0.9332,2.7399,2.93603
3,10,36.5,9309,28104,7046,0.9309,2.8104,3.01901
3,10,36.75,9313,27996,7021,0.9313,2.7996,3.00612
3,10,37,9351,26563,6723,0.9351,2.6563,2.84066
3,10,37.25,9302,28418,7162,0.9302,2.8418,3.05504
3,10,37.5,9351,26578,6674,0.9351,2.6578,2.84226
3,10,37.75,9333,27278,6924,0.9333,2.7278,2.92275
3,10,38,9318,27806,7044,0.9318,2.7806,2.98412
3,10,38.25,9314,27940,7048,0.9314,2.794,2.99979
3,10,38.5,9339,26986,6780,0.9339,2.6986,2.8896
3,10,38.75,9339,26820,6727,0.9339,2.682,2.87183
3,10,39,9357,26228,6642,0.9357,2.6228,2.80304
3,10,39.25,9324,27644,6985,0.9324,2.7644,2.96482
3,10,39.5,9292,28680,7176,0.9292,2.868,3.08653
3,10,39.75,9333,27105,6742,0.9333,2.7105,2.90421
3,10,40,9356,26270,6656,0.9356,2.627,2.80782
3,11,0,200,8428,136,0.02,0.8428,42.14
3,11,0.25,202,8448,96,0.0202,0.8448,41.8218
3,11,0.5,202,8441,85,0.0202,0.8441,41.7871
3,11,0.75,197,8214,73,0.0197,0.8214,41.6954
3,11,1,185,7712,68,0.0185,0.7712,41.6865
3,11,1.25,198,8233,87,0.0198,0.8233,41.5808
3,11,1.5,203,8415,74,0.0203,0.8415,41.4532
3,11,1.75,189,7883,62,0.0189,0.7883,41.709
3,11,2,205,8493,67,0.0205,0.8493,41.4293
3,11,2.25,199,8278,76,0.0199,0.8278,41.598
3,11,2.5,198,8248,72,0.0198,0.8248,41.6566
3,11,2.75,201,8358,65,0.0201,0.8358,41.5821
3,11,3,231,9536,93,0.0231,0.9536,41.2814
3,11,3.25,243,10023,102,0.0243,1.0023,41.2469
3,11,3.5,261,10721,97,0.0261,1.0721,41.0766
3,11,3.75,278,11451,113,0.0278,1.1451,41.1906
3,11,4,281,11552,117,0.0281,1.1552,41.1103
3,11,4.25,272,11144,117,0.0272,1.1144,40.9706
3,11,4.5,264,10825,112,0.0264,1.0825,41.0038
3,11,4.75,300,12171,137,0.03,1.2171,40.57
3,11,5,322,13023,144,0.0322,1.3023,40.4441
3,11,5.25,351,14271,182,0.0351,1.4271,40.6581
3,11,5.5,364,14807,178,0.0364,1.4807,40.6786
3,11,5.75,392,15873,201,0.0392,1.5873,40.4923
3,11,6,467,18659,280,0.0467,1.8659,39.955
3,11,6.25,530,21000,354,0.053,2.1,39.6226
3,11,6.5,554,21962,368,0.0554,2.1962,39.6426
3,11,6.75,616,24362,424,0.0616,2.4362,39.5487
3,11,7,750,29089,608,0.075,2.9089,38.7853
3,11,7.25,896,34138,816,0.0896,3.4138,38.1004
3,11,7.5,1093,40587,1155,0.1093,4.0587,37.1336
3,11,7.75,1349,49009,1637,0.1349,4.9009,36.3299
3,11,8,1895,63886,2781,0.1895,6.3886,33.7129
3,11,8.25,2969,86895,5804,0.2969,8.6895,29.2674
3,11,8.5,5094,104390,12546,0.5094,10.439,20.4927
3,11,8.75,8390,57911,12543,0.839,5.7911,6.90238
3,11,9,9280,29137,7267,0.928,2.9137,3.13976
3,11,9.25,9323,27598,6940,0.9323,2.7598,2.96021
3,11,9.5,9322,27549,6921,0.9322,2.7549,2.95527
3,11,9.75,9324,27498,6950,0.9324,2.7498,2.94916
3,11,10,9356,26375,6623,0.9356,2.6375,2.81905
3,11,10.25,9371,25835,6566,0.9371,2.5835,2.75691
3,11,10.5,9344,26787,6758,0.9344,2.6787,2.86676
3,11,10.75,9357,26273,6669,0.9357,2.6273,2.80784
3,11,11,9330,27316,6912,0.933,2.7316,2.92776
3,11,11.25,9341,26831,6699,0.9341,2.6831,2.87239
3,11,11.5,9340,27004,6873,0.934,2.7004,2.89122
3,11,11.75,9310,28170,7086,0.931,2.817,3.02578
3,11,12,9375,25571,6447,0.9375,2.5571,2.72757
3,11,12.25,9334,27203,6866,0.9334,2.7203,2.9144
3,11,12.5,9295,28601,7171,0.9295,2.8601,3.07703
3,11,12.75,9321,27720,6996,0.9321,2.772,2.97393
3,11,13,9289,28745,7165,0.9289,2.8745,3.09452
3,11,13.25,9353,26399,6703,0.9353,2.6399,2.82252
3,11,13.5,9314,27985,7081,0.9314,2.7985,3.00462
3,11,13.75,9330,27361,6936,0.933,2.7361,2.93258
3,11,14,9338,26952,6799,0.9338,2.6952,2.88627
3,11,14.25,9371,25756,6546,0.9371,2.5756,2.74848
3,11,14.5,9297,28618,7218,0.9297,2.8618,3.0782
3,11,14.75,9326,27482,6903,0.9326,2.7482,2.94682
3,11,15,9313,28012,7055,0.9313,2.8012,3.00784
3,11,15.25,9375,25627,6512,0.9375,2.5627,2.73355
3,11,15.5,9382,25397,6468,0.9382,2.5397,2.70699
3,11,15.75,9331,27279,6908,0.9331,2.7279,2.92348
3,11,16,9345,26755,6751,0.9345,2.6755,2.86303
3,11,16.25,9324,27486,6919,0.9324,2.7486,2.94788
3,11,16.5,9294,28676,7273,0.9294,2.8676,3.08543
3,11,16.75,9375,25731,6535,0.9375,2.5731,2.74464
3,11,17,9378,25448,6440,0.9378,2.5448,2.71358
3,11,17.25,9335,27185,6879,0.9335,2.7185,2.91216
3,11,17.5,9343,26735,6720,0.9343,2.6735,2.8615
3,11,17.75,9350,26521,6739,0.935,2.6521,2.83647
3,11,18,9331,27334,6899,0.9331,2.7334,2.92938
3,11,18.25,9383,25306,6423,0.9383,2.5306,2.69701
3,11,18.5,9360,26246,6652,0.936,2.6246,2.80406
3,11,18.75,9330,27263,6899,0.933,2.7263,2.92208
3,11,19,9374,25603,6473,0.9374,2.5603,2.73128
3,11,19.25,9323,27599,6954,0.9323,2.7599,2.96031
3,11,19.5,9353,26469,6707,0.9353,2.6469,2.83
3,11,19.75,9308,28157,7037,0.9308,2.8157,3.02503
3,11,20,9319,27836,7037,0.9319,2.7836,2.98702
3,11,20.25,9301,28362,7170,0.9301,2.8362,3.04935
3,11,20.5,9274,29413,7349,0.9274,2.9413,3.17155
3,11,20.75,9327,27373,6866,0.9327,2.7373,2.93481
3,11,21,9315,27722,7022,0.9315,2.7722,2.97606
3,11,21.25,9352,26496,6703,0.9352,2.6496,2.83319
3,11,21.5,9325,27513,7027,0.9325,2.7513,2.95046
3,11,21.75,9320,27744,6974,0.932,2.7744,2.97682
3,11,22,9331,27232,6854,0.9331,2.7232,2.91844
3,11,22.25,9321,27652,6998,0.9321,2.7652,2.96663
3,11,22.5,9341,26956,6856,0.9341,2.6956,2.88577
3,11,22.75,9377,25629,6481,0.9377,2.5629,2.73318
3,11,23,9375,25464,6445,0.9375,2.5464,2.71616
3,11,23.25,9309,28160,7099,0.9309,2.816,3.02503
3,11,23.5,9304,28293,7107,0.9304,2.8293,3.04095
3,11,23.75,9334,27260,6859,0.9334,2.726,2.92051
3,11,24,9345,26805,6777,0.9345,2.6805,2.86838
3,11,24.25,9295,28664,7185,0.9295,2.8664,3.08381
3,11,24.5,9294,28787,7268,0.9294,2.8787,3.09737
3,11,24.75,9383,25339,6432,0.9383,2.5339,2.70052
3,11,25,9318,27831,6977,0.9318,2.7831,2.9868
3,11,25.25,9373,25635,6515,0.9373,2.5635,2.73498
3,11,25.5,9336,27054,6856,0.9336,2.7054,2.89781
3,11,25.75,9323,27566,6967,0.9323,2.7566,2.95677
3,11,26,9325,27455,6943,0.9325,2.7455,2.94424
3,11,26.25,9368,25770,6519,0.9368,2.577,2.75085
3,11,26.5,9333,27271,6908,0.9333,2.7271,2.922
3,11,26.75,9348,26757,6764,0.9348,2.6757,2.86232
3,11,27,9388,25148,6408,0.9388,2.5148,2.67874
3,11,27.25,9296,28629,7239,0.9296,2.8629,3.07971
3,11,27.5,9344,26781,6767,0.9344,2.6781,2.86612
3,11,27.75,9382,25318,6444,0.9382,2.5318,2.69857
3,11,28,9286,29036,7329,0.9286,2.9036,3.12686
3,11,28.25,9316,27796,7011,0.9316,2.7796,2.98368
3,11,28.5,9334,27056,6778,0.9334,2.7056,2.89865
3,11,28.75,9368,25839,6549,0.9368,2.5839,2.75822
3,11,29,9293,28763,7226,0.9293,2.8763,3.09513
3,11,29.25,9318,27752,6971,0.9318,2.7752,2.97832
3,11,29.5,9306,28186,7118,0.9306,2.8186,3.0288
3,11,29.75,9347,26733,6788,0.9347,2.6733,2.86006
3,11,30,9371,25756,6522,0.9371,2.5756,2.74848
3,11,30.25,9363,26014,6548,0.9363,2.6014,2.77838
3,11,30.5,9347,26652,6722,0.9347,2.6652,2.8514
3,11,30.75,9378,25504,6520,0.9378,2.5504,2.71956
3,11,31,9281,29142,7355,0.9281,2.9142,3.13996
3,11,31.25,9332,27254,6912,0.9332,2.7254,2.92049
3,11,31.5,9271,29523,7391,0.9271,2.9523,3.18445
3,11,31.75,9311,28072,7094,0.9311,2.8072,3.01493
3,11,32,9346,26804,6795,0.9346,2.6804,2.86796
3,11,32.25,9335,27105,6852,0.9335,2.7105,2.90359
3,11,32.5,9310,28004,7087,0.931,2.8004,3.00795
3,11,32.75,9369,25846,6545,0.9369,2.5846,2.75867
3,11,33,9378,25516,6450,0.9378,2.5516,2.72084
3,11,33.25,9364,26095,6634,0.9364,2.6095,2.78674
3,11,33.5,9376,25549,6468,0.9376,2.5549,2.72494
3,11,33.75,9297,28645,7236,0.9297,2.8645,3.0811
3,11,34,9306,28174,7072,0.9306,2.8174,3.02751
3,11,34.25,9311,28002,7017,0.9311,2.8002,3.00741
3,11,34.5,9303,28371,7150,0.9303,2.8371,3.04966
3,11,34.75,9297,28475,7178,0.9297,2.8475,3.06282
3,11,35,9321,27653,6929,0.9321,2.7653,2.96674
3,11,35.25,9368,25896,6557,0.9368,2.5896,2.7643
3,11,35.5,9379,25399,6382,0.9379,2.5399,2.70807
3,11,35.75,9351,26502,6699,0.9351,2.6502,2.83414
3,11,36,9316,27755,6976,0.9316,2.7755,2.97928
3,11,36.25,9355,26329,6651,0.9355,2.6329,2.81443
3,11,36.5,9351,26575,6707,0.9351,2.6575,2.84194
3,11,36.75,9326,27505,6972,0.9326,2.7505,2.94928
3,11,37,9357,26271,6627,0.9357,2.6271,2.80763
3,11,37.25,9369,25820,6537,0.9369,2.582,2.7559
3,11,37.5,9371,25667,6479,0.9371,2.5667,2.73898
3,11,37.75,9314,27845,7021,0.9314,2.7845,2.98959
3,11,38,9346,26676,6714,0.9346,2.6676,2.85427
3,11,38.25,9377,25507,6406,0.9377,2.5507,2.72017
3,11,38.5,9303,28371,7134,0.9303,2.8371,3.04966
3,11,38.75,9316,27856,7025,0.9316,2.7856,2.99012
3,11,39,9267,29637,7375,0.9267,2.9637,3.19812
3,11,39.25,9327,27449,6896,0.9327,2.7449,2.94296
3,11,39.5,9305,28366,7156,0.9305,2.8366,3.04847
3,11,39.75,9301,28456,7178,0.9301,2.8456,3.05946
3,11,40,9336,27128,6860,0.9336,2.7128,2.90574
3,12,0,200,8441,131,0.02,0.8441,42.205
3,12,0.25,230,9580,117,0.023,0.958,41.6522
3,12,0.5,236,9774,96,0.0236,0.9774,41.4153
3,12,0.75,248,10237,86,0.0248,1.0237,41.2782
3,12,1,251,10338,89,0.0251,1.0338,41.1873
3,12,1.25,270,11088,119,0.027,1.1088,41.0667
3,12,1.5,269,11062,111,0.0269,1.1062,41.1227
3,12,1.75,303,12326,139,0.0303,1.2326,40.6799
3,12,2,319,12899,138,0.0319,1.2899,40.4357
3,12,2.25,323,13170,142,0.0323,1.317,40.774
3,12,2.5,366,14791,151,0.0366,1.4791,40.4126
3,12,2.75,392,15783,187,0.0392,1.5783,40.2628
3,12,3,433,17390,210,0.0433,1.739,40.1617
3,12,3.25,466,18655,258,0.0466,1.8655,40.0322
3,12,3.5,520,20689,288,0.052,2.0689,39.7865
3,12,3.75,555,22059,341,0.0555,2.2059,39.7459
3,12,4,618,24403,434,0.0618,2.4403,39.4871
3,12,4.25,738,28608,550,0.0738,2.8608,38.7642
3,12,4.5,838,32107,695,0.0838,3.2107,38.3138
3,12,4.75,1061,39541,1021,0.1061,3.9541,37.2677
3,12,5,1339,48217,1515,0.1339,4.8217,36.0097
3,12,5.25,1796,61419,2614,0.1796,6.1419,34.1977
3,12,5.5,2668,81506,5077,0.2668,8.1506,30.5495
3,12,5.75,4642,104036,11423,0.4642,10.4036,22.4119
3,12,6,8146,64543,13462,0.8146,6.4543,7.92328
3,12,6.25,9188,32554,7978,0.9188,3.2554,3.5431
3,12,6.5,9257,30094,7575,0.9257,3.0094,3.25095
3,12,6.75,9371,25822,6590,0.9371,2.5822,2.75552
3,12,7,9329,27341,6909,0.9329,2.7341,2.93075
3,12,7.25,9326,27517,6954,0.9326,2.7517,2.95057
3,12,7.5,9375,25574,6506,0.9375,2.5574,2.72789
3,12,7.75,9417,24091,6208,0.9417,2.4091,2.55825
3,12,8,9344,26853,6813,0.9344,2.6853,2.87382
3,12,8.25,9328,27446,6928,0.9328,2.7446,2.94232
3,12,8.5,9390,25001,6356,0.939,2.5001,2.66251
3,12,8.75,9400,24659,6264,0.94,2.4659,2.6233
3,12,9,9316,27895,7005,0.9316,2.7895,2.99431
3,12,9.25,9292,28779,7203,0.9292,2.8779,3.09718
3,12,9.5,9326,27446,6922,0.9326,2.7446,2.94296
3,12,9.75,9332,27146,6801,0.9332,2.7146,2.90892
3,12,10,9324,27590,7003,0.9324,2.759,2.95903
3,12,10.25,9343,26741,6746,0.9343,2.6741,2.86214
3,12,10.5,9382,25351,6428,0.9382,2.5351,2.70209
3,12,10.75,9345,26731,6744,0.9345,2.6731,2.86046
3,12,11,9266,29745,7425,0.9266,2.9745,3.21012
3,12,11.25,9312,27917,7016,0.9312,2.7917,2.99796
3,12,11.5,9354,26431,6738,0.9354,2.6431,2.82564
3,12,11.75,9327,27404,6872,0.9327,2.7404,2.93814
3,12,12,9322,27598,6941,0.9322,2.7598,2.96052
3,12,12.25,9329,27325,6919,0.9329,2.7325,2.92904
3,12,12.5,9365,26056,6601,0.9365,2.6056,2.78227
3,12,12.75,9344,26921,6829,0.9344,2.6921,2.8811
3,12,13,9351,26471,6707,0.9351,2.6471,2.83082
3,12,13.25,9313,27981,7097,0.9313,2.7981,3.00451
3,12,13.5,9366,26020,6595,0.9366,2.602,2.77813
3,12,13.75,9314,27936,7057,0.9314,2.7936,2.99936
3,12,14,9379,25397,6442,0.9379,2.5397,2.70786
3,12,14.25,9298,28482,7172,0.9298,2.8482,3.06324
3,12,14.5,9306,28143,7087,0.9306,2.8143,3.02418
3,12,14.75,9320,27736,7013,0.932,2.7736,2.97597
3,12,15,9376,25597,6573,0.9376,2.5597,2.73006
3,12,15.25,9341,26940,6806,0.9341,2.694,2.88406
3,12,15.5,9324,27656,7038,0.9324,2.7656,2.96611
3,12,15.75,9347,26658,6683,0.9347,2.6658,2.85204
3,12,16,9351,26506,6654,0.9351,2.6506,2.83456
3,12,16.25,9368,25955,6612,0.9368,2.5955,2.7706
3,12,16.5,9309,28075,7049,0.9309,2.8075,3.0159
3,12,16.75,9312,27951,7014,0.9312,2.7951,3.00161
3,12,17,9343,26849,6799,0.9343,2.6849,2.8737
3,12,17.25,9348,26672,6763,0.9348,2.6672,2.85323
3,12,17.5,9323,27516,6942,0.9323,2.7516,2.95141
3,12,17.75,9322,27660,6949,0.9322,2.766,2.96717
3,12,18,9358,26295,6682,0.9358,2.6295,2.8099
3,12,18.25,9360,26152,6605,0.936,2.6152,2.79402
3,12,18.5,9351,26515,6717,0.9351,2.6515,2.83553
3,12,18.75,9301,28386,7124,0.9301,2.8386,3.05193
3,12,19,9357,26297,6645,0.9357,2.6297,2.81041
3,12,19.25,9302,28471,7219,0.9302,2.8471,3.06074
3,12,19.5,9356,26252,6679,0.9356,2.6252,2.8059
3,12,19.75,9332,27243,6890,0.9332,2.7243,2.91931
3,12,20,9328,27373,6895,0.9328,2.7373,2.9345
3,12,20.25,9281,29225,7390,0.9281,2.9225,3.14891
3,12,20.5,9318,27797,7005,0.9318,2.7797,2.98315
3,12,20.75,9359,26213,6629,0.9359,2.6213,2.80083
3,12,21,9385,25212,6406,0.9385,2.5212,2.68641
3,12,21.25,9375,25623,6459,0.9375,2.5623,2.73312
3,12,21.5,9369,25826,6530,0.9369,2.5826,2.75654
3,12,21.75,9363,26142,6594,0.9363,2.6142,2.79205
3,12,22,9412,24226,6191,0.9412,2.4226,2.57395
3,12,22.25,9351,26517,6676,0.9351,2.6517,2.83574
3,12,22.5,9344,26880,6807,0.9344,2.688,2.87671
3,12,22.75,9305,28338,7176,0.9305,2.8338,3.04546
3,12,23,9364,26019,6626,0.9364,2.6019,2.77862
3,12,23.25,9326,27427,6908,0.9326,2.7427,2.94092
3,12,23.5,9347,26647,6673,0.9347,2.6647,2.85086
3,12,23.75,9332,27267,6869,0.9332,2.7267,2.92188
3,12,24,9373,25652,6518,0.9373,2.5652,2.7368
3,12,24.25,9294,28671,7196,0.9294,2.8671,3.08489
3,12,24.5,9354,26425,6701,0.9354,2.6425,2.82499
3,12,24.75,9325,27552,6979,0.9325,2.7552,2.95464
3,12,25,9348,26470,6644,0.9348,2.647,2.83162
3,12,25.25,9322,27589,6914,0.9322,2.7589,2.95956
3,12,25.5,9344,26669,6724,0.9344,2.6669,2.85413
3,12,25.75,9310,28091,7147,0.931,2.8091,3.01729
3,12,26,9338,27080,6864,0.9338,2.708,2.89998
3,12,26.25,9357,26261,6621,0.9357,2.6261,2.80656
3,12,26.5,9294,28721,7214,0.9294,2.8721,3.09027
3,12,26.75,9356,26357,6648,0.9356,2.6357,2.81712
3,12,27,9256,30141,7476,0.9256,3.0141,3.25637
3,12,27.25,9323,27517,6921,0.9323,2.7517,2.95152
3,12,27.5,9359,26084,6592,0.9359,2.6084,2.78705
3,12,27.75,9301,28371,7069,0.9301,2.8371,3.05032
3,12,28,9301,28439,7129,0.9301,2.8439,3.05763
3,12,28.25,9349,26661,6715,0.9349,2.6661,2.85175
3,12,28.5,9327,27396,6926,0.9327,2.7396,2.93728
3,12,28.75,9350,26520,6650,0.935,2.652,2.83636
3,12,29,9328,27458,6894,0.9328,2.7458,2.94361
3,12,29.25,9347,26793,6808,0.9347,2.6793,2.86648
3,12,29.5,9350,26580,6689,0.935,2.658,2.84278
3,12,29.75,9322,27508,6851,0.9322,2.7508,2.95087
3,12,30,9346,26838,6826,0.9346,2.6838,2.8716
3,12,30.25,9320,27682,6998,0.932,2.7682,2.97017
3,12,30.5,9285,28875,7238,0.9285,2.8875,3.10985
3,12,30.75,9317,27725,6960,0.9317,2.7725,2.97574
3,12,31,9293,28751,7203,0.9293,2.8751,3.09383
3,12,31.25,9368,25881,6549,0.9368,2.5881,2.7627
3,12,31.5,9354,26474,6714,0.9354,2.6474,2.83023
3,12,31.75,9327,27336,6868,0.9327,2.7336,2.93085
3,12,32,9328,27489,6977,0.9328,2.7489,2.94693
3,12,32.25,9317,27833,7039,0.9317,2.7833,2.98733
3,12,32.5,9324,27575,6947,0.9324,2.7575,2.95742
3,12,32.75,9313,27983,7049,0.9313,2.7983,3.00472
3,12,33,9292,28875,7333,0.9292,2.8875,3.10751
3,12,33.25,9323,27562,6948,0.9323,2.7562,2.95634
3,12,33.5,9342,26869,6795,0.9342,2.6869,2.87615
3,12,33.75,9340,26963,6807,0.934,2.6963,2.88683
3,12,34,9346,26768,6745,0.9346,2.6768,2.86411
3,12,34.25,9298,28435,7125,0.9298,2.8435,3.05818
3,12,34.5,9300,28408,7132,0.93,2.8408,3.05462
3,12,34.75,9367,25852,6505,0.9367,2.5852,2.7599
3,12,35,9329,27452,6983,0.9329,2.7452,2.94265
3,12,35.25,9320,27742,7008,0.932,2.7742,2.97661
3,12,35.5,9330,27378,6885,0.933,2.7378,2.93441
3,12,35.75,9358,26252,6634,0.9358,2.6252,2.8053
3,12,36,9341,26968,6856,0.9341,2.6968,2.88706
3,12,36.25,9309,28187,7153,0.9309,2.8187,3.02793
3,12,36.5,9293,28657,7160,0.9293,2.8657,3.08372
3,12,36.75,9275,29390,7356,0.9275,2.939,3.16873
3,12,37,9355,26274,6661,0.9355,2.6274,2.80855
3,12,37.25,9333,27113,6851,0.9333,2.7113,2.90507
3,12,37.5,9344,26852,6844,0.9344,2.6852,2.87372
3,12,37.75,9308,28102,7085,0.9308,2.8102,3.01912
3,12,38,9358,26327,6712,0.9358,2.6327,2.81331
3,12,38.25,9350,26616,6767,0.935,2.6616,2.84663
3,12,38.5,9279,29229,7329,0.9279,2.9229,3.15002
3,12,38.75,9346,26758,6842,0.9346,2.6758,2.86304
3,12,39,9334,27102,6858,0.9334,2.7102,2.90358
3,12,39.25,9384,25301,6421,0.9384,2.5301,2.69618
3,12,39.5,9374,25610,6501,0.9374,2.561,2.73202
3,12,39.75,9355,26390,6656,0.9355,2.639,2.82095
3,12,40,9338,27048,6838,0.9338,2.7048,2.89655
3,13,0,200,8414,138,0.02,0.8414,42.07
3,13,0.25,235,9748,112,0.0235,0.9748,41.4809
3,13,0.5,249,10324,104,0.0249,1.0324,41.4618
3,13,0.75,270,11160,118,0.027,1.116,41.3333
3,13,1,274,11294,107,0.0274,1.1294,41.219
3,13,1.25,287,11771,133,0.0287,1.1771,41.0139
3,13,1.5,312,12743,140,0.0312,1.2743,40.8429
3,13,1.75,314,12836,134,0.0314,1.2836,40.879
3,13,2,331,13521,142,0.0331,1.3521,40.8489
3,13,2.25,338,13777,168,0.0338,1.3777,40.7604
3,13,2.5,357,14494,170,0.0357,1.4494,40.5994
3,13,2.75,380,15384,199,0.038,1.5384,40.4842
3,13,3,407,16455,221,0.0407,1.6455,40.43
3,13,3.25,427,17179,252,0.0427,1.7179,40.2319
3,13,3.5,425,17122,231,0.0425,1.7122,40.2871
3,13,3.75,414,16750,207,0.0414,1.675,40.4589
3,13,4,452,18246,249,0.0452,1.8246,40.3673
3,13,4.25,472,19029,280,0.0472,1.9029,40.3157
3,13,4.5,498,20001,313,0.0498,2.0001,40.1627
3,13,4.75,584,23199,366,0.0584,2.3199,39.7243
3,13,5,637,25117,433,0.0637,2.5117,39.4301
3,13,5.25,741,28735,563,0.0741,2.8735,38.7787
3,13,5.5,938,35394,839,0.0938,3.5394,37.7335
3,13,5.75,1185,43640,1195,0.1185,4.364,36.827
3,13,6,1560,54977,2089,0.156,5.4977,35.2417
3,13,6.25,2204,71658,3629,0.2204,7.1658,32.5127
3,13,6.5,3536,94909,7856,0.3536,9.4909,26.8408
3,13,6.75,6725,93031,15398,0.6725,9.3031,13.8336
3,13,7,9021,38378,9231,0.9021,3.8378,4.2543
3,13,7.25,9326,27431,6915,0.9326,2.7431,2.94135
3,13,7.5,9341,26909,6807,0.9341,2.6909,2.88074
3,13,7.75,9386,25179,6390,0.9386,2.5179,2.68261
3,13,8,9354,26477,6755,0.9354,2.6477,2.83055
3,13,8.25,9331,27377,6956,0.9331,2.7377,2.93398
3,13,8.5,9381,25438,6473,0.9381,2.5438,2.71165
3,13,8.75,9360,26167,6633,0.936,2.6167,2.79562
3,13,9,9309,28177,7112,0.9309,2.8177,3.02686
3,13,9.25,9417,24057,6124,0.9417,2.4057,2.55464
3,13,9.5,9330,27307,6912,0.933,2.7307,2.9268
3,13,9.75,9318,27809,7018,0.9318,2.7809,2.98444
3,13,10,9297,28548,7201,0.9297,2.8548,3.07067
3,13,10.25,9375,25622,6493,0.9375,2.5622,2.73301
3,13,10.5,9377,25533,6496,0.9377,2.5533,2.72294
3,13,10.75,9313,28022,7083,0.9313,2.8022,3.00891
3,13,11,9342,26930,6813,0.9342,2.693,2.88268
3,13,11.25,9373,25728,6559,0.9373,2.5728,2.74491
3,13,11.5,9366,25952,6564,0.9366,2.5952,2.77087
3,13,11.75,9365,26050,6588,0.9365,2.605,2.78163
3,13,12,9320,27742,6983,0.932,2.7742,2.97661
3,13,12.25,9379,25536,6496,0.9379,2.5536,2.72268
3,13,12.5,9363,26109,6597,0.9363,2.6109,2.78853
3,13,12.75,9336,27096,6886,0.9336,2.7096,2.90231
3,13,13,9325,27500,6947,0.9325,2.75,2.94906
3,13,13.25,9343,26746,6717,0.9343,2.6746,2.86268
3,13,13.5,9299,28555,7189,0.9299,2.8555,3.07076
3,13,13.75,9320,27804,6999,0.932,2.7804,2.98326
3,13,14,9319,27741,7014,0.9319,2.7741,2.97682
3,13,14.25,9304,28334,7132,0.9304,2.8334,3.04536
3,13,14.5,9306,28239,7108,0.9306,2.8239,3.03449
3,13,14.75,9328,27485,6913,0.9328,2.7485,2.94651
3,13,15,9327,27429,6939,0.9327,2.7429,2.94082
3,13,15.25,9383,25248,6435,0.9383,2.5248,2.69082
3,13,15.5,9330,27323,6888,0.933,2.7323,2.92851
3,13,15.75,9333,27155,6831,0.9333,2.7155,2.90957
3,13,16,9320,27707,6992,0.932,2.7707,2.97285
3,13,16.25,9318,27848,7042,0.9318,2.7848,2.98862
3,13,16.5,9361,26091,6556,0.9361,2.6091,2.7872
3,13,16.75,9338,26973,6782,0.9338,2.6973,2.88852
3,13,17,9341,26916,6836,0.9341,2.6916,2.88149
3,13,17.25,9323,27616,6941,0.9323,2.7616,2.96214
3,13,17.5,9359,26257,6699,0.9359,2.6257,2.80553
3,13,17.75,9324,27367,6876,0.9324,2.7367,2.93511
3,13,18,9334,27246,6937,0.9334,2.7246,2.91901
3,13,18.25,9331,27144,6797,0.9331,2.7144,2.90901
3,13,18.5,9359,26248,6609,0.9359,2.6248,2.80457
3,13,18.75,9363,26106,6606,0.9363,2.6106,2.78821
3,13,19,9318,27807,6979,0.9318,2.7807,2.98422
3,13,19.25,9320,27633,6962,0.932,2.7633,2.96491
3,13,19.5,9333,27263,6906,0.9333,2.7263,2.92114
3,13,19.75,9344,26757,6787,0.9344,2.6757,2.86355
3,13,20,9338,27008,6834,0.9338,2.7008,2.89227
3,13,20.25,9318,27836,7022,0.9318,2.7836,2.98734
3,13,20.5,9326,27500,6973,0.9326,2.75,2.94875
3,13,20.75,9320,27693,7011,0.932,2.7693,2.97135
3,13,21,9316,27747,6986,0.9316,2.7747,2.97842
3,13,21.25,9298,28429,7123,0.9298,2.8429,3.05754
3,13,21.5,9362,26116,6602,0.9362,2.6116,2.78957
3,13,21.75,9315,27821,7000,0.9315,2.7821,2.98669
3,13,22,9329,27336,6899,0.9329,2.7336,2.93022
3,13,22.25,9309,27991,6993,0.9309,2.7991,3.00688
3,13,22.5,9311,28026,7096,0.9311,2.8026,3.00999
3,13,22.75,9328,27384,6918,0.9328,2.7384,2.93568
3,13,23,9301,28444,7168,0.9301,2.8444,3.05817
3,13,23.25,9330,27369,6901,0.933,2.7369,2.93344
3,13,23.5,9318,27830,7067,0.9318,2.783,2.98669
3,13,23.75,9310,28035,7060,0.931,2.8035,3.01128
3,13,24,9332,27363,6929,0.9332,2.7363,2.93217
3,13,24.25,9289,28821,7220,0.9289,2.8821,3.1027
3,13,24.5,9328,27416,6890,0.9328,2.7416,2.93911
3,13,24.75,9346,26850,6839,0.9346,2.685,2.87289
3,13,25,9375,25652,6494,0.9375,2.5652,2.73621
3,13,25.25,9302,28403,7093,0.9302,2.8403,3.05343
3,13,25.5,9366,26009,6640,0.9366,2.6009,2.77696
3,13,25.75,9344,26812,6796,0.9344,2.6812,2.86943
3,13,26,9326,27485,6954,0.9326,2.7485,2.94714
3,13,26.25,9339,27002,6808,0.9339,2.7002,2.89132
3,13,26.5,9394,24929,6402,0.9394,2.4929,2.65372
3,13,26.75,9345,26672,6745,0.9345,2.6672,2.85415
3,13,27,9343,26903,6793,0.9343,2.6903,2.87948
3,13,27.25,9372,25724,6505,0.9372,2.5724,2.74477
3,13,27.5,9342,26853,6779,0.9342,2.6853,2.87444
3,13,27.75,9352,26481,6654,0.9352,2.6481,2.83159
3,13,28,9298,28528,7205,0.9298,2.8528,3.06819
3,13,28.25,9317,27817,7014,0.9317,2.7817,2.98562
3,13,28.5,9330,27326,6951,0.933,2.7326,2.92883
3,13,28.75,9389,24990,6315,0.9389,2.499,2.66163
3,13,29,9302,28278,7087,0.9302,2.8278,3.03999
3,13,29.25,9282,29073,7288,0.9282,2.9073,3.13219
3,13,29.5,9335,27196,6901,0.9335,2.7196,2.91334
3,13,29.75,9346,26679,6833,0.9346,2.6679,2.85459
3,13,30,9310,28141,7114,0.931,2.8141,3.02266
3,13,30.25,9303,28248,7091,0.9303,2.8248,3.03644
3,13,30.5,9286,28893,7252,0.9286,2.8893,3.11146
3,13,30.75,9275,29464,7376,0.9275,2.9464,3.17671
3,13,31,9314,27973,7067,0.9314,2.7973,3.00333
3,13,31.25,9343,26896,6833,0.9343,2.6896,2.87873
3,13,31.5,9312,27979,7081,0.9312,2.7979,3.00462
3,13,31.75,9333,27213,6835,0.9333,2.7213,2.91578
3,13,32,9358,26254,6649,0.9358,2.6254,2.80551
3,13,32.25,9334,27274,6881,0.9334,2.7274,2.92201
3,13,32.5,9355,26261,6654,0.9355,2.6261,2.80716
3,13,32.75,9325,27580,6975,0.9325,2.758,2.95764
3,13,33,9310,28090,7069,0.931,2.809,3.01719
3,13,33.25,9304,28345,7160,0.9304,2.8345,3.04654
3,13,33.5,9320,27731,6978,0.932,2.7731,2.97543
3,13,33.75,9368,25806,6469,0.9368,2.5806,2.7547
3,13,34,9363,26003,6571,0.9363,2.6003,2.77721
3,13,34.25,9345,26746,6746,0.9345,2.6746,2.86207
3,13,34.5,9374,25692,6549,0.9374,2.5692,2.74077
3,13,34.75,9321,27773,7036,0.9321,2.7773,2.97962
3,13,35,9346,26692,6749,0.9346,2.6692,2.85598
3,13,35.25,9377,25588,6503,0.9377,2.5588,2.7288
3,13,35.5,9360,26203,6602,0.936,2.6203,2.79947
3,13,35.75,9327,27376,6875,0.9327,2.7376,2.93513
3,13,36,9308,28225,7112,0.9308,2.8225,3.03234
3,13,36.25,9312,28077,7104,0.9312,2.8077,3.01514
3,13,36.5,9336,27032,6764,0.9336,2.7032,2.89546
3,13,36.75,9336,27126,6854,0.9336,2.7126,2.90553
3,13,37,9369,25852,6544,0.9369,2.5852,2.75931
3,13,37.25,9326,27435,6934,0.9326,2.7435,2.94178
3,13,37.5,9362,26164,6653,0.9362,2.6164,2.7947
3,13,37.75,9362,26163,6634,0.9362,2.6163,2.7946
3,13,38,9355,26361,6658,0.9355,2.6361,2.81785
3,13,38.25,9336,27123,6903,0.9336,2.7123,2.90521
3,13,38.5,9358,26212,6626,0.9358,2.6212,2.80103
3,13,38.75,9376,25570,6438,0.9376,2.557,2.72718
3,13,39,9333,27198,6923,0.9333,2.7198,2.91418
3,13,39.25,9326,27488,6926,0.9326,2.7488,2.94746
3,13,39.5,9385,25249,6385,0.9385,2.5249,2.69036
3,13,39.75,9318,27733,6961,0.9318,2.7733,2.97628
3,13,40,9315,27987,7074,0.9315,2.7987,3.00451
3,14,0,200,8397,145,0.02,0.8397,41.985
3,14,0.25,222,9253,102,0.0222,0.9253,41.6802
3,14,0.5,250,10322,108,0.025,1.0322,41.288
3,14,0.75,261,10743,127,0.0261,1.0743,41.1609
3,14,1,269,11023,116,0.0269,1.1023,40.9777
3,14,1.25,288,11801,129,0.0288,1.1801,40.9757
3,14,1.5,317,12892,160,0.0317,1.2892,40.6688
3,14,1.75,355,14405,171,0.0355,1.4405,40.5775
3,14,2,370,15006,189,0.037,1.5006,40.5568
3,14,2.25,397,16081,187,0.0397,1.6081,40.5063
3,14,2.5,440,17729,232,0.044,1.7729,40.2932
3,14,2.75,500,19945,294,0.05,1.9945,39.89
3,14,3,608,23977,382,0.0608,2.3977,39.4359
3,14,3.25,683,26652,453,0.0683,2.6652,39.022
3,14,3.5,796,30663,651,0.0796,3.0663,38.5214
3,14,3.75,936,35482,867,0.0936,3.5482,37.9081
3,14,4,1224,44795,1300,0.1224,4.4795,36.5972
3,14,4.25,1622,56657,2110,0.1622,5.6657,34.9303
3,14,4.5,2277,73301,3835,0.2277,7.3301,32.1919
3,14,4.75,3862,98704,8908,0.3862,9.8704,25.5577
3,14,5,7133,86989,15354,0.7133,8.6989,12.1953
3,14,5.25,9105,35433,8615,0.9105,3.5433,3.8916
3,14,5.5,9373,25705,6504,0.9373,2.5705,2.74245
3,14,5.75,9320,27587,6919,0.932,2.7587,2.95998
3,14,6,9319,27657,6910,0.9319,2.7657,2.96781
3,14,6.25,9320,27652,7003,0.932,2.7652,2.96695
3,14,6.5,9352,26622,6785,0.9352,2.6622,2.84666
3,14,6.75,9359,26246,6673,0.9359,2.6246,2.80436
3,14,7,9347,26621,6701,0.9347,2.6621,2.84808
3,14,7.25,9337,27112,6810,0.9337,2.7112,2.90372
3,14,7.5,9257,30090,7497,0.9257,3.009,3.25051
3,14,7.75,9369,25885,6580,0.9369,2.5885,2.76283
3,14,8,9322,27569,6979,0.9322,2.7569,2.95741
3,14,8.25,9329,27413,6981,0.9329,2.7413,2.93847
3,14,8.5,9339,26881,6805,0.9339,2.6881,2.87836
3,14,8.75,9355,26313,6619,0.9355,2.6313,2.81272
3,14,9,9337,27048,6791,0.9337,2.7048,2.89686
3,14,9.25,9309,28077,7006,0.9309,2.8077,3.01611
3,14,9.5,9389,25042,6399,0.9389,2.5042,2.66716
3,14,9.75,9360,26204,6665,0.936,2.6204,2.79957
3,14,10,9327,27356,6876,0.9327,2.7356,2.93299
3,14,10.25,9285,29040,7314,0.9285,2.904,3.12763
3,14,10.5,9313,27949,7040,0.9313,2.7949,3.00107
3,14,10.75,9288,28764,7231,0.9288,2.8764,3.0969
3,14,11,9339,26832,6741,0.9339,2.6832,2.87311
3,14,11.25,9325,27473,6963,0.9325,2.7473,2.94617
3,14,11.5,9355,26351,6643,0.9355,2.6351,2.81678
3,14,11.75,9375,25639,6512,0.9375,2.5639,2.73483
3,14,12,9329,27437,6972,0.9329,2.7437,2.94104
3,14,12.25,9328,27428,6912,0.9328,2.7428,2.94039
3,14,12.5,9376,25612,6506,0.9376,2.5612,2.73166
3,14,12.75,9307,28135,7138,0.9307,2.8135,3.02299
3,14,13,9313,27888,6974,0.9313,2.7888,2.99452
3,14,13.25,9268,29661,7472,0.9268,2.9661,3.20037
3,14,13.5,9268,29703,7481,0.9268,2.9703,3.2049
3,14,13.75,9295,28573,7157,0.9295,2.8573,3.07402
3,14,14,9369,25973,6647,0.9369,2.5973,2.77223
3,14,14.25,9339,27004,6813,0.9339,2.7004,2.89153
3,14,14.5,9324,27609,7010,0.9324,2.7609,2.96107
3,14,14.75,9369,25845,6524,0.9369,2.5845,2.75857
3,14,15,9329,27282,6864,0.9329,2.7282,2.92443
3,14,15.25,9361,26216,6641,0.9361,2.6216,2.80056
3,14,15.5,9334,27178,6880,0.9334,2.7178,2.91172
3,14,15.75,9318,27656,6979,0.9318,2.7656,2.96802
3,14,16,9318,27803,7083,0.9318,2.7803,2.98379
3,14,16.25,9336,27125,6884,0.9336,2.7125,2.90542
3,14,16.5,9382,25296,6457,0.9382,2.5296,2.69623
3,14,16.75,9366,25928,6555,0.9366,2.5928,2.76831
3,14,17,9327,27538,7006,0.9327,2.7538,2.9525
3,14,17.25,9311,28063,7093,0.9311,2.8063,3.01396
3,14,17.5,9325,27457,6961,0.9325,2.7457,2.94445
3,14,17.75,9301,28322,7088,0.9301,2.8322,3.04505
3,14,18,9324,27635,7057,0.9324,2.7635,2.96386
3,14,18.25,9354,26297,6635,0.9354,2.6297,2.81131
3,14,18.5,9335,27154,6871,0.9335,2.7154,2.90884
3,14,18.75,9306,28135,7038,0.9306,2.8135,3.02332
3,14,19,9334,27223,6883,0.9334,2.7223,2.91654
3,14,19.25,9336,27100,6850,0.9336,2.71,2.90274
3,14,19.5,9352,26473,6701,0.9352,2.6473,2.83073
3,14,19.75,9331,27347,6919,0.9331,2.7347,2.93077
3,14,20,9325,27480,6908,0.9325,2.748,2.94692
3,14,20.25,9311,27992,7043,0.9311,2.7992,3.00634
3,14,20.5,9322,27606,6988,0.9322,2.7606,2.96138
3,14,20.75,9322,27564,6965,0.9322,2.7564,2.95688
3,14,21,9341,26953,6880,0.9341,2.6953,2.88545
3,14,21.25,9377,25537,6478,0.9377,2.5537,2.72337
3,14,21.5,9351,26585,6690,0.9351,2.6585,2.84301
3,14,21.75,9297,28505,7153,0.9297,2.8505,3.06604
3,14,22,9364,26060,6599,0.9364,2.606,2.783
3,14,22.25,9365,25954,6543,0.9365,2.5954,2.77138
3,14,22.5,9334,27108,6834,0.9334,2.7108,2.90422
3,14,22.75,9312,27916,6982,0.9312,2.7916,2.99785
3,14,23,9339,26952,6769,0.9339,2.6952,2.88596
3,14,23.25,9319,27810,7033,0.9319,2.781,2.98423
3,14,23.5,9365,26096,6646,0.9365,2.6096,2.78655
3,14,23.75,9368,25813,6508,0.9368,2.5813,2.75544
3,14,24,9349,26499,6673,0.9349,2.6499,2.83442
3,14,24.25,9310,28049,7073,0.931,2.8049,3.01278
3,14,24.5,9330,27425,6965,0.933,2.7425,2.93944
3,14,24.75,9338,27032,6882,0.9338,2.7032,2.89484
3,14,25,9333,27123,6828,0.9333,2.7123,2.90614
3,14,25.25,9319,27730,7006,0.9319,2.773,2.97564
3,14,25.5,9340,26935,6820,0.934,2.6935,2.88383
3,14,25.75,9345,26708,6774,0.9345,2.6708,2.858
3,14,26,9329,27216,6836,0.9329,2.7216,2.91735
3,14,26.25,9354,26375,6633,0.9354,2.6375,2.81965
3,14,26.5,9377,25484,6437,0.9377,2.5484,2.71771
3,14,26.75,9354,26529,6761,0.9354,2.6529,2.83611
3,14,27,9277,29227,7317,0.9277,2.9227,3.15048
3,14,27.25,9323,27635,6955,0.9323,2.7635,2.96417
3,14,27.5,9375,25667,6549,0.9375,2.5667,2.73781
3,14,27.75,9330,27247,6918,0.933,2.7247,2.92036
3,14,28,9337,27046,6832,0.9337,2.7046,2.89665
3,14,28.25,9398,24769,6296,0.9398,2.4769,2.63556
3,14,28.5,9381,25430,6492,0.9381,2.543,2.7108
3,14,28.75,9325,27579,7009,0.9325,2.7579,2.95753
3,14,29,9336,27075,6833,0.9336,2.7075,2.90006
3,14,29.25,9340,26908,6770,0.934,2.6908,2.88094
3,14,29.5,9317,27793,7025,0.9317,2.7793,2.98304
3,14,29.75,9296,28585,7192,0.9296,2.8585,3.07498
3,14,30,9350,26498,6707,0.935,2.6498,2.83401
3,14,30.25,9349,26539,6697,0.9349,2.6539,2.8387
3,14,30.5,9328,27419,6907,0.9328,2.7419,2.93943
3,14,30.75,9347,26703,6783,0.9347,2.6703,2.85685
3,14,31,9345,26720,6782,0.9345,2.672,2.85928
3,14,31.25,9322,27548,6910,0.9322,2.7548,2.95516
3,14,31.5,9326,27443,6885,0.9326,2.7443,2.94263
3,14,31.75,9346,26798,6786,0.9346,2.6798,2.86732
3,14,32,9330,27302,6891,0.933,2.7302,2.92626
3,14,32.25,9300,28335,7121,0.93,2.8335,3.04677
3,14,32.5,9347,26641,6724,0.9347,2.6641,2.85022
3,14,32.75,9395,24755,6260,0.9395,2.4755,2.63491
3,14,33,9325,27439,6875,0.9325,2.7439,2.94252
3,14,33.25,9334,27130,6808,0.9334,2.713,2.90658
3,14,33.5,9347,26650,6748,0.9347,2.665,2.85118
3,14,33.75,9336,27126,6920,0.9336,2.7126,2.90553
3,14,34,9313,27934,7009,0.9313,2.7934,2.99946
3,14,34.25,9300,28477,7157,0.93,2.8477,3.06204
3,14,34.5,9301,28451,7156,0.9301,2.8451,3.05892
3,14,34.75,9351,26538,6687,0.9351,2.6538,2.83799
3,14,35,9315,27944,7051,0.9315,2.7944,2.99989
3,14,35.25,9301,28374,7162,0.9301,2.8374,3.05064
3,14,35.5,9405,24450,6189,0.9405,2.445,2.59968
3,14,35.75,9346,26735,6743,0.9346,2.6735,2.86058
3,14,36,9317,27837,7011,0.9317,2.7837,2.98776
3,14,36.25,9300,28491,7162,0.93,2.8491,3.06355
3,14,36.5,9369,25813,6555,0.9369,2.5813,2.75515
3,14,36.75,9306,28251,7097,0.9306,2.8251,3.03578
3,14,37,9344,26741,6755,0.9344,2.6741,2.86184
3,14,37.25,9346,26762,6751,0.9346,2.6762,2.86347
3,14,37.5,9312,27932,7028,0.9312,2.7932,2.99957
3,14,37.75,9314,27980,7049,0.9314,2.798,3.00408
3,14,38,9338,26979,6790,0.9338,2.6979,2.88916
3,14,38.25,9342,26851,6711,0.9342,2.6851,2.87422
3,14,38.5,9320,27676,6949,0.932,2.7676,2.96953
3,14,38.75,9314,27796,6954,0.9314,2.7796,2.98432
3,14,39,9318,27756,6991,0.9318,2.7756,2.97875
3,14,39.25,9326,27381,6906,0.9326,2.7381,2.93599
3,14,39.5,9319,27650,6927,0.9319,2.765,2.96706
3,14,39.75,9386,25183,6375,0.9386,2.5183,2.68304
3,14,40,9328,27440,6969,0.9328,2.744,2.94168
3,15,0,200,8446,130,0.02,0.8446,42.23
3,15,0.25,202,8478,79,0.0202,0.8478,41.9703
3,15,0.5,213,8906,80,0.0213,0.8906,41.8122
3,15,0.75,203,8506,76,0.0203,0.8506,41.9015
3,15,1,211,8824,85,0.0211,0.8824,41.8199
3,15,1.25,223,9231,80,0.0223,0.9231,41.3946
3,15,1.5,212,8822,92,0.0212,0.8822,41.6132
3,15,1.75,216,8959,97,0.0216,0.8959,41.4769
3,15,2,247,10166,99,0.0247,1.0166,41.1579
3,15,2.25,249,10296,100,0.0249,1.0296,41.3494
3,15,2.5,265,10929,95,0.0265,1.0929,41.2415
3,15,2.75,296,12114,126,0.0296,1.2114,40.9257
3,15,3,320,13067,147,0.032,1.3067,40.8344
3,15,3.25,342,13992,180,0.0342,1.3992,40.9123
3,15,3.5,375,15231,183,0.0375,1.5231,40.616
3,15,3.75,402,16262,202,0.0402,1.6262,40.4527
3,15,4,436,17534,242,0.0436,1.7534,40.2156
3,15,4.25,473,18956,257,0.0473,1.8956,40.0761
3,15,4.5,535,21317,316,0.0535,2.1317,39.8449
3,15,4.75,603,23864,387,0.0603,2.3864,39.5755
3,15,5,683,26658,481,0.0683,2.6658,39.0307
3,15,5.25,762,29491,576,0.0762,2.9491,38.7021
3,15,5.5,906,34512,755,0.0906,3.4512,38.0927
3,15,5.75,1070,39876,1039,0.107,3.9876,37.2673
3,15,6,1384,49703,1608,0.1384,4.9703,35.9126
3,15,6.25,1781,60937,2546,0.1781,6.0937,34.215
3,15,6.5,2758,82896,5353,0.2758,8.2896,30.0566
3,15,6.75,5186,104048,12724,0.5186,10.4048,20.0632
3,15,7,8455,55973,12277,0.8455,5.5973,6.62011
3,15,7.25,9281,29127,7314,0.9281,2.9127,3.13835
3,15,7.5,9352,26512,6713,0.9352,2.6512,2.8349
3,15,7.75,9321,27680,6985,0.9321,2.768,2.96964
3,15,8,9329,27255,6860,0.9329,2.7255,2.92153
3,15,8.25,9267,29777,7479,0.9267,2.9777,3.21323
3,15,8.5,9375,25588,6442,0.9375,2.5588,2.72939
3,15,8.75,9329,27359,6855,0.9329,2.7359,2.93268
3,15,9,9377,25537,6463,0.9377,2.5537,2.72337
3,15,9.25,9336,27132,6831,0.9336,2.7132,2.90617
3,15,9.5,9339,27022,6791,0.9339,2.7022,2.89346
3,15,9.75,9355,26338,6706,0.9355,2.6338,2.81539
3,15,10,9326,27483,6957,0.9326,2.7483,2.94692
3,15,10.25,9338,27057,6865,0.9338,2.7057,2.89752
3,15,10.5,9292,28668,7200,0.9292,2.8668,3.08523
3,15,10.75,9353,26454,6696,0.9353,2.6454,2.8284
3,15,11,9321,27695,6948,0.9321,2.7695,2.97125
3,15,11.25,9342,26868,6744,0.9342,2.6868,2.87604
3,15,11.5,9349,26636,6730,0.9349,2.6636,2.84907
3,15,11.75,9315,27884,6999,0.9315,2.7884,2.99345
3,15,12,9342,26861,6770,0.9342,2.6861,2.87529
3,15,12.25,9371,25770,6550,0.9371,2.577,2.74997
3,15,12.5,9333,27132,6845,0.9333,2.7132,2.9071
3,15,12.75,9356,26328,6636,0.9356,2.6328,2.81402
3,15,13,9315,27882,6993,0.9315,2.7882,2.99324
3,15,13.25,9384,25250,6405,0.9384,2.525,2.69075
3,15,13.5,9313,27923,7008,0.9313,2.7923,2.99828
3,15,13.75,9362,26056,6563,0.9362,2.6056,2.78317
3,15,14,9334,27178,6841,0.9334,2.7178,2.91172
3,15,14.25,9292,28731,7185,0.9292,2.8731,3.09201
3,15,14.5,9359,26182,6654,0.9359,2.6182,2.79752
3,15,14.75,9331,27254,6914,0.9331,2.7254,2.9208
3,15,15,9335,27162,6803,0.9335,2.7162,2.90969
3,15,15.25,9338,26995,6792,0.9338,2.6995,2.89088
3,15,15.5,9367,25918,6528,0.9367,2.5918,2.76695
3,15,15.75,9300,28338,7105,0.93,2.8338,3.0471
3,15,16,9360,26164,6612,0.936,2.6164,2.7953
3,15,16.25,9392,25047,6397,0.9392,2.5047,2.66684
3,15,16.5,9320,27747,7042,0.932,2.7747,2.97715
3,15,16.75,9317,27873,7046,0.9317,2.7873,2.99163
3,15,17,9344,26791,6787,0.9344,2.6791,2.86719
3,15,17.25,9302,28370,7134,0.9302,2.837,3.04988
3,15,17.5,9304,28315,7116,0.9304,2.8315,3.04331
3,15,17.75,9315,27943,7066,0.9315,2.7943,2.99979
3,15,18,9300,28527,7121,0.93,2.8527,3.06742
3,15,18.25,9298,28462,7099,0.9298,2.8462,3.06109
3,15,18.5,9321,27709,6955,0.9321,2.7709,2.97275
3,15,18.75,9344,26783,6759,0.9344,2.6783,2.86633
3,15,19,9308,28182,7097,0.9308,2.8182,3.02772
3,15,19.25,9386,25159,6370,0.9386,2.5159,2.68048
3,15,19.5,9327,27300,6819,0.9327,2.73,2.92699
3,15,19.75,9334,27195,6933,0.9334,2.7195,2.91354
3,15,20,9337,27063,6820,0.9337,2.7063,2.89847
3,15,20.25,9345,26806,6790,0.9345,2.6806,2.86849
3,15,20.5,9363,26153,6656,0.9363,2.6153,2.79323
3,15,20.75,9341,26886,6776,0.9341,2.6886,2.87828
3,15,21,9341,26918,6775,0.9341,2.6918,2.8817
3,15,21.25,9328,27472,6927,0.9328,2.7472,2.94511
3,15,21.5,9343,26921,6798,0.9343,2.6921,2.88141
3,15,21.75,9350,26458,6627,0.935,2.6458,2.82973
3,15,22,9343,26912,6819,0.9343,2.6912,2.88045
3,15,22.25,9321,27601,6984,0.9321,2.7601,2.96116
3,15,22.5,9324,27567,6946,0.9324,2.7567,2.95656
3,15,22.75,9310,28047,7047,0.931,2.8047,3.01257
3,15,23,9344,26760,6742,0.9344,2.676,2.86387
3,15,23.25,9332,27156,6823,0.9332,2.7156,2.90999
3,15,23.5,9354,26359,6675,0.9354,2.6359,2.81794
3,15,23.75,9368,25883,6591,0.9368,2.5883,2.76292
3,15,24,9328,27457,6930,0.9328,2.7457,2.9435
3,15,24.25,9348,26628,6725,0.9348,2.6628,2.84852
3,15,24.5,9371,25785,6547,0.9371,2.5785,2.75157
3,15,24.75,9293,28635,7150,0.9293,2.8635,3.08135
3,15,25,9344,26840,6806,0.9344,2.684,2.87243
3,15,25.25,9389,25036,6331,0.9389,2.5036,2.66652
3,15,25.5,9361,26265,6627,0.9361,2.6265,2.80579
3,15,25.75,9342,26737,6772,0.9342,2.6737,2.86202
3,15,26,9310,27932,7003,0.931,2.7932,3.00021
3,15,26.25,9339,27024,6868,0.9339,2.7024,2.89367
3,15,26.5,9366,25949,6596,0.9366,2.5949,2.77055
3,15,26.75,9310,28098,7112,0.931,2.8098,3.01805
3,15,27,9342,26952,6826,0.9342,2.6952,2.88504
3,15,27.25,9338,27080,6920,0.9338,2.708,2.89998
3,15,27.5,9358,26140,6556,0.9358,2.614,2.79333
3,15,27.75,9308,28213,7062,0.9308,2.8213,3.03105
3,15,28,9354,26404,6676,0.9354,2.6404,2.82275
3,15,28.25,9316,27801,6971,0.9316,2.7801,2.98422
3,15,28.5,9340,26927,6864,0.934,2.6927,2.88298
3,15,28.75,9326,27415,6934,0.9326,2.7415,2.93963
3,15,29,9313,27980,7038,0.9313,2.798,3.0044
3,15,29.25,9309,28056,7035,0.9309,2.8056,3.01386
3,15,29.5,9354,26379,6687,0.9354,2.6379,2.82008
3,15,29.75,9313,27919,6988,0.9313,2.7919,2.99785
3,15,30,9318,27760,7010,0.9318,2.776,2.97918
3,15,30.25,9332,27302,6921,0.9332,2.7302,2.92563
3,15,30.5,9321,27626,6985,0.9321,2.7626,2.96385
3,15,30.75,9381,25285,6412,0.9381,2.5285,2.69534
3,15,31,9300,28475,7220,0.93,2.8475,3.06183
3,15,31.25,9298,28476,7158,0.9298,2.8476,3.06259
3,15,31.5,9357,26264,6641,0.9357,2.6264,2.80688
3,15,31.75,9326,27488,6948,0.9326,2.7488,2.94746
3,15,32,9370,25868,6568,0.937,2.5868,2.76073
3,15,32.25,9306,28230,7086,0.9306,2.823,3.03353
3,15,32.5,9355,26457,6738,0.9355,2.6457,2.82811
3,15,32.75,9333,27178,6844,0.9333,2.7178,2.91203
3,15,33,9335,27168,6869,0.9335,2.7168,2.91034
3,15,33.25,9363,26010,6596,0.9363,2.601,2.77796
3,15,33.5,9360,26279,6675,0.936,2.6279,2.80759
3,15,33.75,9366,25883,6567,0.9366,2.5883,2.76351
3,15,34,9325,27379,6910,0.9325,2.7379,2.93609
3,15,34.25,9299,28573,7248,0.9299,2.8573,3.0727
3,15,34.5,9354,26423,6685,0.9354,2.6423,2.82478
3,15,34.75,9357,26347,6676,0.9357,2.6347,2.81575
3,15,35,9323,27640,6982,0.9323,2.764,2.96471
3,15,35.25,9370,25767,6545,0.937,2.5767,2.74995
3,15,35.5,9299,28505,7204,0.9299,2.8505,3.06538
3,15,35.75,9321,27640,6959,0.9321,2.764,2.96535
3,15,36,9310,27955,7004,0.931,2.7955,3.00269
3,15,36.25,9345,26697,6718,0.9345,2.6697,2.85682
3,15,36.5,9314,27887,6990,0.9314,2.7887,2.99409
3,15,36.75,9310,28123,7133,0.931,2.8123,3.02073
3,15,37,9357,26336,6706,0.9357,2.6336,2.81458
3,15,37.25,9352,26525,6759,0.9352,2.6525,2.83629
3,15,37.5,9334,27164,6908,0.9334,2.7164,2.91022
3,15,37.75,9310,28122,7069,0.931,2.8122,3.02062
3,15,38,9264,29838,7463,0.9264,2.9838,3.22085
3,15,38.25,9343,26839,6777,0.9343,2.6839,2.87263
3,15,38.5,9320,27681,6934,0.932,2.7681,2.97006
3,15,38.75,9342,26837,6769,0.9342,2.6837,2.87273
3,15,39,9362,26154,6607,0.9362,2.6154,2.79363
3,15,39.25,9328,27336,6836,0.9328,2.7336,2.93053
3,15,39.5,9358,26308,6662,0.9358,2.6308,2.81128
3,15,39.75,9346,26683,6767,0.9346,2.6683,2.85502
3,15,40,9331,27328,6917,0.9331,2.7328,2.92873
3,16,0,200,8408,144,0.02,0.8408,42.04
3,16,0.25,223,9285,95,0.0223,0.9285,41.6368
3,16,0.5,219,9112,90,0.0219,0.9112,41.6073
3,16,0.75,236,9794,94,0.0236,0.9794,41.5
3,16,1,260,10724,116,0.026,1.0724,41.2462
3,16,1.25,278,11460,122,0.0278,1.146,41.223
3,16,1.5,306,12532,146,0.0306,1.2532,40.9542
3,16,1.75,333,13599,174,0.0333,1.3599,40.8378
3,16,2,350,14278,177,0.035,1.4278,40.7943
3,16,2.25,367,14931,187,0.0367,1.4931,40.6839
3,16,2.5,413,16661,208,0.0413,1.6661,40.3414
3,16,2.75,445,17898,254,0.0445,1.7898,40.2202
3,16,3,478,19168,302,0.0478,1.9168,40.1004
3,16,3.25,545,21666,321,0.0545,2.1666,39.7541
3,16,3.5,597,23581,394,0.0597,2.3581,39.4992
3,16,3.75,656,25817,476,0.0656,2.5817,39.3552
3,16,4,786,30306,638,0.0786,3.0306,38.5573
3,16,4.25,923,35138,852,0.0923,3.5138,38.0693
3,16,4.5,1144,42350,1188,0.1144,4.235,37.0192
3,16,4.75,1419,50728,1768,0.1419,5.0728,35.7491
3,16,5,1895,63866,2765,0.1895,6.3866,33.7024
3,16,5.25,2979,86565,5768,0.2979,8.6565,29.0584
3,16,5.5,5269,104104,13002,0.5269,10.4104,19.7578
3,16,5.75,8507,54813,12172,0.8507,5.4813,6.44328
3,16,6,9285,29085,7322,0.9285,2.9085,3.13247
3,16,6.25,9341,26923,6829,0.9341,2.6923,2.88224
3,16,6.5,9329,27270,6871,0.9329,2.727,2.92314
3,16,6.75,9344,26786,6791,0.9344,2.6786,2.86665
3,16,7,9314,27962,7056,0.9314,2.7962,3.00215
3,16,7.25,9313,27929,7007,0.9313,2.7929,2.99893
3,16,7.5,9315,27847,6953,0.9315,2.7847,2.98948
3,16,7.75,9320,27799,7001,0.932,2.7799,2.98273
3,16,8,9391,25082,6363,0.9391,2.5082,2.67086
3,16,8.25,9324,27459,6875,0.9324,2.7459,2.94498
3,16,8.5,9396,24836,6354,0.9396,2.4836,2.64325
3,16,8.75,9359,26268,6720,0.9359,2.6268,2.80671
3,16,9,9391,24962,6359,0.9391,2.4962,2.65808
3,16,9.25,9325,27500,6948,0.9325,2.75,2.94906
3,16,9.5,9356,26190,6591,0.9356,2.619,2.79927
3,16,9.75,9349,26611,6693,0.9349,2.6611,2.8464
3,16,10,9320,27783,7014,0.932,2.7783,2.98101
3,16,10.25,9323,27457,6857,0.9323,2.7457,2.94508
3,16,10.5,9363,26063,6659,0.9363,2.6063,2.78362
3,16,10.75,9297,28552,7139,0.9297,2.8552,3.0711
3,16,11,9332,27203,6795,0.9332,2.7203,2.91502
3,16,11.25,9347,26696,6734,0.9347,2.6696,2.8561
3,16,11.5,9320,27713,7007,0.932,2.7713,2.9735
3,16,11.75,9337,27078,6805,0.9337,2.7078,2.90007
3,16,12,9342,26859,6761,0.9342,2.6859,2.87508
3,16,12.25,9323,27575,6922,0.9323,2.7575,2.95774
3,16,12.5,9273,29317,7360,0.9273,2.9317,3.16154
3,16,12.75,9308,28154,7083,0.9308,2.8154,3.02471
3,16,13,9390,25045,6339,0.939,2.5045,2.6672
3,16,13.25,9321,27704,7002,0.9321,2.7704,2.97221
3,16,13.5,9366,25926,6515,0.9366,2.5926,2.7681
3,16,13.75,9322,27609,6978,0.9322,2.7609,2.9617
3,16,14,9322,27706,7004,0.9322,2.7706,2.97211
3,16,14.25,9285,29075,7354,0.9285,2.9075,3.13139
3,16,14.5,9349,26660,6765,0.9349,2.666,2.85164
3,16,14.75,9354,26400,6694,0.9354,2.64,2.82232
3,16,15,9317,27729,6911,0.9317,2.7729,2.97617
3,16,15.25,9367,26012,6579,0.9367,2.6012,2.77698
3,16,15.5,9368,25792,6526,0.9368,2.5792,2.7532
3,16,15.75,9354,26383,6618,0.9354,2.6383,2.8205
3,16,16,9288,28922,7240,0.9288,2.8922,3.11391
3,16,16.25,9282,29101,7278,0.9282,2.9101,3.13521
3,16,16.5,9333,27245,6881,0.9333,2.7245,2.91921
3,16,16.75,9327,27355,6880,0.9327,2.7355,2.93288
3,16,17,9284,29003,7243,0.9284,2.9003,3.12398
3,16,17.25,9347,26737,6790,0.9347,2.6737,2.86049
3,16,17.5,9271,29580,7425,0.9271,2.958,3.19059
3,16,17.75,9299,28478,7161,0.9299,2.8478,3.06248
3,16,18,9340,26941,6832,0.934,2.6941,2.88448
3,16,18.25,9366,26003,6629,0.9366,2.6003,2.77632
3,16,18.5,9292,28732,7228,0.9292,2.8732,3.09212
3,16,18.75,9333,27193,6828,0.9333,2.7193,2.91364
3,16,19,9335,27115,6849,0.9335,2.7115,2.90466
3,16,19.25,9327,27397,6919,0.9327,2.7397,2.93739
3,16,19.5,9385,25176,6411,0.9385,2.5176,2.68258
3,16,19.75,9355,26507,6806,0.9355,2.6507,2.83346
3,16,20,9340,26886,6776,0.934,2.6886,2.87859
3,16,20.25,9289,28828,7209,0.9289,2.8828,3.10346
3,16,20.5,9309,28126,7075,0.9309,2.8126,3.02138
3,16,20.75,9299,28464,7138,0.9299,2.8464,3.06097
3,16,21,9330,27298,6886,0.933,2.7298,2.92583
3,16,21.25,9338,27087,6882,0.9338,2.7087,2.90073
3,16,21.5,9387,25118,6405,0.9387,2.5118,2.67583
3,16,21.75,9345,26742,6778,0.9345,2.6742,2.86164
3,16,22,9342,26798,6739,0.9342,2.6798,2.86855
3,16,22.25,9346,26785,6819,0.9346,2.6785,2.86593
3,16,22.5,9334,27068,6885,0.9334,2.7068,2.89994
3,16,22.75,9345,26783,6805,0.9345,2.6783,2.86602
3,16,23,9276,29360,7360,0.9276,2.936,3.16516
3,16,23.25,9318,27829,6969,0.9318,2.7829,2.98659
3,16,23.5,9353,26614,6751,0.9353,2.6614,2.8455
3,16,23.75,9330,27262,6837,0.933,2.7262,2.92197
3,16,24,9335,27110,6807,0.9335,2.711,2.90412
3,16,24.25,9341,26958,6790,0.9341,2.6958,2.88599
3,16,24.5,9287,28984,7269,0.9287,2.8984,3.12092
3,16,24.75,9340,26962,6801,0.934,2.6962,2.88672
3,16,25,9322,27528,6884,0.9322,2.7528,2.95301
3,16,25.25,9333,27233,6901,0.9333,2.7233,2.91793
3,16,25.5,9388,25096,6364,0.9388,2.5096,2.6732
3,16,25.75,9348,26632,6750,0.9348,2.6632,2.84895
3,16,26,9301,28480,7168,0.9301,2.848,3.06204
3,16,26.25,9336,27066,6848,0.9336,2.7066,2.8991
3,16,26.5,9345,26843,6778,0.9345,2.6843,2.87245
3,16,26.75,9382,25394,6509,0.9382,2.5394,2.70667
3,16,27,9335,27159,6898,0.9335,2.7159,2.90937
3,16,27.25,9332,27265,6886,0.9332,2.7265,2.92167
3,16,27.5,9331,27179,6801,0.9331,2.7179,2.91276
3,16,27.75,9350,26615,6761,0.935,2.6615,2.84652
3,16,28,9332,27239,6883,0.9332,2.7239,2.91888
3,16,28.25,9313,27910,6992,0.9313,2.791,2.99689
3,16,28.5,9323,27644,7025,0.9323,2.7644,2.96514
3,16,28.75,9311,28081,7073,0.9311,2.8081,3.0159
3,16,29,9360,26225,6629,0.936,2.6225,2.80182
3,16,29.25,9352,26438,6768,0.9352,2.6438,2.82699
3,16,29.5,9322,27642,6994,0.9322,2.7642,2.96524
3,16,29.75,9358,26298,6696,0.9358,2.6298,2.81022
3,16,30,9351,26533,6709,0.9351,2.6533,2.83745
3,16,30.25,9311,28043,7101,0.9311,2.8043,3.01181
3,16,30.5,9346,26796,6804,0.9346,2.6796,2.86711
3,16,30.75,9363,26104,6620,0.9363,2.6104,2.788
3,16,31,9333,27182,6882,0.9333,2.7182,2.91246
3,16,31.25,9348,26809,6835,0.9348,2.6809,2.86789
3,16,31.5,9339,26951,6807,0.9339,2.6951,2.88586
3,16,31.75,9335,27092,6774,0.9335,2.7092,2.9022
3,16,32,9302,28325,7103,0.9302,2.8325,3.04504
3,16,32.25,9353,26470,6707,0.9353,2.647,2.83011
3,16,32.5,9376,25571,6457,0.9376,2.5571,2.72728
3,16,32.75,9296,28626,7228,0.9296,2.8626,3.07939
3,16,33,9309,28218,7144,0.9309,2.8218,3.03126
3,16,33.25,9275,29331,7407,0.9275,2.9331,3.16237
3,16,33.5,9302,28303,7116,0.9302,2.8303,3.04268
3,16,33.75,9323,27605,6928,0.9323,2.7605,2.96096
3,16,34,9308,28058,7006,0.9308,2.8058,3.0144
3,16,34.25,9316,27873,7062,0.9316,2.7873,2.99195
3,16,34.5,9342,26846,6756,0.9342,2.6846,2.87369
3,16,34.75,9349,26615,6755,0.9349,2.6615,2.84683
3,16,35,9300,28502,7192,0.93,2.8502,3.06473
3,16,35.25,9343,26897,6808,0.9343,2.6897,2.87884
3,16,35.5,9319,27664,6960,0.9319,2.7664,2.96856
3,16,35.75,9377,25579,6489,0.9377,2.5579,2.72784
3,16,36,9344,26875,6796,0.9344,2.6875,2.87618
3,16,36.25,9343,26779,6747,0.9343,2.6779,2.86621
3,16,36.5,9353,26487,6708,0.9353,2.6487,2.83193
3,16,36.75,9367,25951,6628,0.9367,2.5951,2.77047
3,16,37,9321,27684,6968,0.9321,2.7684,2.97007
3,16,37.25,9349,26585,6779,0.9349,2.6585,2.84362
3,16,37.5,9347,26686,6743,0.9347,2.6686,2.85503
3,16,37.75,9350,26568,6724,0.935,2.6568,2.8415
3,16,38,9368,25929,6577,0.9368,2.5929,2.76783
3,16,38.25,9343,26853,6813,0.9343,2.6853,2.87413
3,16,38.5,9317,27936,7077,0.9317,2.7936,2.99839
3,16,38.75,9270,29555,7400,0.927,2.9555,3.18824
3,16,39,9373,25749,6519,0.9373,2.5749,2.74715
3,16,39.25,9303,28322,7115,0.9303,2.8322,3.04439
3,16,39.5,9331,27285,6873,0.9331,2.7285,2.92412
3,16,39.75,9315,27990,7092,0.9315,2.799,3.00483
3,16,40,9314,27903,7076,0.9314,2.7903,2.99581
3,17,0,200,8401,138,0.02,0.8401,42.005
3,17,0.25,226,9398,115,0.0226,0.9398,41.5841
3,17,0.5,267,10953,112,0.0267,1.0953,41.0225
3,17,0.75,283,11543,117,0.0283,1.1543,40.788
3,17,1,287,11711,142,0.0287,1.1711,40.8049
3,17,1.25,294,12032,138,0.0294,1.2032,40.9252
3,17,1.5,339,13808,148,0.0339,1.3808,40.7316
3,17,1.75,375,15189,176,0.0375,1.5189,40.504
3,17,2,408,16480,186,0.0408,1.648,40.3922
3,17,2.25,455,18266,233,0.0455,1.8266,40.1451
3,17,2.5,487,19424,294,0.0487,1.9424,39.885
3,17,2.75,530,21096,332,0.053,2.1096,39.8038
3,17,3,579,22960,379,0.0579,2.296,39.6546
3,17,3.25,653,25668,431,0.0653,2.5668,39.3078
3,17,3.5,748,29007,598,0.0748,2.9007,38.7794
3,17,3.75,897,34030,792,0.0897,3.403,37.9376
3,17,4,1057,39569,1024,0.1057,3.9569,37.4352
3,17,4.25,1324,48082,1549,0.1324,4.8082,36.3157
3,17,4.5,1848,62853,2723,0.1848,6.2853,34.0114
3,17,4.75,2839,84447,5499,0.2839,8.4447,29.7453
3,17,5,4971,104584,12372,0.4971,10.4584,21.0388
3,17,5.25,8229,62401,13280,0.8229,6.2401,7.58306
3,17,5.5,9205,31939,7908,0.9205,3.1939,3.46974
3,17,5.75,9282,29141,7314,0.9282,2.9141,3.13952
3,17,6,9372,25802,6560,0.9372,2.5802,2.75309
3,17,6.25,9303,28368,7149,0.9303,2.8368,3.04934
3,17,6.5,9338,27146,6896,0.9338,2.7146,2.90705
3,17,6.75,9319,27561,6901,0.9319,2.7561,2.95751
3,17,7,9388,25174,6396,0.9388,2.5174,2.68151
3,17,7.25,9319,27839,7042,0.9319,2.7839,2.98734
3,17,7.5,9268,29617,7405,0.9268,2.9617,3.19562
3,17,7.75,9341,26841,6764,0.9341,2.6841,2.87346
3,17,8,9301,28483,7213,0.9301,2.8483,3.06236
3,17,8.25,9351,26641,6750,0.9351,2.6641,2.849
3,17,8.5,9292,28763,7251,0.9292,2.8763,3.09546
3,17,8.75,9358,26318,6679,0.9358,2.6318,2.81235
3,17,9,9305,28278,7117,0.9305,2.8278,3.03901
3,17,9.25,9395,24861,6335,0.9395,2.4861,2.64619
3,17,9.5,9349,26605,6693,0.9349,2.6605,2.84576
3,17,9.75,9353,26487,6731,0.9353,2.6487,2.83193
3,17,10,9341,26972,6801,0.9341,2.6972,2.88749
3,17,10.25,9330,27273,6870,0.933,2.7273,2.92315
3,17,10.5,9336,27163,6893,0.9336,2.7163,2.90949
3,17,10.75,9385,25228,6369,0.9385,2.5228,2.68812
3,17,11,9352,26489,6705,0.9352,2.6489,2.83244
3,17,11.25,9355,26475,6708,0.9355,2.6475,2.83004
3,17,11.5,9313,28038,7050,0.9313,2.8038,3.01063
3,17,11.75,9301,28443,7184,0.9301,2.8443,3.05806
3,17,12,9352,26496,6740,0.9352,2.6496,2.83319
3,17,12.25,9325,27358,6888,0.9325,2.7358,2.93383
3,17,12.5,9366,25911,6612,0.9366,2.5911,2.7665
3,17,12.75,9321,27745,7027,0.9321,2.7745,2.97661
3,17,13,9342,26876,6739,0.9342,2.6876,2.8769
3,17,13.25,9315,27856,6988,0.9315,2.7856,2.99045
3,17,13.5,9336,27079,6796,0.9336,2.7079,2.90049
3,17,13.75,9337,27100,6835,0.9337,2.71,2.90243
3,17,14,9335,27021,6807,0.9335,2.7021,2.89459
3,17,14.25,9366,26034,6617,0.9366,2.6034,2.77963
3,17,14.5,9329,27381,6916,0.9329,2.7381,2.93504
3,17,14.75,9335,27109,6819,0.9335,2.7109,2.90402
3,17,15,9328,27471,6938,0.9328,2.7471,2.945
3,17,15.25,9336,27085,6833,0.9336,2.7085,2.90114
3,17,15.5,9374,25635,6445,0.9374,2.5635,2.73469
3,17,15.75,9312,28024,7046,0.9312,2.8024,3.00945
3,17,16,9342,26876,6810,0.9342,2.6876,2.8769
3,17,16.25,9295,28569,7172,0.9295,2.8569,3.07359
3,17,16.5,9374,25742,6519,0.9374,2.5742,2.74611
3,17,16.75,9346,26757,6762,0.9346,2.6757,2.86294
3,17,17,9360,26225,6661,0.936,2.6225,2.80182
3,17,17.25,9378,25563,6501,0.9378,2.5563,2.72585
3,17,17.5,9344,26777,6834,0.9344,2.6777,2.86569
3,17,17.75,9263,29838,7504,0.9263,2.9838,3.2212
3,17,18,9372,25703,6515,0.9372,2.5703,2.74253
3,17,18.25,9306,28270,7153,0.9306,2.827,3.03783
3,17,18.5,9338,26971,6802,0.9338,2.6971,2.88831
3,17,18.75,9280,29301,7428,0.928,2.9301,3.15744
3,17,19,9335,27120,6872,0.9335,2.712,2.9052
3,17,19.25,9329,27332,6886,0.9329,2.7332,2.92979
3,17,19.5,9309,28165,7080,0.9309,2.8165,3.02557
3,17,19.75,9356,26302,6670,0.9356,2.6302,2.81124
3,17,20,9397,24823,6346,0.9397,2.4823,2.64159
3,17,20.25,9326,27413,6890,0.9326,2.7413,2.93942
3,17,20.5,9294,28669,7134,0.9294,2.8669,3.08468
3,17,20.75,9359,26237,6657,0.9359,2.6237,2.8034
3,17,21,9327,27405,6901,0.9327,2.7405,2.93824
3,17,21.25,9299,28454,7100,0.9299,2.8454,3.0599
3,17,21.5,9334,27234,6857,0.9334,2.7234,2.91772
3,17,21.75,9306,28173,7075,0.9306,2.8173,3.0274
3,17,22,9303,28330,7172,0.9303,2.833,3.04525
3,17,22.25,9380,25479,6456,0.938,2.5479,2.71631
3,17,22.5,9367,25845,6541,0.9367,2.5845,2.75915
3,17,22.75,9325,27599,7007,0.9325,2.7599,2.95968
3,17,23,9331,27254,6844,0.9331,2.7254,2.9208
3,17,23.25,9320,27724,6949,0.932,2.7724,2.97468
3,17,23.5,9345,26762,6802,0.9345,2.6762,2.86378
3,17,23.75,9287,28951,7293,0.9287,2.8951,3.11737
3,17,24,9351,26562,6699,0.9351,2.6562,2.84055
3,17,24.25,9282,29108,7302,0.9282,2.9108,3.13596
3,17,24.5,9329,27321,6897,0.9329,2.7321,2.92861
3,17,24.75,9288,28920,7254,0.9288,2.892,3.1137
3,17,25,9311,28111,7086,0.9311,2.8111,3.01912
3,17,25.25,9343,26842,6787,0.9343,2.6842,2.87295
3,17,25.5,9329,27250,6829,0.9329,2.725,2.921
3,17,25.75,9303,28433,7205,0.9303,2.8433,3.05633
3,17,26,9340,27122,6869,0.934,2.7122,2.90385
3,17,26.25,9320,27628,6945,0.932,2.7628,2.96438
3,17,26.5,9319,27732,7004,0.9319,2.7732,2.97586
3,17,26.75,9348,26746,6790,0.9348,2.6746,2.86115
3,17,27,9384,25270,6428,0.9384,2.527,2.69288
3,17,27.25,9268,29553,7336,0.9268,2.9553,3.18871
3,17,27.5,9340,26951,6815,0.934,2.6951,2.88555
3,17,27.75,9302,28394,7134,0.9302,2.8394,3.05246
3,17,28,9319,27760,6952,0.9319,2.776,2.97886
3,17,28.25,9321,27694,7006,0.9321,2.7694,2.97114
3,17,28.5,9357,26351,6677,0.9357,2.6351,2.81618
3,17,28.75,9343,26814,6796,0.9343,2.6814,2.86996
3,17,29,9360,26351,6741,0.936,2.6351,2.81528
3,17,29.25,9284,29134,7421,0.9284,2.9134,3.13809
3,17,29.5,9333,27231,6911,0.9333,2.7231,2.91771
3,17,29.75,9328,27440,6902,0.9328,2.744,2.94168
3,17,30,9344,26818,6804,0.9344,2.6818,2.87008
3,17,30.25,9286,28990,7327,0.9286,2.899,3.1219
3,17,30.5,9332,27231,6875,0.9332,2.7231,2.91802
3,17,30.75,9352,26362,6659,0.9352,2.6362,2.81886
3,17,31,9322,27612,6920,0.9322,2.7612,2.96203
3,17,31.25,9338,27071,6863,0.9338,2.7071,2.89901
3,17,31.5,9343,26950,6848,0.9343,2.695,2.88451
3,17,31.75,9309,28071,7045,0.9309,2.8071,3.01547
3,17,32,9301,28371,7068,0.9301,2.8371,3.05032
3,17,32.25,9294,28631,7180,0.9294,2.8631,3.08059
3,17,32.5,9321,27603,6902,0.9321,2.7603,2.96138
3,17,32.75,9367,25865,6545,0.9367,2.5865,2.76129
3,17,33,9387,25231,6442,0.9387,2.5231,2.68787
3,17,33.25,9340,26939,6816,0.934,2.6939,2.88426
3,17,33.5,9329,27335,6884,0.9329,2.7335,2.93011
3,17,33.75,9312,28092,7048,0.9312,2.8092,3.01675
3,17,34,9331,27358,6885,0.9331,2.7358,2.93195
3,17,34.25,9334,27308,6933,0.9334,2.7308,2.92565
3,17,34.5,9339,26949,6818,0.9339,2.6949,2.88564
3,17,34.75,9365,26049,6604,0.9365,2.6049,2.78153
3,17,35,9318,27757,6941,0.9318,2.7757,2.97886
3,17,35.25,9321,27681,6997,0.9321,2.7681,2.96975
3,17,35.5,9306,28150,7074,0.9306,2.815,3.02493
3,17,35.75,9327,27549,6949,0.9327,2.7549,2.95368
3,17,36,9302,28438,7163,0.9302,2.8438,3.05719
3,17,36.25,9319,27747,7028,0.9319,2.7747,2.97747
3,17,36.5,9363,26043,6583,0.9363,2.6043,2.78148
3,17,36.75,9324,27556,6974,0.9324,2.7556,2.95538
3,17,37,9337,27102,6802,0.9337,2.7102,2.90265
3,17,37.25,9380,25473,6422,0.938,2.5473,2.71567
3,17,37.5,9291,28727,7195,0.9291,2.8727,3.09192
3,17,37.75,9334,27190,6849,0.9334,2.719,2.91301
3,17,38,9345,26678,6719,0.9345,2.6678,2.85479
3,17,38.25,9343,26900,6795,0.9343,2.69,2.87916
3,17,38.5,9345,26724,6761,0.9345,2.6724,2.85971
3,17,38.75,9298,28556,7170,0.9298,2.8556,3.0712
3,17,39,9387,25225,6469,0.9387,2.5225,2.68723
3,17,39.25,9328,27443,6898,0.9328,2.7443,2.942
3,17,39.5,9316,27865,6990,0.9316,2.7865,2.99109
3,17,39.75,9361,26211,6671,0.9361,2.6211,2.80002
3,17,40,9293,28562,7137,0.9293,2.8562,3.0735
3,18,0,200,8378,138,0.02,0.8378,41.89
3,18,0.25,234,9665,111,0.0234,0.9665,41.3034
3,18,0.5,257,10553,120,0.0257,1.0553,41.0623
3,18,0.75,265,10882,107,0.0265,1.0882,41.0642
3,18,1,277,11363,115,0.0277,1.1363,41.0217
3,18,1.25,291,11896,111,0.0291,1.1896,40.8797
3,18,1.5,308,12631,146,0.0308,1.2631,41.0097
3,18,1.75,347,14155,164,0.0347,1.4155,40.7925
3,18,2,368,14952,178,0.0368,1.4952,40.6304
3,18,2.25,414,16694,202,0.0414,1.6694,40.3237
3,18,2.5,442,17849,226,0.0442,1.7849,40.3824
3,18,2.75,466,18779,244,0.0466,1.8779,40.2983
3,18,3,540,21536,298,0.054,2.1536,39.8815
3,18,3.25,614,24198,404,0.0614,2.4198,39.4104
3,18,3.5,669,26242,451,0.0669,2.6242,39.2257
3,18,3.75,786,30372,626,0.0786,3.0372,38.6412
3,18,4,946,35942,810,0.0946,3.5942,37.9937
3,18,4.25,1170,43091,1242,0.117,4.3091,36.8299
3,18,4.5,1502,53155,1916,0.1502,5.3155,35.3895
3,18,4.75,2108,69292,3446,0.2108,6.9292,32.871
3,18,5,3379,93290,7303,0.3379,9.329,27.6088
3,18,5.25,6245,98641,15099,0.6245,9.8641,15.7952
3,18,5.5,8999,39333,9546,0.8999,3.9333,4.37082
3,18,5.75,9319,27816,7031,0.9319,2.7816,2.98487
3,18,6,9303,28271,7166,0.9303,2.8271,3.03891
3,18,6.25,9394,24883,6303,0.9394,2.4883,2.64882
3,18,6.5,9302,28426,7127,0.9302,2.8426,3.0559
3,18,6.75,9365,25902,6561,0.9365,2.5902,2.76583
3,18,7,9284,29116,7282,0.9284,2.9116,3.13615
3,18,7.25,9367,25874,6578,0.9367,2.5874,2.76225
3,18,7.5,9344,26762,6797,0.9344,2.6762,2.86408
3,18,7.75,9367,25868,6529,0.9367,2.5868,2.76161
3,18,8,9329,27420,6953,0.9329,2.742,2.93922
3,18,8.25,9343,26913,6843,0.9343,2.6913,2.88055
3,18,8.5,9353,26478,6728,0.9353,2.6478,2.83096
3,18,8.75,9345,26733,6760,0.9345,2.6733,2.86067
3,18,9,9352,26473,6714,0.9352,2.6473,2.83073
3,18,9.25,9333,27176,6898,0.9333,2.7176,2.91182
3,18,9.5,9387,25164,6420,0.9387,2.5164,2.68073
3,18,9.75,9320,27738,7031,0.932,2.7738,2.97618
3,18,10,9342,26948,6804,0.9342,2.6948,2.88461
3,18,10.25,9348,26697,6776,0.9348,2.6697,2.85591
3,18,10.5,9366,25898,6493,0.9366,2.5898,2.76511
3,18,10.75,9335,27131,6836,0.9335,2.7131,2.90637
3,18,11,9315,27695,6924,0.9315,2.7695,2.97316
3,18,11.25,9360,26107,6643,0.936,2.6107,2.78921
3,18,11.5,9359,26226,6692,0.9359,2.6226,2.80222
3,18,11.75,9345,26789,6795,0.9345,2.6789,2.86667
3,18,12,9286,28966,7232,0.9286,2.8966,3.11932
3,18,12.25,9340,27004,6830,0.934,2.7004,2.89122
3,18,12.5,9304,28275,7119,0.9304,2.8275,3.03902
3,18,12.75,9307,28156,7111,0.9307,2.8156,3.02525
3,18,13,9352,26580,6748,0.9352,2.658,2.84217
3,18,13.25,9320,27723,6998,0.932,2.7723,2.97457
3,18,13.5,9332,27258,6884,0.9332,2.7258,2.92092
3,18,13.75,9378,25519,6452,0.9378,2.5519,2.72116
3,18,14,9341,26939,6796,0.9341,2.6939,2.88395
3,18,14.25,9321,27597,6952,0.9321,2.7597,2.96073
3,18,14.5,9362,26152,6627,0.9362,2.6152,2.79342
3,18,14.75,9324,27554,6912,0.9324,2.7554,2.95517
3,18,15,9294,28652,7209,0.9294,2.8652,3.08285
3,18,15.25,9339,26910,6777,0.9339,2.691,2.88146
3,18,15.5,9327,27450,6920,0.9327,2.745,2.94307
3,18,15.75,9374,25777,6509,0.9374,2.5777,2.74984
3,18,16,9364,25977,6601,0.9364,2.5977,2.77413
3,18,16.25,9375,25587,6526,0.9375,2.5587,2.72928
3,18,16.5,9335,27112,6820,0.9335,2.7112,2.90434
3,18,16.75,9335,27121,6810,0.9335,2.7121,2.9053
3,18,17,9364,26091,6662,0.9364,2.6091,2.78631
3,18,17.25,9362,26101,6590,0.9362,2.6101,2.78797
3,18,17.5,9332,27201,6838,0.9332,2.7201,2.91481
3,18,17.75,9328,27407,6861,0.9328,2.7407,2.93814
3,18,18,9302,28319,7124,0.9302,2.8319,3.0444
3,18,18.25,9362,26034,6540,0.9362,2.6034,2.78082
3,18,18.5,9319,27728,6930,0.9319,2.7728,2.97543
3,18,18.75,9329,27397,6919,0.9329,2.7397,2.93676
3,18,19,9330,27363,6882,0.933,2.7363,2.9328
3,18,19.25,9292,28782,7251,0.9292,2.8782,3.0975
3,18,19.5,9354,26398,6695,0.9354,2.6398,2.82211
3,18,19.75,9349,26673,6709,0.9349,2.6673,2.85303
3,18,20,9346,26837,6828,0.9346,2.6837,2.8715
3,18,20.25,9325,27487,6917,0.9325,2.7487,2.94767
3,18,20.5,9307,28179,7046,0.9307,2.8179,3.02772
3,18,20.75,9352,26443,6716,0.9352,2.6443,2.82752
3,18,21,9361,26163,6657,0.9361,2.6163,2.79489
3,18,21.25,9346,26691,6747,0.9346,2.6691,2.85587
3,18,21.5,9330,27199,6849,0.933,2.7199,2.91522
3,18,21.75,9347,26681,6768,0.9347,2.6681,2.8545
3,18,22,9369,25819,6572,0.9369,2.5819,2.75579
3,18,22.25,9284,29151,7370,0.9284,2.9151,3.13992
3,18,22.5,9398,24775,6309,0.9398,2.4775,2.6362
3,18,22.75,9311,28043,7087,0.9311,2.8043,3.01181
3,18,23,9374,25522,6443,0.9374,2.5522,2.72264
3,18,23.25,9352,26518,6740,0.9352,2.6518,2.83554
3,18,23.5,9352,26512,6705,0.9352,2.6512,2.8349
3,18,23.75,9319,27787,7039,0.9319,2.7787,2.98176
3,18,24,9309,28116,7023,0.9309,2.8116,3.0203
3,18,24.25,9356,26309,6643,0.9356,2.6309,2.81199
3,18,24.5,9337,27186,6937,0.9337,2.7186,2.91164
3,18,24.75,9306,28150,7023,0.9306,2.815,3.02493
3,18,25,9346,26691,6748,0.9346,2.6691,2.85587
3,18,25.25,9309,28177,7120,0.9309,2.8177,3.02686
3,18,25.5,9333,27215,6914,0.9333,2.7215,2.916
3,18,25.75,9325,27557,6992,0.9325,2.7557,2.95517
3,18,26,9352,26380,6638,0.9352,2.638,2.82079
3,18,26.25,9337,26921,6760,0.9337,2.6921,2.88326
3,18,26.5,9344,26779,6826,0.9344,2.6779,2.8659
3,18,26.75,9326,27548,6927,0.9326,2.7548,2.95389
3,18,27,9327,27472,6948,0.9327,2.7472,2.94543
3,18,27.25,9323,27587,6948,0.9323,2.7587,2.95903
3,18,27.5,9282,29057,7331,0.9282,2.9057,3.13047
3,18,27.75,9375,25560,6517,0.9375,2.556,2.7264
3,18,28,9297,28682,7207,0.9297,2.8682,3.08508
3,18,28.25,9360,26163,6621,0.936,2.6163,2.79519
3,18,28.5,9304,28427,7104,0.9304,2.8427,3.05535
3,18,28.75,9336,26941,6787,0.9336,2.6941,2.88571
3,18,29,9308,28123,7069,0.9308,2.8123,3.02138
3,18,29.25,9358,26181,6555,0.9358,2.6181,2.79771
3,18,29.5,9352,26496,6725,0.9352,2.6496,2.83319
3,18,29.75,9362,26113,6546,0.9362,2.6113,2.78925
3,18,30,9294,28804,7274,0.9294,2.8804,3.0992
3,18,30.25,9368,25912,6568,0.9368,2.5912,2.76601
3,18,30.5,9322,27595,6962,0.9322,2.7595,2.9602
3,18,30.75,9355,26451,6723,0.9355,2.6451,2.82747
3,18,31,9375,25601,6478,0.9375,2.5601,2.73077
3,18,31.25,9333,27354,6934,0.9333,2.7354,2.93089
3,18,31.5,9376,25612,6527,0.9376,2.5612,2.73166
3,18,31.75,9292,28714,7183,0.9292,2.8714,3.09019
3,18,32,9329,27264,6841,0.9329,2.7264,2.9225
3,18,32.25,9319,27698,6937,0.9319,2.7698,2.97221
3,18,32.5,9350,26684,6808,0.935,2.6684,2.8539
3,18,32.75,9337,27083,6815,0.9337,2.7083,2.90061
3,18,33,9368,25809,6501,0.9368,2.5809,2.75502
3,18,33.25,9354,26464,6697,0.9354,2.6464,2.82916
3,18,33.5,9355,26397,6707,0.9355,2.6397,2.8217
3,18,33.75,9300,28435,7165,0.93,2.8435,3.05753
3,18,34,9340,26958,6806,0.934,2.6958,2.8863
3,18,34.25,9329,27361,6901,0.9329,2.7361,2.9329
3,18,34.5,9335,27116,6800,0.9335,2.7116,2.90477
3,18,34.75,9309,28043,7017,0.9309,2.8043,3.01246
3,18,35,9373,25733,6497,0.9373,2.5733,2.74544
3,18,35.25,9272,29493,7380,0.9272,2.9493,3.18087
3,18,35.5,9361,26212,6669,0.9361,2.6212,2.80013
3,18,35.75,9329,27322,6919,0.9329,2.7322,2.92872
3,18,36,9340,27019,6843,0.934,2.7019,2.89283
3,18,36.25,9350,26536,6706,0.935,2.6536,2.83807
3,18,36.5,9338,27013,6788,0.9338,2.7013,2.8928
3,18,36.75,9353,26440,6675,0.9353,2.644,2.8269
3,18,37,9349,26682,6806,0.9349,2.6682,2.854
3,18,37.25,9337,27103,6847,0.9337,2.7103,2.90275
3,18,37.5,9297,28558,7158,0.9297,2.8558,3.07174
3,18,37.75,9310,28008,7050,0.931,2.8008,3.00838
3,18,38,9304,28350,7113,0.9304,2.835,3.04708
3,18,38.25,9297,28615,7177,0.9297,2.8615,3.07787
3,18,38.5,9323,27585,6934,0.9323,2.7585,2.95881
3,18,38.75,9357,26306,6653,0.9357,2.6306,2.81137
3,18,39,9300,28525,7185,0.93,2.8525,3.0672
3,18,39.25,9269,29634,7437,0.9269,2.9634,3.19711
3,18,39.5,9362,26102,6648,0.9362,2.6102,2.78808
3,18,39.75,9352,26455,6672,0.9352,2.6455,2.82881
3,18,40,9341,26962,6861,0.9341,2.6962,2.88641
3,19,0,200,8405,142,0.02,0.8405,42.025
3,19,0.25,203,8503,103,0.0203,0.8503,41.8867
3,19,0.5,224,9296,105,0.0224,0.9296,41.5
3,19,0.75,227,9398,104,0.0227,0.9398,41.4009
3,19,1,230,9541,100,0.023,0.9541,41.4826
3,19,1.25,244,10083,99,0.0244,1.0083,41.3238
3,19,1.5,265,10881,109,0.0265,1.0881,41.0604
3,19,1.75,268,11048,103,0.0268,1.1048,41.2239
3,19,2,303,12356,143,0.0303,1.2356,40.7789
3,19,2.25,323,13176,155,0.0323,1.3176,40.7926
3,19,2.5,370,14967,187,0.037,1.4967,40.4514
3,19,2.75,397,15987,219,0.0397,1.5987,40.2695
3,19,3,407,16475,219,0.0407,1.6475,40.4791
3,19,3.25,451,18126,253,0.0451,1.8126,40.1907
3,19,3.5,467,18701,259,0.0467,1.8701,40.045
3,19,3.75,508,20259,301,0.0508,2.0259,39.8799
3,19,4,573,22806,357,0.0573,2.2806,39.801
3,19,4.25,596,23644,371,0.0596,2.3644,39.6711
3,19,4.5,660,25884,490,0.066,2.5884,39.2182
3,19,4.75,781,30219,601,0.0781,3.0219,38.6927
3,19,5,870,33410,742,0.087,3.341,38.4023
3,19,5.25,1062,39846,1031,0.1062,3.9846,37.5198
3,19,5.5,1384,49876,1629,0.1384,4.9876,36.0376
3,19,5.75,1851,62903,2731,0.1851,6.2903,33.9833
3,19,6,2815,84188,5444,0.2815,8.4188,29.9069
3,19,6.25,4951,104143,12199,0.4951,10.4143,21.0347
3,19,6.5,8371,58882,12934,0.8371,5.8882,7.03405
3,19,6.75,9281,29290,7391,0.9281,2.929,3.15591
3,19,7,9312,28079,7104,0.9312,2.8079,3.01536
3,19,7.25,9366,25959,6590,0.9366,2.5959,2.77162
3,19,7.5,9345,26686,6713,0.9345,2.6686,2.85564
3,19,7.75,9325,27478,6943,0.9325,2.7478,2.9467
3,19,8,9313,27943,7004,0.9313,2.7943,3.00043
3,19,8.25,9301,28490,7179,0.9301,2.849,3.06311
3,19,8.5,9360,26226,6616,0.936,2.6226,2.80192
3,19,8.75,9322,27716,7031,0.9322,2.7716,2.97318
3,19,9,9334,27154,6863,0.9334,2.7154,2.90915
3,19,9.25,9328,27400,6925,0.9328,2.74,2.93739
3,19,9.5,9335,27254,6935,0.9335,2.7254,2.91955
3,19,9.75,9337,27044,6821,0.9337,2.7044,2.89643
3,19,10,9308,28199,7085,0.9308,2.8199,3.02954
3,19,10.25,9268,29640,7494,0.9268,2.964,3.1981
3,19,10.5,9336,27098,6833,0.9336,2.7098,2.90253
3,19,10.75,9343,26814,6750,0.9343,2.6814,2.86996
3,19,11,9350,26540,6698,0.935,2.654,2.8385
3,19,11.25,9356,26365,6718,0.9356,2.6365,2.81798
3,19,11.5,9328,27459,6963,0.9328,2.7459,2.94372
3,19,11.75,9297,28565,7181,0.9297,2.8565,3.0725
3,19,12,9347,26701,6778,0.9347,2.6701,2.85664
3,19,12.25,9335,27050,6856,0.9335,2.705,2.8977
3,19,12.5,9298,28510,7192,0.9298,2.851,3.06625
3,19,12.75,9291,28697,7157,0.9291,2.8697,3.08869
3,19,13,9363,25979,6622,0.9363,2.5979,2.77464
3,19,13.25,9365,25955,6601,0.9365,2.5955,2.77149
3,19,13.5,9341,27021,6912,0.9341,2.7021,2.89273
3,19,13.75,9333,27172,6828,0.9333,2.7172,2.91139
3,19,14,9343,26829,6780,0.9343,2.6829,2.87156
3,19,14.25,9369,25784,6508,0.9369,2.5784,2.75205
3,19,14.5,9331,27305,6884,0.9331,2.7305,2.92627
3,19,14.75,9341,26871,6749,0.9341,2.6871,2.87667
3,19,15,9368,25909,6583,0.9368,2.5909,2.76569
3,19,15.25,9320,27598,6987,0.932,2.7598,2.96116
3,19,15.5,9343,26752,6740,0.9343,2.6752,2.86332
3,19,15.75,9321,27628,6991,0.9321,2.7628,2.96406
3,19,16,9315,27977,7065,0.9315,2.7977,3.00344
3,19,16.25,9313,27969,7056,0.9313,2.7969,3.00322
3,19,16.5,9326,27555,6990,0.9326,2.7555,2.95464
3,19,16.75,9340,26973,6869,0.934,2.6973,2.8879
3,19,17,9340,26894,6769,0.934,2.6894,2.87944
3,19,17.25,9320,27643,6959,0.932,2.7643,2.96599
3,19,17.5,9325,27331,6830,0.9325,2.7331,2.93094
3,19,17.75,9300,28403,7096,0.93,2.8403,3.05409
3,19,18,9311,27933,6996,0.9311,2.7933,3
3,19,18.25,9353,26445,6687,0.9353,2.6445,2.82744
3,19,18.5,9340,26908,6805,0.934,2.6908,2.88094
3,19,18.75,9342,26748,6802,0.9342,2.6748,2.8632
3,19,19,9330,27310,6884,0.933,2.731,2.92712
3,19,19.25,9315,27841,6996,0.9315,2.7841,2.98884
3,19,19.5,9332,27266,6849,0.9332,2.7266,2.92177
3,19,19.75,9297,28584,7171,0.9297,2.8584,3.07454
3,19,20,9353,26540,6798,0.9353,2.654,2.83759
3,19,20.25,9299,28425,7029,0.9299,2.8425,3.05678
3,19,20.5,9308,28055,7008,0.9308,2.8055,3.01407
3,19,20.75,9380,25507,6494,0.938,2.5507,2.7193
3,19,21,9296,28533,7160,0.9296,2.8533,3.06938
3,19,21.25,9373,25719,6549,0.9373,2.5719,2.74395
3,19,21.5,9373,25723,6538,0.9373,2.5723,2.74437
3,19,21.75,9358,26287,6704,0.9358,2.6287,2.80904
3,19,22,9343,26831,6756,0.9343,2.6831,2.87178
3,19,22.25,9323,27535,6978,0.9323,2.7535,2.95345
3,19,22.5,9339,27018,6850,0.9339,2.7018,2.89303
3,19,22.75,9323,27594,6953,0.9323,2.7594,2.95978
3,19,23,9326,27486,6906,0.9326,2.7486,2.94724
3,19,23.25,9305,28295,7127,0.9305,2.8295,3.04084
3,19,23.5,9355,26399,6687,0.9355,2.6399,2.82191
3,19,23.75,9391,25030,6368,0.9391,2.503,2.66532
3,19,24,9322,27718,7053,0.9322,2.7718,2.9734
3,19,24.25,9375,25558,6479,0.9375,2.5558,2.72619
3,19,24.5,9362,26142,6606,0.9362,2.6142,2.79235
3,19,24.75,9349,26610,6712,0.9349,2.661,2.84629
3,19,25,9287,28873,7213,0.9287,2.8873,3.10897
3,19,25.25,9299,28597,7233,0.9299,2.8597,3.07528
3,19,25.5,9357,26297,6718,0.9357,2.6297,2.81041
3,19,25.75,9373,25795,6592,0.9373,2.5795,2.75205
3,19,26,9366,25833,6557,0.9366,2.5833,2.75817
3,19,26.25,9327,27468,6973,0.9327,2.7468,2.945
3,19,26.5,9332,27363,6912,0.9332,2.7363,2.93217
3,19,26.75,9288,28931,7261,0.9288,2.8931,3.11488
3,19,27,9346,26669,6713,0.9346,2.6669,2.85352
3,19,27.25,9304,28267,7165,0.9304,2.8267,3.03816
3,19,27.5,9294,28670,7215,0.9294,2.867,3.08479
3,19,27.75,9351,26527,6713,0.9351,2.6527,2.83681
3,19,28,9343,26814,6791,0.9343,2.6814,2.86996
3,19,28.25,9319,27718,7003,0.9319,2.7718,2.97435
3,19,28.5,9345,26727,6738,0.9345,2.6727,2.86003
3,19,28.75,9401,24646,6282,0.9401,2.4646,2.62164
3,19,29,9341,26912,6834,0.9341,2.6912,2.88106
3,19,29.25,9362,26172,6635,0.9362,2.6172,2.79556
3,19,29.5,9324,27609,6997,0.9324,2.7609,2.96107
3,19,29.75,9277,29354,7363,0.9277,2.9354,3.16417
3,19,30,9316,27709,6972,0.9316,2.7709,2.97435
3,19,30.25,9332,27240,6875,0.9332,2.724,2.91899
3,19,30.5,9348,26814,6855,0.9348,2.6814,2.86842
3,19,30.75,9318,27699,6972,0.9318,2.7699,2.97263
3,19,31,9283,29078,7297,0.9283,2.9078,3.13239
3,19,31.25,9275,29489,7439,0.9275,2.9489,3.17941
3,19,31.5,9318,27670,6925,0.9318,2.767,2.96952
3,19,31.75,9307,28252,7133,0.9307,2.8252,3.03556
3,19,32,9352,26356,6674,0.9352,2.6356,2.81822
3,19,32.25,9354,26392,6650,0.9354,2.6392,2.82147
3,19,32.5,9365,25930,6549,0.9365,2.593,2.76882
3,19,32.75,9355,26399,6667,0.9355,2.6399,2.82191
3,19,33,9338,27028,6825,0.9338,2.7028,2.89441
3,19,33.25,9302,28346,7099,0.9302,2.8346,3.0473
3,19,33.5,9362,26018,6555,0.9362,2.6018,2.77911
3,19,33.75,9330,27256,6828,0.933,2.7256,2.92133
3,19,34,9340,26909,6826,0.934,2.6909,2.88105
3,19,34.25,9348,26646,6727,0.9348,2.6646,2.85045
3,19,34.5,9372,25772,6515,0.9372,2.5772,2.74989
3,19,34.75,9290,28784,7244,0.929,2.8784,3.09839
3,19,35,9363,26079,6632,0.9363,2.6079,2.78533
3,19,35.25,9353,26530,6714,0.9353,2.653,2.83652
3,19,35.5,9354,26423,6706,0.9354,2.6423,2.82478
3,19,35.75,9317,27834,6966,0.9317,2.7834,2.98744
3,19,36,9338,27053,6825,0.9338,2.7053,2.89709
3,19,36.25,9293,28685,7192,0.9293,2.8685,3.08673
3,19,36.5,9326,27507,6994,0.9326,2.7507,2.9495
3,19,36.75,9343,26895,6837,0.9343,2.6895,2.87863
3,19,37,9301,28539,7229,0.9301,2.8539,3.06838
3,19,37.25,9364,25931,6552,0.9364,2.5931,2.76922
3,19,37.5,9316,27876,7023,0.9316,2.7876,2.99227
3,19,37.75,9275,29449,7385,0.9275,2.9449,3.17509
3,19,38,9343,26772,6776,0.9343,2.6772,2.86546
3,19,38.25,9321,27630,6965,0.9321,2.763,2.96427
3,19,38.5,9383,25377,6461,0.9383,2.5377,2.70457
3,19,38.75,9350,26609,6694,0.935,2.6609,2.84588
3,19,39,9351,26543,6732,0.9351,2.6543,2.83852
3,19,39.25,9318,27776,7014,0.9318,2.7776,2.9809
3,19,39.5,9314,27908,7030,0.9314,2.7908,2.99635
3,19,39.75,9323,27603,6967,0.9323,2.7603,2.96074
3,19,40,9336,27119,6839,0.9336,2.7119,2.90478
4,0,0,200,8427,135,0.02,0.8427,42.135
4,0,0.25,215,8999,94,0.0215,0.8999,41.8558
4,0,0.5,225,9370,104,0.0225,0.937,41.6444
4,0,0.75,238,9863,104,0.0238,0.9863,41.4412
4,0,1,228,9449,94,0.0228,0.9449,41.443
4,0,1.25,258,10595,121,0.0258,1.0595,41.0659
4,0,1.5,288,11791,139,0.0288,1.1791,40.941
4,0,1.75,336,13681,158,0.0336,1.3681,40.7173
4,0,2,351,14293,181,0.0351,1.4293,40.7208
4,0,2.25,363,14717,180,0.0363,1.4717,40.5427
4,0,2.5,407,16373,203,0.0407,1.6373,40.2285
4,0,2.75,449,18024,248,0.0449,1.8024,40.1425
4,0,3,515,20477,307,0.0515,2.0477,39.7612
4,0,3.25,589,23193,376,0.0589,2.3193,39.3769
4,0,3.5,664,25912,474,0.0664,2.5912,39.0241
4,0,3.75,767,29612,619,0.0767,2.9612,38.6076
4,0,4,897,34024,797,0.0897,3.4024,37.9309
4,0,4.25,1114,41340,1129,0.1114,4.134,37.1095
4,0,4.5,1405,50433,1662,0.1405,5.0433,35.8954
4,0,4.75,1860,63078,2705,0.186,6.3078,33.9129
4,0,5,2808,83789,5515,0.2808,8.3789,29.8394
4,0,5.25,5089,104338,12596,0.5089,10.4338,20.5027
4,0,5.5,8265,61671,13189,0.8265,6.1671,7.46171
4,0,5.75,9265,29630,7370,0.9265,2.963,3.19806
4,0,6,9390,25026,6370,0.939,2.5026,2.66518
4,0,6.25,9332,27234,6891,0.9332,2.7234,2.91835
4,0,6.5,9354,26422,6720,0.9354,2.6422,2.82467
4,0,6.75,9342,26778,6808,0.9342,2.6778,2.86641
4,0,7,9320,27693,6976,0.932,2.7693,2.97135
4,0,7.25,9376,25571,6468,0.9376,2.5571,2.72728
4,0,7.5,9295,28661,7202,0.9295,2.8661,3.08349
4,0,7.75,9345,26691,6689,0.9345,2.6691,2.85618
4,0,8,9341,26882,6794,0.9341,2.6882,2.87785
4,0,8.25,9317,27708,6978,0.9317,2.7708,2.97392
4,0,8.5,9405,24397,6206,0.9405,2.4397,2.59405
4,0,8.75,9327,27558,6938,0.9327,2.7558,2.95465
4,0,9,9336,27138,6873,0.9336,2.7138,2.90681
4,0,9.25,9341,26960,6807,0.9341,2.696,2.8862
4,0,9.5,9390,25017,6383,0.939,2.5017,2.66422
4,0,9.75,9338,26977,6742,0.9338,2.6977,2.88895
4,0,10,9323,27652,6980,0.9323,2.7652,2.966
4,0,10.25,9315,27868,6959,0.9315,2.7868,2.99173
4,0,10.5,9309,28120,7077,0.9309,2.812,3.02073
4,0,10.75,9338,27036,6876,0.9338,2.7036,2.89527
4,0,11,9314,27794,7003,0.9314,2.7794,2.98411
4,0,11.25,9329,27308,6908,0.9329,2.7308,2.92722
4,0,11.5,9315,27965,7051,0.9315,2.7965,3.00215
4,0,11.75,9303,28347,7145,0.9303,2.8347,3.04708
4,0,12,9281,29148,7258,0.9281,2.9148,3.14061
4,0,12.25,9304,28415,7208,0.9304,2.8415,3.05406
4,0,12.5,9317,27820,6992,0.9317,2.782,2.98594
4,0,12.75,9254,30189,7649,0.9254,3.0189,3.26226
4,0,13,9338,27071,6848,0.9338,2.7071,2.89901
4,0,13.25,9302,28325,7108,0.9302,2.8325,3.04504
4,0,13.5,9340,26908,6804,0.934,2.6908,2.88094
4,0,13.75,9309,28196,7168,0.9309,2.8196,3.0289
4,0,14,9348,26627,6733,0.9348,2.6627,2.84842
4,0,14.25,9325,27518,6972,0.9325,2.7518,2.95099
4,0,14.5,9353,26429,6699,0.9353,2.6429,2.82572
4,0,14.75,9349,26574,6682,0.9349,2.6574,2.84244
4,0,15,9284,29162,7342,0.9284,2.9162,3.1411
4,0,15.25,9343,26812,6754,0.9343,2.6812,2.86974
4,0,15.5,9343,26720,6671,0.9343,2.672,2.8599
4,0,15.75,9346,26665,6719,0.9346,2.6665,2.85309
4,0,16,9343,26755,6777,0.9343,2.6755,2.86364
4,0,16.25,9367,25965,6629,0.9367,2.5965,2.77197
4,0,16.5,9325,27566,6941,0.9325,2.7566,2.95614
4,0,16.75,9318,27706,6946,0.9318,2.7706,2.97338
4,0,17,9362,26159,6664,0.9362,2.6159,2.79417
4,0,17.25,9294,28661,7203,0.9294,2.8661,3.08382
4,0,17.5,9359,26257,6653,0.9359,2.6257,2.80553
4,0,17.75,9327,27482,6934,0.9327,2.7482,2.9465
4,0,18,9363,26156,6645,0.9363,2.6156,2.79355
4,0,18.25,9304,28255,7081,0.9304,2.8255,3.03687
4,0,18.5,9317,27855,6979,0.9317,2.7855,2.9897
4,0,18.75,9321,27723,6980,0.9321,2.7723,2.97425
4,0,19,9345,26773,6753,0.9345,2.6773,2.86495
4,0,19.25,9308,28223,7145,0.9308,2.8223,3.03212
4,0,19.5,9316,27880,6986,0.9316,2.788,2.9927
4,0,19.75,9296,28654,7228,0.9296,2.8654,3.0824
4,0,20,9306,28224,7094,0.9306,2.8224,3.03288
4,0,20.25,9295,28658,7228,0.9295,2.8658,3.08316
4,0,20.5,9333,27186,6817,0.9333,2.7186,2.91289
4,0,20.75,9349,26634,6801,0.9349,2.6634,2.84886
4,0,21,9310,28057,6991,0.931,2.8057,3.01364
4,0,21.25,9295,28625,7149,0.9295,2.8625,3.07961
4,0,21.5,9348,26690,6772,0.9348,2.669,2.85516
4,0,21.75,9317,27754,6992,0.9317,2.7754,2.97886
4,0,22,9277,29249,7324,0.9277,2.9249,3.15285
4,0,22.25,9311,28023,7072,0.9311,2.8023,3.00967
4,0,22.5,9359,26288,6659,0.9359,2.6288,2.80885
4,0,22.75,9320,27788,7036,0.932,2.7788,2.98155
4,0,23,9353,26494,6729,0.9353,2.6494,2.83267
4,0,23.25,9349,26609,6667,0.9349,2.6609,2.84619
4,0,23.5,9301,28332,7135,0.9301,2.8332,3.04612
4,0,23.75,9348,26601,6712,0.9348,2.6601,2.84564
4,0,24,9342,26794,6772,0.9342,2.6794,2.86812
4,0,24.25,9323,27669,6984,0.9323,2.7669,2.96782
4,0,24.5,9338,27014,6816,0.9338,2.7014,2.89291
4,0,24.75,9288,28909,7272,0.9288,2.8909,3.11251
4,0,25,9316,27793,7010,0.9316,2.7793,2.98336
4,0,25.25,9340,27022,6846,0.934,2.7022,2.89315
4,0,25.5,9285,29061,7304,0.9285,2.9061,3.12989
4,0,25.75,9348,26686,6789,0.9348,2.6686,2.85473
4,0,26,9323,27537,6917,0.9323,2.7537,2.95366
4,0,26.25,9330,27309,6856,0.933,2.7309,2.92701
4,0,26.5,9329,27527,6984,0.9329,2.7527,2.95069
4,0,26.75,9316,27807,6950,0.9316,2.7807,2.98486
4,0,27,9377,25473,6448,0.9377,2.5473,2.71654
4,0,27.25,9335,27142,6825,0.9335,2.7142,2.90755
4,0,27.5,9321,27721,7035,0.9321,2.7721,2.97404
4,0,27.75,9360,26297,6681,0.936,2.6297,2.80951
4,0,28,9337,26953,6749,0.9337,2.6953,2.88669
4,0,28.25,9368,25795,6502,0.9368,2.5795,2.75352
4,0,28.5,9335,27093,6801,0.9335,2.7093,2.9023
4,0,28.75,9366,25970,6555,0.9366,2.597,2.7728
4,0,29,9295,28658,7236,0.9295,2.8658,3.08316
4,0,29.25,9350,26601,6706,0.935,2.6601,2.84503
4,0,29.5,9407,24414,6167,0.9407,2.4414,2.5953
4,0,29.75,9351,26413,6630,0.9351,2.6413,2.82462
4,0,30,9360,26179,6606,0.936,2.6179,2.7969
4,0,30.25,9384,25356,6446,0.9384,2.5356,2.70205
4,0,30.5,9352,26523,6724,0.9352,2.6523,2.83608
4,0,30.75,9278,29317,7343,0.9278,2.9317,3.15984
4,0,31,9311,28065,7097,0.9311,2.8065,3.01418
4,0,31.25,9304,28395,7154,0.9304,2.8395,3.05191
4,0,31.5,9256,30135,7583,0.9256,3.0135,3.25573
4,0,31.75,9289,28918,7299,0.9289,2.8918,3.11314
4,0,32,9260,30007,7527,0.926,3.0007,3.2405
4,0,32.25,9355,26467,6691,0.9355,2.6467,2.82918
4,0,32.5,9336,27070,6820,0.9336,2.707,2.89953
4,0,32.75,9329,27243,6872,0.9329,2.7243,2.92025
4,0,33,9350,26504,6696,0.935,2.6504,2.83465
4,0,33.25,9339,26985,6812,0.9339,2.6985,2.8895
4,0,33.5,9328,27352,6880,0.9328,2.7352,2.93225
4,0,33.75,9362,26148,6624,0.9362,2.6148,2.79299
4,0,34,9329,27372,6904,0.9329,2.7372,2.93408
4,0,34.25,9399,24655,6243,0.9399,2.4655,2.62315
4,0,34.5,9315,27830,6995,0.9315,2.783,2.98765
4,0,34.75,9328,27294,6874,0.9328,2.7294,2.92603
4,0,35,9345,26737,6711,0.9345,2.6737,2.8611
4,0,35.25,9338,26971,6803,0.9338,2.6971,2.88831
4,0,35.5,9346,26789,6785,0.9346,2.6789,2.86636
4,0,35.75,9325,27458,6921,0.9325,2.7458,2.94456
4,0,36,9379,25533,6515,0.9379,2.5533,2.72236
4,0,36.25,9297,28566,7185,0.9297,2.8566,3.0726
4,0,36.5,9304,28284,7132,0.9304,2.8284,3.03998
4,0,36.75,9344,26783,6757,0.9344,2.6783,2.86633
4,0,37,9329,27362,6945,0.9329,2.7362,2.933
4,0,37.25,9323,27609,6973,0.9323,2.7609,2.96139
4,0,37.5,9384,25330,6461,0.9384,2.533,2.69928
4,0,37.75,9312,27954,7003,0.9312,2.7954,3.00193
4,0,38,9335,27144,6888,0.9335,2.7144,2.90777
4,0,38.25,9349,26610,6716,0.9349,2.661,2.84629
4,0,38.5,9327,27419,6945,0.9327,2.7419,2.93974
4,0,38.75,9338,26945,6766,0.9338,2.6945,2.88552
4,0,39,9322,27662,6977,0.9322,2.7662,2.96739
4,0,39.25,9365,26004,6555,0.9365,2.6004,2.77672
4,0,39.5,9364,25978,6531,0.9364,2.5978,2.77424
4,0,39.75,9360,26306,6681,0.936,2.6306,2.81047
4,0,40,9279,29259,7382,0.9279,2.9259,3.15325
4,1,0,200,8362,136,0.02,0.8362,41.81
4,1,0.25,227,9380,103,0.0227,0.938,41.3216
4,1,0.5,222,9188,99,0.0222,0.9188,41.3874
4,1,0.75,228,9414,100,0.0228,0.9414,41.2895
4,1,1,243,9991,106,0.0243,0.9991,41.1152
4,1,1.25,253,10373,115,0.0253,1.0373,41
4,1,1.5,281,11486,133,0.0281,1.1486,40.8754
4,1,1.75,298,12180,156,0.0298,1.218,40.8725
4,1,2,325,13221,180,0.0325,1.3221,40.68
4,1,2.25,372,15059,197,0.0372,1.5059,40.4812
4,1,2.5,408,16445,215,0.0408,1.6445,40.3064
4,1,2.75,442,17762,243,0.0442,1.7762,40.1855
4,1,3,465,18725,258,0.0465,1.8725,40.2688
4,1,3.25,502,20091,305,0.0502,2.0091,40.0219
4,1,3.5,559,22258,370,0.0559,2.2258,39.8175
4,1,3.75,650,25590,446,0.065,2.559,39.3692
4,1,4,754,29291,585,0.0754,2.9291,38.8475
4,1,4.25,886,33917,760,0.0886,3.3917,38.281
4,1,4.5,1104,41066,1101,0.1104,4.1066,37.1975
4,1,4.75,1460,52078,1836,0.146,5.2078,35.6699
4,1,5,2064,68142,3262,0.2064,6.8142,33.0145
4,1,5.25,3327,92225,7152,0.3327,9.2225,27.7202
4,1,5.5,6162,99732,15087,0.6162,9.9732,16.185
4,1,5.75,8907,42232,9968,0.8907,4.2232,4.74144
4,1,6,9271,29685,7533,0.9271,2.9685,3.20192
4,1,6.25,9285,29097,7347,0.9285,2.9097,3.13376
4,1,6.5,9329,27454,6960,0.9329,2.7454,2.94287
4,1,6.75,9328,27435,6983,0.9328,2.7435,2.94114
4,1,7,9357,26300,6628,0.9357,2.63,2.81073
4,1,7.25,9352,26560,6751,0.9352,2.656,2.84003
4,1,7.5,9301,28332,7066,0.9301,2.8332,3.04612
4,1,7.75,9340,26890,6800,0.934,2.689,2.87901
4,1,8,9374,25611,6470,0.9374,2.5611,2.73213
4,1,8.25,9352,26502,6706,0.9352,2.6502,2.83383
4,1,8.5,9328,27349,6896,0.9328,2.7349,2.93193
4,1,8.75,9329,27432,6914,0.9329,2.7432,2.94051
4,1,9,9342,26875,6761,0.9342,2.6875,2.87679
4,1,9.25,9314,27938,7050,0.9314,2.7938,2.99957
4,1,9.5,9293,28712,7276,0.9293,2.8712,3.08964
4,1,9.75,9359,26202,6658,0.9359,2.6202,2.79966
4,1,10,9327,27504,6953,0.9327,2.7504,2.94886
4,1,10.25,9366,25847,6480,0.9366,2.5847,2.75966
4,1,10.5,9322,27558,6916,0.9322,2.7558,2.95623
4,1,10.75,9321,27660,6978,0.9321,2.766,2.96749
4,1,11,9350,26649,6751,0.935,2.6649,2.85016
4,1,11.25,9293,28797,7295,0.9293,2.8797,3.09878
4,1,11.5,9327,27390,6919,0.9327,2.739,2.93664
4,1,11.75,9382,25354,6470,0.9382,2.5354,2.70241
4,1,12,9363,25959,6547,0.9363,2.5959,2.77251
4,1,12.25,9298,28488,7126,0.9298,2.8488,3.06388
4,1,12.5,9305,28327,7141,0.9305,2.8327,3.04428
4,1,12.75,9320,27728,6986,0.932,2.7728,2.97511
4,1,13,9307,28154,7082,0.9307,2.8154,3.02503
4,1,13.25,9308,28097,7063,0.9308,2.8097,3.01859
4,1,13.5,9366,25920,6593,0.9366,2.592,2.76746
4,1,13.75,9307,28116,7017,0.9307,2.8116,3.02095
4,1,14,9324,27519,6914,0.9324,2.7519,2.95142
4,1,14.25,9313,27965,7062,0.9313,2.7965,3.00279
4,1,14.5,9388,25028,6342,0.9388,2.5028,2.66596
4,1,14.75,9378,25557,6493,0.9378,2.5557,2.72521
4,1,15,9345,26791,6837,0.9345,2.6791,2.86688
4,1,15.25,9358,26311,6682,0.9358,2.6311,2.81161
4,1,15.5,9296,28587,7169,0.9296,2.8587,3.07519
4,1,15.75,9364,26085,6651,0.9364,2.6085,2.78567
4,1,16,9335,27136,6862,0.9335,2.7136,2.90691
4,1,16.25,9298,28536,7193,0.9298,2.8536,3.06905
4,1,16.5,9357,26330,6672,0.9357,2.633,2.81394
4,1,16.75,9292,28670,7169,0.9292,2.867,3.08545
4,1,17,9293,28625,7160,0.9293,2.8625,3.08028
4,1,17.25,9393,25004,6415,0.9393,2.5004,2.66198
4,1,17.5,9373,25678,6499,0.9373,2.5678,2.73957
4,1,17.75,9338,26946,6813,0.9338,2.6946,2.88563
4,1,18,9327,27407,6895,0.9327,2.7407,2.93846
4,1,18.25,9348,26706,6750,0.9348,2.6706,2.85687
4,1,18.5,9332,27156,6844,0.9332,2.7156,2.90999
4,1,18.75,9362,26094,6613,0.9362,2.6094,2.78722
4,1,19,9311,27960,7019,0.9311,2.796,3.0029
4,1,19.25,9366,25864,6488,0.9366,2.5864,2.76148
4,1,19.5,9364,25950,6568,0.9364,2.595,2.77125
4,1,19.75,9337,27143,6878,0.9337,2.7143,2.90704
4,1,20,9330,27382,6890,0.933,2.7382,2.93483
4,1,20.25,9315,27793,6926,0.9315,2.7793,2.98368
4,1,20.5,9382,25403,6476,0.9382,2.5403,2.70763
4,1,20.75,9322,27601,6943,0.9322,2.7601,2.96085
4,1,21,9342,26930,6859,0.9342,2.693,2.88268
4,1,21.25,9329,27394,6893,0.9329,2.7394,2.93643
4,1,21.5,9343,26879,6795,0.9343,2.6879,2.87691
4,1,21.75,9282,29128,7286,0.9282,2.9128,3.13812
4,1,22,9267,29728,7464,0.9267,2.9728,3.20794
4,1,22.25,9288,28963,7265,0.9288,2.8963,3.11832
4,1,22.5,9328,27408,6910,0.9328,2.7408,2.93825
4,1,22.75,9323,27640,6969,0.9323,2.764,2.96471
4,1,23,9334,27250,6872,0.9334,2.725,2.91943
4,1,23.25,9370,25722,6499,0.937,2.5722,2.74514
4,1,23.5,9373,25646,6496,0.9373,2.5646,2.73616
4,1,23.75,9346,26797,6787,0.9346,2.6797,2.86722
4,1,24,9323,27609,6901,0.9323,2.7609,2.96139
4,1,24.25,9367,25966,6615,0.9367,2.5966,2.77207
4,1,24.5,9273,29351,7313,0.9273,2.9351,3.16521
4,1,24.75,9353,26445,6704,0.9353,2.6445,2.82744
4,1,25,9381,25429,6431,0.9381,2.5429,2.71069
4,1,25.25,9348,26606,6706,0.9348,2.6606,2.84617
4,1,25.5,9390,25078,6377,0.939,2.5078,2.67071
4,1,25.75,9340,26916,6805,0.934,2.6916,2.8818
4,1,26,9372,25719,6495,0.9372,2.5719,2.74424
4,1,26.25,9318,27672,6969,0.9318,2.7672,2.96974
4,1,26.5,9316,27974,7106,0.9316,2.7974,3.00279
4,1,26.75,9357,26251,6606,0.9357,2.6251,2.80549
4,1,27,9344,26761,6776,0.9344,2.6761,2.86398
4,1,27.25,9305,28295,7121,0.9305,2.8295,3.04084
4,1,27.5,9325,27495,6903,0.9325,2.7495,2.94853
4,1,27.75,9350,26497,6678,0.935,2.6497,2.8339
4,1,28,9330,27263,6773,0.933,2.7263,2.92208
4,1,28.25,9335,27150,6888,0.9335,2.715,2.90841
4,1,28.5,9372,25740,6589,0.9372,2.574,2.74648
4,1,28.75,9361,26177,6642,0.9361,2.6177,2.79639
4,1,29,9332,27317,6919,0.9332,2.7317,2.92724
4,1,29.25,9313,28007,7055,0.9313,2.8007,3.0073
4,1,29.5,9354,26446,6707,0.9354,2.6446,2.82724
4,1,29.75,9347,26602,6681,0.9347,2.6602,2.84605
4,1,30,9380,25495,6509,0.938,2.5495,2.71802
4,1,30.25,9350,26483,6677,0.935,2.6483,2.83241
4,1,30.5,9350,26563,6714,0.935,2.6563,2.84096
4,1,30.75,9369,25876,6522,0.9369,2.5876,2.76187
4,1,31,9343,26822,6762,0.9343,2.6822,2.87081
4,1,31.25,9317,27779,6944,0.9317,2.7779,2.98154
4,1,31.5,9328,27399,6886,0.9328,2.7399,2.93729
4,1,31.75,9302,28368,7157,0.9302,2.8368,3.04967
4,1,32,9354,26448,6727,0.9354,2.6448,2.82745
4,1,32.25,9316,27708,6936,0.9316,2.7708,2.97424
4,1,32.5,9352,26509,6760,0.9352,2.6509,2.83458
4,1,32.75,9292,28690,7159,0.9292,2.869,3.0876
4,1,33,9307,28294,7116,0.9307,2.8294,3.04008
4,1,33.25,9376,25585,6452,0.9376,2.5585,2.72878
4,1,33.5,9360,26298,6679,0.936,2.6298,2.80962
4,1,33.75,9357,26339,6649,0.9357,2.6339,2.8149
4,1,34,9293,28700,7183,0.9293,2.87,3.08835
4,1,34.25,9332,27304,6919,0.9332,2.7304,2.92585
4,1,34.5,9385,25191,6339,0.9385,2.5191,2.68418
4,1,34.75,9363,26138,6637,0.9363,2.6138,2.79163
4,1,35,9332,27225,6817,0.9332,2.7225,2.91738
4,1,35.25,9342,26954,6865,0.9342,2.6954,2.88525
4,1,35.5,9291,28709,7188,0.9291,2.8709,3.08998
4,1,35.75,9283,29129,7308,0.9283,2.9129,3.13789
4,1,36,9368,25852,6550,0.9368,2.5852,2.75961
4,1,36.25,9382,25270,6392,0.9382,2.527,2.69346
4,1,36.5,9370,25843,6576,0.937,2.5843,2.75806
4,1,36.75,9337,27083,6855,0.9337,2.7083,2.90061
4,1,37,9353,26523,6755,0.9353,2.6523,2.83577
4,1,37.25,9357,26255,6622,0.9357,2.6255,2.80592
4,1,37.5,9324,27584,6981,0.9324,2.7584,2.95839
4,1,37.75,9315,27908,7034,0.9315,2.7908,2.99603
4,1,38,9325,27373,6898,0.9325,2.7373,2.93544
4,1,38.25,9313,28043,7110,0.9313,2.8043,3.01117
4,1,38.5,9328,27345,6865,0.9328,2.7345,2.9315
4,1,38.75,9335,27199,6838,0.9335,2.7199,2.91366
4,1,39,9378,25496,6477,0.9378,2.5496,2.7187
4,1,39.25,9352,26462,6702,0.9352,2.6462,2.82956
4,1,39.5,9299,28580,7209,0.9299,2.858,3.07345
4,1,39.75,9357,26339,6616,0.9357,2.6339,2.8149
4,1,40,9291,28641,7150,0.9291,2.8641,3.08266
4,2,0,200,8399,142,0.02,0.8399,41.995
4,2,0.25,232,9604,112,0.0232,0.9604,41.3966
4,2,0.5,251,10315,92,0.0251,1.0315,41.0956
4,2,0.75,260,10670,103,0.026,1.067,41.0385
4,2,1,276,11290,115,0.0276,1.129,40.9058
4,2,1.25,306,12458,144,0.0306,1.2458,40.7124
4,2,1.5,347,14070,164,0.0347,1.407,40.5476
4,2,1.75,355,14374,182,0.0355,1.4374,40.4901
4,2,2,384,15536,205,0.0384,1.5536,40.4583
4,2,2.25,417,16800,238,0.0417,1.68,40.2878
4,2,2.5,467,18703,282,0.0467,1.8703,40.0493
4,2,2.75,482,19249,306,0.0482,1.9249,39.9357
4,2,3,511,20335,326,0.0511,2.0335,39.7945
4,2,3.25,568,22436,370,0.0568,2.2436,39.5
4,2,3.5,659,25781,477,0.0659,2.5781,39.1214
4,2,3.75,763,29516,611,0.0763,2.9516,38.6841
4,2,4,935,35322,826,0.0935,3.5322,37.7775
4,2,4.25,1141,42238,1165,0.1141,4.2238,37.0184
4,2,4.5,1516,53523,1881,0.1516,5.3523,35.3054
4,2,4.75,2157,70255,3549,0.2157,7.0255,32.5707
4,2,5,3558,95212,7898,0.3558,9.5212,26.76
4,2,5.25,6463,96807,15288,0.6463,9.6807,14.9786
4,2,5.5,9033,37916,9126,0.9033,3.7916,4.1975
4,2,5.75,9350,26523,6718,0.935,2.6523,2.83668
4,2,6,9305,28284,7143,0.9305,2.8284,3.03966
4,2,6.25,9339,26987,6815,0.9339,2.6987,2.88971
4,2,6.5,9304,28343,7113,0.9304,2.8343,3.04632
4,2,6.75,9348,26559,6760,0.9348,2.6559,2.84114
4,2,7,9348,26619,6784,0.9348,2.6619,2.84756
4,2,7.25,9313,27907,7040,0.9313,2.7907,2.99656
4,2,7.5,9378,25442,6417,0.9378,2.5442,2.71295
4,2,7.75,9332,27207,6884,0.9332,2.7207,2.91545
4,2,8,9333,27290,6991,0.9333,2.729,2.92403
4,2,8.25,9303,28320,7095,0.9303,2.832,3.04418
4,2,8.5,9377,25510,6491,0.9377,2.551,2.72049
4,2,8.75,9327,27590,6976,0.9327,2.759,2.95808
4,2,9,9358,26322,6706,0.9358,2.6322,2.81278
4,2,9.25,9381,25403,6426,0.9381,2.5403,2.70792
4,2,9.5,9300,28528,7186,0.93,2.8528,3.06753
4,2,9.75,9335,27082,6828,0.9335,2.7082,2.90112
4,2,10,9366,26017,6633,0.9366,2.6017,2.77781
4,2,10.25,9312,28052,7058,0.9312,2.8052,3.01246
4,2,10.5,9358,26301,6667,0.9358,2.6301,2.81054
4,2,10.75,9322,27605,6973,0.9322,2.7605,2.96127
4,2,11,9370,25838,6541,0.937,2.5838,2.75752
4,2,11.25,9335,27055,6822,0.9335,2.7055,2.89823
4,2,11.5,9351,26525,6686,0.9351,2.6525,2.8366
4,2,11.75,9367,25934,6597,0.9367,2.5934,2.76866
4,2,12,9360,26177,6655,0.936,2.6177,2.79669
4,2,12.25,9362,26177,6657,0.9362,2.6177,2.79609
4,2,12.5,9287,28960,7280,0.9287,2.896,3.11834
4,2,12.75,9351,26647,6743,0.9351,2.6647,2.84964
4,2,13,9303,28435,7201,0.9303,2.8435,3.05654
4,2,13.25,9348,26725,6785,0.9348,2.6725,2.8589
4,2,13.5,9324,27568,6982,0.9324,2.7568,2.95667
4,2,13.75,9348,26589,6704,0.9348,2.6589,2.84435
4,2,14,9287,28937,7253,0.9287,2.8937,3.11586
4,2,14.25,9311,28074,7071,0.9311,2.8074,3.01514
4,2,14.5,9380,25422,6469,0.938,2.5422,2.71023
4,2,14.75,9427,23631,6092,0.9427,2.3631,2.50674
4,2,15,9372,25705,6512,0.9372,2.5705,2.74274
4,2,15.25,9358,26297,6635,0.9358,2.6297,2.81011
4,2,15.5,9282,29279,7397,0.9282,2.9279,3.15438
4,2,15.75,9314,27978,7094,0.9314,2.7978,3.00387
4,2,16,9308,28183,7100,0.9308,2.8183,3.02783
4,2,16.25,9285,29027,7287,0.9285,2.9027,3.12623
4,2,16.5,9267,29683,7442,0.9267,2.9683,3.20309
4,2,16.75,9373,25739,6520,0.9373,2.5739,2.74608
4,2,17,9298,28520,7195,0.9298,2.852,3.06733
4,2,17.25,9318,27816,7043,0.9318,2.7816,2.98519
4,2,17.5,9346,26738,6763,0.9346,2.6738,2.8609
4,2,17.75,9265,29755,7431,0.9265,2.9755,3.21155
4,2,18,9337,26883,6697,0.9337,2.6883,2.87919
4,2,18.25,9358,26105,6573,0.9358,2.6105,2.78959
4,2,18.5,9369,25818,6566,0.9369,2.5818,2.75568
4,2,18.75,9370,25886,6555,0.937,2.5886,2.76265
4,2,19,9319,27763,7019,0.9319,2.7763,2.97918
4,2,19.25,9344,26908,6862,0.9344,2.6908,2.87971
4,2,19.5,9383,25372,6485,0.9383,2.5372,2.70404
4,2,19.75,9341,26830,6748,0.9341,2.683,2.87228
4,2,20,9322,27583,6919,0.9322,2.7583,2.95891
4,2,20.25,9362,26282,6744,0.9362,2.6282,2.80731
4,2,20.5,9276,29407,7425,0.9276,2.9407,3.17022
4,2,20.75,9326,27515,6910,0.9326,2.7515,2.95035
4,2,21,9345,26776,6744,0.9345,2.6776,2.86528
4,2,21.25,9342,26892,6848,0.9342,2.6892,2.87861
4,2,21.5,9323,27554,7001,0.9323,2.7554,2.95549
4,2,21.75,9294,28684,7205,0.9294,2.8684,3.08629
4,2,22,9368,25885,6579,0.9368,2.5885,2.76313
4,2,22.25,9335,27073,6779,0.9335,2.7073,2.90016
4,2,22.5,9349,26693,6749,0.9349,2.6693,2.85517
4,2,22.75,9301,28406,7147,0.9301,2.8406,3.05408
4,2,23,9312,28087,7122,0.9312,2.8087,3.01622
4,2,23.25,9358,26257,6652,0.9358,2.6257,2.80583
4,2,23.5,9379,25506,6487,0.9379,2.5506,2.71948
4,2,23.75,9323,27530,6914,0.9323,2.753,2.95291
4,2,24,9341,27002,6841,0.9341,2.7002,2.8907
4,2,24.25,9325,27502,6932,0.9325,2.7502,2.94928
4,2,24.5,9279,29261,7360,0.9279,2.9261,3.15346
4,2,24.75,9328,27534,6996,0.9328,2.7534,2.95176
4,2,25,9303,28229,7099,0.9303,2.8229,3.0344
4,2,25.25,9388,25065,6317,0.9388,2.5065,2.6699
4,2,25.5,9331,27371,6920,0.9331,2.7371,2.93334
4,2,25.75,9291,28838,7272,0.9291,2.8838,3.10386
4,2,26,9297,28665,7272,0.9297,2.8665,3.08325
4,2,26.25,9352,26458,6673,0.9352,2.6458,2.82913
4,2,26.5,9348,26675,6700,0.9348,2.6675,2.85355
4,2,26.75,9327,27456,6962,0.9327,2.7456,2.94371
4,2,27,9320,27702,6989,0.932,2.7702,2.97232
4,2,27.25,9318,27863,7036,0.9318,2.7863,2.99023
4,2,27.5,9396,24756,6305,0.9396,2.4756,2.63474
4,2,27.75,9311,28013,7008,0.9311,2.8013,3.00859
4,2,28,9296,28567,7137,0.9296,2.8567,3.07304
4,2,28.25,9349,26644,6768,0.9349,2.6644,2.84993
4,2,28.5,9319,27730,7020,0.9319,2.773,2.97564
4,2,28.75,9327,27401,6886,0.9327,2.7401,2.93781
4,2,29,9319,27698,6964,0.9319,2.7698,2.97221
4,2,29.25,9311,27966,7005,0.9311,2.7966,3.00354
4,2,29.5,9351,26585,6735,0.9351,2.6585,2.84301
4,2,29.75,9336,27109,6875,0.9336,2.7109,2.90371
4,2,30,9354,26473,6676,0.9354,2.6473,2.83013
4,2,30.25,9313,27888,7057,0.9313,2.7888,2.99452
4,2,30.5,9353,26494,6713,0.9353,2.6494,2.83267
4,2,30.75,9374,25730,6537,0.9374,2.573,2.74483
4,2,31,9318,27830,7012,0.9318,2.783,2.98669
4,2,31.25,9321,27754,6986,0.9321,2.7754,2.97758
4,2,31.5,9332,27223,6867,0.9332,2.7223,2.91717
4,2,31.75,9338,27139,6859,0.9338,2.7139,2.9063
4,2,32,9343,26889,6796,0.9343,2.6889,2.87798
4,2,32.25,9350,26589,6768,0.935,2.6589,2.84374
4,2,32.5,9328,27334,6876,0.9328,2.7334,2.93032
4,2,32.75,9329,27447,6958,0.9329,2.7447,2.94212
4,2,33,9374,25664,6475,0.9374,2.5664,2.73779
4,2,33.25,9314,27922,7082,0.9314,2.7922,2.99785
4,2,33.5,9337,27085,6833,0.9337,2.7085,2.90082
4,2,33.75,9298,28539,7156,0.9298,2.8539,3.06937
4,2,34,9347,26645,6708,0.9347,2.6645,2.85065
4,2,34.25,9338,26990,6818,0.9338,2.699,2.89034
4,2,34.5,9267,29638,7457,0.9267,2.9638,3.19823
4,2,34.75,9368,25897,6543,0.9368,2.5897,2.76441
4,2,35,9361,26174,6634,0.9361,2.6174,2.79607
4,2,35.25,9365,25980,6606,0.9365,2.598,2.77416
4,2,35.5,9354,26396,6682,0.9354,2.6396,2.82189
4,2,35.75,9346,26672,6734,0.9346,2.6672,2.85384
4,2,36,9364,26004,6608,0.9364,2.6004,2.77702
4,2,36.25,9334,27187,6869,0.9334,2.7187,2.91268
4,2,36.5,9320,27690,7004,0.932,2.769,2.97103
4,2,36.75,9370,25870,6551,0.937,2.587,2.76094
4,2,37,9315,27897,7018,0.9315,2.7897,2.99485
4,2,37.25,9353,26520,6744,0.9353,2.652,2.83545
4,2,37.5,9394,24887,6318,0.9394,2.4887,2.64924
4,2,37.75,9356,26384,6711,0.9356,2.6384,2.82001
4,2,38,9325,27517,6953,0.9325,2.7517,2.95088
4,2,38.25,9387,25044,6300,0.9387,2.5044,2.66795
4,2,38.5,9371,25718,6490,0.9371,2.5718,2.74442
4,2,38.75,9344,26799,6694,0.9344,2.6799,2.86804
4,2,39,9333,27354,6915,0.9333,2.7354,2.93089
4,2,39.25,9338,27031,6864,0.9338,2.7031,2.89473
4,2,39.5,9342,26953,6804,0.9342,2.6953,2.88514
4,2,39.75,9315,27877,7034,0.9315,2.7877,2.9927
4,2,40,9331,27313,6926,0.9331,2.7313,2.92712
4,3,0,200,8434,132,0.02,0.8434,42.17
4,3,0.25,221,9239,103,0.0221,0.9239,41.8054
4,3,0.5,240,9966,103,0.024,0.9966,41.525
4,3,0.75,267,11029,100,0.0267,1.1029,41.3071
4,3,1,256,10591,110,0.0256,1.0591,41.3711
4,3,1.25,272,11219,114,0.0272,1.1219,41.2463
4,3,1.5,261,10723,107,0.0261,1.0723,41.0843
4,3,1.75,275,11203,127,0.0275,1.1203,40.7382
4,3,2,287,11752,117,0.0287,1.1752,40.9477
4,3,2.25,320,13020,145,0.032,1.302,40.6875
4,3,2.5,327,13319,151,0.0327,1.3319,40.7309
4,3,2.75,368,14870,192,0.0368,1.487,40.4076
4,3,3,407,16393,212,0.0407,1.6393,40.2776
4,3,3.25,440,17692,259,0.044,1.7692,40.2091
4,3,3.5,478,19186,293,0.0478,1.9186,40.1381
4,3,3.75,548,21741,320,0.0548,2.1741,39.6734
4,3,4,632,24744,407,0.0632,2.4744,39.1519
4,3,4.25,772,29744,586,0.0772,2.9744,38.5285
4,3,4.5,909,34506,826,0.0909,3.4506,37.9604
4,3,4.75,1117,41470,1152,0.1117,4.147,37.1262
4,3,5,1430,51074,1784,0.143,5.1074,35.7161
4,3,5.25,1995,66474,3112,0.1995,6.6474,33.3203
4,3,5.5,3221,90624,6805,0.3221,9.0624,28.1354
4,3,5.75,6057,100560,14812,0.6057,10.056,16.6023
4,3,6,8877,43360,10199,0.8877,4.336,4.88453
4,3,6.25,9311,28021,7068,0.9311,2.8021,3.00945
4,3,6.5,9331,27301,6907,0.9331,2.7301,2.92584
4,3,6.75,9317,27897,7049,0.9317,2.7897,2.9942
4,3,7,9322,27689,7018,0.9322,2.7689,2.97029
4,3,7.25,9302,28382,7132,0.9302,2.8382,3.05117
4,3,7.5,9325,27453,6903,0.9325,2.7453,2.94402
4,3,7.75,9339,26957,6839,0.9339,2.6957,2.8865
4,3,8,9371,25976,6654,0.9371,2.5976,2.77196
4,3,8.25,9317,27745,6970,0.9317,2.7745,2.97789
4,3,8.5,9348,26625,6742,0.9348,2.6625,2.8482
4,3,8.75,9317,27814,6997,0.9317,2.7814,2.9853
4,3,9,9336,27036,6785,0.9336,2.7036,2.89589
4,3,9.25,9342,26921,6789,0.9342,2.6921,2.88172
4,3,9.5,9283,28969,7196,0.9283,2.8969,3.12065
4,3,9.75,9337,27101,6895,0.9337,2.7101,2.90254
4,3,10,9354,26477,6758,0.9354,2.6477,2.83055
4,3,10.25,9358,26239,6639,0.9358,2.6239,2.80391
4,3,10.5,9332,27274,6909,0.9332,2.7274,2.92263
4,3,10.75,9406,24464,6243,0.9406,2.4464,2.60089
4,3,11,9318,27837,7052,0.9318,2.7837,2.98744
4,3,11.25,9321,27674,6987,0.9321,2.7674,2.96899
4,3,11.5,9373,25735,6539,0.9373,2.5735,2.74565
4,3,11.75,9314,27882,6965,0.9314,2.7882,2.99356
4,3,12,9289,28844,7259,0.9289,2.8844,3.10518
4,3,12.25,9321,27586,6963,0.9321,2.7586,2.95955
4,3,12.5,9337,26891,6762,0.9337,2.6891,2.88005
4,3,12.75,9278,29265,7278,0.9278,2.9265,3.15424
4,3,13,9286,29071,7302,0.9286,2.9071,3.13063
4,3,13.25,9379,25523,6482,0.9379,2.5523,2.72129
4,3,13.5,9329,27321,6934,0.9329,2.7321,2.92861
4,3,13.75,9319,27776,6973,0.9319,2.7776,2.98058
4,3,14,9334,27137,6847,0.9334,2.7137,2.90733
4,3,14.25,9263,29886,7545,0.9263,2.9886,3.22638
4,3,14.5,9369,25830,6557,0.9369,2.583,2.75696
4,3,14.75,9326,27603,6984,0.9326,2.7603,2.95979
4,3,15,9363,26093,6601,0.9363,2.6093,2.78682
4,3,15.25,9318,27766,6964,0.9318,2.7766,2.97982
4,3,15.5,9288,28904,7262,0.9288,2.8904,3.11197
4,3,15.75,9314,27941,7045,0.9314,2.7941,2.99989
4,3,16,9349,26692,6785,0.9349,2.6692,2.85506
4,3,16.25,9372,25635,6471,0.9372,2.5635,2.73528
4,3,16.5,9384,25259,6429,0.9384,2.5259,2.69171
4,3,16.75,9336,27145,6873,0.9336,2.7145,2.90756
4,3,17,9335,27114,6850,0.9335,2.7114,2.90455
4,3,17.25,9332,27274,6933,0.9332,2.7274,2.92263
4,3,17.5,9330,27336,6921,0.933,2.7336,2.9299
4,3,17.75,9285,28926,7211,0.9285,2.8926,3.11535
4,3,18,9330,27263,6833,0.933,2.7263,2.92208
4,3,18.25,9312,27979,7028,0.9312,2.7979,3.00462
4,3,18.5,9330,27415,6969,0.933,2.7415,2.93837
4,3,18.75,9342,26818,6723,0.9342,2.6818,2.87069
4,3,19,9338,26914,6763,0.9338,2.6914,2.8822
4,3,19.25,9376,25597,6499,0.9376,2.5597,2.73006
4,3,19.5,9339,26952,6815,0.9339,2.6952,2.88596
4,3,19.75,9338,26968,6797,0.9338,2.6968,2.88798
4,3,20,9330,27310,6928,0.933,2.731,2.92712
4,3,20.25,9330,27414,6929,0.933,2.7414,2.93826
4,3,20.5,9382,25357,6441,0.9382,2.5357,2.70273
4,3,20.75,9347,26661,6705,0.9347,2.6661,2.85236
4,3,21,9384,25293,6395,0.9384,2.5293,2.69533
4,3,21.25,9316,27894,7049,0.9316,2.7894,2.9942
4,3,21.5,9336,27146,6873,0.9336,2.7146,2.90767
4,3,21.75,9362,26031,6564,0.9362,2.6031,2.7805
4,3,22,9305,28205,7118,0.9305,2.8205,3.03117
4,3,22.25,9366,26062,6620,0.9366,2.6062,2.78262
4,3,22.5,9295,28684,7234,0.9295,2.8684,3.08596
4,3,22.75,9327,27394,6889,0.9327,2.7394,2.93706
4,3,23,9291,28721,7207,0.9291,2.8721,3.09127
4,3,23.25,9360,26251,6645,0.936,2.6251,2.80459
4,3,23.5,9382,25212,6391,0.9382,2.5212,2.68727
4,3,23.75,9319,27784,7009,0.9319,2.7784,2.98144
4,3,24,9365,26039,6658,0.9365,2.6039,2.78046
4,3,24.25,9336,27025,6832,0.9336,2.7025,2.89471
4,3,24.5,9342,26862,6815,0.9342,2.6862,2.8754
4,3,24.75,9310,28050,7037,0.931,2.805,3.01289
4,3,25,9330,27287,6918,0.933,2.7287,2.92465
4,3,25.25,9360,26201,6648,0.936,2.6201,2.79925
4,3,25.5,9322,27634,6951,0.9322,2.7634,2.96439
4,3,25.75,9349,26669,6759,0.9349,2.6669,2.8526
4,3,26,9335,27211,6926,0.9335,2.7211,2.91494
4,3,26.25,9309,28079,7054,0.9309,2.8079,3.01633
4,3,26.5,9354,26456,6711,0.9354,2.6456,2.82831
4,3,26.75,9352,26499,6692,0.9352,2.6499,2.83351
4,3,27,9380,25368,6425,0.938,2.5368,2.70448
4,3,27.25,9330,27352,6923,0.933,2.7352,2.93162
4,3,27.5,9350,26579,6655,0.935,2.6579,2.84267
4,3,27.75,9317,27851,7047,0.9317,2.7851,2.98927
4,3,28,9350,26592,6741,0.935,2.6592,2.84406
4,3,28.25,9313,27900,6941,0.9313,2.79,2.99581
4,3,28.5,9324,27542,6922,0.9324,2.7542,2.95388
4,3,28.75,9359,26171,6646,0.9359,2.6171,2.79635
4,3,29,9323,27555,6942,0.9323,2.7555,2.95559
4,3,29.25,9286,28948,7266,0.9286,2.8948,3.11738
4,3,29.5,9347,26596,6702,0.9347,2.6596,2.8454
4,3,29.75,9334,27108,6850,0.9334,2.7108,2.90422
4,3,30,9282,29127,7282,0.9282,2.9127,3.13801
4,3,30.25,9369,25856,6559,0.9369,2.5856,2.75974
4,3,30.5,9326,27406,6910,0.9326,2.7406,2.93867
4,3,30.75,9342,26913,6792,0.9342,2.6913,2.88086
4,3,31,9303,28227,7098,0.9303,2.8227,3.03418
4,3,31.25,9349,26683,6809,0.9349,2.6683,2.8541
4,3,31.5,9318,27839,7045,0.9318,2.7839,2.98766
4,3,31.75,9332,27247,6855,0.9332,2.7247,2.91974
4,3,32,9293,28824,7212,0.9293,2.8824,3.10169
4,3,32.25,9364,26047,6634,0.9364,2.6047,2.78161
4,3,32.5,9353,26330,6696,0.9353,2.633,2.81514
4,3,32.75,9327,27361,6922,0.9327,2.7361,2.93353
4,3,33,9355,26325,6678,0.9355,2.6325,2.814
4,3,33.25,9333,27198,6844,0.9333,2.7198,2.91418
4,3,33.5,9334,27107,6823,0.9334,2.7107,2.90411
4,3,33.75,9343,26833,6788,0.9343,2.6833,2.87199
4,3,34,9352,26473,6738,0.9352,2.6473,2.83073
4,3,34.25,9369,25905,6595,0.9369,2.5905,2.76497
4,3,34.5,9340,26975,6869,0.934,2.6975,2.88812
4,3,34.75,9317,27824,6974,0.9317,2.7824,2.98637
4,3,35,9341,26920,6824,0.9341,2.692,2.88192
4,3,35.25,9310,28185,7145,0.931,2.8185,3.02739
4,3,35.5,9319,27824,6982,0.9319,2.7824,2.98573
4,3,35.75,9294,28687,7229,0.9294,2.8687,3.08662
4,3,36,9385,25185,6324,0.9385,2.5185,2.68354
4,3,36.25,9369,25955,6674,0.9369,2.5955,2.77031
4,3,36.5,9341,26817,6743,0.9341,2.6817,2.87089
4,3,36.75,9379,25458,6448,0.9379,2.5458,2.71436
4,3,37,9337,27046,6837,0.9337,2.7046,2.89665
4,3,37.25,9368,25916,6602,0.9368,2.5916,2.76644
4,3,37.5,9356,26420,6660,0.9356,2.642,2.82386
4,3,37.75,9335,27105,6777,0.9335,2.7105,2.90359
4,3,38,9322,27726,7028,0.9322,2.7726,2.97425
4,3,38.25,9351,26629,6771,0.9351,2.6629,2.84772
4,3,38.5,9305,28356,7134,0.9305,2.8356,3.04739
4,3,38.75,9323,27477,6861,0.9323,2.7477,2.94723
4,3,39,9355,26317,6666,0.9355,2.6317,2.81315
4,3,39.25,9315,27956,7096,0.9315,2.7956,3.00118
4,3,39.5,9331,27225,6856,0.9331,2.7225,2.91769
4,3,39.75,9371,25825,6597,0.9371,2.5825,2.75584
4,3,40,9325,27564,6985,0.9325,2.7564,2.95592
4,4,0,200,8414,141,0.02,0.8414,42.07
4,4,0.25,223,9254,99,0.0223,0.9254,41.4978
4,4,0.5,220,9138,93,0.022,0.9138,41.5364
4,4,0.75,227,9454,83,0.0227,0.9454,41.6476
4,4,1,242,10048,102,0.0242,1.0048,41.5207
4,4,1.25,239,9923,109,0.0239,0.9923,41.5188
4,4,1.5,265,10925,109,0.0265,1.0925,41.2264
4,4,1.75,288,11782,135,0.0288,1.1782,40.9097
4,4,2,313,12758,132,0.0313,1.2758,40.7604
4,4,2.25,321,13061,146,0.0321,1.3061,40.6885
4,4,2.5,318,13061,152,0.0318,1.3061,41.0723
4,4,2.75,365,14817,190,0.0365,1.4817,40.5945
4,4,3,375,15235,172,0.0375,1.5235,40.6267
4,4,3.25,410,16448,232,0.041,1.6448,40.1171
4,4,3.5,479,18984,279,0.0479,1.8984,39.6326
4,4,3.75,533,20979,330,0.0533,2.0979,39.3602
4,4,4,568,22339,359,0.0568,2.2339,39.3292
4,4,4.25,633,24683,438,0.0633,2.4683,38.9937
4,4,4.5,715,27774,551,0.0715,2.7774,38.8448
4,4,4.75,778,29978,661,0.0778,2.9978,38.5321
4,4,5,928,35130,868,0.0928,3.513,37.8556
4,4,5.25,1150,42493,1183,0.115,4.2493,36.9504
4,4,5.5,1600,55973,2062,0.16,5.5973,34.9831
4,4,5.75,2336,74541,3941,0.2336,7.4541,31.9097
4,4,6,3913,99261,9066,0.3913,9.9261,25.367
4,4,6.25,7140,86441,15298,0.714,8.6441,12.1066
4,4,6.5,9119,35072,8568,0.9119,3.5072,3.84604
4,4,6.75,9324,27480,6920,0.9324,2.748,2.94723
4,4,7,9379,25505,6462,0.9379,2.5505,2.71937
4,4,7.25,9345,26850,6752,0.9345,2.685,2.87319
4,4,7.5,9297,28472,7118,0.9297,2.8472,3.06249
4,4,7.75,9334,27117,6841,0.9334,2.7117,2.90519
4,4,8,9363,26095,6621,0.9363,2.6095,2.78703
4,4,8.25,9358,26247,6616,0.9358,2.6247,2.80477
4,4,8.5,9321,27643,6990,0.9321,2.7643,2.96567
4,4,8.75,9318,27796,7061,0.9318,2.7796,2.98304
4,4,9,9331,27366,6949,0.9331,2.7366,2.9328
4,4,9.25,9304,28232,7091,0.9304,2.8232,3.03439
4,4,9.5,9385,25275,6467,0.9385,2.5275,2.69313
4,4,9.75,9307,28149,7070,0.9307,2.8149,3.0245
4,4,10,9327,27593,7012,0.9327,2.7593,2.9584
4,4,10.25,9326,27523,6945,0.9326,2.7523,2.95121
4,4,10.5,9371,25744,6472,0.9371,2.5744,2.7472
4,4,10.75,9341,26896,6807,0.9341,2.6896,2.87935
4,4,11,9314,27922,7004,0.9314,2.7922,2.99785
4,4,11.25,9349,26528,6691,0.9349,2.6528,2.83752
4,4,11.5,9317,27785,6934,0.9317,2.7785,2.98218
4,4,11.75,9328,27352,6905,0.9328,2.7352,2.93225
4,4,12,9343,26884,6789,0.9343,2.6884,2.87745
4,4,12.25,9326,27498,6960,0.9326,2.7498,2.94853
4,4,12.5,9330,27309,6902,0.933,2.7309,2.92701
4,4,12.75,9263,29715,7392,0.9263,2.9715,3.20792
4,4,13,9301,28397,7122,0.9301,2.8397,3.05311
4,4,13.25,9292,28737,7202,0.9292,2.8737,3.09266
4,4,13.5,9302,28290,7104,0.9302,2.829,3.04128
4,4,13.75,9323,27672,7029,0.9323,2.7672,2.96814
4,4,14,9385,25240,6437,0.9385,2.524,2.6894
4,4,14.25,9344,26862,6765,0.9344,2.6862,2.87479
4,4,14.5,9326,27419,6940,0.9326,2.7419,2.94006
4,4,14.75,9317,27859,7005,0.9317,2.7859,2.99013
4,4,15,9363,26153,6691,0.9363,2.6153,2.79323
4,4,15.25,9298,28640,7217,0.9298,2.864,3.08023
4,4,15.5,9333,27257,6955,0.9333,2.7257,2.9205
4,4,15.75,9304,28254,7063,0.9304,2.8254,3.03676
4,4,16,9348,26591,6715,0.9348,2.6591,2.84457
4,4,16.25,9313,27913,7056,0.9313,2.7913,2.99721
4,4,16.5,9331,27430,6968,0.9331,2.743,2.93966
4,4,16.75,9334,27140,6887,0.9334,2.714,2.90765
4,4,17,9286,29024,7370,0.9286,2.9024,3.12557
4,4,17.25,9337,26989,6778,0.9337,2.6989,2.89054
4,4,17.5,9317,27874,7047,0.9317,2.7874,2.99174
4,4,17.75,9336,27059,6796,0.9336,2.7059,2.89835
4,4,18,9345,26828,6761,0.9345,2.6828,2.87084
4,4,18.25,9356,26325,6670,0.9356,2.6325,2.8137
4,4,18.5,9347,26594,6710,0.9347,2.6594,2.84519
4,4,18.75,9392,24980,6374,0.9392,2.498,2.65971
4,4,19,9316,27735,6921,0.9316,2.7735,2.97714
4,4,19.25,9340,26950,6816,0.934,2.695,2.88544
4,4,19.5,9305,28322,7111,0.9305,2.8322,3.04374
4,4,19.75,9294,28737,7183,0.9294,2.8737,3.09199
4,4,20,9319,27797,6970,0.9319,2.7797,2.98283
4,4,20.25,9318,27857,7098,0.9318,2.7857,2.98959
4,4,20.5,9316,27951,7038,0.9316,2.7951,3.00032
4,4,20.75,9293,28668,7212,0.9293,2.8668,3.0849
4,4,21,9283,29088,7321,0.9283,2.9088,3.13347
4,4,21.25,9305,28264,7108,0.9305,2.8264,3.03751
4,4,21.5,9343,26815,6788,0.9343,2.6815,2.87006
4,4,21.75,9314,27940,7038,0.9314,2.794,2.99979
4,4,22,9337,27079,6813,0.9337,2.7079,2.90018
4,4,22.25,9379,25431,6463,0.9379,2.5431,2.71148
4,4,22.5,9372,25704,6484,0.9372,2.5704,2.74264
4,4,22.75,9354,26385,6693,0.9354,2.6385,2.82072
4,4,23,9400,24682,6235,0.94,2.4682,2.62574
4,4,23.25,9315,27877,7042,0.9315,2.7877,2.9927
4,4,23.5,9351,26546,6737,0.9351,2.6546,2.83884
4,4,23.75,9331,27355,6936,0.9331,2.7355,2.93163
4,4,24,9345,26740,6768,0.9345,2.674,2.86142
4,4,24.25,9323,27573,6971,0.9323,2.7573,2.95752
4,4,24.5,9347,26629,6705,0.9347,2.6629,2.84894
4,4,24.75,9300,28324,7115,0.93,2.8324,3.04559
4,4,25,9363,26038,6599,0.9363,2.6038,2.78095
4,4,25.25,9361,26128,6611,0.9361,2.6128,2.79115
4,4,25.5,9302,28367,7102,0.9302,2.8367,3.04956
4,4,25.75,9317,27853,7020,0.9317,2.7853,2.98948
4,4,26,9303,28359,7170,0.9303,2.8359,3.04837
4,4,26.25,9334,27260,6982,0.9334,2.726,2.92051
4,4,26.5,9378,25523,6437,0.9378,2.5523,2.72158
4,4,26.75,9300,28447,7128,0.93,2.8447,3.05882
4,4,27,9353,26598,6733,0.9353,2.6598,2.84379
4,4,27.25,9321,27620,7057,0.9321,2.762,2.9632
4,4,27.5,9345,26870,6822,0.9345,2.687,2.87533
4,4,27.75,9357,26218,6644,0.9357,2.6218,2.80197
4,4,28,9343,26874,6830,0.9343,2.6874,2.87638
4,4,28.25,9352,26405,6658,0.9352,2.6405,2.82346
4,4,28.5,9342,26917,6789,0.9342,2.6917,2.88129
4,4,28.75,9306,28226,7169,0.9306,2.8226,3.0331
4,4,29,9289,28842,7263,0.9289,2.8842,3.10496
4,4,29.25,9338,27043,6807,0.9338,2.7043,2.89602
4,4,29.5,9348,26727,6811,0.9348,2.6727,2.85911
4,4,29.75,9353,26471,6693,0.9353,2.6471,2.83021
4,4,30,9320,27822,7003,0.932,2.7822,2.98519
4,4,30.25,9410,24329,6201,0.941,2.4329,2.58544
4,4,30.5,9311,27982,7011,0.9311,2.7982,3.00526
4,4,30.75,9331,27261,6913,0.9331,2.7261,2.92155
4,4,31,9343,26840,6765,0.9343,2.684,2.87274
4,4,31.25,9344,26723,6678,0.9344,2.6723,2.85991
4,4,31.5,9333,27155,6858,0.9333,2.7155,2.90957
4,4,31.75,9341,26936,6821,0.9341,2.6936,2.88363
4,4,32,9370,25796,6556,0.937,2.5796,2.75304
4,4,32.25,9302,28446,7188,0.9302,2.8446,3.05805
4,4,32.5,9314,27944,7044,0.9314,2.7944,3.00021
4,4,32.75,9343,26792,6750,0.9343,2.6792,2.8676
4,4,33,9356,26417,6744,0.9356,2.6417,2.82354
4,4,33.25,9339,26972,6813,0.9339,2.6972,2.8881
4,4,33.5,9287,29129,7334,0.9287,2.9129,3.13653
4,4,33.75,9334,27130,6828,0.9334,2.713,2.90658
4,4,34,9328,27395,6917,0.9328,2.7395,2.93686
4,4,34.25,9303,28327,7145,0.9303,2.8327,3.04493
4,4,34.5,9342,26879,6781,0.9342,2.6879,2.87722
4,4,34.75,9374,25723,6524,0.9374,2.5723,2.74408
4,4,35,9361,26152,6577,0.9361,2.6152,2.79372
4,4,35.25,9341,26990,6835,0.9341,2.699,2.88941
4,4,35.5,9344,26809,6742,0.9344,2.6809,2.86911
4,4,35.75,9339,26951,6755,0.9339,2.6951,2.88586
4,4,36,9331,27244,6894,0.9331,2.7244,2.91973
4,4,36.25,9361,26161,6593,0.9361,2.6161,2.79468
4,4,36.5,9364,25994,6544,0.9364,2.5994,2.77595
4,4,36.75,9334,27136,6829,0.9334,2.7136,2.90722
4,4,37,9340,26997,6825,0.934,2.6997,2.89047
4,4,37.25,9407,24419,6226,0.9407,2.4419,2.59583
4,4,37.5,9348,26785,6771,0.9348,2.6785,2.86532
4,4,37.75,9318,27774,7011,0.9318,2.7774,2.98068
4,4,38,9344,26846,6761,0.9344,2.6846,2.87307
4,4,38.25,9343,26964,6858,0.9343,2.6964,2.88601
4,4,38.5,9332,27188,6790,0.9332,2.7188,2.91342
4,4,38.75,9334,27156,6904,0.9334,2.7156,2.90936
4,4,39,9306,28212,7094,0.9306,2.8212,3.03159
4,4,39.25,9329,27433,6926,0.9329,2.7433,2.94062
4,4,39.5,9359,26348,6672,0.9359,2.6348,2.81526
4,4,39.75,9327,27279,6844,0.9327,2.7279,2.92473
4,4,40,9370,25824,6543,0.937,2.5824,2.75603
4,5,0,200,8408,142,0.02,0.8408,42.04
4,5,0.25,228,9475,96,0.0228,0.9475,41.557
4,5,0.5,215,8934,91,0.0215,0.8934,41.5535
4,5,0.75,210,8746,80,0.021,0.8746,41.6476
4,5,1,235,9703,88,0.0235,0.9703,41.2894
4,5,1.25,264,10856,122,0.0264,1.0856,41.1212
4,5,1.5,291,11867,128,0.0291,1.1867,40.7801
4,5,1.75,306,12461,139,0.0306,1.2461,40.7222
4,5,2,347,14083,174,0.0347,1.4083,40.585
4,5,2.25,362,14629,182,0.0362,1.4629,40.4116
4,5,2.5,390,15730,199,0.039,1.573,40.3333
4,5,2.75,414,16670,199,0.0414,1.667,40.2657
4,5,3,479,19110,242,0.0479,1.911,39.8956
4,5,3.25,542,21526,345,0.0542,2.1526,39.7159
4,5,3.5,614,24174,429,0.0614,2.4174,39.3713
4,5,3.75,699,27290,525,0.0699,2.729,39.0415
4,5,4,811,31324,645,0.0811,3.1324,38.6239
4,5,4.25,938,35581,849,0.0938,3.5581,37.9328
4,5,4.5,1097,40857,1083,0.1097,4.0857,37.2443
4,5,4.75,1432,51165,1705,0.1432,5.1165,35.7297
4,5,5,1938,65275,2973,0.1938,6.5275,33.6816
4,5,5.25,2939,86491,5855,0.2939,8.6491,29.4287
4,5,5.5,5315,105031,13425,0.5315,10.5031,19.7612
4,5,5.75,8558,53433,11948,0.8558,5.3433,6.24363
4,5,6,9253,30277,7585,0.9253,3.0277,3.27213
4,5,6.25,9365,26129,6665,0.9365,2.6129,2.79007
4,5,6.5,9339,26978,6842,0.9339,2.6978,2.88875
4,5,6.75,9330,27413,6941,0.933,2.7413,2.93816
4,5,7,9370,25865,6557,0.937,2.5865,2.76041
4,5,7.25,9398,24704,6301,0.9398,2.4704,2.62864
4,5,7.5,9337,27091,6865,0.9337,2.7091,2.90147
4,5,7.75,9319,27749,6980,0.9319,2.7749,2.97768
4,5,8,9330,27328,6932,0.933,2.7328,2.92905
4,5,8.25,9352,26537,6707,0.9352,2.6537,2.83757
4,5,8.5,9366,25965,6591,0.9366,2.5965,2.77226
4,5,8.75,9307,28235,7058,0.9307,2.8235,3.03374
4,5,9,9330,27316,6860,0.933,2.7316,2.92776
4,5,9.25,9327,27536,7021,0.9327,2.7536,2.95229
4,5,9.5,9317,27804,7002,0.9317,2.7804,2.98422
4,5,9.75,9358,26217,6689,0.9358,2.6217,2.80156
4,5,10,9356,26300,6616,0.9356,2.63,2.81103
4,5,10.25,9360,26142,6624,0.936,2.6142,2.79295
4,5,10.5,9354,26483,6761,0.9354,2.6483,2.8312
4,5,10.75,9310,28097,7071,0.931,2.8097,3.01794
4,5,11,9361,26225,6671,0.9361,2.6225,2.80152
4,5,11.25,9351,26419,6701,0.9351,2.6419,2.82526
4,5,11.5,9306,28180,7045,0.9306,2.818,3.02815
4,5,11.75,9386,25224,6394,0.9386,2.5224,2.68741
4,5,12,9301,28471,7186,0.9301,2.8471,3.06107
4,5,12.25,9332,27279,6907,0.9332,2.7279,2.92317
4,5,12.5,9359,26120,6547,0.9359,2.612,2.7909
4,5,12.75,9341,26969,6872,0.9341,2.6969,2.88716
4,5,13,9330,27380,6917,0.933,2.738,2.93462
4,5,13.25,9310,28176,7085,0.931,2.8176,3.02642
4,5,13.5,9325,27513,6882,0.9325,2.7513,2.95046
4,5,13.75,9339,26954,6771,0.9339,2.6954,2.88618
4,5,14,9342,26837,6787,0.9342,2.6837,2.87273
4,5,14.25,9365,26041,6605,0.9365,2.6041,2.78067
4,5,14.5,9301,28418,7168,0.9301,2.8418,3.05537
4,5,14.75,9339,27014,6800,0.9339,2.7014,2.8926
4,5,15,9324,27584,6977,0.9324,2.7584,2.95839
4,5,15.25,9367,25958,6654,0.9367,2.5958,2.77122
4,5,15.5,9383,25269,6424,0.9383,2.5269,2.69306
4,5,15.75,9338,27080,6873,0.9338,2.708,2.89998
4,5,16,9326,27496,6915,0.9326,2.7496,2.94832
4,5,16.25,9266,29867,7472,0.9266,2.9867,3.22329
4,5,16.5,9324,27535,6945,0.9324,2.7535,2.95313
4,5,16.75,9307,28113,7035,0.9307,2.8113,3.02063
4,5,17,9351,26471,6704,0.9351,2.6471,2.83082
4,5,17.25,9308,28128,7099,0.9308,2.8128,3.02192
4,5,17.5,9319,27750,6956,0.9319,2.775,2.97779
4,5,17.75,9335,27115,6817,0.9335,2.7115,2.90466
4,5,18,9352,26504,6698,0.9352,2.6504,2.83405
4,5,18.25,9352,26428,6649,0.9352,2.6428,2.82592
4,5,18.5,9265,29819,7436,0.9265,2.9819,3.21846
4,5,18.75,9303,28307,7133,0.9303,2.8307,3.04278
4,5,19,9334,27252,6905,0.9334,2.7252,2.91965
4,5,19.25,9359,26266,6704,0.9359,2.6266,2.8065
4,5,19.5,9380,25445,6458,0.938,2.5445,2.71269
4,5,19.75,9336,27213,6886,0.9336,2.7213,2.91485
4,5,20,9355,26418,6629,0.9355,2.6418,2.82394
4,5,20.25,9317,27797,7041,0.9317,2.7797,2.98347
4,5,20.5,9316,27929,7028,0.9316,2.7929,2.99796
4,5,20.75,9311,28151,7130,0.9311,2.8151,3.02341
4,5,21,9344,26783,6805,0.9344,2.6783,2.86633
4,5,21.25,9325,27451,6905,0.9325,2.7451,2.94381
4,5,21.5,9290,28906,7271,0.929,2.8906,3.11152
4,5,21.75,9330,27401,6991,0.933,2.7401,2.93687
4,5,22,9304,28284,7115,0.9304,2.8284,3.03998
4,5,22.25,9321,27677,7030,0.9321,2.7677,2.96932
4,5,22.5,9313,27990,7087,0.9313,2.799,3.00548
4,5,22.75,9365,25907,6537,0.9365,2.5907,2.76636
4,5,23,9326,27423,6888,0.9326,2.7423,2.94049
4,5,23.25,9330,27249,6848,0.933,2.7249,2.92058
4,5,23.5,9286,28876,7186,0.9286,2.8876,3.10963
4,5,23.75,9382,25360,6475,0.9382,2.536,2.70305
4,5,24,9302,28380,7200,0.9302,2.838,3.05096
4,5,24.25,9341,26958,6836,0.9341,2.6958,2.88599
4,5,24.5,9338,27044,6858,0.9338,2.7044,2.89612
4,5,24.75,9331,27160,6796,0.9331,2.716,2.91073
4,5,25,9284,28977,7229,0.9284,2.8977,3.12118
4,5,25.25,9316,27887,6973,0.9316,2.7887,2.99345
4,5,25.5,9310,28079,7058,0.931,2.8079,3.016
4,5,25.75,9369,25893,6576,0.9369,2.5893,2.76369
4,5,26,9378,25532,6492,0.9378,2.5532,2.72254
4,5,26.25,9284,29038,7244,0.9284,2.9038,3.12775
4,5,26.5,9305,28279,7110,0.9305,2.8279,3.03912
4,5,26.75,9336,27266,6926,0.9336,2.7266,2.92052
4,5,27,9326,27452,6885,0.9326,2.7452,2.9436
4,5,27.25,9322,27676,6971,0.9322,2.7676,2.96889
4,5,27.5,9325,27366,6885,0.9325,2.7366,2.93469
4,5,27.75,9324,27547,6965,0.9324,2.7547,2.95442
4,5,28,9309,28156,7088,0.9309,2.8156,3.0246
4,5,28.25,9318,27847,7038,0.9318,2.7847,2.98852
4,5,28.5,9315,27912,7042,0.9315,2.7912,2.99646
4,5,28.75,9336,26956,6815,0.9336,2.6956,2.88732
4,5,29,9302,28298,7115,0.9302,2.8298,3.04214
4,5,29.25,9322,27618,6981,0.9322,2.7618,2.96267
4,5,29.5,9375,25580,6425,0.9375,2.558,2.72853
4,5,29.75,9336,27088,6830,0.9336,2.7088,2.90146
4,5,30,9319,27698,6981,0.9319,2.7698,2.97221
4,5,30.25,9347,26724,6771,0.9347,2.6724,2.8591
4,5,30.5,9378,25536,6466,0.9378,2.5536,2.72297
4,5,30.75,9327,27478,6923,0.9327,2.7478,2.94607
4,5,31,9333,27211,6916,0.9333,2.7211,2.91557
4,5,31.25,9287,28860,7228,0.9287,2.886,3.10757
4,5,31.5,9361,26208,6693,0.9361,2.6208,2.7997
4,5,31.75,9363,26163,6681,0.9363,2.6163,2.7943
4,5,32,9317,27775,6989,0.9317,2.7775,2.98111
4,5,32.25,9327,27473,6969,0.9327,2.7473,2.94553
4,5,32.5,9323,27461,6871,0.9323,2.7461,2.94551
4,5,32.75,9362,26134,6616,0.9362,2.6134,2.7915
4,5,33,9277,29310,7307,0.9277,2.931,3.15943
4,5,33.25,9295,28589,7176,0.9295,2.8589,3.07574
4,5,33.5,9328,27371,6873,0.9328,2.7371,2.93428
4,5,33.75,9358,26161,6622,0.9358,2.6161,2.79558
4,5,34,9336,27014,6824,0.9336,2.7014,2.89353
4,5,34.25,9345,26885,6814,0.9345,2.6885,2.87694
4,5,34.5,9327,27423,6894,0.9327,2.7423,2.94017
4,5,34.75,9295,28729,7257,0.9295,2.8729,3.0908
4,5,35,9305,28225,7086,0.9305,2.8225,3.03332
4,5,35.25,9400,24627,6245,0.94,2.4627,2.61989
4,5,35.5,9374,25636,6502,0.9374,2.5636,2.7348
4,5,35.75,9378,25587,6482,0.9378,2.5587,2.72841
4,5,36,9323,27592,6935,0.9323,2.7592,2.95956
4,5,36.25,9337,27046,6798,0.9337,2.7046,2.89665
4,5,36.5,9323,27642,6929,0.9323,2.7642,2.96493
4,5,36.75,9332,27209,6835,0.9332,2.7209,2.91567
4,5,37,9300,28532,7167,0.93,2.8532,3.06796
4,5,37.25,9321,27813,7049,0.9321,2.7813,2.98391
4,5,37.5,9356,26315,6668,0.9356,2.6315,2.81263
4,5,37.75,9304,28398,7153,0.9304,2.8398,3.05224
4,5,38,9287,29036,7298,0.9287,2.9036,3.12652
4,5,38.25,9316,27937,7040,0.9316,2.7937,2.99882
4,5,38.5,9301,28507,7191,0.9301,2.8507,3.06494
4,5,38.75,9300,28407,7192,0.93,2.8407,3.05452
4,5,39,9302,28329,7108,0.9302,2.8329,3.04547
4,5,39.25,9413,24053,6095,0.9413,2.4053,2.5553
4,5,39.5,9305,28368,7155,0.9305,2.8368,3.04868
4,5,39.75,9359,26213,6567,0.9359,2.6213,2.80083
4,5,40,9268,29590,7397,0.9268,2.959,3.19271
4,6,0,200,8388,148,0.02,0.8388,41.94
4,6,0.25,217,9030,115,0.0217,0.903,41.6129
4,6,0.5,234,9707,102,0.0234,0.9707,41.4829
4,6,0.75,251,10374,95,0.0251,1.0374,41.3307
4,6,1,241,10004,92,0.0241,1.0004,41.5104
4,6,1.25,251,10395,99,0.0251,1.0395,41.4143
4,6,1.5,261,10787,98,0.0261,1.0787,41.3295
4,6,1.75,272,11234,97,0.0272,1.1234,41.3015
4,6,2,279,11480,95,0.0279,1.148,41.147
4,6,2.25,301,12377,103,0.0301,1.2377,41.1196
4,6,2.5,303,12443,119,0.0303,1.2443,41.066
4,6,2.75,311,12680,153,0.0311,1.268,40.7717
4,6,3,343,13930,163,0.0343,1.393,40.6122
4,6,3.25,381,15367,223,0.0381,1.5367,40.3333
4,6,3.5,426,17085,240,0.0426,1.7085,40.1056
4,6,3.75,470,18764,264,0.047,1.8764,39.9234
4,6,4,526,20831,329,0.0526,2.0831,39.6027
4,6,4.25,593,23280,381,0.0593,2.328,39.258
4,6,4.5,672,26209,482,0.0672,2.6209,39.0015
4,6,4.75,754,29285,561,0.0754,2.9285,38.8395
4,6,5,928,35112,826,0.0928,3.5112,37.8362
4,6,5.25,1169,42861,1221,0.1169,4.2861,36.6647
4,6,5.5,1584,55274,2110,0.1584,5.5274,34.8952
4,6,5.75,2267,72566,3814,0.2267,7.2566,32.0097
4,6,6,3732,97365,8375,0.3732,9.7365,26.0892
4,6,6.25,6734,93421,15612,0.6734,9.3421,13.873
4,6,6.5,8989,39498,9487,0.8989,3.9498,4.39404
4,6,6.75,9353,26551,6743,0.9353,2.6551,2.83877
4,6,7,9337,27130,6846,0.9337,2.713,2.90564
4,6,7.25,9358,26243,6632,0.9358,2.6243,2.80434
4,6,7.5,9337,27079,6912,0.9337,2.7079,2.90018
4,6,7.75,9289,28899,7240,0.9289,2.8899,3.1111
4,6,8,9323,27647,6934,0.9323,2.7647,2.96546
4,6,8.25,9334,27256,6897,0.9334,2.7256,2.92008
4,6,8.5,9356,26368,6700,0.9356,2.6368,2.8183
4,6,8.75,9316,27921,7032,0.9316,2.7921,2.9971
4,6,9,9355,26404,6709,0.9355,2.6404,2.82245
4,6,9.25,9348,26744,6756,0.9348,2.6744,2.86093
4,6,9.5,9333,27254,6889,0.9333,2.7254,2.92018
4,6,9.75,9345,26765,6791,0.9345,2.6765,2.8641
4,6,10,9290,28724,7179,0.929,2.8724,3.09193
4,6,10.25,9353,26423,6749,0.9353,2.6423,2.82508
4,6,10.5,9290,28847,7257,0.929,2.8847,3.10517
4,6,10.75,9322,27568,6969,0.9322,2.7568,2.95731
4,6,11,9312,28105,7076,0.9312,2.8105,3.01815
4,6,11.25,9330,27192,6875,0.933,2.7192,2.91447
4,6,11.5,9324,27553,6915,0.9324,2.7553,2.95506
4,6,11.75,9305,28256,7098,0.9305,2.8256,3.03665
4,6,12,9308,28059,7062,0.9308,2.8059,3.0145
4,6,12.25,9343,26762,6817,0.9343,2.6762,2.86439
4,6,12.5,9323,27636,6993,0.9323,2.7636,2.96428
4,6,12.75,9312,27964,7039,0.9312,2.7964,3.00301
4,6,13,9334,27129,6836,0.9334,2.7129,2.90647
4,6,13.25,9337,27088,6829,0.9337,2.7088,2.90115
4,6,13.5,9366,25871,6536,0.9366,2.5871,2.76223
4,6,13.75,9297,28583,7210,0.9297,2.8583,3.07443
4,6,14,9296,28589,7212,0.9296,2.8589,3.07541
4,6,14.25,9348,26647,6761,0.9348,2.6647,2.85056
4,6,14.5,9300,28440,7156,0.93,2.844,3.05806
4,6,14.75,9333,27107,6774,0.9333,2.7107,2.90443
4,6,15,9357,26329,6642,0.9357,2.6329,2.81383
4,6,15.25,9374,25576,6506,0.9374,2.5576,2.7284
4,6,15.5,9343,26847,6799,0.9343,2.6847,2.87349
4,6,15.75,9318,27730,6959,0.9318,2.773,2.97596
4,6,16,9336,27076,6856,0.9336,2.7076,2.90017
4,6,16.25,9331,27380,6931,0.9331,2.738,2.93431
4,6,16.5,9368,25912,6600,0.9368,2.5912,2.76601
4,6,16.75,9326,27492,6936,0.9326,2.7492,2.94789
4,6,17,9298,28573,7198,0.9298,2.8573,3.07303
4,6,17.25,9342,26868,6738,0.9342,2.6868,2.87604
4,6,17.5,9319,27672,6900,0.9319,2.7672,2.96942
4,6,17.75,9330,27376,6936,0.933,2.7376,2.93419
4,6,18,9330,27317,6913,0.933,2.7317,2.92787
4,6,18.25,9348,26676,6717,0.9348,2.6676,2.85366
4,6,18.5,9327,27456,6984,0.9327,2.7456,2.94371
4,6,18.75,9317,27743,6947,0.9317,2.7743,2.97768
4,6,19,9331,27307,6878,0.9331,2.7307,2.92648
4,6,19.25,9323,27555,6961,0.9323,2.7555,2.95559
4,6,19.5,9352,26512,6688,0.9352,2.6512,2.8349
4,6,19.75,9342,26881,6757,0.9342,2.6881,2.87744
4,6,20,9345,26813,6782,0.9345,2.6813,2.86923
4,6,20.25,9339,26914,6819,0.9339,2.6914,2.88189
4,6,20.5,9356,26348,6634,0.9356,2.6348,2.81616
4,6,20.75,9346,26799,6809,0.9346,2.6799,2.86743
4,6,21,9325,27578,6960,0.9325,2.7578,2.95743
4,6,21.25,9312,27962,7060,0.9312,2.7962,3.00279
4,6,21.5,9328,27291,6819,0.9328,2.7291,2.92571
4,6,21.75,9351,26483,6677,0.9351,2.6483,2.8321
4,6,22,9336,27068,6831,0.9336,2.7068,2.89931
4,6,22.25,9321,27578,6988,0.9321,2.7578,2.9587
4,6,22.5,9393,24857,6337,0.9393,2.4857,2.64633
4,6,22.75,9349,26519,6724,0.9349,2.6519,2.83656
4,6,23,9334,27214,6891,0.9334,2.7214,2.91558
4,6,23.25,9290,28833,7256,0.929,2.8833,3.10366
4,6,23.5,9352,26499,6682,0.9352,2.6499,2.83351
4,6,23.75,9380,25381,6445,0.938,2.5381,2.70586
4,6,24,9388,25078,6395,0.9388,2.5078,2.67128
4,6,24.25,9338,26953,6789,0.9338,2.6953,2.88638
4,6,24.5,9373,25738,6506,0.9373,2.5738,2.74597
4,6,24.75,9367,25938,6589,0.9367,2.5938,2.76908
4,6,25,9321,27766,7031,0.9321,2.7766,2.97886
4,6,25.25,9359,26275,6633,0.9359,2.6275,2.80746
4,6,25.5,9311,28074,7052,0.9311,2.8074,3.01514
4,6,25.75,9345,26777,6797,0.9345,2.6777,2.86538
4,6,26,9330,27335,6901,0.933,2.7335,2.9298
4,6,26.25,9312,28034,7066,0.9312,2.8034,3.01052
4,6,26.5,9372,25759,6557,0.9372,2.5759,2.74851
4,6,26.75,9287,28866,7262,0.9287,2.8866,3.10822
4,6,27,9325,27468,6932,0.9325,2.7468,2.94563
4,6,27.25,9295,28697,7260,0.9295,2.8697,3.08736
4,6,27.5,9324,27449,6901,0.9324,2.7449,2.94391
4,6,27.75,9371,25708,6488,0.9371,2.5708,2.74336
4,6,28,9312,27977,7022,0.9312,2.7977,3.0044
4,6,28.25,9399,24588,6228,0.9399,2.4588,2.61602
4,6,28.5,9326,27436,6914,0.9326,2.7436,2.94188
4,6,28.75,9325,27496,6919,0.9325,2.7496,2.94863
4,6,29,9286,29061,7337,0.9286,2.9061,3.12955
4,6,29.25,9328,27447,6952,0.9328,2.7447,2.94243
4,6,29.5,9333,27272,6903,0.9333,2.7272,2.9221
4,6,29.75,9359,26295,6629,0.9359,2.6295,2.8096
4,6,30,9392,25009,6344,0.9392,2.5009,2.6628
4,6,30.25,9300,28426,7155,0.93,2.8426,3.05656
4,6,30.5,9381,25428,6432,0.9381,2.5428,2.71059
4,6,30.75,9354,26411,6687,0.9354,2.6411,2.8235
4,6,31,9329,27380,6922,0.9329,2.738,2.93493
4,6,31.25,9359,26158,6616,0.9359,2.6158,2.79496
4,6,31.5,9357,26162,6606,0.9357,2.6162,2.79598
4,6,31.75,9332,27219,6884,0.9332,2.7219,2.91674
4,6,32,9304,28244,7066,0.9304,2.8244,3.03568
4,6,32.25,9290,28802,7247,0.929,2.8802,3.10032
4,6,32.5,9306,28270,7140,0.9306,2.827,3.03783
4,6,32.75,9295,28579,7178,0.9295,2.8579,3.07466
4,6,33,9328,27496,6976,0.9328,2.7496,2.94768
4,6,33.25,9332,27225,6858,0.9332,2.7225,2.91738
4,6,33.5,9348,26640,6730,0.9348,2.664,2.84981
4,6,33.75,9429,23640,6041,0.9429,2.364,2.50716
4,6,34,9350,26644,6753,0.935,2.6644,2.84963
4,6,34.25,9313,27978,7049,0.9313,2.7978,3.00419
4,6,34.5,9338,26925,6780,0.9338,2.6925,2.88338
4,6,34.75,9319,27676,6929,0.9319,2.7676,2.96985
4,6,35,9302,28322,7106,0.9302,2.8322,3.04472
4,6,35.25,9335,27068,6824,0.9335,2.7068,2.89963
4,6,35.5,9373,25617,6474,0.9373,2.5617,2.73306
4,6,35.75,9315,27947,7039,0.9315,2.7947,3.00021
4,6,36,9392,24896,6315,0.9392,2.4896,2.65077
4,6,36.25,9307,28214,7046,0.9307,2.8214,3.03148
4,6,36.5,9330,27298,6882,0.933,2.7298,2.92583
4,6,36.75,9288,28970,7262,0.9288,2.897,3.11908
4,6,37,9334,27244,6840,0.9334,2.7244,2.91879
4,6,37.25,9372,25777,6524,0.9372,2.5777,2.75043
4,6,37.5,9335,27091,6832,0.9335,2.7091,2.90209
4,6,37.75,9352,26472,6659,0.9352,2.6472,2.83062
4,6,38,9277,29390,7395,0.9277,2.939,3.16805
4,6,38.25,9351,26543,6750,0.9351,2.6543,2.83852
4,6,38.5,9321,27548,6927,0.9321,2.7548,2.95548
4,6,38.75,9313,27870,6991,0.9313,2.787,2.99259
4,6,39,9300,28558,7219,0.93,2.8558,3.07075
4,6,39.25,9310,28151,7084,0.931,2.8151,3.02374
4,6,39.5,9309,28036,7026,0.9309,2.8036,3.01171
4,6,39.75,9356,26301,6593,0.9356,2.6301,2.81114
4,6,40,9329,27304,6898,0.9329,2.7304,2.92679
4,7,0,200,8431,128,0.02,0.8431,42.155
4,7,0.25,223,9287,108,0.0223,0.9287,41.6457
4,7,0.5,228,9472,97,0.0228,0.9472,41.5439
4,7,0.75,218,9037,88,0.0218,0.9037,41.4541
4,7,1,229,9469,100,0.0229,0.9469,41.3493
4,7,1.25,229,9456,97,0.0229,0.9456,41.2926
4,7,1.5,251,10325,106,0.0251,1.0325,41.1355
4,7,1.75,260,10736,93,0.026,1.0736,41.2923
4,7,2,280,11538,125,0.028,1.1538,41.2071
4,7,2.25,288,11871,138,0.0288,1.1871,41.2188
4,7,2.5,287,11800,127,0.0287,1.18,41.115
4,7,2.75,310,12690,143,0.031,1.269,40.9355
4,7,3,328,13324,156,0.0328,1.3324,40.622
4,7,3.25,330,13480,155,0.033,1.348,40.8485
4,7,3.5,325,13331,164,0.0325,1.3331,41.0185
4,7,3.75,324,13278,167,0.0324,1.3278,40.9815
4,7,4,344,13978,171,0.0344,1.3978,40.6337
4,7,4.25,378,15224,208,0.0378,1.5224,40.2751
4,7,4.5,403,16151,211,0.0403,1.6151,40.0769
4,7,4.75,447,17914,241,0.0447,1.7914,40.0761
4,7,5,474,19033,280,0.0474,1.9033,40.154
4,7,5.25,520,20726,321,0.052,2.0726,39.8577
4,7,5.5,547,21677,346,0.0547,2.1677,39.6289
4,7,5.75,632,24771,415,0.0632,2.4771,39.1946
4,7,6,736,28473,551,0.0736,2.8473,38.6861
4,7,6.25,847,32436,684,0.0847,3.2436,38.2952
4,7,6.5,1052,39261,1005,0.1052,3.9261,37.3203
4,7,6.75,1372,49320,1601,0.1372,4.932,35.9475
4,7,7,1893,63578,2849,0.1893,6.3578,33.5858
4,7,7.25,2860,84902,5660,0.286,8.4902,29.686
4,7,7.5,5182,104838,13006,0.5182,10.4838,20.2312
4,7,7.75,8562,53066,11881,0.8562,5.3066,6.19785
4,7,8,9307,28147,7067,0.9307,2.8147,3.02428
4,7,8.25,9317,27794,6968,0.9317,2.7794,2.98315
4,7,8.5,9334,27174,6886,0.9334,2.7174,2.91129
4,7,8.75,9360,26176,6616,0.936,2.6176,2.79658
4,7,9,9353,26440,6709,0.9353,2.644,2.8269
4,7,9.25,9364,26021,6619,0.9364,2.6021,2.77883
4,7,9.5,9343,26745,6736,0.9343,2.6745,2.86257
4,7,9.75,9326,27519,6954,0.9326,2.7519,2.95078
4,7,10,9347,26651,6711,0.9347,2.6651,2.85129
4,7,10.25,9347,26684,6687,0.9347,2.6684,2.85482
4,7,10.5,9329,27384,6879,0.9329,2.7384,2.93536
4,7,10.75,9316,27831,7035,0.9316,2.7831,2.98744
4,7,11,9277,29298,7379,0.9277,2.9298,3.15813
4,7,11.25,9344,26843,6812,0.9344,2.6843,2.87275
4,7,11.5,9338,27054,6819,0.9338,2.7054,2.89719
4,7,11.75,9286,28872,7179,0.9286,2.8872,3.1092
4,7,12,9348,26660,6712,0.9348,2.666,2.85195
4,7,12.25,9344,26840,6824,0.9344,2.684,2.87243
4,7,12.5,9332,27321,6833,0.9332,2.7321,2.92767
4,7,12.75,9339,27040,6910,0.9339,2.704,2.89538
4,7,13,9271,29499,7314,0.9271,2.9499,3.18186
4,7,13.25,9328,27395,6918,0.9328,2.7395,2.93686
4,7,13.5,9314,28115,7126,0.9314,2.8115,3.01857
4,7,13.75,9328,27440,6948,0.9328,2.744,2.94168
4,7,14,9319,27671,6991,0.9319,2.7671,2.96931
4,7,14.25,9330,27272,6926,0.933,2.7272,2.92304
4,7,14.5,9353,26609,6820,0.9353,2.6609,2.84497
4,7,14.75,9347,26607,6751,0.9347,2.6607,2.84658
4,7,15,9349,26685,6757,0.9349,2.6685,2.85432
4,7,15.25,9352,26601,6757,0.9352,2.6601,2.84442
4,7,15.5,9314,27975,7074,0.9314,2.7975,3.00354
4,7,15.75,9378,25463,6458,0.9378,2.5463,2.71518
4,7,16,9346,26776,6776,0.9346,2.6776,2.86497
4,7,16.25,9304,28275,7108,0.9304,2.8275,3.03902
4,7,16.5,9300,28470,7160,0.93,2.847,3.06129
4,7,16.75,9335,27202,6896,0.9335,2.7202,2.91398
4,7,17,9346,26637,6674,0.9346,2.6637,2.8501
4,7,17.25,9306,28227,7114,0.9306,2.8227,3.0332
4,7,17.5,9292,28748,7196,0.9292,2.8748,3.09384
4,7,17.75,9321,27695,6953,0.9321,2.7695,2.97125
4,7,18,9315,27879,7066,0.9315,2.7879,2.99291
4,7,18.25,9341,26774,6715,0.9341,2.6774,2.86629
4,7,18.5,9355,26350,6723,0.9355,2.635,2.81668
4,7,18.75,9363,26125,6628,0.9363,2.6125,2.79024
4,7,19,9361,26163,6629,0.9361,2.6163,2.79489
4,7,19.25,9296,28649,7199,0.9296,2.8649,3.08186
4,7,19.5,9297,28537,7149,0.9297,2.8537,3.06948
4,7,19.75,9346,26818,6796,0.9346,2.6818,2.86946
4,7,20,9339,26999,6889,0.9339,2.6999,2.89099
4,7,20.25,9278,29262,7347,0.9278,2.9262,3.15391
4,7,20.5,9366,25987,6638,0.9366,2.5987,2.77461
4,7,20.75,9331,27136,6806,0.9331,2.7136,2.90816
4,7,21,9340,26937,6818,0.934,2.6937,2.88405
4,7,21.25,9350,26529,6722,0.935,2.6529,2.83733
4,7,21.5,9316,27959,7055,0.9316,2.7959,3.00118
4,7,21.75,9283,29124,7311,0.9283,2.9124,3.13735
4,7,22,9339,26974,6826,0.9339,2.6974,2.88832
4,7,22.25,9323,27522,6920,0.9323,2.7522,2.95205
4,7,22.5,9329,27295,6876,0.9329,2.7295,2.92582
4,7,22.75,9326,27492,6923,0.9326,2.7492,2.94789
4,7,23,9376,25639,6505,0.9376,2.5639,2.73453
4,7,23.25,9348,26728,6794,0.9348,2.6728,2.85922
4,7,23.5,9341,26854,6752,0.9341,2.6854,2.87485
4,7,23.75,9371,25890,6631,0.9371,2.589,2.76278
4,7,24,9319,27719,6974,0.9319,2.7719,2.97446
4,7,24.25,9321,27627,6931,0.9321,2.7627,2.96395
4,7,24.5,9369,25875,6579,0.9369,2.5875,2.76177
4,7,24.75,9360,26234,6613,0.936,2.6234,2.80278
4,7,25,9315,27937,7051,0.9315,2.7937,2.99914
4,7,25.25,9350,26591,6739,0.935,2.6591,2.84396
4,7,25.5,9320,27793,7093,0.932,2.7793,2.98208
4,7,25.75,9342,26924,6835,0.9342,2.6924,2.88204
4,7,26,9328,27466,6949,0.9328,2.7466,2.94447
4,7,26.25,9340,26977,6828,0.934,2.6977,2.88833
4,7,26.5,9356,26362,6695,0.9356,2.6362,2.81766
4,7,26.75,9337,26961,6745,0.9337,2.6961,2.88754
4,7,27,9351,26454,6641,0.9351,2.6454,2.829
4,7,27.25,9374,25611,6525,0.9374,2.5611,2.73213
4,7,27.5,9323,27578,6948,0.9323,2.7578,2.95806
4,7,27.75,9335,27230,6863,0.9335,2.723,2.91698
4,7,28,9331,27261,6863,0.9331,2.7261,2.92155
4,7,28.25,9294,28523,7177,0.9294,2.8523,3.06897
4,7,28.5,9371,25698,6489,0.9371,2.5698,2.74229
4,7,28.75,9366,25993,6558,0.9366,2.5993,2.77525
4,7,29,9326,27564,6962,0.9326,2.7564,2.95561
4,7,29.25,9326,27501,7025,0.9326,2.7501,2.94885
4,7,29.5,9386,25198,6446,0.9386,2.5198,2.68464
4,7,29.75,9335,27244,6895,0.9335,2.7244,2.91848
4,7,30,9330,27295,6854,0.933,2.7295,2.92551
4,7,30.25,9355,26466,6727,0.9355,2.6466,2.82908
4,7,30.5,9348,26709,6743,0.9348,2.6709,2.85719
4,7,30.75,9303,28340,7152,0.9303,2.834,3.04633
4,7,31,9315,27856,6989,0.9315,2.7856,2.99045
4,7,31.25,9291,28812,7173,0.9291,2.8812,3.10107
4,7,31.5,9360,26221,6635,0.936,2.6221,2.80139
4,7,31.75,9335,27143,6856,0.9335,2.7143,2.90766
4,7,32,9298,28445,7069,0.9298,2.8445,3.05926
4,7,32.25,9405,24420,6172,0.9405,2.442,2.59649
4,7,32.5,9320,27651,6921,0.932,2.7651,2.96685
4,7,32.75,9383,25193,6376,0.9383,2.5193,2.68496
4,7,33,9382,25382,6422,0.9382,2.5382,2.70539
4,7,33.25,9336,27126,6859,0.9336,2.7126,2.90553
4,7,33.5,9351,26625,6775,0.9351,2.6625,2.84729
4,7,33.75,9360,26150,6625,0.936,2.615,2.7938
4,7,34,9278,29217,7230,0.9278,2.9217,3.14906
4,7,34.25,9354,26515,6736,0.9354,2.6515,2.83462
4,7,34.5,9296,28592,7193,0.9296,2.8592,3.07573
4,7,34.75,9336,27079,6868,0.9336,2.7079,2.90049
4,7,35,9320,27735,7024,0.932,2.7735,2.97586
4,7,35.25,9360,26200,6658,0.936,2.62,2.79915
4,7,35.5,9312,27955,6973,0.9312,2.7955,3.00204
4,7,35.75,9307,28297,7176,0.9307,2.8297,3.0404
4,7,36,9340,26983,6812,0.934,2.6983,2.88897
4,7,36.25,9344,26782,6731,0.9344,2.6782,2.86622
4,7,36.5,9351,26596,6748,0.9351,2.6596,2.84419
4,7,36.75,9311,28058,7075,0.9311,2.8058,3.01342
4,7,37,9322,27652,6987,0.9322,2.7652,2.96632
4,7,37.25,9300,28434,7128,0.93,2.8434,3.05742
4,7,37.5,9325,27633,6995,0.9325,2.7633,2.96332
4,7,37.75,9345,26787,6776,0.9345,2.6787,2.86645
4,7,38,9356,26428,6729,0.9356,2.6428,2.82471
4,7,38.25,9314,27828,6960,0.9314,2.7828,2.98776
4,7,38.5,9350,26562,6743,0.935,2.6562,2.84086
4,7,38.75,9320,27771,7016,0.932,2.7771,2.97972
4,7,39,9327,27337,6882,0.9327,2.7337,2.93095
4,7,39.25,9309,28014,7078,0.9309,2.8014,3.00935
4,7,39.5,9322,27568,6915,0.9322,2.7568,2.95731
4,7,39.75,9300,28384,7136,0.93,2.8384,3.05204
4,7,40,9337,27157,6913,0.9337,2.7157,2.90854
4,8,0,200,8417,139,0.02,0.8417,42.085
4,8,0.25,217,9073,103,0.0217,0.9073,41.8111
4,8,0.5,207,8604,78,0.0207,0.8604,41.5652
4,8,0.75,203,8430,83,0.0203,0.843,41.5271
4,8,1,198,8245,76,0.0198,0.8245,41.6414
4,8,1.25,207,8598,78,0.0207,0.8598,41.5362
4,8,1.5,220,9040,104,0.022,0.904,41.0909
4,8,1.75,223,9185,89,0.0223,0.9185,41.1883
4,8,2,256,10464,119,0.0256,1.0464,40.875
4,8,2.25,245,10093,123,0.0245,1.0093,41.1959
4,8,2.5,257,10557,127,0.0257,1.0557,41.0778
4,8,2.75,281,11512,120,0.0281,1.1512,40.968
4,8,3,296,12098,130,0.0296,1.2098,40.8716
4,8,3.25,321,13131,136,0.0321,1.3131,40.9065
4,8,3.5,323,13168,142,0.0323,1.3168,40.7678
4,8,3.75,346,14127,175,0.0346,1.4127,40.8295
4,8,4,381,15461,197,0.0381,1.5461,40.5801
4,8,4.25,404,16363,217,0.0404,1.6363,40.5025
4,8,4.5,450,18109,234,0.045,1.8109,40.2422
4,8,4.75,506,20192,290,0.0506,2.0192,39.9051
4,8,5,550,21766,331,0.055,2.1766,39.5745
4,8,5.25,642,25112,465,0.0642,2.5112,39.1153
4,8,5.5,737,28477,555,0.0737,2.8477,38.6391
4,8,5.75,818,31339,648,0.0818,3.1339,38.3117
4,8,6,950,35936,837,0.095,3.5936,37.8274
4,8,6.25,1175,43234,1201,0.1175,4.3234,36.7949
4,8,6.5,1484,52469,1826,0.1484,5.2469,35.3565
4,8,6.75,2129,69764,3445,0.2129,6.9764,32.7684
4,8,7,3426,93926,7450,0.3426,9.3926,27.4156
4,8,7.25,6301,98660,15195,0.6301,9.866,15.6578
4,8,7.5,8977,40072,9547,0.8977,4.0072,4.46385
4,8,7.75,9363,26152,6630,0.9363,2.6152,2.79312
4,8,8,9346,26849,6799,0.9346,2.6849,2.87278
4,8,8.25,9320,27863,7050,0.932,2.7863,2.98959
4,8,8.5,9311,28210,7130,0.9311,2.821,3.02975
4,8,8.75,9349,26599,6713,0.9349,2.6599,2.84512
4,8,9,9268,29611,7413,0.9268,2.9611,3.19497
4,8,9.25,9308,28230,7118,0.9308,2.823,3.03287
4,8,9.5,9319,27774,7019,0.9319,2.7774,2.98036
4,8,9.75,9319,27807,6991,0.9319,2.7807,2.9839
4,8,10,9313,27920,7025,0.9313,2.792,2.99796
4,8,10.25,9331,27266,6880,0.9331,2.7266,2.92209
4,8,10.5,9302,28399,7150,0.9302,2.8399,3.053
4,8,10.75,9396,24841,6315,0.9396,2.4841,2.64378
4,8,11,9295,28629,7151,0.9295,2.8629,3.08004
4,8,11.25,9349,26684,6744,0.9349,2.6684,2.85421
4,8,11.5,9296,28648,7229,0.9296,2.8648,3.08176
4,8,11.75,9311,28015,7083,0.9311,2.8015,3.00881
4,8,12,9335,27143,6808,0.9335,2.7143,2.90766
4,8,12.25,9384,25194,6339,0.9384,2.5194,2.68478
4,8,12.5,9329,27315,6925,0.9329,2.7315,2.92797
4,8,12.75,9282,29163,7340,0.9282,2.9163,3.14189
4,8,13,9308,28160,7056,0.9308,2.816,3.02535
4,8,13.25,9335,27074,6865,0.9335,2.7074,2.90027
4,8,13.5,9339,26992,6826,0.9339,2.6992,2.89025
4,8,13.75,9346,26694,6720,0.9346,2.6694,2.8562
4,8,14,9330,27309,6889,0.933,2.7309,2.92701
4,8,14.25,9345,26796,6816,0.9345,2.6796,2.86742
4,8,14.5,9289,28850,7255,0.9289,2.885,3.10582
4,8,14.75,9336,27060,6843,0.9336,2.706,2.89846
4,8,15,9293,28687,7212,0.9293,2.8687,3.08695
4,8,15.25,9381,25321,6394,0.9381,2.5321,2.69918
4,8,15.5,9338,27076,6893,0.9338,2.7076,2.89955
4,8,15.75,9326,27464,6949,0.9326,2.7464,2.94489
4,8,16,9331,27218,6842,0.9331,2.7218,2.91694
4,8,16.25,9304,28296,7091,0.9304,2.8296,3.04127
4,8,16.5,9324,27520,6910,0.9324,2.752,2.95152
4,8,16.75,9287,29012,7327,0.9287,2.9012,3.12394
4,8,17,9349,26650,6768,0.9349,2.665,2.85057
4,8,17.25,9367,25924,6549,0.9367,2.5924,2.76759
4,8,17.5,9308,28132,7052,0.9308,2.8132,3.02235
4,8,17.75,9305,28334,7168,0.9305,2.8334,3.04503
4,8,18,9292,28740,7227,0.9292,2.874,3.09298
4,8,18.25,9325,27563,6959,0.9325,2.7563,2.95582
4,8,18.5,9325,27479,6917,0.9325,2.7479,2.94681
4,8,18.75,9317,27756,6974,0.9317,2.7756,2.97907
4,8,19,9330,27351,6875,0.933,2.7351,2.93151
4,8,19.25,9291,28845,7276,0.9291,2.8845,3.10462
4,8,19.5,9341,26878,6750,0.9341,2.6878,2.87742
4,8,19.75,9317,27854,7047,0.9317,2.7854,2.98959
4,8,20,9337,27193,6910,0.9337,2.7193,2.91239
4,8,20.25,9338,27096,6839,0.9338,2.7096,2.90169
4,8,20.5,9365,26005,6581,0.9365,2.6005,2.77683
4,8,20.75,9343,26693,6712,0.9343,2.6693,2.85701
4,8,21,9292,28675,7149,0.9292,2.8675,3.08599
4,8,21.25,9294,28663,7255,0.9294,2.8663,3.08403
4,8,21.5,9325,27524,6914,0.9325,2.7524,2.95164
4,8,21.75,9376,25532,6470,0.9376,2.5532,2.72312
4,8,22,9365,25953,6564,0.9365,2.5953,2.77128
4,8,22.25,9342,26840,6785,0.9342,2.684,2.87305
4,8,22.5,9324,27539,6955,0.9324,2.7539,2.95356
4,8,22.75,9333,27281,6888,0.9333,2.7281,2.92307
4,8,23,9344,26755,6741,0.9344,2.6755,2.86333
4,8,23.25,9322,27570,6959,0.9322,2.757,2.95752
4,8,23.5,9334,27163,6833,0.9334,2.7163,2.91011
4,8,23.75,9322,27491,6911,0.9322,2.7491,2.94905
4,8,24,9307,28082,7056,0.9307,2.8082,3.0173
4,8,24.25,9368,25905,6606,0.9368,2.5905,2.76526
4,8,24.5,9349,26591,6751,0.9349,2.6591,2.84426
4,8,24.75,9323,27560,6907,0.9323,2.756,2.95613
4,8,25,9320,27712,7044,0.932,2.7712,2.97339
4,8,25.25,9376,25575,6506,0.9376,2.5575,2.72771
4,8,25.5,9342,26931,6806,0.9342,2.6931,2.88279
4,8,25.75,9315,27840,7026,0.9315,2.784,2.98873
4,8,26,9336,27170,6851,0.9336,2.717,2.91024
4,8,26.25,9316,27867,7027,0.9316,2.7867,2.99131
4,8,26.5,9347,26735,6746,0.9347,2.6735,2.86028
4,8,26.75,9332,27257,6889,0.9332,2.7257,2.92081
4,8,27,9327,27429,6877,0.9327,2.7429,2.94082
4,8,27.25,9312,27939,7020,0.9312,2.7939,3.00032
4,8,27.5,9363,26008,6586,0.9363,2.6008,2.77774
4,8,27.75,9342,26880,6779,0.9342,2.688,2.87733
4,8,28,9341,26841,6766,0.9341,2.6841,2.87346
4,8,28.25,9315,27921,7041,0.9315,2.7921,2.99742
4,8,28.5,9359,26166,6622,0.9359,2.6166,2.79581
4,8,28.75,9332,27194,6831,0.9332,2.7194,2.91406
4,8,29,9387,25173,6359,0.9387,2.5173,2.68169
4,8,29.25,9331,27197,6886,0.9331,2.7197,2.91469
4,8,29.5,9295,28552,7152,0.9295,2.8552,3.07176
4,8,29.75,9304,28264,7123,0.9304,2.8264,3.03783
4,8,30,9342,26941,6837,0.9342,2.6941,2.88386
4,8,30.25,9339,26989,6829,0.9339,2.6989,2.88992
4,8,30.5,9328,27406,6932,0.9328,2.7406,2.93804
4,8,30.75,9343,26794,6768,0.9343,2.6794,2.86782
4,8,31,9374,25678,6520,0.9374,2.5678,2.73928
4,8,31.25,9343,26817,6721,0.9343,2.6817,2.87028
4,8,31.5,9315,27844,6961,0.9315,2.7844,2.98916
4,8,31.75,9357,26402,6713,0.9357,2.6402,2.82163
4,8,32,9345,26761,6788,0.9345,2.6761,2.86367
4,8,32.25,9316,27852,7023,0.9316,2.7852,2.9897
4,8,32.5,9315,27814,6989,0.9315,2.7814,2.98594
4,8,32.75,9300,28427,7120,0.93,2.8427,3.05667
4,8,33,9290,28681,7214,0.929,2.8681,3.0873
4,8,33.25,9353,26475,6705,0.9353,2.6475,2.83064
4,8,33.5,9320,27730,6994,0.932,2.773,2.97532
4,8,33.75,9306,28381,7182,0.9306,2.8381,3.04975
4,8,34,9374,25689,6536,0.9374,2.5689,2.74045
4,8,34.25,9332,27223,6849,0.9332,2.7223,2.91717
4,8,34.5,9349,26731,6737,0.9349,2.6731,2.85924
4,8,34.75,9307,28160,7038,0.9307,2.816,3.02568
4,8,35,9334,27180,6891,0.9334,2.718,2.91193
4,8,35.25,9336,27014,6821,0.9336,2.7014,2.89353
4,8,35.5,9341,26944,6807,0.9341,2.6944,2.88449
4,8,35.75,9388,25167,6401,0.9388,2.5167,2.68076
4,8,36,9301,28458,7208,0.9301,2.8458,3.05967
4,8,36.25,9314,27930,7114,0.9314,2.793,2.99871
4,8,36.5,9326,27552,6951,0.9326,2.7552,2.95432
4,8,36.75,9276,29440,7397,0.9276,2.944,3.17378
4,8,37,9347,26583,6671,0.9347,2.6583,2.84401
4,8,37.25,9364,25998,6606,0.9364,2.5998,2.77638
4,8,37.5,9320,27779,7060,0.932,2.7779,2.98058
4,8,37.75,9338,26983,6819,0.9338,2.6983,2.88959
4,8,38,9314,27931,7065,0.9314,2.7931,2.99882
4,8,38.25,9290,28962,7330,0.929,2.8962,3.11755
4,8,38.5,9365,25904,6523,0.9365,2.5904,2.76604
4,8,38.75,9360,26248,6693,0.936,2.6248,2.80427
4,8,39,9338,27111,6831,0.9338,2.7111,2.9033
4,8,39.25,9329,27305,6905,0.9329,2.7305,2.92689
4,8,39.5,9366,26025,6644,0.9366,2.6025,2.77867
4,8,39.75,9358,26254,6623,0.9358,2.6254,2.80551
4,8,40,9371,25752,6493,0.9371,2.5752,2.74805
4,9,0,200,8411,137,0.02,0.8411,42.055
4,9,0.25,225,9322,108,0.0225,0.9322,41.4311
4,9,0.5,236,9778,109,0.0236,0.9778,41.4322
4,9,0.75,242,10006,107,0.0242,1.0006,41.3471
4,9,1,230,9538,105,0.023,0.9538,41.4696
4,9,1.25,249,10261,109,0.0249,1.0261,41.2088
4,9,1.5,257,10584,115,0.0257,1.0584,41.1829
4,9,1.75,269,11081,103,0.0269,1.1081,41.1933
4,9,2,263,10830,112,0.0263,1.083,41.1787
4,9,2.25,291,11969,113,0.0291,1.1969,41.1306
4,9,2.5,290,11946,112,0.029,1.1946,41.1931
4,9,2.75,297,12209,127,0.0297,1.2209,41.1077
4,9,3,293,12033,121,0.0293,1.2033,41.0683
4,9,3.25,285,11780,129,0.0285,1.178,41.3333
4,9,3.5,306,12586,123,0.0306,1.2586,41.1307
4,9,3.75,323,13247,118,0.0323,1.3247,41.0124
4,9,4,333,13631,152,0.0333,1.3631,40.9339
4,9,4.25,370,15100,174,0.037,1.51,40.8108
4,9,4.5,412,16638,204,0.0412,1.6638,40.3835
4,9,4.75,430,17379,227,0.043,1.7379,40.4163
4,9,5,500,20004,319,0.05,2.0004,40.008
4,9,5.25,559,22135,363,0.0559,2.2135,39.5975
4,9,5.5,583,23073,400,0.0583,2.3073,39.5763
4,9,5.75,641,25089,444,0.0641,2.5089,39.1404
4,9,6,720,28015,553,0.072,2.8015,38.9097
4,9,6.25,877,33358,732,0.0877,3.3358,38.0365
4,9,6.5,1067,39672,1063,0.1067,3.9672,37.1809
4,9,6.75,1298,46900,1474,0.1298,4.69,36.1325
4,9,7,1774,60637,2467,0.1774,6.0637,34.1809
4,9,7.25,2685,81696,5012,0.2685,8.1696,30.4268
4,9,7.5,4733,104528,11595,0.4733,10.4528,22.0849
4,9,7.75,8052,67127,13759,0.8052,6.7127,8.33669
4,9,8,9267,29666,7356,0.9267,2.9666,3.20125
4,9,8.25,9281,29133,7267,0.9281,2.9133,3.13899
4,9,8.5,9309,28059,7008,0.9309,2.8059,3.01418
4,9,8.75,9333,27293,6926,0.9333,2.7293,2.92435
4,9,9,9349,26532,6701,0.9349,2.6532,2.83795
4,9,9.25,9322,27577,6898,0.9322,2.7577,2.95827
4,9,9.5,9330,27292,6896,0.933,2.7292,2.92519
4,9,9.75,9339,26959,6854,0.9339,2.6959,2.88671
4,9,10,9292,28809,7267,0.9292,2.8809,3.10041
4,9,10.25,9317,27841,7032,0.9317,2.7841,2.98819
4,9,10.5,9309,27982,7023,0.9309,2.7982,3.00591
4,9,10.75,9349,26674,6782,0.9349,2.6674,2.85314
4,9,11,9326,27485,6914,0.9326,2.7485,2.94714
4,9,11.25,9346,26650,6714,0.9346,2.665,2.85149
4,9,11.5,9365,26031,6600,0.9365,2.6031,2.7796
4,9,11.75,9317,27716,6975,0.9317,2.7716,2.97478
4,9,12,9341,26881,6775,0.9341,2.6881,2.87774
4,9,12.25,9382,25383,6435,0.9382,2.5383,2.7055
4,9,12.5,9339,26960,6797,0.9339,2.696,2.88682
4,9,12.75,9303,28390,7121,0.9303,2.839,3.0517
4,9,13,9326,27461,6940,0.9326,2.7461,2.94456
4,9,13.25,9325,27595,6994,0.9325,2.7595,2.95925
4,9,13.5,9360,26201,6600,0.936,2.6201,2.79925
4,9,13.75,9335,27064,6825,0.9335,2.7064,2.8992
4,9,14,9305,28336,7171,0.9305,2.8336,3.04524
4,9,14.25,9335,27197,6891,0.9335,2.7197,2.91344
4,9,14.5,9302,28369,7104,0.9302,2.8369,3.04977
4,9,14.75,9328,27482,6985,0.9328,2.7482,2.94618
4,9,15,9344,26741,6738,0.9344,2.6741,2.86184
4,9,15.25,9327,27357,6896,0.9327,2.7357,2.9331
4,9,15.5,9293,28713,7193,0.9293,2.8713,3.08974
4,9,15.75,9355,26404,6703,0.9355,2.6404,2.82245
4,9,16,9341,26897,6796,0.9341,2.6897,2.87946
4,9,16.25,9288,28843,7193,0.9288,2.8843,3.1054
4,9,16.5,9338,27032,6841,0.9338,2.7032,2.89484
4,9,16.75,9311,28063,7093,0.9311,2.8063,3.01396
4,9,17,9297,28580,7222,0.9297,2.858,3.07411
4,9,17.25,9306,28146,7112,0.9306,2.8146,3.0245
4,9,17.5,9299,28442,7116,0.9299,2.8442,3.05861
4,9,17.75,9353,26520,6684,0.9353,2.652,2.83545
4,9,18,9320,27707,6972,0.932,2.7707,2.97285
4,9,18.25,9273,29507,7394,0.9273,2.9507,3.18203
4,9,18.5,9289,28948,7288,0.9289,2.8948,3.11637
4,9,18.75,9320,27625,6945,0.932,2.7625,2.96406
4,9,19,9358,26269,6665,0.9358,2.6269,2.80712
4,9,19.25,9317,27855,7048,0.9317,2.7855,2.9897
4,9,19.5,9320,27778,7005,0.932,2.7778,2.98047
4,9,19.75,9319,27724,6975,0.9319,2.7724,2.975
4,9,20,9354,26405,6694,0.9354,2.6405,2.82286
4,9,20.25,9357,26312,6668,0.9357,2.6312,2.81201
4,9,20.5,9330,27448,6940,0.933,2.7448,2.94191
4,9,20.75,9340,26883,6766,0.934,2.6883,2.87827
4,9,21,9346,26708,6745,0.9346,2.6708,2.85769
4,9,21.25,9315,27894,6998,0.9315,2.7894,2.99452
4,9,21.5,9322,27542,6979,0.9322,2.7542,2.95452
4,9,21.75,9324,27504,6916,0.9324,2.7504,2.94981
4,9,22,9325,27403,6864,0.9325,2.7403,2.93866
4,9,22.25,9303,28361,7160,0.9303,2.8361,3.04859
4,9,22.5,9337,27000,6832,0.9337,2.7,2.89172
4,9,22.75,9350,26646,6730,0.935,2.6646,2.84984
4,9,23,9302,28390,7149,0.9302,2.839,3.05203
4,9,23.25,9335,27191,6893,0.9335,2.7191,2.9128
4,9,23.5,9357,26328,6698,0.9357,2.6328,2.81372
4,9,23.75,9316,27931,7096,0.9316,2.7931,2.99818
4,9,24,9308,28039,7041,0.9308,2.8039,3.01235
4,9,24.25,9332,27228,6896,0.9332,2.7228,2.9177
4,9,24.5,9386,25185,6396,0.9386,2.5185,2.68325
4,9,24.75,9290,28784,7214,0.929,2.8784,3.09839
4,9,25,9366,25926,6597,0.9366,2.5926,2.7681
4,9,25.25,9313,27932,7077,0.9313,2.7932,2.99925
4,9,25.5,9281,29151,7346,0.9281,2.9151,3.14093
4,9,25.75,9298,28444,7069,0.9298,2.8444,3.05915
4,9,26,9367,25961,6546,0.9367,2.5961,2.77154
4,9,26.25,9313,27897,6987,0.9313,2.7897,2.99549
4,9,26.5,9292,28761,7250,0.9292,2.8761,3.09524
4,9,26.75,9341,26959,6797,0.9341,2.6959,2.88609
4,9,27,9350,26428,6684,0.935,2.6428,2.82652
4,9,27.25,9322,27718,6991,0.9322,2.7718,2.9734
4,9,27.5,9370,25778,6564,0.937,2.5778,2.75112
4,9,27.75,9331,27258,6831,0.9331,2.7258,2.92123
4,9,28,9332,27310,6901,0.9332,2.731,2.92649
4,9,28.25,9382,25376,6478,0.9382,2.5376,2.70475
4,9,28.5,9299,28511,7205,0.9299,2.8511,3.06603
4,9,28.75,9356,26396,6677,0.9356,2.6396,2.82129
4,9,29,9358,26346,6665,0.9358,2.6346,2.81535
4,9,29.25,9349,26600,6701,0.9349,2.66,2.84522
4,9,29.5,9311,27976,7033,0.9311,2.7976,3.00462
4,9,29.75,9309,28183,7148,0.9309,2.8183,3.0275
4,9,30,9327,27449,6913,0.9327,2.7449,2.94296
4,9,30.25,9391,24949,6362,0.9391,2.4949,2.65669
4,9,30.5,9316,27758,6980,0.9316,2.7758,2.9796
4,9,30.75,9303,28380,7152,0.9303,2.838,3.05063
4,9,31,9311,27970,6973,0.9311,2.797,3.00397
4,9,31.25,9330,27251,6837,0.933,2.7251,2.92079
4,9,31.5,9329,27469,6972,0.9329,2.7469,2.94447
4,9,31.75,9298,28550,7208,0.9298,2.855,3.07055
4,9,32,9347,26815,6795,0.9347,2.6815,2.86883
4,9,32.25,9315,27884,7066,0.9315,2.7884,2.99345
4,9,32.5,9333,27087,6834,0.9333,2.7087,2.90228
4,9,32.75,9356,26465,6761,0.9356,2.6465,2.82867
4,9,33,9338,27090,6846,0.9338,2.709,2.90105
4,9,33.25,9416,24068,6108,0.9416,2.4068,2.55607
4,9,33.5,9330,27282,6881,0.933,2.7282,2.92412
4,9,33.75,9306,28214,7090,0.9306,2.8214,3.03181
4,9,34,9339,27025,6792,0.9339,2.7025,2.89378
4,9,34.25,9313,28048,7111,0.9313,2.8048,3.0117
4,9,34.5,9333,27137,6822,0.9333,2.7137,2.90764
4,9,34.75,9324,27673,7029,0.9324,2.7673,2.96793
4,9,35,9384,25231,6410,0.9384,2.5231,2.68873
4,9,35.25,9291,28930,7338,0.9291,2.893,3.11377
4,9,35.5,9304,28376,7142,0.9304,2.8376,3.04987
4,9,35.75,9333,27087,6829,0.9333,2.7087,2.90228
4,9,36,9344,26800,6830,0.9344,2.68,2.86815
4,9,36.25,9336,27036,6854,0.9336,2.7036,2.89589
4,9,36.5,9309,28154,7090,0.9309,2.8154,3.02439
4,9,36.75,9379,25492,6465,0.9379,2.5492,2.71799
4,9,37,9337,27019,6824,0.9337,2.7019,2.89376
4,9,37.25,9292,28738,7210,0.9292,2.8738,3.09277
4,9,37.5,9317,27724,6933,0.9317,2.7724,2.97564
4,9,37.75,9300,28473,7193,0.93,2.8473,3.06161
4,9,38,9372,25681,6525,0.9372,2.5681,2.74018
4,9,38.25,9302,28364,7136,0.9302,2.8364,3.04924
4,9,38.5,9372,25714,6472,0.9372,2.5714,2.7437
4,9,38.75,9306,28218,7102,0.9306,2.8218,3.03224
4,9,39,9347,26667,6734,0.9347,2.6667,2.853
4,9,39.25,9339,26909,6766,0.9339,2.6909,2.88136
4,9,39.5,9347,26708,6731,0.9347,2.6708,2.85739
4,9,39.75,9350,26536,6688,0.935,2.6536,2.83807
4,9,40,9396,24884,6326,0.9396,2.4884,2.64836
4,10,0,200,8393,133,0.02,0.8393,41.965
4,10,0.25,205,8577,94,0.0205,0.8577,41.839
4,10,0.5,201,8391,77,0.0201,0.8391,41.7463
4,10,0.75,188,7868,61,0.0188,0.7868,41.8511
4,10,1,190,7930,69,0.019,0.793,41.7368
4,10,1.25,192,7977,79,0.0192,0.7977,41.5469
4,10,1.5,203,8414,89,0.0203,0.8414,41.4483
4,10,1.75,197,8150,84,0.0197,0.815,41.3706
4,10,2,200,8275,83,0.02,0.8275,41.375
4,10,2.25,207,8567,83,0.0207,0.8567,41.3865
4,10,2.5,206,8531,68,0.0206,0.8531,41.4126
4,10,2.75,223,9203,68,0.0223,0.9203,41.2691
4,10,3,232,9629,91,0.0232,0.9629,41.5043
4,10,3.25,259,10690,106,0.0259,1.069,41.2741
4,10,3.5,282,11591,128,0.0282,1.1591,41.1028
4,10,3.75,314,12791,154,0.0314,1.2791,40.7357
4,10,4,309,12614,143,0.0309,1.2614,40.822
4,10,4.25,337,13686,154,0.0337,1.3686,40.6113
4,10,4.5,361,14613,181,0.0361,1.4613,40.4792
4,10,4.75,403,16257,198,0.0403,1.6257,40.34
4,10,5,455,18212,246,0.0455,1.8212,40.0264
4,10,5.25,495,19801,305,0.0495,1.9801,40.002
4,10,5.5,551,21907,343,0.0551,2.1907,39.7586
4,10,5.75,654,25613,441,0.0654,2.5613,39.1636
4,10,6,760,29400,552,0.076,2.94,38.6842
4,10,6.25,880,33597,759,0.088,3.3597,38.1784
4,10,6.5,1076,40138,1074,0.1076,4.0138,37.303
4,10,6.75,1373,49437,1643,0.1373,4.9437,36.0066
4,10,7,1882,63563,2801,0.1882,6.3563,33.7742
4,10,7.25,3017,87384,6138,0.3017,8.7384,28.9639
4,10,7.5,5375,104230,13371,0.5375,10.423,19.3916
4,10,7.75,8601,52014,11666,0.8601,5.2014,6.04744
4,10,8,9335,27134,6904,0.9335,2.7134,2.9067
4,10,8.25,9304,28347,7139,0.9304,2.8347,3.04675
4,10,8.5,9345,26747,6759,0.9345,2.6747,2.86217
4,10,8.75,9286,28816,7197,0.9286,2.8816,3.10317
4,10,9,9362,26063,6586,0.9362,2.6063,2.78391
4,10,9.25,9343,26758,6768,0.9343,2.6758,2.86396
4,10,9.5,9328,27356,6851,0.9328,2.7356,2.93268
4,10,9.75,9290,28975,7313,0.929,2.8975,3.11895
4,10,10,9349,26511,6665,0.9349,2.6511,2.8357
4,10,10.25,9310,28104,7069,0.931,2.8104,3.01869
4,10,10.5,9343,26840,6840,0.9343,2.684,2.87274
4,10,10.75,9344,26753,6778,0.9344,2.6753,2.86312
4,10,11,9322,27536,6910,0.9322,2.7536,2.95387
4,10,11.25,9367,26001,6639,0.9367,2.6001,2.77581
4,10,11.5,9316,27835,7034,0.9316,2.7835,2.98787
4,10,11.75,9370,25792,6524,0.937,2.5792,2.75261
4,10,12,9361,26189,6644,0.9361,2.6189,2.79767
4,10,12.25,9367,25961,6665,0.9367,2.5961,2.77154
4,10,12.5,9314,28034,7070,0.9314,2.8034,3.00988
4,10,12.75,9299,28524,7185,0.9299,2.8524,3.06743
4,10,13,9330,27240,6851,0.933,2.724,2.91961
4,10,13.25,9347,26697,6717,0.9347,2.6697,2.85621
4,10,13.5,9336,27091,6866,0.9336,2.7091,2.90178
4,10,13.75,9316,27805,6952,0.9316,2.7805,2.98465
4,10,14,9340,26967,6808,0.934,2.6967,2.88726
4,10,14.25,9350,26619,6745,0.935,2.6619,2.84695
4,10,14.5,9346,26775,6767,0.9346,2.6775,2.86486
4,10,14.75,9320,27690,6990,0.932,2.769,2.97103
4,10,15,9331,27281,6897,0.9331,2.7281,2.9237
4,10,15.25,9305,28190,7112,0.9305,2.819,3.02955
4,10,15.5,9334,27215,6870,0.9334,2.7215,2.91568
4,10,15.75,9313,28036,7086,0.9313,2.8036,3.01042
4,10,16,9327,27420,6939,0.9327,2.742,2.93985
4,10,16.25,9370,25842,6538,0.937,2.5842,2.75795
4,10,16.5,9317,27846,7029,0.9317,2.7846,2.98873
4,10,16.75,9336,27085,6833,0.9336,2.7085,2.90114
4,10,17,9320,27556,6907,0.932,2.7556,2.95665
4,10,17.25,9309,28160,7063,0.9309,2.816,3.02503
4,10,17.5,9337,27083,6827,0.9337,2.7083,2.90061
4,10,17.75,9348,26658,6778,0.9348,2.6658,2.85173
4,10,18,9334,27265,6919,0.9334,2.7265,2.92104
4,10,18.25,9334,27072,6816,0.9334,2.7072,2.90036
4,10,18.5,9325,27507,6954,0.9325,2.7507,2.94981
4,10,18.75,9330,27380,6923,0.933,2.738,2.93462
4,10,19,9314,27989,7077,0.9314,2.7989,3.00505
4,10,19.25,9305,28373,7193,0.9305,2.8373,3.04922
4,10,19.5,9344,26844,6733,0.9344,2.6844,2.87286
4,10,19.75,9331,27231,6860,0.9331,2.7231,2.91834
4,10,20,9319,27735,6943,0.9319,2.7735,2.97618
4,10,20.25,9316,27754,6920,0.9316,2.7754,2.97918
4,10,20.5,9381,25434,6441,0.9381,2.5434,2.71122
4,10,20.75,9317,27832,6957,0.9317,2.7832,2.98723
4,10,21,9307,28255,7092,0.9307,2.8255,3.03589
4,10,21.25,9325,27503,6942,0.9325,2.7503,2.94938
4,10,21.5,9329,27337,6925,0.9329,2.7337,2.93032
4,10,21.75,9409,24233,6175,0.9409,2.4233,2.57551
4,10,22,9370,25723,6532,0.937,2.5723,2.74525
4,10,22.25,9356,26343,6647,0.9356,2.6343,2.81563
4,10,22.5,9320,27627,6959,0.932,2.7627,2.96427
4,10,22.75,9307,28266,7116,0.9307,2.8266,3.03707
4,10,23,9409,24366,6193,0.9409,2.4366,2.58965
4,10,23.25,9366,25875,6518,0.9366,2.5875,2.76265
4,10,23.5,9322,27650,6977,0.9322,2.765,2.9661
4,10,23.75,9311,27977,6994,0.9311,2.7977,3.00473
4,10,24,9386,25226,6401,0.9386,2.5226,2.68762
4,10,24.25,9295,28661,7173,0.9295,2.8661,3.08349
4,10,24.5,9312,27969,7044,0.9312,2.7969,3.00354
4,10,24.75,9309,28133,7041,0.9309,2.8133,3.02213
4,10,25,9356,26371,6696,0.9356,2.6371,2.81862
4,10,25.25,9302,28382,7132,0.9302,2.8382,3.05117
4,10,25.5,9378,25493,6522,0.9378,2.5493,2.71838
4,10,25.75,9325,27499,6998,0.9325,2.7499,2.94895
4,10,26,9344,26733,6742,0.9344,2.6733,2.86098
4,10,26.25,9396,24716,6218,0.9396,2.4716,2.63048
4,10,26.5,9348,26624,6645,0.9348,2.6624,2.8481
4,10,26.75,9347,26704,6757,0.9347,2.6704,2.85696
4,10,27,9303,28334,7115,0.9303,2.8334,3.04568
4,10,27.25,9304,28289,7106,0.9304,2.8289,3.04052
4,10,27.5,9321,27591,6924,0.9321,2.7591,2.96009
4,10,27.75,9323,27481,6879,0.9323,2.7481,2.94766
4,10,28,9311,28059,7096,0.9311,2.8059,3.01353
4,10,28.25,9333,27221,6843,0.9333,2.7221,2.91664
4,10,28.5,9320,27681,6971,0.932,2.7681,2.97006
4,10,28.75,9363,26150,6608,0.9363,2.615,2.79291
4,10,29,9283,29082,7259,0.9283,2.9082,3.13282
4,10,29.25,9355,26320,6607,0.9355,2.632,2.81347
4,10,29.5,9349,26618,6713,0.9349,2.6618,2.84715
4,10,29.75,9347,26623,6731,0.9347,2.6623,2.84829
4,10,30,9371,25804,6540,0.9371,2.5804,2.7536
4,10,30.25,9336,26999,6829,0.9336,2.6999,2.89192
4,10,30.5,9314,27934,7019,0.9314,2.7934,2.99914
4,10,30.75,9306,28157,7018,0.9306,2.8157,3.02568
4,10,31,9329,27298,6893,0.9329,2.7298,2.92614
4,10,31.25,9314,27806,6953,0.9314,2.7806,2.9854
4,10,31.5,9367,25842,6523,0.9367,2.5842,2.75883
4,10,31.75,9354,26453,6659,0.9354,2.6453,2.82799
4,10,32,9323,27649,6991,0.9323,2.7649,2.96568
4,10,32.25,9304,28300,7136,0.9304,2.83,3.0417
4,10,32.5,9275,29400,7364,0.9275,2.94,3.16981
4,10,32.75,9345,26794,6792,0.9345,2.6794,2.8672
4,10,33,9341,27023,6906,0.9341,2.7023,2.89295
4,10,33.25,9352,26481,6744,0.9352,2.6481,2.83159
4,10,33.5,9338,27055,6824,0.9338,2.7055,2.8973
4,10,33.75,9354,26501,6755,0.9354,2.6501,2.83312
4,10,34,9308,28113,7061,0.9308,2.8113,3.02031
4,10,34.25,9346,26790,6835,0.9346,2.679,2.86647
4,10,34.5,9335,27185,6853,0.9335,2.7185,2.91216
4,10,34.75,9332,27225,6879,0.9332,2.7225,2.91738
4,10,35,9364,26018,6649,0.9364,2.6018,2.77851
4,10,35.25,9382,25338,6418,0.9382,2.5338,2.7007
4,10,35.5,9386,25259,6424,0.9386,2.5259,2.69114
4,10,35.75,9313,28057,7088,0.9313,2.8057,3.01267
4,10,36,9322,27716,6963,0.9322,2.7716,2.97318
4,10,36.25,9362,26074,6594,0.9362,2.6074,2.78509
4,10,36.5,9345,26783,6789,0.9345,2.6783,2.86602
4,10,36.75,9330,27200,6786,0.933,2.72,2.91533
4,10,37,9342,26966,6827,0.9342,2.6966,2.88653
4,10,37.25,9342,26916,6786,0.9342,2.6916,2.88118
4,10,37.5,9309,28002,7020,0.9309,2.8002,3.00806
4,10,37.75,9296,28647,7194,0.9296,2.8647,3.08165
4,10,38,9329,27326,6891,0.9329,2.7326,2.92915
4,10,38.25,9308,28242,7126,0.9308,2.8242,3.03416
4,10,38.5,9305,28285,7163,0.9305,2.8285,3.03976
4,10,38.75,9346,26688,6723,0.9346,2.6688,2.85555
4,10,39,9330,27414,6952,0.933,2.7414,2.93826
4,10,39.25,9310,28130,7119,0.931,2.813,3.02148
4,10,39.5,9315,27898,7033,0.9315,2.7898,2.99495
4,10,39.75,9358,26299,6671,0.9358,2.6299,2.81032
4,10,40,9351,26675,6802,0.9351,2.6675,2.85264
4,11,0,200,8392,141,0.02,0.8392,41.96
4,11,0.25,211,8779,107,0.0211,0.8779,41.6066
4,11,0.5,228,9433,94,0.0228,0.9433,41.3728
4,11,0.75,228,9458,89,0.0228,0.9458,41.4825
4,11,1,239,9907,101,0.0239,0.9907,41.4519
4,11,1.25,245,10158,101,0.0245,1.0158,41.4612
4,11,1.5,277,11410,117,0.0277,1.141,41.1913
4,11,1.75,292,11987,130,0.0292,1.1987,41.0514
4,11,2,336,13620,165,0.0336,1.362,40.5357
4,11,2.25,374,15132,197,0.0374,1.5132,40.4599
4,11,2.5,398,16110,196,0.0398,1.611,40.4774
4,11,2.75,430,17273,244,0.043,1.7273,40.1698
4,11,3,490,19490,294,0.049,1.949,39.7755
4,11,3.25,541,21453,350,0.0541,2.1453,39.6543
4,11,3.5,621,24367,414,0.0621,2.4367,39.2383
4,11,3.75,717,27807,549,0.0717,2.7807,38.7824
4,11,4,847,32328,727,0.0847,3.2328,38.1677
4,11,4.25,1031,38608,985,0.1031,3.8608,37.4471
4,11,4.5,1264,45924,1414,0.1264,4.5924,36.3323
4,11,4.75,1718,59115,2417,0.1718,5.9115,34.4092
4,11,5,2477,77810,4349,0.2477,7.781,31.413
4,11,5.25,4241,101787,10103,0.4241,10.1787,24.0007
4,11,5.5,7641,77102,14995,0.7641,7.7102,10.0906
4,11,5.75,9168,33134,8194,0.9168,3.3134,3.61409
4,11,6,9280,29183,7398,0.928,2.9183,3.14472
4,11,6.25,9350,26545,6666,0.935,2.6545,2.83904
4,11,6.5,9345,26712,6728,0.9345,2.6712,2.85843
4,11,6.75,9356,26375,6685,0.9356,2.6375,2.81905
4,11,7,9349,26584,6753,0.9349,2.6584,2.84351
4,11,7.25,9321,27644,6955,0.9321,2.7644,2.96578
4,11,7.5,9319,27707,6935,0.9319,2.7707,2.97317
4,11,7.75,9327,27394,6932,0.9327,2.7394,2.93706
4,11,8,9343,26786,6783,0.9343,2.6786,2.86696
4,11,8.25,9318,27831,7029,0.9318,2.7831,2.9868
4,11,8.5,9352,26444,6653,0.9352,2.6444,2.82763
4,11,8.75,9295,28533,7147,0.9295,2.8533,3.06971
4,11,9,9328,27428,6978,0.9328,2.7428,2.94039
4,11,9.25,9310,28089,7065,0.931,2.8089,3.01708
4,11,9.5,9338,27018,6814,0.9338,2.7018,2.89334
4,11,9.75,9342,26958,6843,0.9342,2.6958,2.88568
4,11,10,9329,27333,6869,0.9329,2.7333,2.9299
4,11,10.25,9348,26656,6776,0.9348,2.6656,2.85152
4,11,10.5,9340,26966,6765,0.934,2.6966,2.88715
4,11,10.75,9355,26474,6738,0.9355,2.6474,2.82993
4,11,11,9307,28086,7080,0.9307,2.8086,3.01773
4,11,11.25,9339,26914,6826,0.9339,2.6914,2.88189
4,11,11.5,9379,25365,6447,0.9379,2.5365,2.70445
4,11,11.75,9350,26518,6724,0.935,2.6518,2.83615
4,11,12,9322,27594,6927,0.9322,2.7594,2.96009
4,11,12.25,9365,26068,6629,0.9365,2.6068,2.78356
4,11,12.5,9323,27594,6913,0.9323,2.7594,2.95978
4,11,12.75,9332,27198,6817,0.9332,2.7198,2.91449
4,11,13,9348,26661,6754,0.9348,2.6661,2.85205
4,11,13.25,9341,26862,6752,0.9341,2.6862,2.87571
4,11,13.5,9299,28479,7150,0.9299,2.8479,3.06259
4,11,13.75,9329,27360,6885,0.9329,2.736,2.93279
4,11,14,9365,26010,6581,0.9365,2.601,2.77736
4,11,14.25,9351,26540,6694,0.9351,2.654,2.8382
4,11,14.5,9323,27591,6860,0.9323,2.7591,2.95946
4,11,14.75,9323,27668,6937,0.9323,2.7668,2.96771
4,11,15,9330,27264,6860,0.933,2.7264,2.92219
4,11,15.25,9351,26550,6706,0.9351,2.655,2.83927
4,11,15.5,9305,28229,7119,0.9305,2.8229,3.03375
4,11,15.75,9327,27569,6928,0.9327,2.7569,2.95583
4,11,16,9302,28318,7106,0.9302,2.8318,3.04429
4,11,16.25,9308,28157,7075,0.9308,2.8157,3.02503
4,11,16.5,9344,26791,6759,0.9344,2.6791,2.86719
4,11,16.75,9317,27801,6976,0.9317,2.7801,2.9839
4,11,17,9380,25452,6416,0.938,2.5452,2.71343
4,11,17.25,9348,26634,6672,0.9348,2.6634,2.84917
4,11,17.5,9389,25125,6403,0.9389,2.5125,2.676
4,11,17.75,9324,27368,6832,0.9324,2.7368,2.93522
4,11,18,9295,28631,7177,0.9295,2.8631,3.08026
4,11,18.25,9361,26267,6682,0.9361,2.6267,2.806
4,11,18.5,9328,27406,6877,0.9328,2.7406,2.93804
4,11,18.75,9286,28989,7304,0.9286,2.8989,3.1218
4,11,19,9327,27410,6927,0.9327,2.741,2.93878
4,11,19.25,9318,27839,7066,0.9318,2.7839,2.98766
4,11,19.5,9354,26336,6659,0.9354,2.6336,2.81548
4,11,19.75,9346,26760,6807,0.9346,2.676,2.86326
4,11,20,9323,27534,6959,0.9323,2.7534,2.95334
4,11,20.25,9351,26582,6705,0.9351,2.6582,2.84269
4,11,20.5,9353,26475,6704,0.9353,2.6475,2.83064
4,11,20.75,9295,28637,7237,0.9295,2.8637,3.0809
4,11,21,9279,29172,7312,0.9279,2.9172,3.14387
4,11,21.25,9302,28284,7113,0.9302,2.8284,3.04064
4,11,21.5,9335,27206,6885,0.9335,2.7206,2.91441
4,11,21.75,9338,27004,6789,0.9338,2.7004,2.89184
4,11,22,9346,26731,6748,0.9346,2.6731,2.86015
4,11,22.25,9390,25166,6434,0.939,2.5166,2.68009
4,11,22.5,9351,26564,6751,0.9351,2.6564,2.84077
4,11,22.75,9307,28213,7084,0.9307,2.8213,3.03137
4,11,23,9346,26608,6704,0.9346,2.6608,2.84699
4,11,23.25,9323,27521,6934,0.9323,2.7521,2.95195
4,11,23.5,9329,27425,6887,0.9329,2.7425,2.93976
4,11,23.75,9330,27370,6927,0.933,2.737,2.93355
4,11,24,9346,26751,6777,0.9346,2.6751,2.86229
4,11,24.25,9356,26293,6649,0.9356,2.6293,2.81028
4,11,24.5,9382,25409,6452,0.9382,2.5409,2.70827
4,11,24.75,9406,24456,6244,0.9406,2.4456,2.60004
4,11,25,9294,28750,7264,0.9294,2.875,3.09339
4,11,25.25,9285,28964,7293,0.9285,2.8964,3.11944
4,11,25.5,9322,27530,6876,0.9322,2.753,2.95323
4,11,25.75,9366,25982,6606,0.9366,2.5982,2.77408
4,11,26,9348,26669,6747,0.9348,2.6669,2.85291
4,11,26.25,9356,26282,6648,0.9356,2.6282,2.80911
4,11,26.5,9334,27179,6892,0.9334,2.7179,2.91183
4,11,26.75,9370,25863,6600,0.937,2.5863,2.76019
4,11,27,9374,25678,6522,0.9374,2.5678,2.73928
4,11,27.25,9310,28087,7131,0.931,2.8087,3.01686
4,11,27.5,9273,29411,7335,0.9273,2.9411,3.17168
4,11,27.75,9360,26158,6617,0.936,2.6158,2.79466
4,11,28,9298,28501,7142,0.9298,2.8501,3.06528
4,11,28.25,9340,26938,6702,0.934,2.6938,2.88415
4,11,28.5,9350,26605,6714,0.935,2.6605,2.84545
4,11,28.75,9300,28415,7144,0.93,2.8415,3.05538
4,11,29,9382,25292,6409,0.9382,2.5292,2.6958
4,11,29.25,9308,28070,7042,0.9308,2.807,3.01569
4,11,29.5,9374,25699,6519,0.9374,2.5699,2.74152
4,11,29.75,9336,27040,6822,0.9336,2.704,2.89632
4,11,30,9298,28511,7197,0.9298,2.8511,3.06636
4,11,30.25,9350,26563,6659,0.935,2.6563,2.84096
4,11,30.5,9320,27728,6959,0.932,2.7728,2.97511
4,11,30.75,9303,28447,7193,0.9303,2.8447,3.05783
4,11,31,9328,27294,6876,0.9328,2.7294,2.92603
4,11,31.25,9320,27709,6987,0.932,2.7709,2.97307
4,11,31.5,9302,28309,7106,0.9302,2.8309,3.04332
4,11,31.75,9324,27506,6910,0.9324,2.7506,2.95002
4,11,32,9308,28176,7095,0.9308,2.8176,3.02707
4,11,32.25,9341,26821,6736,0.9341,2.6821,2.87132
4,11,32.5,9360,26188,6578,0.936,2.6188,2.79786
4,11,32.75,9357,26327,6619,0.9357,2.6327,2.81362
4,11,33,9317,27813,6988,0.9317,2.7813,2.98519
4,11,33.25,9352,26478,6685,0.9352,2.6478,2.83127
4,11,33.5,9311,28101,7107,0.9311,2.8101,3.01804
4,11,33.75,9275,29460,7377,0.9275,2.946,3.17628
4,11,34,9311,27975,7017,0.9311,2.7975,3.00451
4,11,34.25,9378,25453,6479,0.9378,2.5453,2.71412
4,11,34.5,9309,28168,7085,0.9309,2.8168,3.02589
4,11,34.75,9365,26076,6624,0.9365,2.6076,2.78441
4,11,35,9348,26597,6705,0.9348,2.6597,2.84521
4,11,35.25,9281,29223,7358,0.9281,2.9223,3.14869
4,11,35.5,9310,28123,7121,0.931,2.8123,3.02073
4,11,35.75,9319,27812,7058,0.9319,2.7812,2.98444
4,11,36,9374,25598,6457,0.9374,2.5598,2.73074
4,11,36.25,9354,26325,6640,0.9354,2.6325,2.8143
4,11,36.5,9369,25903,6539,0.9369,2.5903,2.76476
4,11,36.75,9357,26291,6642,0.9357,2.6291,2.80977
4,11,37,9359,26161,6584,0.9359,2.6161,2.79528
4,11,37.25,9298,28531,7124,0.9298,2.8531,3.06851
4,11,37.5,9325,27512,6968,0.9325,2.7512,2.95035
4,11,37.75,9341,26981,6808,0.9341,2.6981,2.88845
4,11,38,9331,27317,6930,0.9331,2.7317,2.92755
4,11,38.25,9340,26971,6831,0.934,2.6971,2.88769
4,11,38.5,9302,28420,7217,0.9302,2.842,3.05526
4,11,38.75,9288,28749,7155,0.9288,2.8749,3.09528
4,11,39,9365,26080,6627,0.9365,2.608,2.78484
4,11,39.25,9368,25811,6529,0.9368,2.5811,2.75523
4,11,39.5,9369,25847,6530,0.9369,2.5847,2.75878
4,11,39.75,9302,28403,7137,0.9302,2.8403,3.05343
4,11,40,9350,26637,6727,0.935,2.6637,2.84888
4,12,0,200,8405,144,0.02,0.8405,42.025
4,12,0.25,212,8854,114,0.0212,0.8854,41.7642
4,12,0.5,222,9249,94,0.0222,0.9249,41.6622
4,12,0.75,227,9424,90,0.0227,0.9424,41.5154
4,12,1,242,10017,102,0.0242,1.0017,41.3926
4,12,1.25,269,11077,115,0.0269,1.1077,41.1784
4,12,1.5,256,10584,95,0.0256,1.0584,41.3438
4,12,1.75,273,11233,99,0.0273,1.1233,41.1465
4,12,2,284,11663,122,0.0284,1.1663,41.0669
4,12,2.25,285,11746,121,0.0285,1.1746,41.214
4,12,2.5,283,11639,115,0.0283,1.1639,41.1272
4,12,2.75,291,11951,122,0.0291,1.1951,41.0687
4,12,3,297,12188,146,0.0297,1.2188,41.037
4,12,3.25,307,12649,136,0.0307,1.2649,41.202
4,12,3.5,338,13834,143,0.0338,1.3834,40.929
4,12,3.75,359,14664,169,0.0359,1.4664,40.8468
4,12,4,359,14623,163,0.0359,1.4623,40.7326
4,12,4.25,377,15368,185,0.0377,1.5368,40.7639
4,12,4.5,412,16640,212,0.0412,1.664,40.3883
4,12,4.75,442,17800,277,0.0442,1.78,40.2715
4,12,5,508,20281,303,0.0508,2.0281,39.9232
4,12,5.25,590,23244,364,0.059,2.3244,39.3966
4,12,5.5,667,26087,464,0.0667,2.6087,39.1109
4,12,5.75,744,28918,573,0.0744,2.8918,38.8683
4,12,6,890,33985,775,0.089,3.3985,38.1854
4,12,6.25,1101,40999,1053,0.1101,4.0999,37.238
4,12,6.5,1370,49535,1587,0.137,4.9535,36.1569
4,12,6.75,1823,62002,2642,0.1823,6.2002,34.011
4,12,7,2737,82709,5202,0.2737,8.2709,30.2189
4,12,7.25,4929,104701,12044,0.4929,10.4701,21.2418
4,12,7.5,8339,59800,12989,0.8339,5.98,7.17112
4,12,7.75,9323,27470,6880,0.9323,2.747,2.94648
4,12,8,9316,27889,7026,0.9316,2.7889,2.99367
4,12,8.25,9333,27267,6882,0.9333,2.7267,2.92157
4,12,8.5,9337,27187,6877,0.9337,2.7187,2.91175
4,12,8.75,9362,26135,6648,0.9362,2.6135,2.7916
4,12,9,9355,26359,6653,0.9355,2.6359,2.81764
4,12,9.25,9346,26745,6752,0.9346,2.6745,2.86165
4,12,9.5,9367,25887,6575,0.9367,2.5887,2.76364
4,12,9.75,9376,25600,6496,0.9376,2.56,2.73038
4,12,10,9318,27767,6948,0.9318,2.7767,2.97993
4,12,10.25,9364,26074,6675,0.9364,2.6074,2.78449
4,12,10.5,9327,27395,6917,0.9327,2.7395,2.93717
4,12,10.75,9332,27221,6825,0.9332,2.7221,2.91695
4,12,11,9380,25414,6437,0.938,2.5414,2.70938
4,12,11.25,9315,27877,6968,0.9315,2.7877,2.9927
4,12,11.5,9304,28250,7059,0.9304,2.825,3.03633
4,12,11.75,9347,26628,6765,0.9347,2.6628,2.84883
4,12,12,9312,27991,7056,0.9312,2.7991,3.00591
4,12,12.25,9367,25868,6498,0.9367,2.5868,2.76161
4,12,12.5,9340,26947,6797,0.934,2.6947,2.88512
4,12,12.75,9305,28253,7128,0.9305,2.8253,3.03632
4,12,13,9279,29324,7368,0.9279,2.9324,3.16025
4,12,13.25,9345,26740,6744,0.9345,2.674,2.86142
4,12,13.5,9360,26113,6609,0.936,2.6113,2.78985
4,12,13.75,9345,26756,6761,0.9345,2.6756,2.86314
4,12,14,9335,27190,6873,0.9335,2.719,2.91269
4,12,14.25,9389,25041,6312,0.9389,2.5041,2.66706
4,12,14.5,9343,26878,6779,0.9343,2.6878,2.87681
4,12,14.75,9377,25497,6453,0.9377,2.5497,2.7191
4,12,15,9343,26826,6748,0.9343,2.6826,2.87124
4,12,15.25,9364,25944,6536,0.9364,2.5944,2.77061
4,12,15.5,9382,25363,6462,0.9382,2.5363,2.70337
4,12,15.75,9381,25498,6510,0.9381,2.5498,2.71805
4,12,16,9358,26287,6631,0.9358,2.6287,2.80904
4,12,16.25,9329,27375,6884,0.9329,2.7375,2.9344
4,12,16.5,9321,27604,7025,0.9321,2.7604,2.96148
4,12,16.75,9298,28516,7146,0.9298,2.8516,3.0669
4,12,17,9328,27514,6959,0.9328,2.7514,2.94961
4,12,17.25,9327,27452,6928,0.9327,2.7452,2.94328
4,12,17.5,9330,27357,6925,0.933,2.7357,2.93215
4,12,17.75,9366,25919,6576,0.9366,2.5919,2.76735
4,12,18,9341,26843,6842,0.9341,2.6843,2.87368
4,12,18.25,9327,27444,6908,0.9327,2.7444,2.94243
4,12,18.5,9322,27707,7001,0.9322,2.7707,2.97222
4,12,18.75,9352,26401,6660,0.9352,2.6401,2.82303
4,12,19,9328,27445,6909,0.9328,2.7445,2.94222
4,12,19.25,9299,28499,7176,0.9299,2.8499,3.06474
4,12,19.5,9324,27622,6968,0.9324,2.7622,2.96246
4,12,19.75,9271,29510,7416,0.9271,2.951,3.18304
4,12,20,9349,26600,6710,0.9349,2.66,2.84522
4,12,20.25,9362,26136,6645,0.9362,2.6136,2.79171
4,12,20.5,9331,27251,6819,0.9331,2.7251,2.92048
4,12,20.75,9322,27676,7004,0.9322,2.7676,2.96889
4,12,21,9339,27034,6856,0.9339,2.7034,2.89474
4,12,21.25,9383,25322,6432,0.9383,2.5322,2.69871
4,12,21.5,9354,26416,6696,0.9354,2.6416,2.82403
4,12,21.75,9322,27571,6931,0.9322,2.7571,2.95763
4,12,22,9314,27948,7052,0.9314,2.7948,3.00064
4,12,22.25,9329,27326,6836,0.9329,2.7326,2.92915
4,12,22.5,9313,27979,7057,0.9313,2.7979,3.0043
4,12,22.75,9368,25899,6531,0.9368,2.5899,2.76462
4,12,23,9354,26324,6623,0.9354,2.6324,2.8142
4,12,23.25,9363,26081,6608,0.9363,2.6081,2.78554
4,12,23.5,9316,27841,7023,0.9316,2.7841,2.98851
4,12,23.75,9341,26876,6783,0.9341,2.6876,2.87721
4,12,24,9352,26537,6724,0.9352,2.6537,2.83757
4,12,24.25,9335,27173,6872,0.9335,2.7173,2.91087
4,12,24.5,9309,28171,7089,0.9309,2.8171,3.02621
4,12,24.75,9344,26681,6694,0.9344,2.6681,2.85542
4,12,25,9310,28107,7088,0.931,2.8107,3.01901
4,12,25.25,9308,28267,7114,0.9308,2.8267,3.03685
4,12,25.5,9309,28084,7067,0.9309,2.8084,3.01687
4,12,25.75,9353,26503,6679,0.9353,2.6503,2.83364
4,12,26,9359,26261,6662,0.9359,2.6261,2.80596
4,12,26.25,9295,28744,7252,0.9295,2.8744,3.09242
4,12,26.5,9342,26807,6772,0.9342,2.6807,2.86951
4,12,26.75,9318,27813,6956,0.9318,2.7813,2.98487
4,12,27,9327,27380,6874,0.9327,2.738,2.93556
4,12,27.25,9337,27108,6894,0.9337,2.7108,2.90329
4,12,27.5,9331,27312,6907,0.9331,2.7312,2.92702
4,12,27.75,9332,27258,6831,0.9332,2.7258,2.92092
4,12,28,9331,27360,6899,0.9331,2.736,2.93216
4,12,28.25,9299,28504,7154,0.9299,2.8504,3.06528
4,12,28.5,9358,26229,6597,0.9358,2.6229,2.80284
4,12,28.75,9339,26943,6848,0.9339,2.6943,2.885
4,12,29,9347,26639,6734,0.9347,2.6639,2.85001
4,12,29.25,9321,27641,6999,0.9321,2.7641,2.96545
4,12,29.5,9352,26629,6816,0.9352,2.6629,2.84741
4,12,29.75,9339,26992,6847,0.9339,2.6992,2.89025
4,12,30,9352,26339,6590,0.9352,2.6339,2.8164
4,12,30.25,9316,27857,7012,0.9316,2.7857,2.99023
4,12,30.5,9355,26354,6656,0.9355,2.6354,2.8171
4,12,30.75,9284,28988,7268,0.9284,2.8988,3.12236
4,12,31,9342,26775,6747,0.9342,2.6775,2.86609
4,12,31.25,9325,27540,6875,0.9325,2.754,2.95335
4,12,31.5,9357,26373,6715,0.9357,2.6373,2.81853
4,12,31.75,9354,26436,6655,0.9354,2.6436,2.82617
4,12,32,9388,25121,6404,0.9388,2.5121,2.67586
4,12,32.25,9368,25826,6539,0.9368,2.5826,2.75683
4,12,32.5,9357,26360,6709,0.9357,2.636,2.81714
4,12,32.75,9327,27344,6859,0.9327,2.7344,2.9317
4,12,33,9313,27938,7054,0.9313,2.7938,2.99989
4,12,33.25,9254,30128,7449,0.9254,3.0128,3.25567
4,12,33.5,9369,25805,6458,0.9369,2.5805,2.7543
4,12,33.75,9265,29796,7496,0.9265,2.9796,3.21597
4,12,34,9325,27629,7025,0.9325,2.7629,2.9629
4,12,34.25,9342,26838,6777,0.9342,2.6838,2.87283
4,12,34.5,9333,27248,6892,0.9333,2.7248,2.91953
4,12,34.75,9369,25906,6549,0.9369,2.5906,2.76508
4,12,35,9339,27046,6890,0.9339,2.7046,2.89603
4,12,35.25,9343,26790,6775,0.9343,2.679,2.86739
4,12,35.5,9336,27078,6783,0.9336,2.7078,2.90039
4,12,35.75,9302,28320,7119,0.9302,2.832,3.04451
4,12,36,9297,28539,7193,0.9297,2.8539,3.0697
4,12,36.25,9296,28500,7124,0.9296,2.85,3.06583
4,12,36.5,9342,26871,6796,0.9342,2.6871,2.87636
4,12,36.75,9373,25672,6510,0.9373,2.5672,2.73893
4,12,37,9319,27649,6974,0.9319,2.7649,2.96695
4,12,37.25,9272,29437,7309,0.9272,2.9437,3.17483
4,12,37.5,9346,26713,6718,0.9346,2.6713,2.85823
4,12,37.75,9376,25583,6485,0.9376,2.5583,2.72856
4,12,38,9371,25826,6582,0.9371,2.5826,2.75595
4,12,38.25,9306,28205,7103,0.9306,2.8205,3.03084
4,12,38.5,9372,25698,6518,0.9372,2.5698,2.742
4,12,38.75,9339,26990,6817,0.9339,2.699,2.89003
4,12,39,9327,27533,7040,0.9327,2.7533,2.95197
4,12,39.25,9370,25847,6561,0.937,2.5847,2.75848
4,12,39.5,9322,27552,6899,0.9322,2.7552,2.95559
4,12,39.75,9385,25241,6400,0.9385,2.5241,2.6895
4,12,40,9317,27737,6950,0.9317,2.7737,2.97703
4,13,0,200,8410,146,0.02,0.841,42.05
4,13,0.25,237,9818,108,0.0237,0.9818,41.4262
4,13,0.5,250,10325,117,0.025,1.0325,41.3
4,13,0.75,280,11542,123,0.028,1.1542,41.2214
4,13,1,286,11711,106,0.0286,1.1711,40.9476
4,13,1.25,280,11501,115,0.028,1.1501,41.075
4,13,1.5,313,12759,133,0.0313,1.2759,40.7636
4,13,1.75,315,12872,160,0.0315,1.2872,40.8635
4,13,2,325,13216,152,0.0325,1.3216,40.6646
4,13,2.25,356,14449,181,0.0356,1.4449,40.5871
4,13,2.5,359,14633,181,0.0359,1.4633,40.7604
4,13,2.75,386,15674,204,0.0386,1.5674,40.6062
4,13,3,433,17384,232,0.0433,1.7384,40.1478
4,13,3.25,490,19494,281,0.049,1.9494,39.7837
4,13,3.5,555,21977,331,0.0555,2.1977,39.5982
4,13,3.75,652,25482,432,0.0652,2.5482,39.0828
4,13,4,769,29760,576,0.0769,2.976,38.6996
4,13,4.25,878,33600,748,0.0878,3.36,38.2688
4,13,4.5,1076,40234,1057,0.1076,4.0234,37.3922
4,13,4.75,1350,48633,1579,0.135,4.8633,36.0244
4,13,5,1819,61778,2594,0.1819,6.1778,33.9626
4,13,5.25,2775,83394,5346,0.2775,8.3394,30.0519
4,13,5.5,4952,104752,12187,0.4952,10.4752,21.1535
4,13,5.75,8365,58876,12765,0.8365,5.8876,7.03837
4,13,6,9257,30032,7507,0.9257,3.0032,3.24425
4,13,6.25,9342,26909,6815,0.9342,2.6909,2.88043
4,13,6.5,9341,26920,6788,0.9341,2.692,2.88192
4,13,6.75,9365,25926,6548,0.9365,2.5926,2.76839
4,13,7,9361,26091,6599,0.9361,2.6091,2.7872
4,13,7.25,9369,25801,6538,0.9369,2.5801,2.75387
4,13,7.5,9331,27311,6882,0.9331,2.7311,2.92691
4,13,7.75,9320,27784,7069,0.932,2.7784,2.98112
4,13,8,9347,26603,6698,0.9347,2.6603,2.84615
4,13,8.25,9356,26287,6626,0.9356,2.6287,2.80964
4,13,8.5,9332,27212,6908,0.9332,2.7212,2.91599
4,13,8.75,9306,28199,7078,0.9306,2.8199,3.0302
4,13,9,9325,27519,6958,0.9325,2.7519,2.9511
4,13,9.25,9317,27747,6934,0.9317,2.7747,2.9781
4,13,9.5,9356,26265,6599,0.9356,2.6265,2.80729
4,13,9.75,9348,26548,6675,0.9348,2.6548,2.83997
4,13,10,9322,27616,6988,0.9322,2.7616,2.96245
4,13,10.25,9307,28260,7107,0.9307,2.826,3.03642
4,13,10.5,9383,25394,6405,0.9383,2.5394,2.70638
4,13,10.75,9354,26351,6676,0.9354,2.6351,2.81708
4,13,11,9346,26764,6751,0.9346,2.6764,2.86368
4,13,11.25,9299,28432,7167,0.9299,2.8432,3.05753
4,13,11.5,9360,26115,6602,0.936,2.6115,2.79006
4,13,11.75,9357,26392,6716,0.9357,2.6392,2.82056
4,13,12,9289,28751,7229,0.9289,2.8751,3.09517
4,13,12.25,9275,29391,7402,0.9275,2.9391,3.16884
4,13,12.5,9345,26658,6692,0.9345,2.6658,2.85265
4,13,12.75,9319,27731,6956,0.9319,2.7731,2.97575
4,13,13,9326,27630,6998,0.9326,2.763,2.96268
4,13,13.25,9327,27474,6958,0.9327,2.7474,2.94564
4,13,13.5,9319,27682,6982,0.9319,2.7682,2.97049
4,13,13.75,9350,26627,6743,0.935,2.6627,2.84781
4,13,14,9339,26900,6816,0.9339,2.69,2.88039
4,13,14.25,9310,28014,7019,0.931,2.8014,3.00902
4,13,14.5,9385,25195,6359,0.9385,2.5195,2.6846
4,13,14.75,9350,26554,6744,0.935,2.6554,2.84
4,13,15,9298,28560,7180,0.9298,2.856,3.07163
4,13,15.25,9388,25197,6380,0.9388,2.5197,2.68396
4,13,15.5,9339,27168,6927,0.9339,2.7168,2.90909
4,13,15.75,9392,24996,6314,0.9392,2.4996,2.66141
4,13,16,9364,25961,6598,0.9364,2.5961,2.77243
4,13,16.25,9365,26037,6624,0.9365,2.6037,2.78025
4,13,16.5,9336,27083,6797,0.9336,2.7083,2.90092
4,13,16.75,9348,26548,6733,0.9348,2.6548,2.83997
4,13,17,9365,25938,6541,0.9365,2.5938,2.76967
4,13,17.25,9375,25700,6512,0.9375,2.57,2.74133
4,13,17.5,9370,25800,6580,0.937,2.58,2.75347
4,13,17.75,9302,28390,7158,0.9302,2.839,3.05203
4,13,18,9350,26465,6699,0.935,2.6465,2.83048
4,13,18.25,9343,26815,6767,0.9343,2.6815,2.87006
4,13,18.5,9331,27226,6857,0.9331,2.7226,2.9178
4,13,18.75,9321,27664,6889,0.9321,2.7664,2.96792
4,13,19,9322,27652,6976,0.9322,2.7652,2.96632
4,13,19.25,9350,26584,6731,0.935,2.6584,2.84321
4,13,19.5,9332,27252,6867,0.9332,2.7252,2.92027
4,13,19.75,9345,26804,6767,0.9345,2.6804,2.86827
4,13,20,9332,27224,6886,0.9332,2.7224,2.91727
4,13,20.25,9301,28384,7126,0.9301,2.8384,3.05171
4,13,20.5,9343,26850,6780,0.9343,2.685,2.87381
4,13,20.75,9349,26541,6732,0.9349,2.6541,2.83891
4,13,21,9304,28275,7104,0.9304,2.8275,3.03902
4,13,21.25,9282,29131,7297,0.9282,2.9131,3.13844
4,13,21.5,9339,27006,6849,0.9339,2.7006,2.89174
4,13,21.75,9375,25666,6518,0.9375,2.5666,2.73771
4,13,22,9348,26655,6748,0.9348,2.6655,2.85141
4,13,22.25,9318,27656,6903,0.9318,2.7656,2.96802
4,13,22.5,9319,27741,6930,0.9319,2.7741,2.97682
4,13,22.75,9340,26893,6766,0.934,2.6893,2.87934
4,13,23,9292,28764,7212,0.9292,2.8764,3.09557
4,13,23.25,9309,28132,7087,0.9309,2.8132,3.02202
4,13,23.5,9334,27163,6845,0.9334,2.7163,2.91011
4,13,23.75,9320,27739,7007,0.932,2.7739,2.97629
4,13,24,9293,28750,7238,0.9293,2.875,3.09373
4,13,24.25,9383,25285,6434,0.9383,2.5285,2.69477
4,13,24.5,9346,26713,6813,0.9346,2.6713,2.85823
4,13,24.75,9327,27462,6947,0.9327,2.7462,2.94436
4,13,25,9363,26127,6630,0.9363,2.6127,2.79045
4,13,25.25,9349,26550,6657,0.9349,2.655,2.83988
4,13,25.5,9297,28534,7139,0.9297,2.8534,3.06916
4,13,25.75,9365,25982,6576,0.9365,2.5982,2.77437
4,13,26,9324,27496,6943,0.9324,2.7496,2.94895
4,13,26.25,9315,27920,7024,0.9315,2.792,2.99732
4,13,26.5,9325,27537,6953,0.9325,2.7537,2.95303
4,13,26.75,9309,28158,7123,0.9309,2.8158,3.02481
4,13,27,9319,27724,6959,0.9319,2.7724,2.975
4,13,27.25,9317,27830,7038,0.9317,2.783,2.98701
4,13,27.5,9358,26335,6654,0.9358,2.6335,2.81417
4,13,27.75,9365,26140,6626,0.9365,2.614,2.79124
4,13,28,9347,26670,6654,0.9347,2.667,2.85332
4,13,28.25,9340,27068,6883,0.934,2.7068,2.89807
4,13,28.5,9340,26925,6782,0.934,2.6925,2.88276
4,13,28.75,9315,27962,7045,0.9315,2.7962,3.00183
4,13,29,9386,25223,6421,0.9386,2.5223,2.6873
4,13,29.25,9308,28234,7137,0.9308,2.8234,3.0333
4,13,29.5,9324,27553,6950,0.9324,2.7553,2.95506
4,13,29.75,9373,25757,6557,0.9373,2.5757,2.748
4,13,30,9292,28826,7260,0.9292,2.8826,3.10224
4,13,30.25,9315,27838,6989,0.9315,2.7838,2.98851
4,13,30.5,9300,28434,7196,0.93,2.8434,3.05742
4,13,30.75,9305,28322,7102,0.9305,2.8322,3.04374
4,13,31,9350,26621,6711,0.935,2.6621,2.84717
4,13,31.25,9364,25999,6562,0.9364,2.5999,2.77648
4,13,31.5,9352,26541,6714,0.9352,2.6541,2.838
4,13,31.75,9377,25528,6491,0.9377,2.5528,2.72241
4,13,32,9342,26936,6828,0.9342,2.6936,2.88332
4,13,32.25,9313,28012,7047,0.9313,2.8012,3.00784
4,13,32.5,9351,26595,6763,0.9351,2.6595,2.84408
4,13,32.75,9364,25925,6526,0.9364,2.5925,2.76858
4,13,33,9305,28296,7114,0.9305,2.8296,3.04095
4,13,33.25,9316,27876,7049,0.9316,2.7876,2.99227
4,13,33.5,9336,27081,6824,0.9336,2.7081,2.90071
4,13,33.75,9323,27625,6968,0.9323,2.7625,2.9631
4,13,34,9345,26734,6722,0.9345,2.6734,2.86078
4,13,34.25,9287,28891,7176,0.9287,2.8891,3.11091
4,13,34.5,9290,28861,7266,0.929,2.8861,3.10667
4,13,34.75,9366,25945,6565,0.9366,2.5945,2.77013
4,13,35,9296,28627,7181,0.9296,2.8627,3.0795
4,13,35.25,9335,27118,6852,0.9335,2.7118,2.90498
4,13,35.5,9329,27450,6956,0.9329,2.745,2.94244
4,13,35.75,9366,26007,6596,0.9366,2.6007,2.77675
4,13,36,9335,27134,6843,0.9335,2.7134,2.9067
4,13,36.25,9301,28441,7174,0.9301,2.8441,3.05784
4,13,36.5,9330,27310,6903,0.933,2.731,2.92712
4,13,36.75,9372,25783,6504,0.9372,2.5783,2.75107
4,13,37,9407,24349,6155,0.9407,2.4349,2.58839
4,13,37.25,9396,24888,6339,0.9396,2.4888,2.64879
4,13,37.5,9357,26345,6631,0.9357,2.6345,2.81554
4,13,37.75,9319,27735,6994,0.9319,2.7735,2.97618
4,13,38,9281,29118,7272,0.9281,2.9118,3.13738
4,13,38.25,9329,27305,6878,0.9329,2.7305,2.92689
4,13,38.5,9289,28850,7190,0.9289,2.885,3.10582
4,13,38.75,9321,27653,6914,0.9321,2.7653,2.96674
4,13,39,9344,26890,6816,0.9344,2.689,2.87778
4,13,39.25,9344,26729,6730,0.9344,2.6729,2.86055
4,13,39.5,9320,27756,7013,0.932,2.7756,2.97811
4,13,39.75,9263,29887,7447,0.9263,2.9887,3.22649
4,13,40,9290,28869,7235,0.929,2.8869,3.10753
4,14,0,200,8421,141,0.02,0.8421,42.105
4,14,0.25,202,8410,89,0.0202,0.841,41.6337
4,14,0.5,226,9290,96,0.0226,0.929,41.1062
4,14,0.75,247,10148,103,0.0247,1.0148,41.085
4,14,1,270,11099,120,0.027,1.1099,41.1074
4,14,1.25,291,11914,123,0.0291,1.1914,40.9416
4,14,1.5,310,12686,138,0.031,1.2686,40.9226
4,14,1.75,316,12921,152,0.0316,1.2921,40.8892
4,14,2,344,13961,157,0.0344,1.3961,40.5843
4,14,2.25,354,14401,180,0.0354,1.4401,40.6808
4,14,2.5,365,14825,194,0.0365,1.4825,40.6164
4,14,2.75,385,15615,178,0.0385,1.5615,40.5584
4,14,3,409,16476,220,0.0409,1.6476,40.2836
4,14,3.25,448,17995,239,0.0448,1.7995,40.1674
4,14,3.5,469,18745,292,0.0469,1.8745,39.968
4,14,3.75,517,20536,315,0.0517,2.0536,39.7215
4,14,4,583,22949,372,0.0583,2.2949,39.3636
4,14,4.25,697,27087,495,0.0697,2.7087,38.8623
4,14,4.5,868,33032,768,0.0868,3.3032,38.0553
4,14,4.75,1053,39326,1057,0.1053,3.9326,37.3466
4,14,5,1384,49410,1657,0.1384,4.941,35.7009
4,14,5.25,1912,64086,2899,0.1912,6.4086,33.5178
4,14,5.5,2984,87030,6109,0.2984,8.703,29.1655
4,14,5.75,5401,103756,13321,0.5401,10.3756,19.2105
4,14,6,8493,55118,12318,0.8493,5.5118,6.48982
4,14,6.25,9263,29783,7383,0.9263,2.9783,3.21527
4,14,6.5,9411,24247,6157,0.9411,2.4247,2.57645
4,14,6.75,9389,25145,6419,0.9389,2.5145,2.67813
4,14,7,9367,25980,6636,0.9367,2.598,2.77357
4,14,7.25,9311,28121,7097,0.9311,2.8121,3.02019
4,14,7.5,9357,26284,6668,0.9357,2.6284,2.80902
4,14,7.75,9357,26359,6687,0.9357,2.6359,2.81704
4,14,8,9356,26399,6671,0.9356,2.6399,2.82161
4,14,8.25,9345,26881,6831,0.9345,2.6881,2.87651
4,14,8.5,9340,26906,6804,0.934,2.6906,2.88073
4,14,8.75,9318,27725,7006,0.9318,2.7725,2.97542
4,14,9,9356,26371,6735,0.9356,2.6371,2.81862
4,14,9.25,9275,29451,7343,0.9275,2.9451,3.17531
4,14,9.5,9282,29167,7259,0.9282,2.9167,3.14232
4,14,9.75,9311,28154,7138,0.9311,2.8154,3.02374
4,14,10,9324,27563,6989,0.9324,2.7563,2.95613
4,14,10.25,9316,27865,6975,0.9316,2.7865,2.99109
4,14,10.5,9309,28081,7053,0.9309,2.8081,3.01654
4,14,10.75,9347,26641,6737,0.9347,2.6641,2.85022
4,14,11,9341,26945,6806,0.9341,2.6945,2.88459
4,14,11.25,9303,28339,7117,0.9303,2.8339,3.04622
4,14,11.5,9376,25586,6529,0.9376,2.5586,2.72888
4,14,11.75,9368,25911,6603,0.9368,2.5911,2.76591
4,14,12,9326,27509,6942,0.9326,2.7509,2.94971
4,14,12.25,9352,26510,6689,0.9352,2.651,2.83469
4,14,12.5,9303,28277,7057,0.9303,2.8277,3.03956
4,14,12.75,9325,27524,6884,0.9325,2.7524,2.95164
4,14,13,9313,27984,7045,0.9313,2.7984,3.00483
4,14,13.25,9267,29587,7335,0.9267,2.9587,3.19273
4,14,13.5,9336,27115,6854,0.9336,2.7115,2.90435
4,14,13.75,9374,25719,6563,0.9374,2.5719,2.74365
4,14,14,9308,28147,7124,0.9308,2.8147,3.02396
4,14,14.25,9367,25858,6545,0.9367,2.5858,2.76054
4,14,14.5,9307,28169,7097,0.9307,2.8169,3.02665
4,14,14.75,9355,26467,6703,0.9355,2.6467,2.82918
4,14,15,9262,29832,7458,0.9262,2.9832,3.2209
4,14,15.25,9361,26273,6686,0.9361,2.6273,2.80664
4,14,15.5,9344,26833,6780,0.9344,2.6833,2.87168
4,14,15.75,9327,27526,6966,0.9327,2.7526,2.95122
4,14,16,9363,26004,6513,0.9363,2.6004,2.77731
4,14,16.25,9351,26517,6679,0.9351,2.6517,2.83574
4,14,16.5,9341,26867,6762,0.9341,2.6867,2.87624
4,14,16.75,9351,26468,6670,0.9351,2.6468,2.8305
4,14,17,9315,27833,6954,0.9315,2.7833,2.98798
4,14,17.25,9317,27722,6959,0.9317,2.7722,2.97542
4,14,17.5,9340,26969,6835,0.934,2.6969,2.88747
4,14,17.75,9278,29373,7349,0.9278,2.9373,3.16588
4,14,18,9333,27132,6832,0.9333,2.7132,2.9071
4,14,18.25,9387,25193,6414,0.9387,2.5193,2.68382
4,14,18.5,9359,26188,6590,0.9359,2.6188,2.79816
4,14,18.75,9324,27506,6910,0.9324,2.7506,2.95002
4,14,19,9312,27922,7045,0.9312,2.7922,2.9985
4,14,19.25,9344,26724,6738,0.9344,2.6724,2.86002
4,14,19.5,9363,26003,6555,0.9363,2.6003,2.77721
4,14,19.75,9333,27192,6891,0.9333,2.7192,2.91353
4,14,20,9321,27534,6867,0.9321,2.7534,2.95397
4,14,20.25,9348,26534,6690,0.9348,2.6534,2.83847
4,14,20.5,9374,25589,6505,0.9374,2.5589,2.72978
4,14,20.75,9331,27247,6897,0.9331,2.7247,2.92005
4,14,21,9327,27367,6893,0.9327,2.7367,2.93417
4,14,21.25,9355,26257,6619,0.9355,2.6257,2.80673
4,14,21.5,9320,27712,6992,0.932,2.7712,2.97339
4,14,21.75,9397,24760,6321,0.9397,2.476,2.63488
4,14,22,9358,26247,6689,0.9358,2.6247,2.80477
4,14,22.25,9341,26909,6745,0.9341,2.6909,2.88074
4,14,22.5,9331,27263,6895,0.9331,2.7263,2.92177
4,14,22.75,9359,26237,6594,0.9359,2.6237,2.8034
4,14,23,9347,26657,6739,0.9347,2.6657,2.85193
4,14,23.25,9332,27259,6872,0.9332,2.7259,2.92102
4,14,23.5,9333,27171,6848,0.9333,2.7171,2.91128
4,14,23.75,9259,29943,7437,0.9259,2.9943,3.23393
4,14,24,9362,26178,6682,0.9362,2.6178,2.7962
4,14,24.25,9353,26392,6708,0.9353,2.6392,2.82177
4,14,24.5,9367,25957,6579,0.9367,2.5957,2.77111
4,14,24.75,9360,26182,6630,0.936,2.6182,2.79722
4,14,25,9378,25448,6450,0.9378,2.5448,2.71358
4,14,25.25,9310,28098,7079,0.931,2.8098,3.01805
4,14,25.5,9340,26920,6781,0.934,2.692,2.88223
4,14,25.75,9304,28329,7115,0.9304,2.8329,3.04482
4,14,26,9335,27063,6777,0.9335,2.7063,2.89909
4,14,26.25,9372,25742,6506,0.9372,2.5742,2.74669
4,14,26.5,9368,25910,6541,0.9368,2.591,2.7658
4,14,26.75,9350,26469,6692,0.935,2.6469,2.83091
4,14,27,9369,25776,6527,0.9369,2.5776,2.7512
4,14,27.25,9279,29332,7415,0.9279,2.9332,3.16112
4,14,27.5,9339,27002,6795,0.9339,2.7002,2.89132
4,14,27.75,9349,26604,6769,0.9349,2.6604,2.84565
4,14,28,9377,25475,6412,0.9377,2.5475,2.71675
4,14,28.25,9310,28066,7075,0.931,2.8066,3.01461
4,14,28.5,9337,27055,6808,0.9337,2.7055,2.89761
4,14,28.75,9282,29112,7285,0.9282,2.9112,3.13639
4,14,29,9349,26589,6706,0.9349,2.6589,2.84405
4,14,29.25,9332,27246,6867,0.9332,2.7246,2.91963
4,14,29.5,9338,27119,6803,0.9338,2.7119,2.90416
4,14,29.75,9355,26379,6649,0.9355,2.6379,2.81978
4,14,30,9301,28376,7070,0.9301,2.8376,3.05085
4,14,30.25,9310,28132,7109,0.931,2.8132,3.0217
4,14,30.5,9330,27277,6881,0.933,2.7277,2.92358
4,14,30.75,9344,26778,6763,0.9344,2.6778,2.8658
4,14,31,9356,26370,6651,0.9356,2.637,2.81851
4,14,31.25,9374,25666,6516,0.9374,2.5666,2.738
4,14,31.5,9308,28086,6997,0.9308,2.8086,3.0174
4,14,31.75,9373,25667,6494,0.9373,2.5667,2.7384
4,14,32,9336,26954,6735,0.9336,2.6954,2.8871
4,14,32.25,9283,29085,7291,0.9283,2.9085,3.13315
4,14,32.5,9330,27251,6809,0.933,2.7251,2.92079
4,14,32.75,9339,27032,6833,0.9339,2.7032,2.89453
4,14,33,9327,27471,6899,0.9327,2.7471,2.94532
4,14,33.25,9366,26016,6584,0.9366,2.6016,2.77771
4,14,33.5,9349,26586,6719,0.9349,2.6586,2.84373
4,14,33.75,9322,27581,6959,0.9322,2.7581,2.9587
4,14,34,9358,26210,6619,0.9358,2.621,2.80081
4,14,34.25,9381,25422,6432,0.9381,2.5422,2.70995
4,14,34.5,9343,26698,6716,0.9343,2.6698,2.85754
4,14,34.75,9369,25895,6546,0.9369,2.5895,2.7639
4,14,35,9339,27136,6932,0.9339,2.7136,2.90566
4,14,35.25,9354,26422,6721,0.9354,2.6422,2.82467
4,14,35.5,9358,26262,6662,0.9358,2.6262,2.80637
4,14,35.75,9360,26257,6719,0.936,2.6257,2.80524
4,14,36,9305,28266,7108,0.9305,2.8266,3.03772
4,14,36.25,9348,26643,6744,0.9348,2.6643,2.85013
4,14,36.5,9299,28556,7211,0.9299,2.8556,3.07087
4,14,36.75,9356,26450,6735,0.9356,2.645,2.82706
4,14,37,9375,25677,6472,0.9375,2.5677,2.73888
4,14,37.25,9342,26929,6801,0.9342,2.6929,2.88257
4,14,37.5,9327,27443,6955,0.9327,2.7443,2.94232
4,14,37.75,9329,27401,6967,0.9329,2.7401,2.93719
4,14,38,9348,26689,6789,0.9348,2.6689,2.85505
4,14,38.25,9320,27735,7009,0.932,2.7735,2.97586
4,14,38.5,9299,28491,7164,0.9299,2.8491,3.06388
4,14,38.75,9298,28345,7103,0.9298,2.8345,3.04851
4,14,39,9322,27667,6972,0.9322,2.7667,2.96793
4,14,39.25,9340,26949,6835,0.934,2.6949,2.88533
4,14,39.5,9372,25690,6514,0.9372,2.569,2.74114
4,14,39.75,9363,26121,6660,0.9363,2.6121,2.78981
4,14,40,9329,27348,6898,0.9329,2.7348,2.9315
4,15,0,200,8385,142,0.02,0.8385,41.925
4,15,0.25,223,9221,113,0.0223,0.9221,41.3498
4,15,0.5,239,9861,95,0.0239,0.9861,41.2594
4,15,0.75,242,9972,99,0.0242,0.9972,41.2066
4,15,1,266,10912,115,0.0266,1.0912,41.0226
4,15,1.25,282,11551,121,0.0282,1.1551,40.961
4,15,1.5,304,12416,137,0.0304,1.2416,40.8421
4,15,1.75,332,13497,136,0.0332,1.3497,40.6536
4,15,2,351,14248,162,0.0351,1.4248,40.5926
4,15,2.25,366,14842,194,0.0366,1.4842,40.5519
4,15,2.5,401,16137,213,0.0401,1.6137,40.2419
4,15,2.75,438,17596,254,0.0438,1.7596,40.1735
4,15,3,499,19882,304,0.0499,1.9882,39.8437
4,15,3.25,573,22695,358,0.0573,2.2695,39.6073
4,15,3.5,634,24967,405,0.0634,2.4967,39.3801
4,15,3.75,752,29103,583,0.0752,2.9103,38.7008
4,15,4,830,31970,637,0.083,3.197,38.5181
4,15,4.25,980,36989,878,0.098,3.6989,37.7439
4,15,4.5,1227,45096,1314,0.1227,4.5096,36.7531
4,15,4.75,1593,55882,2118,0.1593,5.5882,35.0797
4,15,5,2305,73859,3916,0.2305,7.3859,32.043
4,15,5.25,3886,99153,8879,0.3886,9.9153,25.5154
4,15,5.5,7115,87273,15520,0.7115,8.7273,12.2661
4,15,5.75,9097,35723,8728,0.9097,3.5723,3.9269
4,15,6,9318,27787,7019,0.9318,2.7787,2.98208
4,15,6.25,9373,25689,6527,0.9373,2.5689,2.74074
4,15,6.5,9348,26611,6742,0.9348,2.6611,2.84671
4,15,6.75,9331,27386,6913,0.9331,2.7386,2.93495
4,15,7,9310,28112,7113,0.931,2.8112,3.01955
4,15,7.25,9341,26858,6827,0.9341,2.6858,2.87528
4,15,7.5,9391,25065,6436,0.9391,2.5065,2.66904
4,15,7.75,9330,27269,6884,0.933,2.7269,2.92272
4,15,8,9319,27745,6953,0.9319,2.7745,2.97725
4,15,8.25,9348,26600,6710,0.9348,2.66,2.84553
4,15,8.5,9329,27344,6850,0.9329,2.7344,2.93108
4,15,8.75,9358,26255,6636,0.9358,2.6255,2.80562
4,15,9,9399,24679,6265,0.9399,2.4679,2.6257
4,15,9.25,9361,26234,6684,0.9361,2.6234,2.80248
4,15,9.5,9343,26840,6810,0.9343,2.684,2.87274
4,15,9.75,9347,26744,6706,0.9347,2.6744,2.86124
4,15,10,9332,27269,6857,0.9332,2.7269,2.9221
4,15,10.25,9342,26879,6796,0.9342,2.6879,2.87722
4,15,10.5,9314,27872,7094,0.9314,2.7872,2.99248
4,15,10.75,9290,28849,7242,0.929,2.8849,3.10538
4,15,11,9335,27049,6793,0.9335,2.7049,2.89759
4,15,11.25,9288,28916,7230,0.9288,2.8916,3.11326
4,15,11.5,9329,27357,6941,0.9329,2.7357,2.93247
4,15,11.75,9353,26422,6671,0.9353,2.6422,2.82498
4,15,12,9360,26157,6571,0.936,2.6157,2.79455
4,15,12.25,9320,27647,6993,0.932,2.7647,2.96642
4,15,12.5,9376,25525,6426,0.9376,2.5525,2.72238
4,15,12.75,9353,26319,6610,0.9353,2.6319,2.81396
4,15,13,9346,26716,6782,0.9346,2.6716,2.85855
4,15,13.25,9400,24702,6283,0.94,2.4702,2.62787
4,15,13.5,9357,26338,6717,0.9357,2.6338,2.81479
4,15,13.75,9322,27685,7036,0.9322,2.7685,2.96986
4,15,14,9346,26704,6758,0.9346,2.6704,2.85727
4,15,14.25,9312,27915,6993,0.9312,2.7915,2.99774
4,15,14.5,9338,27067,6818,0.9338,2.7067,2.89859
4,15,14.75,9257,30020,7500,0.9257,3.002,3.24295
4,15,15,9314,27887,6990,0.9314,2.7887,2.99409
4,15,15.25,9335,27175,6847,0.9335,2.7175,2.91109
4,15,15.5,9322,27678,6954,0.9322,2.7678,2.96911
4,15,15.75,9313,27895,7021,0.9313,2.7895,2.99528
4,15,16,9319,27802,7035,0.9319,2.7802,2.98337
4,15,16.25,9343,26874,6792,0.9343,2.6874,2.87638
4,15,16.5,9341,26874,6778,0.9341,2.6874,2.87699
4,15,16.75,9348,26687,6818,0.9348,2.6687,2.85484
4,15,17,9363,26027,6603,0.9363,2.6027,2.77977
4,15,17.25,9245,30479,7697,0.9245,3.0479,3.29681
4,15,17.5,9341,26875,6749,0.9341,2.6875,2.8771
4,15,17.75,9348,26600,6762,0.9348,2.66,2.84553
4,15,18,9276,29323,7342,0.9276,2.9323,3.16117
4,15,18.25,9362,26163,6629,0.9362,2.6163,2.7946
4,15,18.5,9344,26840,6757,0.9344,2.684,2.87243
4,15,18.75,9314,27876,7015,0.9314,2.7876,2.99291
4,15,19,9367,25916,6618,0.9367,2.5916,2.76673
4,15,19.25,9283,29110,7315,0.9283,2.911,3.13584
4,15,19.5,9316,27908,7050,0.9316,2.7908,2.99571
4,15,19.75,9311,28002,7051,0.9311,2.8002,3.00741
4,15,20,9284,29020,7307,0.9284,2.902,3.12581
4,15,20.25,9354,26308,6642,0.9354,2.6308,2.81249
4,15,20.5,9332,27233,6910,0.9332,2.7233,2.91824
4,15,20.75,9314,27883,7026,0.9314,2.7883,2.99367
4,15,21,9366,26034,6627,0.9366,2.6034,2.77963
4,15,21.25,9368,25909,6559,0.9368,2.5909,2.76569
4,15,21.5,9297,28629,7185,0.9297,2.8629,3.07938
4,15,21.75,9322,27646,6974,0.9322,2.7646,2.96567
4,15,22,9359,26178,6578,0.9359,2.6178,2.79709
4,15,22.25,9302,28440,7169,0.9302,2.844,3.05741
4,15,22.5,9316,27893,7017,0.9316,2.7893,2.9941
4,15,22.75,9327,27406,6908,0.9327,2.7406,2.93835
4,15,23,9315,27942,7043,0.9315,2.7942,2.99968
4,15,23.25,9328,27361,6915,0.9328,2.7361,2.93321
4,15,23.5,9364,26020,6569,0.9364,2.602,2.77873
4,15,23.75,9352,26592,6778,0.9352,2.6592,2.84346
4,15,24,9289,28882,7227,0.9289,2.8882,3.10927
4,15,24.25,9367,25959,6613,0.9367,2.5959,2.77132
4,15,24.5,9351,26496,6727,0.9351,2.6496,2.83349
4,15,24.75,9327,27495,6934,0.9327,2.7495,2.94789
4,15,25,9347,26751,6796,0.9347,2.6751,2.86199
4,15,25.25,9240,30744,7724,0.924,3.0744,3.32727
4,15,25.5,9341,26933,6799,0.9341,2.6933,2.88331
4,15,25.75,9340,26972,6804,0.934,2.6972,2.88779
4,15,26,9363,26021,6588,0.9363,2.6021,2.77913
4,15,26.25,9366,25863,6508,0.9366,2.5863,2.76137
4,15,26.5,9338,27033,6852,0.9338,2.7033,2.89495
4,15,26.75,9307,28022,6952,0.9307,2.8022,3.01085
4,15,27,9305,28192,7076,0.9305,2.8192,3.02977
4,15,27.25,9354,26347,6640,0.9354,2.6347,2.81666
4,15,27.5,9331,27358,6945,0.9331,2.7358,2.93195
4,15,27.75,9332,27253,6899,0.9332,2.7253,2.92038
4,15,28,9344,26758,6784,0.9344,2.6758,2.86366
4,15,28.25,9358,26232,6627,0.9358,2.6232,2.80316
4,15,28.5,9343,26864,6831,0.9343,2.6864,2.87531
4,15,28.75,9310,28122,7111,0.931,2.8122,3.02062
4,15,29,9351,26592,6720,0.9351,2.6592,2.84376
4,15,29.25,9351,26512,6718,0.9351,2.6512,2.8352
4,15,29.5,9370,25789,6548,0.937,2.5789,2.75229
4,15,29.75,9307,28082,7059,0.9307,2.8082,3.0173
4,15,30,9331,27269,6890,0.9331,2.7269,2.92241
4,15,30.25,9388,25080,6381,0.9388,2.508,2.6715
4,15,30.5,9352,26413,6689,0.9352,2.6413,2.82432
4,15,30.75,9320,27614,6972,0.932,2.7614,2.96288
4,15,31,9361,26167,6602,0.9361,2.6167,2.79532
4,15,31.25,9332,27410,6953,0.9332,2.741,2.93721
4,15,31.5,9395,24726,6293,0.9395,2.4726,2.63183
4,15,31.75,9282,29038,7289,0.9282,2.9038,3.12842
4,15,32,9344,26742,6746,0.9344,2.6742,2.86194
4,15,32.25,9323,27590,6955,0.9323,2.759,2.95935
4,15,32.5,9350,26586,6759,0.935,2.6586,2.84342
4,15,32.75,9373,25730,6506,0.9373,2.573,2.74512
4,15,33,9334,27161,6856,0.9334,2.7161,2.9099
4,15,33.25,9323,27582,6908,0.9323,2.7582,2.95849
4,15,33.5,9329,27436,6923,0.9329,2.7436,2.94094
4,15,33.75,9300,28419,7098,0.93,2.8419,3.05581
4,15,34,9286,28939,7276,0.9286,2.8939,3.11641
4,15,34.25,9365,26012,6599,0.9365,2.6012,2.77758
4,15,34.5,9373,25733,6567,0.9373,2.5733,2.74544
4,15,34.75,9317,27799,7021,0.9317,2.7799,2.98369
4,15,35,9304,28372,7136,0.9304,2.8372,3.04944
4,15,35.25,9360,26190,6601,0.936,2.619,2.79808
4,15,35.5,9298,28579,7227,0.9298,2.8579,3.07367
4,15,35.75,9370,25770,6529,0.937,2.577,2.75027
4,15,36,9320,27697,6975,0.932,2.7697,2.97178
4,15,36.25,9330,27370,6884,0.933,2.737,2.93355
4,15,36.5,9336,27201,6873,0.9336,2.7201,2.91356
4,15,36.75,9341,26918,6828,0.9341,2.6918,2.8817
4,15,37,9379,25527,6541,0.9379,2.5527,2.72172
4,15,37.25,9332,27270,6872,0.9332,2.727,2.9222
4,15,37.5,9344,26812,6792,0.9344,2.6812,2.86943
4,15,37.75,9343,26847,6781,0.9343,2.6847,2.87349
4,15,38,9335,27121,6830,0.9335,2.7121,2.9053
4,15,38.25,9344,26756,6735,0.9344,2.6756,2.86344
4,15,38.5,9367,25958,6612,0.9367,2.5958,2.77122
4,15,38.75,9298,28563,7184,0.9298,2.8563,3.07195
4,15,39,9349,26675,6767,0.9349,2.6675,2.85325
4,15,39.25,9349,26615,6701,0.9349,2.6615,2.84683
4,15,39.5,9351,26441,6646,0.9351,2.6441,2.82761
4,15,39.75,9323,27659,6961,0.9323,2.7659,2.96675
4,15,40,9323,27537,6924,0.9323,2.7537,2.95366
4,16,0,200,8400,147,0.02,0.84,42
4,16,0.25,226,9384,104,0.0226,0.9384,41.5221
4,16,0.5,245,10132,111,0.0245,1.0132,41.3551
4,16,0.75,252,10384,107,0.0252,1.0384,41.2063
4,16,1,247,10191,109,0.0247,1.0191,41.2591
4,16,1.25,258,10598,103,0.0258,1.0598,41.0775
4,16,1.5,282,11591,105,0.0282,1.1591,41.1028
4,16,1.75,272,11195,106,0.0272,1.1195,41.1581
4,16,2,278,11442,125,0.0278,1.1442,41.1583
4,16,2.25,290,11891,140,0.029,1.1891,41.0034
4,16,2.5,311,12715,142,0.0311,1.2715,40.8842
4,16,2.75,314,12843,150,0.0314,1.2843,40.9013
4,16,3,343,13933,158,0.0343,1.3933,40.621
4,16,3.25,362,14665,187,0.0362,1.4665,40.511
4,16,3.5,391,15793,199,0.0391,1.5793,40.3913
4,16,3.75,388,15692,219,0.0388,1.5692,40.4433
4,16,4,435,17491,233,0.0435,1.7491,40.2092
4,16,4.25,481,19245,272,0.0481,1.9245,40.0104
4,16,4.5,533,21126,321,0.0533,2.1126,39.636
4,16,4.75,606,23826,420,0.0606,2.3826,39.3168
4,16,5,667,26049,485,0.0667,2.6049,39.054
4,16,5.25,777,29971,612,0.0777,2.9971,38.5727
4,16,5.5,917,34696,814,0.0917,3.4696,37.8364
4,16,5.75,1083,40086,1079,0.1083,4.0086,37.0139
4,16,6,1384,49656,1564,0.1384,4.9656,35.8786
4,16,6.25,1880,63464,2745,0.188,6.3464,33.7574
4,16,6.5,2811,84159,5477,0.2811,8.4159,29.9392
4,16,6.75,4961,104230,12351,0.4961,10.423,21.0099
4,16,7,8436,56769,12409,0.8436,5.6769,6.72937
4,16,7.25,9280,29120,7265,0.928,2.912,3.13793
4,16,7.5,9327,27461,6954,0.9327,2.7461,2.94425
4,16,7.75,9364,26032,6588,0.9364,2.6032,2.78001
4,16,8,9367,25875,6571,0.9367,2.5875,2.76236
4,16,8.25,9373,25736,6508,0.9373,2.5736,2.74576
4,16,8.5,9341,26973,6821,0.9341,2.6973,2.88759
4,16,8.75,9349,26603,6732,0.9349,2.6603,2.84554
4,16,9,9324,27625,7001,0.9324,2.7625,2.96278
4,16,9.25,9313,28027,7085,0.9313,2.8027,3.00945
4,16,9.5,9393,24896,6295,0.9393,2.4896,2.65048
4,16,9.75,9379,25479,6433,0.9379,2.5479,2.7166
4,16,10,9354,26275,6596,0.9354,2.6275,2.80896
4,16,10.25,9334,27153,6822,0.9334,2.7153,2.90904
4,16,10.5,9316,27810,7009,0.9316,2.781,2.98519
4,16,10.75,9356,26310,6618,0.9356,2.631,2.8121
4,16,11,9291,28729,7217,0.9291,2.8729,3.09213
4,16,11.25,9366,25943,6558,0.9366,2.5943,2.76991
4,16,11.5,9347,26685,6720,0.9347,2.6685,2.85493
4,16,11.75,9308,28193,7113,0.9308,2.8193,3.0289
4,16,12,9312,28002,7043,0.9312,2.8002,3.00709
4,16,12.25,9377,25553,6452,0.9377,2.5553,2.72507
4,16,12.5,9393,24961,6347,0.9393,2.4961,2.6574
4,16,12.75,9315,27823,7053,0.9315,2.7823,2.9869
4,16,13,9341,26875,6762,0.9341,2.6875,2.8771
4,16,13.25,9318,27855,7049,0.9318,2.7855,2.98938
4,16,13.5,9297,28648,7205,0.9297,2.8648,3.08142
4,16,13.75,9323,27702,7012,0.9323,2.7702,2.97136
4,16,14,9337,27044,6849,0.9337,2.7044,2.89643
4,16,14.25,9349,26714,6787,0.9349,2.6714,2.85742
4,16,14.5,9376,25619,6501,0.9376,2.5619,2.7324
4,16,14.75,9306,28253,7098,0.9306,2.8253,3.036
4,16,15,9344,26840,6785,0.9344,2.684,2.87243
4,16,15.25,9332,27250,6887,0.9332,2.725,2.92006
4,16,15.5,9358,26178,6637,0.9358,2.6178,2.79739
4,16,15.75,9264,29783,7508,0.9264,2.9783,3.21492
4,16,16,9338,26922,6727,0.9338,2.6922,2.88306
4,16,16.25,9312,28071,7084,0.9312,2.8071,3.0145
4,16,16.5,9320,27833,7053,0.932,2.7833,2.98637
4,16,16.75,9340,26978,6856,0.934,2.6978,2.88844
4,16,17,9347,26611,6729,0.9347,2.6611,2.84701
4,16,17.25,9335,27174,6849,0.9335,2.7174,2.91098
4,16,17.5,9311,28037,7037,0.9311,2.8037,3.01117
4,16,17.75,9312,28002,7028,0.9312,2.8002,3.00709
4,16,18,9354,26485,6726,0.9354,2.6485,2.83141
4,16,18.25,9365,25997,6660,0.9365,2.5997,2.77597
4,16,18.5,9339,27047,6882,0.9339,2.7047,2.89613
4,16,18.75,9323,27662,6973,0.9323,2.7662,2.96707
4,16,19,9334,27117,6884,0.9334,2.7117,2.90519
4,16,19.25,9325,27432,6921,0.9325,2.7432,2.94177
4,16,19.5,9268,29615,7385,0.9268,2.9615,3.1954
4,16,19.75,9328,27350,6898,0.9328,2.735,2.93203
4,16,20,9325,27493,6939,0.9325,2.7493,2.94831
4,16,20.25,9355,26470,6719,0.9355,2.647,2.8295
4,16,20.5,9346,26725,6746,0.9346,2.6725,2.85951
4,16,20.75,9293,28754,7231,0.9293,2.8754,3.09416
4,16,21,9331,27369,6932,0.9331,2.7369,2.93313
4,16,21.25,9309,28053,6988,0.9309,2.8053,3.01354
4,16,21.5,9333,27285,6929,0.9333,2.7285,2.9235
4,16,21.75,9339,27020,6865,0.9339,2.702,2.89324
4,16,22,9308,28189,7111,0.9308,2.8189,3.02847
4,16,22.25,9342,26807,6715,0.9342,2.6807,2.86951
4,16,22.5,9342,27056,6888,0.9342,2.7056,2.89617
4,16,22.75,9368,25886,6554,0.9368,2.5886,2.76324
4,16,23,9385,25321,6437,0.9385,2.5321,2.69803
4,16,23.25,9340,26991,6801,0.934,2.6991,2.88983
4,16,23.5,9336,27200,6910,0.9336,2.72,2.91345
4,16,23.75,9348,26626,6727,0.9348,2.6626,2.84831
4,16,24,9353,26372,6668,0.9353,2.6372,2.81963
4,16,24.25,9303,28198,7092,0.9303,2.8198,3.03107
4,16,24.5,9343,26840,6812,0.9343,2.684,2.87274
4,16,24.75,9286,29043,7290,0.9286,2.9043,3.12761
4,16,25,9360,26286,6683,0.936,2.6286,2.80833
4,16,25.25,9333,27233,6917,0.9333,2.7233,2.91793
4,16,25.5,9301,28447,7132,0.9301,2.8447,3.05849
4,16,25.75,9293,28751,7244,0.9293,2.8751,3.09383
4,16,26,9332,27234,6840,0.9332,2.7234,2.91835
4,16,26.25,9305,28306,7178,0.9305,2.8306,3.04202
4,16,26.5,9331,27247,6863,0.9331,2.7247,2.92005
4,16,26.75,9329,27327,6868,0.9329,2.7327,2.92925
4,16,27,9298,28591,7226,0.9298,2.8591,3.07496
4,16,27.25,9398,24723,6297,0.9398,2.4723,2.63067
4,16,27.5,9348,26614,6674,0.9348,2.6614,2.84703
4,16,27.75,9333,27188,6826,0.9333,2.7188,2.9131
4,16,28,9352,26545,6741,0.9352,2.6545,2.83843
4,16,28.25,9286,28898,7227,0.9286,2.8898,3.112
4,16,28.5,9285,29016,7288,0.9285,2.9016,3.12504
4,16,28.75,9330,27388,6934,0.933,2.7388,2.93548
4,16,29,9292,28671,7192,0.9292,2.8671,3.08556
4,16,29.25,9382,25239,6447,0.9382,2.5239,2.69015
4,16,29.5,9319,27764,6995,0.9319,2.7764,2.97929
4,16,29.75,9335,27154,6856,0.9335,2.7154,2.90884
4,16,30,9306,28224,7116,0.9306,2.8224,3.03288
4,16,30.25,9324,27569,6923,0.9324,2.7569,2.95678
4,16,30.5,9324,27554,6953,0.9324,2.7554,2.95517
4,16,30.75,9370,25739,6496,0.937,2.5739,2.74696
4,16,31,9294,28684,7230,0.9294,2.8684,3.08629
4,16,31.25,9301,28546,7258,0.9301,2.8546,3.06913
4,16,31.5,9374,25721,6591,0.9374,2.5721,2.74387
4,16,31.75,9353,26480,6673,0.9353,2.648,2.83118
4,16,32,9315,27931,7077,0.9315,2.7931,2.9985
4,16,32.25,9326,27519,6912,0.9326,2.7519,2.95078
4,16,32.5,9341,27083,6855,0.9341,2.7083,2.89937
4,16,32.75,9322,27657,6996,0.9322,2.7657,2.96685
4,16,33,9298,28630,7178,0.9298,2.863,3.07916
4,16,33.25,9339,26909,6826,0.9339,2.6909,2.88136
4,16,33.5,9288,28807,7214,0.9288,2.8807,3.10153
4,16,33.75,9290,28758,7197,0.929,2.8758,3.09559
4,16,34,9339,26962,6837,0.9339,2.6962,2.88703
4,16,34.25,9337,27066,6832,0.9337,2.7066,2.89879
4,16,34.5,9290,28862,7205,0.929,2.8862,3.10678
4,16,34.75,9321,27706,7005,0.9321,2.7706,2.97243
4,16,35,9286,28952,7270,0.9286,2.8952,3.11781
4,16,35.25,9307,28227,7121,0.9307,2.8227,3.03288
4,16,35.5,9352,26477,6694,0.9352,2.6477,2.83116
4,16,35.75,9362,26135,6642,0.9362,2.6135,2.7916
4,16,36,9321,27712,6968,0.9321,2.7712,2.97307
4,16,36.25,9363,26166,6603,0.9363,2.6166,2.79462
4,16,36.5,9305,28337,7144,0.9305,2.8337,3.04535
4,16,36.75,9345,26733,6731,0.9345,2.6733,2.86067
4,16,37,9372,25751,6504,0.9372,2.5751,2.74765
4,16,37.25,9336,27163,6922,0.9336,2.7163,2.90949
4,16,37.5,9327,27446,6949,0.9327,2.7446,2.94264
4,16,37.75,9374,25739,6564,0.9374,2.5739,2.74579
4,16,38,9311,28003,7030,0.9311,2.8003,3.00752
4,16,38.25,9324,27583,7019,0.9324,2.7583,2.95828
4,16,38.5,9344,26875,6797,0.9344,2.6875,2.87618
4,16,38.75,9360,26243,6677,0.936,2.6243,2.80374
4,16,39,9307,28199,7092,0.9307,2.8199,3.02987
4,16,39.25,9288,28907,7224,0.9288,2.8907,3.1123
4,16,39.5,9359,26117,6518,0.9359,2.6117,2.79058
4,16,39.75,9346,26672,6768,0.9346,2.6672,2.85384
4,16,40,9331,27383,6926,0.9331,2.7383,2.93463
4,17,0,200,8424,134,0.02,0.8424,42.12
4,17,0.25,229,9514,109,0.0229,0.9514,41.5459
4,17,0.5,245,10121,95,0.0245,1.0121,41.3102
4,17,0.75,256,10559,101,0.0256,1.0559,41.2461
4,17,1,275,11273,123,0.0275,1.1273,40.9927
4,17,1.25,282,11539,122,0.0282,1.1539,40.9184
4,17,1.5,303,12297,126,0.0303,1.2297,40.5842
4,17,1.75,347,14024,137,0.0347,1.4024,40.415
4,17,2,358,14466,171,0.0358,1.4466,40.4078
4,17,2.25,391,15761,190,0.0391,1.5761,40.3095
4,17,2.5,402,16250,207,0.0402,1.625,40.4229
4,17,2.75,430,17286,219,0.043,1.7286,40.2
4,17,3,459,18328,279,0.0459,1.8328,39.9303
4,17,3.25,515,20524,341,0.0515,2.0524,39.8524
4,17,3.5,524,20893,321,0.0524,2.0893,39.8721
4,17,3.75,582,22925,372,0.0582,2.2925,39.39
4,17,4,664,25942,472,0.0664,2.5942,39.0693
4,17,4.25,790,30411,674,0.079,3.0411,38.4949
4,17,4.5,948,35878,882,0.0948,3.5878,37.846
4,17,4.75,1156,42576,1264,0.1156,4.2576,36.8304
4,17,5,1503,53149,1892,0.1503,5.3149,35.3619
4,17,5.25,2112,69462,3324,0.2112,6.9462,32.8892
4,17,5.5,3315,92267,7146,0.3315,9.2267,27.8332
4,17,5.75,6121,99992,14961,0.6121,9.9992,16.3359
4,17,6,8946,40927,9753,0.8946,4.0927,4.57489
4,17,6.25,9312,27973,6986,0.9312,2.7973,3.00397
4,17,6.5,9351,26578,6705,0.9351,2.6578,2.84226
4,17,6.75,9264,29781,7451,0.9264,2.9781,3.2147
4,17,7,9336,27149,6857,0.9336,2.7149,2.90799
4,17,7.25,9301,28480,7150,0.9301,2.848,3.06204
4,17,7.5,9328,27380,6919,0.9328,2.738,2.93525
4,17,7.75,9302,28352,7095,0.9302,2.8352,3.04795
4,17,8,9296,28526,7124,0.9296,2.8526,3.06863
4,17,8.25,9328,27310,6856,0.9328,2.731,2.92774
4,17,8.5,9274,29389,7428,0.9274,2.9389,3.16897
4,17,8.75,9300,28434,7146,0.93,2.8434,3.05742
4,17,9,9262,29772,7419,0.9262,2.9772,3.21442
4,17,9.25,9319,27822,7077,0.9319,2.7822,2.98551
4,17,9.5,9345,26792,6721,0.9345,2.6792,2.86699
4,17,9.75,9343,26873,6779,0.9343,2.6873,2.87627
4,17,10,9327,27424,6955,0.9327,2.7424,2.94028
4,17,10.25,9357,26314,6650,0.9357,2.6314,2.81223
4,17,10.5,9371,25719,6535,0.9371,2.5719,2.74453
4,17,10.75,9369,25896,6601,0.9369,2.5896,2.76401
4,17,11,9343,26814,6770,0.9343,2.6814,2.86996
4,17,11.25,9373,25739,6553,0.9373,2.5739,2.74608
4,17,11.5,9268,29661,7439,0.9268,2.9661,3.20037
4,17,11.75,9339,26978,6828,0.9339,2.6978,2.88875
4,17,12,9294,28659,7181,0.9294,2.8659,3.0836
4,17,12.25,9315,27792,6960,0.9315,2.7792,2.98357
4,17,12.5,9364,26080,6592,0.9364,2.608,2.78513
4,17,12.75,9328,27345,6856,0.9328,2.7345,2.9315
4,17,13,9313,27968,7027,0.9313,2.7968,3.00311
4,17,13.25,9345,26813,6812,0.9345,2.6813,2.86923
4,17,13.5,9359,26265,6654,0.9359,2.6265,2.80639
4,17,13.75,9320,27682,6963,0.932,2.7682,2.97017
4,17,14,9322,27563,6967,0.9322,2.7563,2.95677
4,17,14.25,9314,27956,7010,0.9314,2.7956,3.0015
4,17,14.5,9290,28896,7322,0.929,2.8896,3.11044
4,17,14.75,9376,25546,6512,0.9376,2.5546,2.72462
4,17,15,9375,25596,6499,0.9375,2.5596,2.73024
4,17,15.25,9377,25487,6464,0.9377,2.5487,2.71803
4,17,15.5,9342,26853,6777,0.9342,2.6853,2.87444
4,17,15.75,9364,25980,6551,0.9364,2.598,2.77446
4,17,16,9299,28547,7175,0.9299,2.8547,3.0699
4,17,16.25,9333,27233,6893,0.9333,2.7233,2.91793
4,17,16.5,9308,28100,7049,0.9308,2.81,3.01891
4,17,16.75,9328,27415,6907,0.9328,2.7415,2.939
4,17,17,9305,28297,7043,0.9305,2.8297,3.04105
4,17,17.25,9313,28050,7079,0.9313,2.805,3.01192
4,17,17.5,9382,25307,6415,0.9382,2.5307,2.6974
4,17,17.75,9353,26516,6733,0.9353,2.6516,2.83503
4,17,18,9345,26667,6745,0.9345,2.6667,2.85361
4,17,18.25,9336,27114,6813,0.9336,2.7114,2.90424
4,17,18.5,9312,28031,7064,0.9312,2.8031,3.0102
4,17,18.75,9350,26540,6734,0.935,2.654,2.8385
4,17,19,9339,26949,6795,0.9339,2.6949,2.88564
4,17,19.25,9356,26289,6659,0.9356,2.6289,2.80985
4,17,19.5,9382,25328,6466,0.9382,2.5328,2.69964
4,17,19.75,9309,28076,7051,0.9309,2.8076,3.01601
4,17,20,9326,27500,6986,0.9326,2.75,2.94875
4,17,20.25,9353,26422,6686,0.9353,2.6422,2.82498
4,17,20.5,9281,29150,7326,0.9281,2.915,3.14083
4,17,20.75,9382,25347,6443,0.9382,2.5347,2.70166
4,17,21,9352,26454,6742,0.9352,2.6454,2.8287
4,17,21.25,9316,27785,6912,0.9316,2.7785,2.9825
4,17,21.5,9279,29237,7360,0.9279,2.9237,3.15088
4,17,21.75,9306,28136,7022,0.9306,2.8136,3.02343
4,17,22,9326,27408,6850,0.9326,2.7408,2.93888
4,17,22.25,9362,26062,6560,0.9362,2.6062,2.78381
4,17,22.5,9316,27917,7056,0.9316,2.7917,2.99667
4,17,22.75,9328,27410,6935,0.9328,2.741,2.93846
4,17,23,9305,28283,7104,0.9305,2.8283,3.03955
4,17,23.25,9318,27719,6969,0.9318,2.7719,2.97478
4,17,23.5,9366,26010,6592,0.9366,2.601,2.77707
4,17,23.75,9327,27380,6891,0.9327,2.738,2.93556
4,17,24,9344,26832,6830,0.9344,2.6832,2.87158
4,17,24.25,9338,27105,6880,0.9338,2.7105,2.90266
4,17,24.5,9348,26674,6745,0.9348,2.6674,2.85344
4,17,24.75,9354,26442,6690,0.9354,2.6442,2.82681
4,17,25,9299,28603,7241,0.9299,2.8603,3.07592
4,17,25.25,9354,26463,6696,0.9354,2.6463,2.82906
4,17,25.5,9333,27189,6837,0.9333,2.7189,2.91321
4,17,25.75,9331,27390,6891,0.9331,2.739,2.93538
4,17,26,9339,27008,6839,0.9339,2.7008,2.89196
4,17,26.25,9324,27561,6928,0.9324,2.7561,2.95592
4,17,26.5,9342,26941,6792,0.9342,2.6941,2.88386
4,17,26.75,9276,29316,7358,0.9276,2.9316,3.16041
4,17,27,9327,27428,6900,0.9327,2.7428,2.94071
4,17,27.25,9379,25379,6437,0.9379,2.5379,2.70594
4,17,27.5,9388,25105,6377,0.9388,2.5105,2.67416
4,17,27.75,9332,27196,6798,0.9332,2.7196,2.91427
4,17,28,9348,26719,6740,0.9348,2.6719,2.85826
4,17,28.25,9312,28093,7077,0.9312,2.8093,3.01686
4,17,28.5,9331,27223,6889,0.9331,2.7223,2.91748
4,17,28.75,9322,27696,6988,0.9322,2.7696,2.97104
4,17,29,9319,27746,6984,0.9319,2.7746,2.97736
4,17,29.25,9324,27608,6938,0.9324,2.7608,2.96096
4,17,29.5,9348,26609,6699,0.9348,2.6609,2.84649
4,17,29.75,9337,27012,6808,0.9337,2.7012,2.89301
4,17,30,9299,28543,7207,0.9299,2.8543,3.06947
4,17,30.25,9314,27988,7076,0.9314,2.7988,3.00494
4,17,30.5,9349,26628,6768,0.9349,2.6628,2.84822
4,17,30.75,9333,27214,6864,0.9333,2.7214,2.91589
4,17,31,9366,25955,6584,0.9366,2.5955,2.77119
4,17,31.25,9309,28060,7041,0.9309,2.806,3.01429
4,17,31.5,9311,28108,7086,0.9311,2.8108,3.01879
4,17,31.75,9366,25914,6556,0.9366,2.5914,2.76682
4,17,32,9352,26487,6695,0.9352,2.6487,2.83223
4,17,32.25,9332,27263,6890,0.9332,2.7263,2.92145
4,17,32.5,9289,28955,7263,0.9289,2.8955,3.11713
4,17,32.75,9288,28935,7323,0.9288,2.8935,3.11531
4,17,33,9319,27745,6935,0.9319,2.7745,2.97725
4,17,33.25,9345,26757,6795,0.9345,2.6757,2.86324
4,17,33.5,9368,25974,6627,0.9368,2.5974,2.77263
4,17,33.75,9305,28172,7080,0.9305,2.8172,3.02762
4,17,34,9346,26700,6780,0.9346,2.67,2.85684
4,17,34.25,9365,26120,6654,0.9365,2.612,2.78911
4,17,34.5,9360,26319,6732,0.936,2.6319,2.81186
4,17,34.75,9272,29448,7370,0.9272,2.9448,3.17601
4,17,35,9328,27541,6969,0.9328,2.7541,2.95251
4,17,35.25,9345,26747,6763,0.9345,2.6747,2.86217
4,17,35.5,9325,27498,6918,0.9325,2.7498,2.94885
4,17,35.75,9367,25857,6540,0.9367,2.5857,2.76044
4,17,36,9339,26912,6756,0.9339,2.6912,2.88168
4,17,36.25,9291,28824,7271,0.9291,2.8824,3.10236
4,17,36.5,9299,28436,7122,0.9299,2.8436,3.05796
4,17,36.75,9351,26531,6741,0.9351,2.6531,2.83724
4,17,37,9364,26109,6577,0.9364,2.6109,2.78823
4,17,37.25,9290,28825,7198,0.929,2.8825,3.1028
4,17,37.5,9337,26982,6769,0.9337,2.6982,2.88979
4,17,37.75,9357,26236,6643,0.9357,2.6236,2.80389
4,17,38,9310,28073,7055,0.931,2.8073,3.01536
4,17,38.25,9379,25555,6512,0.9379,2.5555,2.7247
4,17,38.5,9304,28360,7188,0.9304,2.836,3.04815
4,17,38.75,9338,26993,6845,0.9338,2.6993,2.89066
4,17,39,9409,24354,6218,0.9409,2.4354,2.58837
4,17,39.25,9333,27197,6843,0.9333,2.7197,2.91407
4,17,39.5,9301,28462,7186,0.9301,2.8462,3.0601
4,17,39.75,9275,29389,7443,0.9275,2.9389,3.16863
4,17,40,9352,26542,6786,0.9352,2.6542,2.83811
4,18,0,200,8401,146,0.02,0.8401,42.005
4,18,0.25,219,9121,115,0.0219,0.9121,41.6484
4,18,0.5,233,9665,108,0.0233,0.9665,41.4807
4,18,0.75,244,10101,118,0.0244,1.0101,41.3975
4,18,1,236,9776,116,0.0236,0.9776,41.4237
4,18,1.25,246,10152,107,0.0246,1.0152,41.2683
4,18,1.5,268,11053,94,0.0268,1.1053,41.2425
4,18,1.75,282,11593,116,0.0282,1.1593,41.1099
4,18,2,299,12255,142,0.0299,1.2255,40.9866
4,18,2.25,321,13095,158,0.0321,1.3095,40.7944
4,18,2.5,355,14423,163,0.0355,1.4423,40.6282
4,18,2.75,375,15220,164,0.0375,1.522,40.5867
4,18,3,417,16850,216,0.0417,1.685,40.4077
4,18,3.25,465,18657,275,0.0465,1.8657,40.1226
4,18,3.5,534,21291,323,0.0534,2.1291,39.8708
4,18,3.75,575,22729,356,0.0575,2.2729,39.5287
4,18,4,658,25631,448,0.0658,2.5631,38.9529
4,18,4.25,742,28683,520,0.0742,2.8683,38.6563
4,18,4.5,838,32117,706,0.0838,3.2117,38.3258
4,18,4.75,1026,38444,1015,0.1026,3.8444,37.4698
4,18,5,1239,45338,1349,0.1239,4.5338,36.5924
4,18,5.25,1713,59207,2403,0.1713,5.9207,34.5633
4,18,5.5,2535,78722,4496,0.2535,7.8722,31.054
4,18,5.75,4294,102203,10452,0.4294,10.2203,23.8014
4,18,6,7734,74566,14785,0.7734,7.4566,9.64132
4,18,6.25,9219,31478,7790,0.9219,3.1478,3.41447
4,18,6.5,9297,28517,7172,0.9297,2.8517,3.06733
4,18,6.75,9296,28626,7204,0.9296,2.8626,3.07939
4,18,7,9320,27731,7013,0.932,2.7731,2.97543
4,18,7.25,9349,26584,6685,0.9349,2.6584,2.84351
4,18,7.5,9345,26749,6793,0.9345,2.6749,2.86239
4,18,7.75,9376,25625,6550,0.9376,2.5625,2.73304
4,18,8,9378,25476,6518,0.9378,2.5476,2.71657
4,18,8.25,9302,28414,7145,0.9302,2.8414,3.05461
4,18,8.5,9302,28409,7177,0.9302,2.8409,3.05407
4,18,8.75,9290,28858,7212,0.929,2.8858,3.10635
4,18,9,9321,27632,6956,0.9321,2.7632,2.96449
4,18,9.25,9340,27082,6883,0.934,2.7082,2.89957
4,18,9.5,9302,28423,7185,0.9302,2.8423,3.05558
4,18,9.75,9318,27765,7005,0.9318,2.7765,2.97972
4,18,10,9308,28070,7029,0.9308,2.807,3.01569
4,18,10.25,9355,26484,6752,0.9355,2.6484,2.831
4,18,10.5,9327,27502,6943,0.9327,2.7502,2.94864
4,18,10.75,9296,28603,7201,0.9296,2.8603,3.07691
4,18,11,9326,27366,6909,0.9326,2.7366,2.93438
4,18,11.25,9333,27326,6936,0.9333,2.7326,2.92789
4,18,11.5,9332,27226,6869,0.9332,2.7226,2.91749
4,18,11.75,9374,25650,6479,0.9374,2.565,2.73629
4,18,12,9326,27498,7002,0.9326,2.7498,2.94853
4,18,12.25,9334,27064,6841,0.9334,2.7064,2.89951
4,18,12.5,9328,27252,6833,0.9328,2.7252,2.92153
4,18,12.75,9313,28059,7053,0.9313,2.8059,3.01289
4,18,13,9330,27270,6889,0.933,2.727,2.92283
4,18,13.25,9415,24045,6102,0.9415,2.4045,2.5539
4,18,13.5,9350,26666,6750,0.935,2.6666,2.85198
4,18,13.75,9299,28523,7190,0.9299,2.8523,3.06732
4,18,14,9285,28923,7287,0.9285,2.8923,3.11502
4,18,14.25,9303,28354,7158,0.9303,2.8354,3.04783
4,18,14.5,9330,27301,6911,0.933,2.7301,2.92615
4,18,14.75,9369,25884,6554,0.9369,2.5884,2.76273
4,18,15,9373,25730,6514,0.9373,2.573,2.74512
4,18,15.25,9389,24999,6310,0.9389,2.4999,2.66258
4,18,15.5,9329,27316,6880,0.9329,2.7316,2.92807
4,18,15.75,9317,27864,7004,0.9317,2.7864,2.99066
4,18,16,9369,25862,6538,0.9369,2.5862,2.76038
4,18,16.25,9338,26997,6858,0.9338,2.6997,2.89109
4,18,16.5,9338,26971,6818,0.9338,2.6971,2.88831
4,18,16.75,9336,27150,6875,0.9336,2.715,2.9081
4,18,17,9312,28103,7093,0.9312,2.8103,3.01793
4,18,17.25,9312,27890,6966,0.9312,2.789,2.99506
4,18,17.5,9300,28327,7088,0.93,2.8327,3.04591
4,18,17.75,9315,27907,7033,0.9315,2.7907,2.99592
4,18,18,9340,27007,6782,0.934,2.7007,2.89154
4,18,18.25,9361,26114,6616,0.9361,2.6114,2.78966
4,18,18.5,9343,26919,6905,0.9343,2.6919,2.88119
4,18,18.75,9333,27146,6843,0.9333,2.7146,2.9086
4,18,19,9308,28084,7021,0.9308,2.8084,3.01719
4,18,19.25,9340,26981,6799,0.934,2.6981,2.88876
4,18,19.5,9311,28103,7115,0.9311,2.8103,3.01826
4,18,19.75,9358,26293,6725,0.9358,2.6293,2.80968
4,18,20,9343,26927,6832,0.9343,2.6927,2.88205
4,18,20.25,9388,25181,6407,0.9388,2.5181,2.68225
4,18,20.5,9366,26019,6593,0.9366,2.6019,2.77803
4,18,20.75,9292,28666,7171,0.9292,2.8666,3.08502
4,18,21,9356,26268,6635,0.9356,2.6268,2.80761
4,18,21.25,9369,25795,6492,0.9369,2.5795,2.75323
4,18,21.5,9341,27012,6897,0.9341,2.7012,2.89177
4,18,21.75,9334,27149,6838,0.9334,2.7149,2.90861
4,18,22,9352,26413,6670,0.9352,2.6413,2.82432
4,18,22.25,9325,27520,6926,0.9325,2.752,2.95121
4,18,22.5,9390,25135,6419,0.939,2.5135,2.67678
4,18,22.75,9387,25160,6368,0.9387,2.516,2.6803
4,18,23,9340,27084,6955,0.934,2.7084,2.89979
4,18,23.25,9352,26478,6699,0.9352,2.6478,2.83127
4,18,23.5,9371,25837,6607,0.9371,2.5837,2.75712
4,18,23.75,9354,26465,6726,0.9354,2.6465,2.82927
4,18,24,9356,26320,6701,0.9356,2.632,2.81317
4,18,24.25,9295,28521,7116,0.9295,2.8521,3.06842
4,18,24.5,9360,26206,6613,0.936,2.6206,2.79979
4,18,24.75,9313,27967,7015,0.9313,2.7967,3.00301
4,18,25,9268,29722,7470,0.9268,2.9722,3.20695
4,18,25.25,9323,27593,6952,0.9323,2.7593,2.95967
4,18,25.5,9374,25601,6427,0.9374,2.5601,2.73106
4,18,25.75,9307,28131,7058,0.9307,2.8131,3.02256
4,18,26,9298,28458,7116,0.9298,2.8458,3.06066
4,18,26.25,9330,27317,6854,0.933,2.7317,2.92787
4,18,26.5,9381,25487,6512,0.9381,2.5487,2.71687
4,18,26.75,9291,28685,7188,0.9291,2.8685,3.0874
4,18,27,9306,28132,7053,0.9306,2.8132,3.023
4,18,27.25,9289,28831,7226,0.9289,2.8831,3.10378
4,18,27.5,9350,26471,6679,0.935,2.6471,2.83112
4,18,27.75,9362,26014,6579,0.9362,2.6014,2.77868
4,18,28,9329,27411,6931,0.9329,2.7411,2.93826
4,18,28.25,9361,26197,6650,0.9361,2.6197,2.79853
4,18,28.5,9340,26952,6817,0.934,2.6952,2.88565
4,18,28.75,9306,28239,7076,0.9306,2.8239,3.03449
4,18,29,9333,27188,6808,0.9333,2.7188,2.9131
4,18,29.25,9338,27008,6823,0.9338,2.7008,2.89227
4,18,29.5,9359,26130,6632,0.9359,2.613,2.79196
4,18,29.75,9340,27043,6842,0.934,2.7043,2.8954
4,18,30,9359,26209,6531,0.9359,2.6209,2.80041
4,18,30.25,9313,27956,7020,0.9313,2.7956,3.00183
4,18,30.5,9315,27878,6981,0.9315,2.7878,2.99281
4,18,30.75,9324,27512,6888,0.9324,2.7512,2.95066
4,18,31,9339,27021,6786,0.9339,2.7021,2.89335
4,18,31.25,9366,26002,6584,0.9366,2.6002,2.77621
4,18,31.5,9346,26682,6747,0.9346,2.6682,2.85491
4,18,31.75,9360,26089,6604,0.936,2.6089,2.78729
4,18,32,9364,26035,6583,0.9364,2.6035,2.78033
4,18,32.25,9321,27809,7025,0.9321,2.7809,2.98348
4,18,32.5,9308,28097,7117,0.9308,2.8097,3.01859
4,18,32.75,9352,26493,6689,0.9352,2.6493,2.83287
4,18,33,9340,26809,6734,0.934,2.6809,2.87034
4,18,33.25,9365,26018,6582,0.9365,2.6018,2.77822
4,18,33.5,9356,26395,6747,0.9356,2.6395,2.82118
4,18,33.75,9303,28469,7168,0.9303,2.8469,3.0602
4,18,34,9346,26800,6777,0.9346,2.68,2.86754
4,18,34.25,9256,30113,7567,0.9256,3.0113,3.25335
4,18,34.5,9377,25588,6505,0.9377,2.5588,2.7288
4,18,34.75,9369,25884,6571,0.9369,2.5884,2.76273
4,18,35,9358,26300,6682,0.9358,2.63,2.81043
4,18,35.25,9383,25230,6372,0.9383,2.523,2.68891
4,18,35.5,9308,28036,7021,0.9308,2.8036,3.01203
4,18,35.75,9320,27741,6964,0.932,2.7741,2.9765
4,18,36,9340,26984,6776,0.934,2.6984,2.88908
4,18,36.25,9350,26503,6726,0.935,2.6503,2.83455
4,18,36.5,9358,26284,6650,0.9358,2.6284,2.80872
4,18,36.75,9332,27186,6911,0.9332,2.7186,2.9132
4,18,37,9309,28187,7090,0.9309,2.8187,3.02793
4,18,37.25,9312,28089,7063,0.9312,2.8089,3.01643
4,18,37.5,9419,23873,6084,0.9419,2.3873,2.53456
4,18,37.75,9356,26328,6674,0.9356,2.6328,2.81402
4,18,38,9385,25288,6449,0.9385,2.5288,2.69451
4,18,38.25,9350,26615,6741,0.935,2.6615,2.84652
4,18,38.5,9356,26356,6675,0.9356,2.6356,2.81702
4,18,38.75,9363,25998,6640,0.9363,2.5998,2.77667
4,18,39,9298,28519,7159,0.9298,2.8519,3.06722
4,18,39.25,9338,26965,6737,0.9338,2.6965,2.88766
4,18,39.5,9360,26181,6642,0.936,2.6181,2.79712
4,18,39.75,9305,28249,7106,0.9305,2.8249,3.03589
4,18,40,9318,27719,6962,0.9318,2.7719,2.97478
4,19,0,200,8425,133,0.02,0.8425,42.125
4,19,0.25,227,9436,103,0.0227,0.9436,41.5683
4,19,0.5,235,9739,110,0.0235,0.9739,41.4426
4,19,0.75,261,10762,115,0.0261,1.0762,41.2337
4,19,1,286,11725,142,0.0286,1.1725,40.9965
4,19,1.25,309,12637,152,0.0309,1.2637,40.8964
4,19,1.5,332,13529,142,0.0332,1.3529,40.75
4,19,1.75,350,14249,196,0.035,1.4249,40.7114
4,19,2,359,14608,197,0.0359,1.4608,40.6908
4,19,2.25,394,15911,226,0.0394,1.5911,40.3832
4,19,2.5,426,17101,238,0.0426,1.7101,40.1432
4,19,2.75,475,18956,276,0.0475,1.8956,39.9074
4,19,3,543,21519,359,0.0543,2.1519,39.6298
4,19,3.25,601,23640,394,0.0601,2.364,39.3344
4,19,3.5,649,25490,503,0.0649,2.549,39.2758
4,19,3.75,748,28949,623,0.0748,2.8949,38.7019
4,19,4,882,33633,773,0.0882,3.3633,38.1327
4,19,4.25,1074,40168,1086,0.1074,4.0168,37.4004
4,19,4.5,1343,48633,1562,0.1343,4.8633,36.2122
4,19,4.75,1851,63008,2594,0.1851,6.3008,34.04
4,19,5,2825,84632,5492,0.2825,8.4632,29.9582
4,19,5.25,5069,104744,12526,0.5069,10.4744,20.6636
4,19,5.5,8444,56548,12383,0.8444,5.6548,6.69683
4,19,5.75,9328,27322,6828,0.9328,2.7322,2.92903
4,19,6,9348,26626,6754,0.9348,2.6626,2.84831
4,19,6.25,9295,28739,7258,0.9295,2.8739,3.09188
4,19,6.5,9363,26236,6719,0.9363,2.6236,2.80209
4,19,6.75,9335,27110,6808,0.9335,2.711,2.90412
4,19,7,9334,27204,6823,0.9334,2.7204,2.91451
4,19,7.25,9339,27029,6847,0.9339,2.7029,2.89421
4,19,7.5,9354,26340,6658,0.9354,2.634,2.81591
4,19,7.75,9332,27271,6923,0.9332,2.7271,2.92231
4,19,8,9343,26916,6792,0.9343,2.6916,2.88087
4,19,8.25,9370,25731,6471,0.937,2.5731,2.7461
4,19,8.5,9341,26776,6703,0.9341,2.6776,2.8665
4,19,8.75,9400,24673,6292,0.94,2.4673,2.62479
4,19,9,9327,27541,6981,0.9327,2.7541,2.95283
4,19,9.25,9327,27564,6952,0.9327,2.7564,2.95529
4,19,9.5,9308,28118,7036,0.9308,2.8118,3.02084
4,19,9.75,9318,27831,7034,0.9318,2.7831,2.9868
4,19,10,9355,26332,6666,0.9355,2.6332,2.81475
4,19,10.25,9338,27043,6809,0.9338,2.7043,2.89602
4,19,10.5,9300,28581,7177,0.93,2.8581,3.07323
4,19,10.75,9323,27480,6918,0.9323,2.748,2.94755
4,19,11,9328,27319,6865,0.9328,2.7319,2.92871
4,19,11.25,9375,25567,6468,0.9375,2.5567,2.72715
4,19,11.5,9349,26719,6739,0.9349,2.6719,2.85795
4,19,11.75,9311,28067,7082,0.9311,2.8067,3.01439
4,19,12,9305,28253,7083,0.9305,2.8253,3.03632
4,19,12.25,9353,26549,6756,0.9353,2.6549,2.83855
4,19,12.5,9347,26737,6819,0.9347,2.6737,2.86049
4,19,12.75,9392,24945,6346,0.9392,2.4945,2.65598
4,19,13,9373,25629,6509,0.9373,2.5629,2.73434
4,19,13.25,9329,27313,6866,0.9329,2.7313,2.92775
4,19,13.5,9353,26549,6758,0.9353,2.6549,2.83855
4,19,13.75,9349,26528,6721,0.9349,2.6528,2.83752
4,19,14,9375,25540,6441,0.9375,2.554,2.72427
4,19,14.25,9340,26945,6788,0.934,2.6945,2.8849
4,19,14.5,9351,26590,6720,0.9351,2.659,2.84355
4,19,14.75,9373,25671,6550,0.9373,2.5671,2.73882
4,19,15,9316,27861,7038,0.9316,2.7861,2.99066
4,19,15.25,9372,25637,6449,0.9372,2.5637,2.73549
4,19,15.5,9289,28768,7224,0.9289,2.8768,3.097
4,19,15.75,9291,28797,7221,0.9291,2.8797,3.09945
4,19,16,9348,26664,6761,0.9348,2.6664,2.85237
4,19,16.25,9271,29527,7447,0.9271,2.9527,3.18488
4,19,16.5,9318,27730,6996,0.9318,2.773,2.97596
4,19,16.75,9323,27556,6949,0.9323,2.7556,2.9557
4,19,17,9334,27170,6833,0.9334,2.717,2.91086
4,19,17.25,9335,27110,6824,0.9335,2.711,2.90412
4,19,17.5,9340,26903,6787,0.934,2.6903,2.88041
4,19,17.75,9300,28480,7185,0.93,2.848,3.06237
4,19,18,9328,27460,6987,0.9328,2.746,2.94383
4,19,18.25,9324,27474,6854,0.9324,2.7474,2.94659
4,19,18.5,9286,29072,7301,0.9286,2.9072,3.13073
4,19,18.75,9316,27779,6974,0.9316,2.7779,2.98186
4,19,19,9307,28150,7078,0.9307,2.815,3.02461
4,19,19.25,9331,27217,6872,0.9331,2.7217,2.91684
4,19,19.5,9294,28652,7206,0.9294,2.8652,3.08285
4,19,19.75,9297,28577,7175,0.9297,2.8577,3.07379
4,19,20,9323,27530,6939,0.9323,2.753,2.95291
4,19,20.25,9327,27481,6920,0.9327,2.7481,2.94639
4,19,20.5,9335,26992,6791,0.9335,2.6992,2.89148
4,19,20.75,9336,27167,6866,0.9336,2.7167,2.90992
4,19,21,9319,27781,7074,0.9319,2.7781,2.98111
4,19,21.25,9336,27030,6779,0.9336,2.703,2.89524
4,19,21.5,9346,26728,6725,0.9346,2.6728,2.85983
4,19,21.75,9356,26318,6642,0.9356,2.6318,2.81295
4,19,22,9341,26907,6823,0.9341,2.6907,2.88053
4,19,22.25,9312,28040,7037,0.9312,2.804,3.01117
4,19,22.5,9359,26111,6593,0.9359,2.6111,2.78993
4,19,22.75,9328,27386,6890,0.9328,2.7386,2.93589
4,19,23,9338,27061,6894,0.9338,2.7061,2.89794
4,19,23.25,9268,29626,7346,0.9268,2.9626,3.19659
4,19,23.5,9354,26485,6744,0.9354,2.6485,2.83141
4,19,23.75,9330,27450,6966,0.933,2.745,2.94212
4,19,24,9292,28772,7192,0.9292,2.8772,3.09643
4,19,24.25,9359,26284,6638,0.9359,2.6284,2.80842
4,19,24.5,9296,28604,7164,0.9296,2.8604,3.07702
4,19,24.75,9341,26904,6776,0.9341,2.6904,2.88021
4,19,25,9327,27319,6800,0.9327,2.7319,2.92902
4,19,25.25,9343,26836,6766,0.9343,2.6836,2.87231
4,19,25.5,9327,27469,6949,0.9327,2.7469,2.94511
4,19,25.75,9291,28830,7265,0.9291,2.883,3.103
4,19,26,9339,27129,6905,0.9339,2.7129,2.90491
4,19,26.25,9376,25535,6503,0.9376,2.5535,2.72344
4,19,26.5,9337,27125,6853,0.9337,2.7125,2.90511
4,19,26.75,9331,27215,6895,0.9331,2.7215,2.91662
4,19,27,9307,28246,7142,0.9307,2.8246,3.03492
4,19,27.25,9334,27190,6879,0.9334,2.719,2.91301
4,19,27.5,9345,26777,6756,0.9345,2.6777,2.86538
4,19,27.75,9341,26923,6803,0.9341,2.6923,2.88224
4,19,28,9357,26324,6675,0.9357,2.6324,2.81329
4,19,28.25,9347,26642,6672,0.9347,2.6642,2.85033
4,19,28.5,9297,28744,7275,0.9297,2.8744,3.09175
4,19,28.75,9288,28899,7276,0.9288,2.8899,3.11143
4,19,29,9319,27698,6925,0.9319,2.7698,2.97221
4,19,29.25,9301,28368,7093,0.9301,2.8368,3.04999
4,19,29.5,9302,28332,7116,0.9302,2.8332,3.0458
4,19,29.75,9328,27372,6911,0.9328,2.7372,2.93439
4,19,30,9326,27470,6936,0.9326,2.747,2.94553
4,19,30.25,9334,27187,6872,0.9334,2.7187,2.91268
4,19,30.5,9337,27066,6876,0.9337,2.7066,2.89879
4,19,30.75,9333,27136,6806,0.9333,2.7136,2.90753
4,19,31,9312,27936,7024,0.9312,2.7936,3
4,19,31.25,9319,27774,6957,0.9319,2.7774,2.98036
4,19,31.5,9337,27074,6879,0.9337,2.7074,2.89965
4,19,31.75,9326,27391,6878,0.9326,2.7391,2.93706
4,19,32,9343,26858,6807,0.9343,2.6858,2.87467
4,19,32.25,9355,26380,6668,0.9355,2.638,2.81988
4,19,32.5,9285,29016,7329,0.9285,2.9016,3.12504
4,19,32.75,9310,28093,7117,0.931,2.8093,3.01751
4,19,33,9333,27178,6791,0.9333,2.7178,2.91203
4,19,33.25,9346,26717,6717,0.9346,2.6717,2.85866
4,19,33.5,9352,26524,6728,0.9352,2.6524,2.83618
4,19,33.75,9343,26895,6768,0.9343,2.6895,2.87863
4,19,34,9318,27770,6947,0.9318,2.777,2.98025
4,19,34.25,9367,25890,6557,0.9367,2.589,2.76396
4,19,34.5,9319,27757,6958,0.9319,2.7757,2.97854
4,19,34.75,9319,27813,7004,0.9319,2.7813,2.98455
4,19,35,9331,27298,6862,0.9331,2.7298,2.92552
4,19,35.25,9352,26636,6753,0.9352,2.6636,2.84816
4,19,35.5,9330,27372,6942,0.933,2.7372,2.93376
4,19,35.75,9337,27162,6895,0.9337,2.7162,2.90907
4,19,36,9300,28472,7129,0.93,2.8472,3.06151
4,19,36.25,9360,26154,6574,0.936,2.6154,2.79423
4,19,36.5,9344,26766,6790,0.9344,2.6766,2.86451
4,19,36.75,9376,25563,6464,0.9376,2.5563,2.72643
4,19,37,9290,28738,7196,0.929,2.8738,3.09343
4,19,37.25,9320,27726,6957,0.932,2.7726,2.97489
4,19,37.5,9346,26803,6821,0.9346,2.6803,2.86786
4,19,37.75,9374,25618,6501,0.9374,2.5618,2.73288
4,19,38,9351,26554,6768,0.9351,2.6554,2.8397
4,19,38.25,9286,29029,7309,0.9286,2.9029,3.1261
4,19,38.5,9346,26738,6780,0.9346,2.6738,2.8609
4,19,38.75,9312,28098,7086,0.9312,2.8098,3.0174
4,19,39,9330,27259,6844,0.933,2.7259,2.92165
4,19,39.25,9300,28361,7157,0.93,2.8361,3.04957
4,19,39.5,9317,27801,6981,0.9317,2.7801,2.9839
4,19,39.75,9336,26995,6801,0.9336,2.6995,2.8915
4,19,40,9318,27730,6995,0.9318,2.773,2.97596
