network,run,t,S,I,SI,SS,s,i,si,ss,si_over_i
0,0,0,9980,20,120,29880,0.998,0.002,0.012,2.988,6
0,0,1,9945,29,135,29705,0.9945,0.0029,0.0135,2.9705,4.65517
0,0,2,9900,41,168,29482,0.99,0.0041,0.0168,2.9482,4.09756
0,0,3,9828,63,254,29125,0.9828,0.0063,0.0254,2.9125,4.03175
0,0,4,9736,74,297,28675,0.9736,0.0074,0.0297,2.8675,4.01351
0,0,5,9650,82,323,28251,0.965,0.0082,0.0323,2.8251,3.93902
0,0,6,9529,111,430,27656,0.9529,0.0111,0.043,2.7656,3.87387
0,0,7,9395,118,445,27007,0.9395,0.0118,0.0445,2.7007,3.77119
0,0,8,9234,139,517,26244,0.9234,0.0139,0.0517,2.6244,3.71942
0,0,9,9037,176,636,25308,0.9037,0.0176,0.0636,2.5308,3.61364
0,0,10,8812,199,706,24276,0.8812,0.0199,0.0706,2.4276,3.54774
0,0,11,8530,244,839,23004,0.853,0.0244,0.0839,2.3004,3.43852
0,0,12,8267,252,856,21840,0.8267,0.0252,0.0856,2.184,3.39683
0,0,13,7976,282,924,20555,0.7976,0.0282,0.0924,2.0555,3.2766
0,0,14,7655,303,963,19203,0.7655,0.0303,0.0963,1.9203,3.17822
0,0,15,7342,312,971,17914,0.7342,0.0312,0.0971,1.7914,3.11218
0,0,16,7008,317,950,16581,0.7008,0.0317,0.095,1.6581,2.99685
0,0,17,6722,284,800,15472,0.6722,0.0284,0.08,1.5472,2.8169
0,0,18,6480,246,687,14545,0.648,0.0246,0.0687,1.4545,2.79268
0,0,19,6294,192,523,13858,0.6294,0.0192,0.0523,1.3858,2.72396
0,0,20,6129,166,451,13255,0.6129,0.0166,0.0451,1.3255,2.71687
0,0,21,5957,166,445,12626,0.5957,0.0166,0.0445,1.2626,2.68072
0,0,22,5839,124,286,12234,0.5839,0.0124,0.0286,1.2234,2.30645
0,0,23,5749,102,237,11921,0.5749,0.0102,0.0237,1.1921,2.32353
0,0,24,5667,83,184,11642,0.5667,0.0083,0.0184,1.1642,2.21687
0,0,25,5628,59,132,11513,0.5628,0.0059,0.0132,1.1513,2.23729
0,0,26,5570,54,128,11319,0.557,0.0054,0.0128,1.1319,2.37037
0,0,27,5532,45,95,11188,0.5532,0.0045,0.0095,1.1188,2.11111
0,0,28,5486,51,116,11028,0.5486,0.0051,0.0116,1.1028,2.27451
0,0,29,5443,54,126,10887,0.5443,0.0054,0.0126,1.0887,2.33333
0,0,30,5411,38,81,10788,0.5411,0.0038,0.0081,1.0788,2.13158
0,0,31,5393,27,54,10737,0.5393,0.0027,0.0054,1.0737,2
0,0,32,5382,14,27,10706,0.5382,0.0014,0.0027,1.0706,1.92857
0,0,33,5362,14,43,10627,0.5362,0.0014,0.0043,1.0627,3.07143
0,0,34,5349,11,26,10584,0.5349,0.0011,0.0026,1.0584,2.36364
0,0,35,5334,14,43,10528,0.5334,0.0014,0.0043,1.0528,3.07143
0,0,36,5316,15,31,10471,0.5316,0.0015,0.0031,1.0471,2.06667
0,0,37,5305,8,13,10440,0.5305,0.0008,0.0013,1.044,1.625
0,0,38,5302,1,2,10428,0.5302,0.0001,0.0002,1.0428,2
0,0,39,5301,2,5,10424,0.5301,0.0002,0.0005,1.0424,2.5
0,0,40,5300,1,3,10421,0.53,0.0001,0.0003,1.0421,3
0,0,41,5297,4,9,10412,0.5297,0.0004,0.0009,1.0412,2.25
0,0,42,5297,1,3,10412,0.5297,0.0001,0.0003,1.0412,3
0,0,43,5297,1,3,10412,0.5297,0.0001,0.0003,1.0412,3
0,0,44,5297,0,0,10412,0.5297,0,0,1.0412,
0,0,45,5297,0,0,10412,0.5297,0,0,1.0412,
0,0,46,5297,0,0,10412,0.5297,0,0,1.0412,
0,0,47,5297,0,0,10412,0.5297,0,0,1.0412,
0,0,48,5297,0,0,10412,0.5297,0,0,1.0412,
0,0,49,5297,0,0,10412,0.5297,0,0,1.0412,
0,0,50,5297,0,0,10412,0.5297,0,0,1.0412,
0,0,51,5297,0,0,10412,0.5297,0,0,1.0412,
0,0,52,5297,0,0,10412,0.5297,0,0,1.0412,
0,0,53,5297,0,0,10412,0.5297,0,0,1.0412,
0,0,54,5297,0,0,10412,0.5297,0,0,1.0412,
0,0,55,5297,0,0,10412,0.5297,0,0,1.0412,
0,0,56,5297,0,0,10412,0.5297,0,0,1.0412,
0,0,57,5297,0,0,10412,0.5297,0,0,1.0412,
0,0,58,5297,0,0,10412,0.5297,0,0,1.0412,
0,0,59,5297,0,0,10412,0.5297,0,0,1.0412,
0,0,60,5297,0,0,10412,0.5297,0,0,1.0412,
0,0,61,5297,0,0,10412,0.5297,0,0,1.0412,
0,0,62,5297,0,0,10412,0.5297,0,0,1.0412,
0,0,63,5297,0,0,10412,0.5297,0,0,1.0412,
0,0,64,5297,0,0,10412,0.5297,0,0,1.0412,
0,0,65,5297,0,0,10412,0.5297,0,0,1.0412,
0,0,66,5297,0,0,10412,0.5297,0,0,1.0412,
0,0,67,5297,0,0,10412,0.5297,0,0,1.0412,
0,0,68,5297,0,0,10412,0.5297,0,0,1.0412,
0,0,69,5297,0,0,10412,0.5297,0,0,1.0412,
0,0,70,5297,0,0,10412,0.5297,0,0,1.0412,
0,0,71,5297,0,0,10412,0.5297,0,0,1.0412,
0,0,72,5297,0,0,10412,0.5297,0,0,1.0412,
0,0,73,5297,0,0,10412,0.5297,0,0,1.0412,
0,0,74,5297,0,0,10412,0.5297,0,0,1.0412,
0,0,75,5297,0,0,10412,0.5297,0,0,1.0412,
0,0,76,5297,0,0,10412,0.5297,0,0,1.0412,
0,0,77,5297,0,0,10412,0.5297,0,0,1.0412,
0,0,78,5297,0,0,10412,0.5297,0,0,1.0412,
0,0,79,5297,0,0,10412,0.5297,0,0,1.0412,
0,0,80,5297,0,0,10412,0.5297,0,0,1.0412,
0,0,81,5297,0,0,10412,0.5297,0,0,1.0412,
0,0,82,5297,0,0,10412,0.5297,0,0,1.0412,
0,0,83,5297,0,0,10412,0.5297,0,0,1.0412,
0,0,84,5297,0,0,10412,0.5297,0,0,1.0412,
0,0,85,5297,0,0,10412,0.5297,0,0,1.0412,
0,0,86,5297,0,0,10412,0.5297,0,0,1.0412,
0,0,87,5297,0,0,10412,0.5297,0,0,1.0412,
0,0,88,5297,0,0,10412,0.5297,0,0,1.0412,
0,0,89,5297,0,0,10412,0.5297,0,0,1.0412,
0,0,90,5297,0,0,10412,0.5297,0,0,1.0412,
0,0,91,5297,0,0,10412,0.5297,0,0,1.0412,
0,0,92,5297,0,0,10412,0.5297,0,0,1.0412,
0,0,93,5297,0,0,10412,0.5297,0,0,1.0412,
0,0,94,5297,0,0,10412,0.5297,0,0,1.0412,
0,0,95,5297,0,0,10412,0.5297,0,0,1.0412,
0,0,96,5297,0,0,10412,0.5297,0,0,1.0412,
0,0,97,5297,0,0,10412,0.5297,0,0,1.0412,
0,0,98,5297,0,0,10412,0.5297,0,0,1.0412,
0,0,99,5297,0,0,10412,0.5297,0,0,1.0412,
0,0,100,5297,0,0,10412,0.5297,0,0,1.0412,
0,1,0,9980,20,120,29880,0.998,0.002,0.012,2.988,6
0,1,1,9918,51,222,29570,0.9918,0.0051,0.0222,2.957,4.35294
0,1,2,9827,58,231,29120,0.9827,0.0058,0.0231,2.912,3.98276
0,1,3,9757,62,231,28778,0.9757,0.0062,0.0231,2.8778,3.72581
0,1,4,9678,82,304,28391,0.9678,0.0082,0.0304,2.8391,3.70732
0,1,5,9582,97,368,27925,0.9582,0.0097,0.0368,2.7925,3.79381
0,1,6,9430,139,538,27185,0.943,0.0139,0.0538,2.7185,3.8705
0,1,7,9204,185,702,26108,0.9204,0.0185,0.0702,2.6108,3.79459
0,1,8,8980,208,769,25055,0.898,0.0208,0.0769,2.5055,3.69712
0,1,9,8692,271,968,23718,0.8692,0.0271,0.0968,2.3718,3.57196
0,1,10,8373,298,1010,22287,0.8373,0.0298,0.101,2.2287,3.38926
0,1,11,8079,272,894,21022,0.8079,0.0272,0.0894,2.1022,3.28676
0,1,12,7753,300,951,19630,0.7753,0.03,0.0951,1.963,3.17
0,1,13,7437,306,954,18293,0.7437,0.0306,0.0954,1.8293,3.11765
0,1,14,7117,316,956,16995,0.7117,0.0316,0.0956,1.6995,3.02532
0,1,15,6883,251,744,16079,0.6883,0.0251,0.0744,1.6079,2.96414
0,1,16,6610,249,698,15040,0.661,0.0249,0.0698,1.504,2.80321
0,1,17,6399,220,602,14247,0.6399,0.022,0.0602,1.4247,2.73636
0,1,18,6204,203,546,13510,0.6204,0.0203,0.0546,1.351,2.68966
0,1,19,6022,192,501,12873,0.6022,0.0192,0.0501,1.2873,2.60938
0,1,20,5879,162,414,12355,0.5879,0.0162,0.0414,1.2355,2.55556
0,1,21,5764,140,353,11938,0.5764,0.014,0.0353,1.1938,2.52143
0,1,22,5637,139,363,11488,0.5637,0.0139,0.0363,1.1488,2.61151
0,1,23,5544,102,250,11178,0.5544,0.0102,0.025,1.1178,2.45098
0,1,24,5486,68,159,10991,0.5486,0.0068,0.0159,1.0991,2.33824
0,1,25,5442,52,119,10840,0.5442,0.0052,0.0119,1.084,2.28846
0,1,26,5423,25,55,10772,0.5423,0.0025,0.0055,1.0772,2.2
0,1,27,5407,22,45,10722,0.5407,0.0022,0.0045,1.0722,2.04545
0,1,28,5383,22,52,10641,0.5383,0.0022,0.0052,1.0641,2.36364
0,1,29,5372,17,29,10610,0.5372,0.0017,0.0029,1.061,1.70588
0,1,30,5362,9,16,10578,0.5362,0.0009,0.0016,1.0578,1.77778
0,1,31,5361,4,6,10575,0.5361,0.0004,0.0006,1.0575,1.5
0,1,32,5359,2,4,10568,0.5359,0.0002,0.0004,1.0568,2
0,1,33,5359,0,0,10568,0.5359,0,0,1.0568,
0,1,34,5359,0,0,10568,0.5359,0,0,1.0568,
0,1,35,5359,0,0,10568,0.5359,0,0,1.0568,
0,1,36,5359,0,0,10568,0.5359,0,0,1.0568,
0,1,37,5359,0,0,10568,0.5359,0,0,1.0568,
0,1,38,5359,0,0,10568,0.5359,0,0,1.0568,
0,1,39,5359,0,0,10568,0.5359,0,0,1.0568,
0,1,40,5359,0,0,10568,0.5359,0,0,1.0568,
0,1,41,5359,0,0,10568,0.5359,0,0,1.0568,
0,1,42,5359,0,0,10568,0.5359,0,0,1.0568,
0,1,43,5359,0,0,10568,0.5359,0,0,1.0568,
0,1,44,5359,0,0,10568,0.5359,0,0,1.0568,
0,1,45,5359,0,0,10568,0.5359,0,0,1.0568,
0,1,46,5359,0,0,10568,0.5359,0,0,1.0568,
0,1,47,5359,0,0,10568,0.5359,0,0,1.0568,
0,1,48,5359,0,0,10568,0.5359,0,0,1.0568,
0,1,49,5359,0,0,10568,0.5359,0,0,1.0568,
0,1,50,5359,0,0,10568,0.5359,0,0,1.0568,
0,1,51,5359,0,0,10568,0.5359,0,0,1.0568,
0,1,52,5359,0,0,10568,0.5359,0,0,1.0568,
0,1,53,5359,0,0,10568,0.5359,0,0,1.0568,
0,1,54,5359,0,0,10568,0.5359,0,0,1.0568,
0,1,55,5359,0,0,10568,0.5359,0,0,1.0568,
0,1,56,5359,0,0,10568,0.5359,0,0,1.0568,
0,1,57,5359,0,0,10568,0.5359,0,0,1.0568,
0,1,58,5359,0,0,10568,0.5359,0,0,1.0568,
0,1,59,5359,0,0,10568,0.5359,0,0,1.0568,
0,1,60,5359,0,0,10568,0.5359,0,0,1.0568,
0,1,61,5359,0,0,10568,0.5359,0,0,1.0568,
0,1,62,5359,0,0,10568,0.5359,0,0,1.0568,
0,1,63,5359,0,0,10568,0.5359,0,0,1.0568,
0,1,64,5359,0,0,10568,0.5359,0,0,1.0568,
0,1,65,5359,0,0,10568,0.5359,0,0,1.0568,
0,1,66,5359,0,0,10568,0.5359,0,0,1.0568,
0,1,67,5359,0,0,10568,0.5359,0,0,1.0568,
0,1,68,5359,0,0,10568,0.5359,0,0,1.0568,
0,1,69,5359,0,0,10568,0.5359,0,0,1.0568,
0,1,70,5359,0,0,10568,0.5359,0,0,1.0568,
0,1,71,5359,0,0,10568,0.5359,0,0,1.0568,
0,1,72,5359,0,0,10568,0.5359,0,0,1.0568,
0,1,73,5359,0,0,10568,0.5359,0,0,1.0568,
0,1,74,5359,0,0,10568,0.5359,0,0,1.0568,
0,1,75,5359,0,0,10568,0.5359,0,0,1.0568,
0,1,76,5359,0,0,10568,0.5359,0,0,1.0568,
0,1,77,5359,0,0,10568,0.5359,0,0,1.0568,
0,1,78,5359,0,0,10568,0.5359,0,0,1.0568,
0,1,79,5359,0,0,10568,0.5359,0,0,1.0568,
0,1,80,5359,0,0,10568,0.5359,0,0,1.0568,
0,1,81,5359,0,0,10568,0.5359,0,0,1.0568,
0,1,82,5359,0,0,10568,0.5359,0,0,1.0568,
0,1,83,5359,0,0,10568,0.5359,0,0,1.0568,
0,1,84,5359,0,0,10568,0.5359,0,0,1.0568,
0,1,85,5359,0,0,10568,0.5359,0,0,1.0568,
0,1,86,5359,0,0,10568,0.5359,0,0,1.0568,
0,1,87,5359,0,0,10568,0.5359,0,0,1.0568,
0,1,88,5359,0,0,10568,0.5359,0,0,1.0568,
0,1,89,5359,0,0,10568,0.5359,0,0,1.0568,
0,1,90,5359,0,0,10568,0.5359,0,0,1.0568,
0,1,91,5359,0,0,10568,0.5359,0,0,1.0568,
0,1,92,5359,0,0,10568,0.5359,0,0,1.0568,
0,1,93,5359,0,0,10568,0.5359,0,0,1.0568,
0,1,94,5359,0,0,10568,0.5359,0,0,1.0568,
0,1,95,5359,0,0,10568,0.5359,0,0,1.0568,
0,1,96,5359,0,0,10568,0.5359,0,0,1.0568,
0,1,97,5359,0,0,10568,0.5359,0,0,1.0568,
0,1,98,5359,0,0,10568,0.5359,0,0,1.0568,
0,1,99,5359,0,0,10568,0.5359,0,0,1.0568,
0,1,100,5359,0,0,10568,0.5359,0,0,1.0568,
0,2,0,9980,20,120,29880,0.998,0.002,0.012,2.988,6
0,2,1,9943,28,124,29695,0.9943,0.0028,0.0124,2.9695,4.42857
0,2,2,9896,34,141,29462,0.9896,0.0034,0.0141,2.9462,4.14706
0,2,3,9830,58,233,29132,0.983,0.0058,0.0233,2.9132,4.01724
0,2,4,9742,82,328,28698,0.9742,0.0082,0.0328,2.8698,4
0,2,5,9652,83,325,28258,0.9652,0.0083,0.0325,2.8258,3.91566
0,2,6,9534,102,402,27682,0.9534,0.0102,0.0402,2.7682,3.94118
0,2,7,9376,140,540,26911,0.9376,0.014,0.054,2.6911,3.85714
0,2,8,9181,178,660,25984,0.9181,0.0178,0.066,2.5984,3.70787
0,2,9,8943,218,806,24868,0.8943,0.0218,0.0806,2.4868,3.69725
0,2,10,8619,303,1087,23395,0.8619,0.0303,0.1087,2.3395,3.58746
0,2,11,8211,362,1261,21580,0.8211,0.0362,0.1261,2.158,3.48343
0,2,12,7798,398,1278,19793,0.7798,0.0398,0.1278,1.9793,3.21106
0,2,13,7356,435,1338,17975,0.7356,0.0435,0.1338,1.7975,3.07586
0,2,14,6928,430,1229,16285,0.6928,0.043,0.1229,1.6285,2.85814
0,2,15,6596,378,1060,15002,0.6596,0.0378,0.106,1.5002,2.80423
0,2,16,6245,387,1066,13694,0.6245,0.0387,0.1066,1.3694,2.75452
0,2,17,5929,322,849,12546,0.5929,0.0322,0.0849,1.2546,2.63665
0,2,18,5708,231,594,11764,0.5708,0.0231,0.0594,1.1764,2.57143
0,2,19,5547,188,456,11210,0.5547,0.0188,0.0456,1.121,2.42553
0,2,20,5436,141,340,10851,0.5436,0.0141,0.034,1.0851,2.41135
0,2,21,5348,96,214,10560,0.5348,0.0096,0.0214,1.056,2.22917
0,2,22,5285,75,159,10351,0.5285,0.0075,0.0159,1.0351,2.12
0,2,23,5248,48,115,10228,0.5248,0.0048,0.0115,1.0228,2.39583
0,2,24,5227,33,79,10159,0.5227,0.0033,0.0079,1.0159,2.39394
0,2,25,5207,30,70,10091,0.5207,0.003,0.007,1.0091,2.33333
0,2,26,5188,19,42,10026,0.5188,0.0019,0.0042,1.0026,2.21053
0,2,27,5175,15,26,9996,0.5175,0.0015,0.0026,0.9996,1.73333
0,2,28,5171,6,12,9983,0.5171,0.0006,0.0012,0.9983,2
0,2,29,5167,3,5,9970,0.5167,0.0003,0.0005,0.997,1.66667
0,2,30,5167,0,0,9970,0.5167,0,0,0.997,
0,2,31,5167,0,0,9970,0.5167,0,0,0.997,
0,2,32,5167,0,0,9970,0.5167,0,0,0.997,
0,2,33,5167,0,0,9970,0.5167,0,0,0.997,
0,2,34,5167,0,0,9970,0.5167,0,0,0.997,
0,2,35,5167,0,0,9970,0.5167,0,0,0.997,
0,2,36,5167,0,0,9970,0.5167,0,0,0.997,
0,2,37,5167,0,0,9970,0.5167,0,0,0.997,
0,2,38,5167,0,0,9970,0.5167,0,0,0.997,
0,2,39,5167,0,0,9970,0.5167,0,0,0.997,
0,2,40,5167,0,0,9970,0.5167,0,0,0.997,
0,2,41,5167,0,0,9970,0.5167,0,0,0.997,
0,2,42,5167,0,0,9970,0.5167,0,0,0.997,
0,2,43,5167,0,0,9970,0.5167,0,0,0.997,
0,2,44,5167,0,0,9970,0.5167,0,0,0.997,
0,2,45,5167,0,0,9970,0.5167,0,0,0.997,
0,2,46,5167,0,0,9970,0.5167,0,0,0.997,
0,2,47,5167,0,0,9970,0.5167,0,0,0.997,
0,2,48,5167,0,0,9970,0.5167,0,0,0.997,
0,2,49,5167,0,0,9970,0.5167,0,0,0.997,
0,2,50,5167,0,0,9970,0.5167,0,0,0.997,
0,2,51,5167,0,0,9970,0.5167,0,0,0.997,
0,2,52,5167,0,0,9970,0.5167,0,0,0.997,
0,2,53,5167,0,0,9970,0.5167,0,0,0.997,
0,2,54,5167,0,0,9970,0.5167,0,0,0.997,
0,2,55,5167,0,0,9970,0.5167,0,0,0.997,
0,2,56,5167,0,0,9970,0.5167,0,0,0.997,
0,2,57,5167,0,0,9970,0.5167,0,0,0.997,
0,2,58,5167,0,0,9970,0.5167,0,0,0.997,
0,2,59,5167,0,0,9970,0.5167,0,0,0.997,
0,2,60,5167,0,0,9970,0.5167,0,0,0.997,
0,2,61,5167,0,0,9970,0.5167,0,0,0.997,
0,2,62,5167,0,0,9970,0.5167,0,0,0.997,
0,2,63,5167,0,0,9970,0.5167,0,0,0.997,
0,2,64,5167,0,0,9970,0.5167,0,0,0.997,
0,2,65,5167,0,0,9970,0.5167,0,0,0.997,
0,2,66,5167,0,0,9970,0.5167,0,0,0.997,
0,2,67,5167,0,0,9970,0.5167,0,0,0.997,
0,2,68,5167,0,0,9970,0.5167,0,0,0.997,
0,2,69,5167,0,0,9970,0.5167,0,0,0.997,
0,2,70,5167,0,0,9970,0.5167,0,0,0.997,
0,2,71,5167,0,0,9970,0.5167,0,0,0.997,
0,2,72,5167,0,0,9970,0.5167,0,0,0.997,
0,2,73,5167,0,0,9970,0.5167,0,0,0.997,
0,2,74,5167,0,0,9970,0.5167,0,0,0.997,
0,2,75,5167,0,0,9970,0.5167,0,0,0.997,
0,2,76,5167,0,0,9970,0.5167,0,0,0.997,
0,2,77,5167,0,0,9970,0.5167,0,0,0.997,
0,2,78,5167,0,0,9970,0.5167,0,0,0.997,
0,2,79,5167,0,0,9970,0.5167,0,0,0.997,
0,2,80,5167,0,0,9970,0.5167,0,0,0.997,
0,2,81,5167,0,0,9970,0.5167,0,0,0.997,
0,2,82,5167,0,0,9970,0.5167,0,0,0.997,
0,2,83,5167,0,0,9970,0.5167,0,0,0.997,
0,2,84,5167,0,0,9970,0.5167,0,0,0.997,
0,2,85,5167,0,0,9970,0.5167,0,0,0.997,
0,2,86,5167,0,0,9970,0.5167,0,0,0.997,
0,2,87,5167,0,0,9970,0.5167,0,0,0.997,
0,2,88,5167,0,0,9970,0.5167,0,0,0.997,
0,2,89,5167,0,0,9970,0.5167,0,0,0.997,
0,2,90,5167,0,0,9970,0.5167,0,0,0.997,
0,2,91,5167,0,0,9970,0.5167,0,0,0.997,
0,2,92,5167,0,0,9970,0.5167,0,0,0.997,
0,2,93,5167,0,0,9970,0.5167,0,0,0.997,
0,2,94,5167,0,0,9970,0.5167,0,0,0.997,
0,2,95,5167,0,0,9970,0.5167,0,0,0.997,
0,2,96,5167,0,0,9970,0.5167,0,0,0.997,
0,2,97,5167,0,0,9970,0.5167,0,0,0.997,
0,2,98,5167,0,0,9970,0.5167,0,0,0.997,
0,2,99,5167,0,0,9970,0.5167,0,0,0.997,
0,2,100,5167,0,0,9970,0.5167,0,0,0.997,
0,3,0,9980,20,120,29880,0.998,0.002,0.012,2.988,6
0,3,1,9934,42,191,29650,0.9934,0.0042,0.0191,2.965,4.54762
0,3,2,9873,49,196,29345,0.9873,0.0049,0.0196,2.9345,4
0,3,3,9818,48,188,29072,0.9818,0.0048,0.0188,2.9072,3.91667
0,3,4,9749,62,250,28733,0.9749,0.0062,0.025,2.8733,4.03226
0,3,5,9622,109,421,28116,0.9622,0.0109,0.0421,2.8116,3.86239
0,3,6,9512,110,417,27584,0.9512,0.011,0.0417,2.7584,3.79091
0,3,7,9351,143,533,26808,0.9351,0.0143,0.0533,2.6808,3.72727
0,3,8,9165,174,636,25925,0.9165,0.0174,0.0636,2.5925,3.65517
0,3,9,8963,187,658,24972,0.8963,0.0187,0.0658,2.4972,3.51872
0,3,10,8715,230,840,23829,0.8715,0.023,0.084,2.3829,3.65217
0,3,11,8416,286,992,22482,0.8416,0.0286,0.0992,2.2482,3.46853
0,3,12,8098,326,1072,21090,0.8098,0.0326,0.1072,2.109,3.28834
0,3,13,7741,336,1055,19575,0.7741,0.0336,0.1055,1.9575,3.13988
0,3,14,7360,362,1086,18002,0.736,0.0362,0.1086,1.8002,3
0,3,15,6998,370,1124,16522,0.6998,0.037,0.1124,1.6522,3.03784
0,3,16,6650,349,1003,15157,0.665,0.0349,0.1003,1.5157,2.87393
0,3,17,6330,348,982,13931,0.633,0.0348,0.0982,1.3931,2.82184
0,3,18,6035,315,796,12900,0.6035,0.0315,0.0796,1.29,2.52698
0,3,19,5822,228,581,12161,0.5822,0.0228,0.0581,1.2161,2.54825
0,3,20,5664,162,409,11609,0.5664,0.0162,0.0409,1.1609,2.52469
0,3,21,5540,137,323,11191,0.554,0.0137,0.0323,1.1191,2.35766
0,3,22,5464,95,233,10918,0.5464,0.0095,0.0233,1.0918,2.45263
0,3,23,5405,71,176,10719,0.5405,0.0071,0.0176,1.0719,2.47887
0,3,24,5350,59,136,10536,0.535,0.0059,0.0136,1.0536,2.30508
0,3,25,5309,49,116,10406,0.5309,0.0049,0.0116,1.0406,2.36735
0,3,26,5263,50,119,10252,0.5263,0.005,0.0119,1.0252,2.38
0,3,27,5219,47,107,10109,0.5219,0.0047,0.0107,1.0109,2.2766
0,3,28,5187,37,77,10010,0.5187,0.0037,0.0077,1.001,2.08108
0,3,29,5165,24,60,9940,0.5165,0.0024,0.006,0.994,2.5
0,3,30,5144,23,55,9877,0.5144,0.0023,0.0055,0.9877,2.3913
0,3,31,5127,18,45,9818,0.5127,0.0018,0.0045,0.9818,2.5
0,3,32,5114,14,30,9778,0.5114,0.0014,0.003,0.9778,2.14286
0,3,33,5106,11,30,9748,0.5106,0.0011,0.003,0.9748,2.72727
0,3,34,5092,11,28,9697,0.5092,0.0011,0.0028,0.9697,2.54545
0,3,35,5087,5,14,9679,0.5087,0.0005,0.0014,0.9679,2.8
0,3,36,5084,3,9,9668,0.5084,0.0003,0.0009,0.9668,3
0,3,37,5081,1,3,9656,0.5081,0.0001,0.0003,0.9656,3
0,3,38,5079,3,8,9649,0.5079,0.0003,0.0008,0.9649,2.66667
0,3,39,5079,0,0,9649,0.5079,0,0,0.9649,
0,3,40,5079,0,0,9649,0.5079,0,0,0.9649,
0,3,41,5079,0,0,9649,0.5079,0,0,0.9649,
0,3,42,5079,0,0,9649,0.5079,0,0,0.9649,
0,3,43,5079,0,0,9649,0.5079,0,0,0.9649,
0,3,44,5079,0,0,9649,0.5079,0,0,0.9649,
0,3,45,5079,0,0,9649,0.5079,0,0,0.9649,
0,3,46,5079,0,0,9649,0.5079,0,0,0.9649,
0,3,47,5079,0,0,9649,0.5079,0,0,0.9649,
0,3,48,5079,0,0,9649,0.5079,0,0,0.9649,
0,3,49,5079,0,0,9649,0.5079,0,0,0.9649,
0,3,50,5079,0,0,9649,0.5079,0,0,0.9649,
0,3,51,5079,0,0,9649,0.5079,0,0,0.9649,
0,3,52,5079,0,0,9649,0.5079,0,0,0.9649,
0,3,53,5079,0,0,9649,0.5079,0,0,0.9649,
0,3,54,5079,0,0,9649,0.5079,0,0,0.9649,
0,3,55,5079,0,0,9649,0.5079,0,0,0.9649,
0,3,56,5079,0,0,9649,0.5079,0,0,0.9649,
0,3,57,5079,0,0,9649,0.5079,0,0,0.9649,
0,3,58,5079,0,0,9649,0.5079,0,0,0.9649,
0,3,59,5079,0,0,9649,0.5079,0,0,0.9649,
0,3,60,5079,0,0,9649,0.5079,0,0,0.9649,
0,3,61,5079,0,0,9649,0.5079,0,0,0.9649,
0,3,62,5079,0,0,9649,0.5079,0,0,0.9649,
0,3,63,5079,0,0,9649,0.5079,0,0,0.9649,
0,3,64,5079,0,0,9649,0.5079,0,0,0.9649,
0,3,65,5079,0,0,9649,0.5079,0,0,0.9649,
0,3,66,5079,0,0,9649,0.5079,0,0,0.9649,
0,3,67,5079,0,0,9649,0.5079,0,0,0.9649,
0,3,68,5079,0,0,9649,0.5079,0,0,0.9649,
0,3,69,5079,0,0,9649,0.5079,0,0,0.9649,
0,3,70,5079,0,0,9649,0.5079,0,0,0.9649,
0,3,71,5079,0,0,9649,0.5079,0,0,0.9649,
0,3,72,5079,0,0,9649,0.5079,0,0,0.9649,
0,3,73,5079,0,0,9649,0.5079,0,0,0.9649,
0,3,74,5079,0,0,9649,0.5079,0,0,0.9649,
0,3,75,5079,0,0,9649,0.5079,0,0,0.9649,
0,3,76,5079,0,0,9649,0.5079,0,0,0.9649,
0,3,77,5079,0,0,9649,0.5079,0,0,0.9649,
0,3,78,5079,0,0,9649,0.5079,0,0,0.9649,
0,3,79,5079,0,0,9649,0.5079,0,0,0.9649,
0,3,80,5079,0,0,9649,0.5079,0,0,0.9649,
0,3,81,5079,0,0,9649,0.5079,0,0,0.9649,
0,3,82,5079,0,0,9649,0.5079,0,0,0.9649,
0,3,83,5079,0,0,9649,0.5079,0,0,0.9649,
0,3,84,5079,0,0,9649,0.5079,0,0,0.9649,
0,3,85,5079,0,0,9649,0.5079,0,0,0.9649,
0,3,86,5079,0,0,9649,0.5079,0,0,0.9649,
0,3,87,5079,0,0,9649,0.5079,0,0,0.9649,
0,3,88,5079,0,0,9649,0.5079,0,0,0.9649,
0,3,89,5079,0,0,9649,0.5079,0,0,0.9649,
0,3,90,5079,0,0,9649,0.5079,0,0,0.9649,
0,3,91,5079,0,0,9649,0.5079,0,0,0.9649,
0,3,92,5079,0,0,9649,0.5079,0,0,0.9649,
0,3,93,5079,0,0,9649,0.5079,0,0,0.9649,
0,3,94,5079,0,0,9649,0.5079,0,0,0.9649,
0,3,95,5079,0,0,9649,0.5079,0,0,0.9649,
0,3,96,5079,0,0,9649,0.5079,0,0,0.9649,
0,3,97,5079,0,0,9649,0.5079,0,0,0.9649,
0,3,98,5079,0,0,9649,0.5079,0,0,0.9649,
0,3,99,5079,0,0,9649,0.5079,0,0,0.9649,
0,3,100,5079,0,0,9649,0.5079,0,0,0.9649,
0,4,0,9980,20,120,29880,0.998,0.002,0.012,2.988,6
0,4,1,9914,61,257,29552,0.9914,0.0061,0.0257,2.9552,4.21311
0,4,2,9827,82,334,29120,0.9827,0.0082,0.0334,2.912,4.07317
0,4,3,9715,104,405,28567,0.9715,0.0104,0.0405,2.8567,3.89423
0,4,4,9558,146,554,27805,0.9558,0.0146,0.0554,2.7805,3.79452
0,4,5,9368,175,656,26887,0.9368,0.0175,0.0656,2.6887,3.74857
0,4,6,9144,207,754,25835,0.9144,0.0207,0.0754,2.5835,3.64251
0,4,7,8876,257,951,24573,0.8876,0.0257,0.0951,2.4573,3.70039
0,4,8,8514,340,1202,22919,0.8514,0.034,0.1202,2.2919,3.53529
0,4,9,8119,385,1280,21192,0.8119,0.0385,0.128,2.1192,3.32468
0,4,10,7651,455,1476,19172,0.7651,0.0455,0.1476,1.9172,3.24396
0,4,11,7213,478,1444,17413,0.7213,0.0478,0.1444,1.7413,3.02092
0,4,12,6693,525,1468,15389,0.6693,0.0525,0.1468,1.5389,2.79619
0,4,13,6257,459,1263,13739,0.6257,0.0459,0.1263,1.3739,2.75163
0,4,14,5859,405,1034,12286,0.5859,0.0405,0.1034,1.2286,2.55309
0,4,15,5564,317,766,11259,0.5564,0.0317,0.0766,1.1259,2.4164
0,4,16,5276,305,680,10308,0.5276,0.0305,0.068,1.0308,2.22951
0,4,17,5065,254,568,9607,0.5065,0.0254,0.0568,0.9607,2.23622
0,4,18,4927,189,385,9190,0.4927,0.0189,0.0385,0.919,2.03704
0,4,19,4823,141,284,8864,0.4823,0.0141,0.0284,0.8864,2.01418
0,4,20,4737,95,192,8597,0.4737,0.0095,0.0192,0.8597,2.02105
0,4,21,4701,53,114,8485,0.4701,0.0053,0.0114,0.8485,2.15094
0,4,22,4662,42,84,8368,0.4662,0.0042,0.0084,0.8368,2
0,4,23,4633,37,78,8283,0.4633,0.0037,0.0078,0.8283,2.10811
0,4,24,4614,27,55,8229,0.4614,0.0027,0.0055,0.8229,2.03704
0,4,25,4588,35,72,8153,0.4588,0.0035,0.0072,0.8153,2.05714
0,4,26,4567,29,67,8086,0.4567,0.0029,0.0067,0.8086,2.31034
0,4,27,4554,13,33,8041,0.4554,0.0013,0.0033,0.8041,2.53846
0,4,28,4544,11,28,8010,0.4544,0.0011,0.0028,0.801,2.54545
0,4,29,4530,15,35,7968,0.453,0.0015,0.0035,0.7968,2.33333
0,4,30,4523,12,33,7946,0.4523,0.0012,0.0033,0.7946,2.75
0,4,31,4514,8,15,7921,0.4514,0.0008,0.0015,0.7921,1.875
0,4,32,4513,1,2,7920,0.4513,0.0001,0.0002,0.792,2
0,4,33,4513,1,2,7920,0.4513,0.0001,0.0002,0.792,2
0,4,34,4511,3,4,7916,0.4511,0.0003,0.0004,0.7916,1.33333
0,4,35,4506,4,9,7903,0.4506,0.0004,0.0009,0.7903,2.25
0,4,36,4502,4,8,7890,0.4502,0.0004,0.0008,0.789,2
0,4,37,4498,4,11,7875,0.4498,0.0004,0.0011,0.7875,2.75
0,4,38,4497,0,0,7874,0.4497,0,0,0.7874,
0,4,39,4497,0,0,7874,0.4497,0,0,0.7874,
0,4,40,4497,0,0,7874,0.4497,0,0,0.7874,
0,4,41,4497,0,0,7874,0.4497,0,0,0.7874,
0,4,42,4497,0,0,7874,0.4497,0,0,0.7874,
0,4,43,4497,0,0,7874,0.4497,0,0,0.7874,
0,4,44,4497,0,0,7874,0.4497,0,0,0.7874,
0,4,45,4497,0,0,7874,0.4497,0,0,0.7874,
0,4,46,4497,0,0,7874,0.4497,0,0,0.7874,
0,4,47,4497,0,0,7874,0.4497,0,0,0.7874,
0,4,48,4497,0,0,7874,0.4497,0,0,0.7874,
0,4,49,4497,0,0,7874,0.4497,0,0,0.7874,
0,4,50,4497,0,0,7874,0.4497,0,0,0.7874,
0,4,51,4497,0,0,7874,0.4497,0,0,0.7874,
0,4,52,4497,0,0,7874,0.4497,0,0,0.7874,
0,4,53,4497,0,0,7874,0.4497,0,0,0.7874,
0,4,54,4497,0,0,7874,0.4497,0,0,0.7874,
0,4,55,4497,0,0,7874,0.4497,0,0,0.7874,
0,4,56,4497,0,0,7874,0.4497,0,0,0.7874,
0,4,57,4497,0,0,7874,0.4497,0,0,0.7874,
0,4,58,4497,0,0,7874,0.4497,0,0,0.7874,
0,4,59,4497,0,0,7874,0.4497,0,0,0.7874,
0,4,60,4497,0,0,7874,0.4497,0,0,0.7874,
0,4,61,4497,0,0,7874,0.4497,0,0,0.7874,
0,4,62,4497,0,0,7874,0.4497,0,0,0.7874,
0,4,63,4497,0,0,7874,0.4497,0,0,0.7874,
0,4,64,4497,0,0,7874,0.4497,0,0,0.7874,
0,4,65,4497,0,0,7874,0.4497,0,0,0.7874,
0,4,66,4497,0,0,7874,0.4497,0,0,0.7874,
0,4,67,4497,0,0,7874,0.4497,0,0,0.7874,
0,4,68,4497,0,0,7874,0.4497,0,0,0.7874,
0,4,69,4497,0,0,7874,0.4497,0,0,0.7874,
0,4,70,4497,0,0,7874,0.4497,0,0,0.7874,
0,4,71,4497,0,0,7874,0.4497,0,0,0.7874,
0,4,72,4497,0,0,7874,0.4497,0,0,0.7874,
0,4,73,4497,0,0,7874,0.4497,0,0,0.7874,
0,4,74,4497,0,0,7874,0.4497,0,0,0.7874,
0,4,75,4497,0,0,7874,0.4497,0,0,0.7874,
0,4,76,4497,0,0,7874,0.4497,0,0,0.7874,
0,4,77,4497,0,0,7874,0.4497,0,0,0.7874,
0,4,78,4497,0,0,7874,0.4497,0,0,0.7874,
0,4,79,4497,0,0,7874,0.4497,0,0,0.7874,
0,4,80,4497,0,0,7874,0.4497,0,0,0.7874,
0,4,81,4497,0,0,7874,0.4497,0,0,0.7874,
0,4,82,4497,0,0,7874,0.4497,0,0,0.7874,
0,4,83,4497,0,0,7874,0.4497,0,0,0.7874,
0,4,84,4497,0,0,7874,0.4497,0,0,0.7874,
0,4,85,4497,0,0,7874,0.4497,0,0,0.7874,
0,4,86,4497,0,0,7874,0.4497,0,0,0.7874,
0,4,87,4497,0,0,7874,0.4497,0,0,0.7874,
0,4,88,4497,0,0,7874,0.4497,0,0,0.7874,
0,4,89,4497,0,0,7874,0.4497,0,0,0.7874,
0,4,90,4497,0,0,7874,0.4497,0,0,0.7874,
0,4,91,4497,0,0,7874,0.4497,0,0,0.7874,
0,4,92,4497,0,0,7874,0.4497,0,0,0.7874,
0,4,93,4497,0,0,7874,0.4497,0,0,0.7874,
0,4,94,4497,0,0,7874,0.4497,0,0,0.7874,
0,4,95,4497,0,0,7874,0.4497,0,0,0.7874,
0,4,96,4497,0,0,7874,0.4497,0,0,0.7874,
0,4,97,4497,0,0,7874,0.4497,0,0,0.7874,
0,4,98,4497,0,0,7874,0.4497,0,0,0.7874,
0,4,99,4497,0,0,7874,0.4497,0,0,0.7874,
0,4,100,4497,0,0,7874,0.4497,0,0,0.7874,
0,5,0,9980,20,120,29880,0.998,0.002,0.012,2.988,6
0,5,1,9940,37,170,29680,0.994,0.0037,0.017,2.968,4.59459
0,5,2,9873,60,247,29351,0.9873,0.006,0.0247,2.9351,4.11667
0,5,3,9767,98,395,28830,0.9767,0.0098,0.0395,2.883,4.03061
0,5,4,9614,146,565,28086,0.9614,0.0146,0.0565,2.8086,3.86986
0,5,5,9397,196,724,27050,0.9397,0.0196,0.0724,2.705,3.69388
0,5,6,9159,218,814,25922,0.9159,0.0218,0.0814,2.5922,3.73394
0,5,7,8840,292,1068,24438,0.884,0.0292,0.1068,2.4438,3.65753
0,5,8,8492,326,1154,22847,0.8492,0.0326,0.1154,2.2847,3.53988
0,5,9,8117,379,1289,21165,0.8117,0.0379,0.1289,2.1165,3.40106
0,5,10,7656,403,1300,19191,0.7656,0.0403,0.13,1.9191,3.22581
0,5,11,7210,427,1299,17361,0.721,0.0427,0.1299,1.7361,3.04215
0,5,12,6799,415,1185,15781,0.6799,0.0415,0.1185,1.5781,2.85542
0,5,13,6432,353,947,14406,0.6432,0.0353,0.0947,1.4406,2.68272
0,5,14,6138,298,790,13302,0.6138,0.0298,0.079,1.3302,2.65101
0,5,15,5854,272,707,12290,0.5854,0.0272,0.0707,1.229,2.59926
0,5,16,5639,221,541,11542,0.5639,0.0221,0.0541,1.1542,2.44796
0,5,17,5471,184,441,10987,0.5471,0.0184,0.0441,1.0987,2.39674
0,5,18,5372,124,280,10669,0.5372,0.0124,0.028,1.0669,2.25806
0,5,19,5295,98,220,10419,0.5295,0.0098,0.022,1.0419,2.2449
0,5,20,5236,76,160,10229,0.5236,0.0076,0.016,1.0229,2.10526
0,5,21,5185,65,123,10074,0.5185,0.0065,0.0123,1.0074,1.89231
0,5,22,5148,47,91,9957,0.5148,0.0047,0.0091,0.9957,1.93617
0,5,23,5113,39,82,9852,0.5113,0.0039,0.0082,0.9852,2.10256
0,5,24,5100,23,42,9810,0.51,0.0023,0.0042,0.981,1.82609
0,5,25,5093,13,19,9790,0.5093,0.0013,0.0019,0.979,1.46154
0,5,26,5080,16,32,9750,0.508,0.0016,0.0032,0.975,2
0,5,27,5072,8,15,9726,0.5072,0.0008,0.0015,0.9726,1.875
0,5,28,5068,6,11,9713,0.5068,0.0006,0.0011,0.9713,1.83333
0,5,29,5068,3,5,9713,0.5068,0.0003,0.0005,0.9713,1.66667
0,5,30,5066,1,2,9707,0.5066,0.0001,0.0002,0.9707,2
0,5,31,5065,1,1,9703,0.5065,0.0001,0.0001,0.9703,1
0,5,32,5065,0,0,9703,0.5065,0,0,0.9703,
0,5,33,5065,0,0,9703,0.5065,0,0,0.9703,
0,5,34,5065,0,0,9703,0.5065,0,0,0.9703,
0,5,35,5065,0,0,9703,0.5065,0,0,0.9703,
0,5,36,5065,0,0,9703,0.5065,0,0,0.9703,
0,5,37,5065,0,0,9703,0.5065,0,0,0.9703,
0,5,38,5065,0,0,9703,0.5065,0,0,0.9703,
0,5,39,5065,0,0,9703,0.5065,0,0,0.9703,
0,5,40,5065,0,0,9703,0.5065,0,0,0.9703,
0,5,41,5065,0,0,9703,0.5065,0,0,0.9703,
0,5,42,5065,0,0,9703,0.5065,0,0,0.9703,
0,5,43,5065,0,0,9703,0.5065,0,0,0.9703,
0,5,44,5065,0,0,9703,0.5065,0,0,0.9703,
0,5,45,5065,0,0,9703,0.5065,0,0,0.9703,
0,5,46,5065,0,0,9703,0.5065,0,0,0.9703,
0,5,47,5065,0,0,9703,0.5065,0,0,0.9703,
0,5,48,5065,0,0,9703,0.5065,0,0,0.9703,
0,5,49,5065,0,0,9703,0.5065,0,0,0.9703,
0,5,50,5065,0,0,9703,0.5065,0,0,0.9703,
0,5,51,5065,0,0,9703,0.5065,0,0,0.9703,
0,5,52,5065,0,0,9703,0.5065,0,0,0.9703,
0,5,53,5065,0,0,9703,0.5065,0,0,0.9703,
0,5,54,5065,0,0,9703,0.5065,0,0,0.9703,
0,5,55,5065,0,0,9703,0.5065,0,0,0.9703,
0,5,56,5065,0,0,9703,0.5065,0,0,0.9703,
0,5,57,5065,0,0,9703,0.5065,0,0,0.9703,
0,5,58,5065,0,0,9703,0.5065,0,0,0.9703,
0,5,59,5065,0,0,9703,0.5065,0,0,0.9703,
0,5,60,5065,0,0,9703,0.5065,0,0,0.9703,
0,5,61,5065,0,0,9703,0.5065,0,0,0.9703,
0,5,62,5065,0,0,9703,0.5065,0,0,0.9703,
0,5,63,5065,0,0,9703,0.5065,0,0,0.9703,
0,5,64,5065,0,0,9703,0.5065,0,0,0.9703,
0,5,65,5065,0,0,9703,0.5065,0,0,0.9703,
0,5,66,5065,0,0,9703,0.5065,0,0,0.9703,
0,5,67,5065,0,0,9703,0.5065,0,0,0.9703,
0,5,68,5065,0,0,9703,0.5065,0,0,0.9703,
0,5,69,5065,0,0,9703,0.5065,0,0,0.9703,
0,5,70,5065,0,0,9703,0.5065,0,0,0.9703,
0,5,71,5065,0,0,9703,0.5065,0,0,0.9703,
0,5,72,5065,0,0,9703,0.5065,0,0,0.9703,
0,5,73,5065,0,0,9703,0.5065,0,0,0.9703,
0,5,74,5065,0,0,9703,0.5065,0,0,0.9703,
0,5,75,5065,0,0,9703,0.5065,0,0,0.9703,
0,5,76,5065,0,0,9703,0.5065,0,0,0.9703,
0,5,77,5065,0,0,9703,0.5065,0,0,0.9703,
0,5,78,5065,0,0,9703,0.5065,0,0,0.9703,
0,5,79,5065,0,0,9703,0.5065,0,0,0.9703,
0,5,80,5065,0,0,9703,0.5065,0,0,0.9703,
0,5,81,5065,0,0,9703,0.5065,0,0,0.9703,
0,5,82,5065,0,0,9703,0.5065,0,0,0.9703,
0,5,83,5065,0,0,9703,0.5065,0,0,0.9703,
0,5,84,5065,0,0,9703,0.5065,0,0,0.9703,
0,5,85,5065,0,0,9703,0.5065,0,0,0.9703,
0,5,86,5065,0,0,9703,0.5065,0,0,0.9703,
0,5,87,5065,0,0,9703,0.5065,0,0,0.9703,
0,5,88,5065,0,0,9703,0.5065,0,0,0.9703,
0,5,89,5065,0,0,9703,0.5065,0,0,0.9703,
0,5,90,5065,0,0,9703,0.5065,0,0,0.9703,
0,5,91,5065,0,0,9703,0.5065,0,0,0.9703,
0,5,92,5065,0,0,9703,0.5065,0,0,0.9703,
0,5,93,5065,0,0,9703,0.5065,0,0,0.9703,
0,5,94,5065,0,0,9703,0.5065,0,0,0.9703,
0,5,95,5065,0,0,9703,0.5065,0,0,0.9703,
0,5,96,5065,0,0,9703,0.5065,0,0,0.9703,
0,5,97,5065,0,0,9703,0.5065,0,0,0.9703,
0,5,98,5065,0,0,9703,0.5065,0,0,0.9703,
0,5,99,5065,0,0,9703,0.5065,0,0,0.9703,
0,5,100,5065,0,0,9703,0.5065,0,0,0.9703,
0,6,0,9980,20,120,29880,0.998,0.002,0.012,2.988,6
0,6,1,9924,51,220,29600,0.9924,0.0051,0.022,2.96,4.31373
0,6,2,9825,96,380,29106,0.9825,0.0096,0.038,2.9106,3.95833
0,6,3,9706,107,413,28517,0.9706,0.0107,0.0413,2.8517,3.85981
0,6,4,9538,150,570,27707,0.9538,0.015,0.057,2.7707,3.8
0,6,5,9361,175,654,26858,0.9361,0.0175,0.0654,2.6858,3.73714
0,6,6,9146,211,775,25842,0.9146,0.0211,0.0775,2.5842,3.67299
0,6,7,8875,234,864,24569,0.8875,0.0234,0.0864,2.4569,3.69231
0,6,8,8562,292,1022,23143,0.8562,0.0292,0.1022,2.3143,3.5
0,6,9,8152,371,1256,21302,0.8152,0.0371,0.1256,2.1302,3.38544
0,6,10,7751,371,1220,19578,0.7751,0.0371,0.122,1.9578,3.28841
0,6,11,7338,411,1227,17883,0.7338,0.0411,0.1227,1.7883,2.9854
0,6,12,6960,386,1109,16381,0.696,0.0386,0.1109,1.6381,2.87306
0,6,13,6638,312,864,15142,0.6638,0.0312,0.0864,1.5142,2.76923
0,6,14,6409,249,638,14290,0.6409,0.0249,0.0638,1.429,2.56225
0,6,15,6177,242,636,13414,0.6177,0.0242,0.0636,1.3414,2.6281
0,6,16,5980,199,510,12716,0.598,0.0199,0.051,1.2716,2.56281
0,6,17,5881,126,296,12376,0.5881,0.0126,0.0296,1.2376,2.34921
0,6,18,5804,89,227,12094,0.5804,0.0089,0.0227,1.2094,2.55056
0,6,19,5754,49,121,11926,0.5754,0.0049,0.0121,1.1926,2.46939
0,6,20,5719,41,105,11795,0.5719,0.0041,0.0105,1.1795,2.56098
0,6,21,5688,35,87,11684,0.5688,0.0035,0.0087,1.1684,2.48571
0,6,22,5651,37,113,11543,0.5651,0.0037,0.0113,1.1543,3.05405
0,6,23,5615,39,105,11423,0.5615,0.0039,0.0105,1.1423,2.69231
0,6,24,5584,29,76,11318,0.5584,0.0029,0.0076,1.1318,2.62069
0,6,25,5563,26,64,11245,0.5563,0.0026,0.0064,1.1245,2.46154
0,6,26,5542,19,46,11169,0.5542,0.0019,0.0046,1.1169,2.42105
0,6,27,5529,12,30,11127,0.5529,0.0012,0.003,1.1127,2.5
0,6,28,5525,5,16,11113,0.5525,0.0005,0.0016,1.1113,3.2
0,6,29,5522,1,2,11103,0.5522,0.0001,0.0002,1.1103,2
0,6,30,5522,0,0,11103,0.5522,0,0,1.1103,
0,6,31,5522,0,0,11103,0.5522,0,0,1.1103,
0,6,32,5522,0,0,11103,0.5522,0,0,1.1103,
0,6,33,5522,0,0,11103,0.5522,0,0,1.1103,
0,6,34,5522,0,0,11103,0.5522,0,0,1.1103,
0,6,35,5522,0,0,11103,0.5522,0,0,1.1103,
0,6,36,5522,0,0,11103,0.5522,0,0,1.1103,
0,6,37,5522,0,0,11103,0.5522,0,0,1.1103,
0,6,38,5522,0,0,11103,0.5522,0,0,1.1103,
0,6,39,5522,0,0,11103,0.5522,0,0,1.1103,
0,6,40,5522,0,0,11103,0.5522,0,0,1.1103,
0,6,41,5522,0,0,11103,0.5522,0,0,1.1103,
0,6,42,5522,0,0,11103,0.5522,0,0,1.1103,
0,6,43,5522,0,0,11103,0.5522,0,0,1.1103,
0,6,44,5522,0,0,11103,0.5522,0,0,1.1103,
0,6,45,5522,0,0,11103,0.5522,0,0,1.1103,
0,6,46,5522,0,0,11103,0.5522,0,0,1.1103,
0,6,47,5522,0,0,11103,0.5522,0,0,1.1103,
0,6,48,5522,0,0,11103,0.5522,0,0,1.1103,
0,6,49,5522,0,0,11103,0.5522,0,0,1.1103,
0,6,50,5522,0,0,11103,0.5522,0,0,1.1103,
0,6,51,5522,0,0,11103,0.5522,0,0,1.1103,
0,6,52,5522,0,0,11103,0.5522,0,0,1.1103,
0,6,53,5522,0,0,11103,0.5522,0,0,1.1103,
0,6,54,5522,0,0,11103,0.5522,0,0,1.1103,
0,6,55,5522,0,0,11103,0.5522,0,0,1.1103,
0,6,56,5522,0,0,11103,0.5522,0,0,1.1103,
0,6,57,5522,0,0,11103,0.5522,0,0,1.1103,
0,6,58,5522,0,0,11103,0.5522,0,0,1.1103,
0,6,59,5522,0,0,11103,0.5522,0,0,1.1103,
0,6,60,5522,0,0,11103,0.5522,0,0,1.1103,
0,6,61,5522,0,0,11103,0.5522,0,0,1.1103,
0,6,62,5522,0,0,11103,0.5522,0,0,1.1103,
0,6,63,5522,0,0,11103,0.5522,0,0,1.1103,
0,6,64,5522,0,0,11103,0.5522,0,0,1.1103,
0,6,65,5522,0,0,11103,0.5522,0,0,1.1103,
0,6,66,5522,0,0,11103,0.5522,0,0,1.1103,
0,6,67,5522,0,0,11103,0.5522,0,0,1.1103,
0,6,68,5522,0,0,11103,0.5522,0,0,1.1103,
0,6,69,5522,0,0,11103,0.5522,0,0,1.1103,
0,6,70,5522,0,0,11103,0.5522,0,0,1.1103,
0,6,71,5522,0,0,11103,0.5522,0,0,1.1103,
0,6,72,5522,0,0,11103,0.5522,0,0,1.1103,
0,6,73,5522,0,0,11103,0.5522,0,0,1.1103,
0,6,74,5522,0,0,11103,0.5522,0,0,1.1103,
0,6,75,5522,0,0,11103,0.5522,0,0,1.1103,
0,6,76,5522,0,0,11103,0.5522,0,0,1.1103,
0,6,77,5522,0,0,11103,0.5522,0,0,1.1103,
0,6,78,5522,0,0,11103,0.5522,0,0,1.1103,
0,6,79,5522,0,0,11103,0.5522,0,0,1.1103,
0,6,80,5522,0,0,11103,0.5522,0,0,1.1103,
0,6,81,5522,0,0,11103,0.5522,0,0,1.1103,
0,6,82,5522,0,0,11103,0.5522,0,0,1.1103,
0,6,83,5522,0,0,11103,0.5522,0,0,1.1103,
0,6,84,5522,0,0,11103,0.5522,0,0,1.1103,
0,6,85,5522,0,0,11103,0.5522,0,0,1.1103,
0,6,86,5522,0,0,11103,0.5522,0,0,1.1103,
0,6,87,5522,0,0,11103,0.5522,0,0,1.1103,
0,6,88,5522,0,0,11103,0.5522,0,0,1.1103,
0,6,89,5522,0,0,11103,0.5522,0,0,1.1103,
0,6,90,5522,0,0,11103,0.5522,0,0,1.1103,
0,6,91,5522,0,0,11103,0.5522,0,0,1.1103,
0,6,92,5522,0,0,11103,0.5522,0,0,1.1103,
0,6,93,5522,0,0,11103,0.5522,0,0,1.1103,
0,6,94,5522,0,0,11103,0.5522,0,0,1.1103,
0,6,95,5522,0,0,11103,0.5522,0,0,1.1103,
0,6,96,5522,0,0,11103,0.5522,0,0,1.1103,
0,6,97,5522,0,0,11103,0.5522,0,0,1.1103,
0,6,98,5522,0,0,11103,0.5522,0,0,1.1103,
0,6,99,5522,0,0,11103,0.5522,0,0,1.1103,
0,6,100,5522,0,0,11103,0.5522,0,0,1.1103,
0,7,0,9980,20,120,29880,0.998,0.002,0.012,2.988,6
0,7,1,9952,22,100,29741,0.9952,0.0022,0.01,2.9741,4.54545
0,7,2,9917,33,133,29566,0.9917,0.0033,0.0133,2.9566,4.0303
0,7,3,9859,41,167,29278,0.9859,0.0041,0.0167,2.9278,4.07317
0,7,4,9768,67,264,28828,0.9768,0.0067,0.0264,2.8828,3.9403
0,7,5,9674,87,328,28369,0.9674,0.0087,0.0328,2.8369,3.77011
0,7,6,9564,94,346,27837,0.9564,0.0094,0.0346,2.7837,3.68085
0,7,7,9427,115,430,27171,0.9427,0.0115,0.043,2.7171,3.73913
0,7,8,9256,155,557,26360,0.9256,0.0155,0.0557,2.636,3.59355
0,7,9,9080,168,624,25533,0.908,0.0168,0.0624,2.5533,3.71429
0,7,10,8869,204,760,24542,0.8869,0.0204,0.076,2.4542,3.72549
0,7,11,8589,260,944,23259,0.8589,0.026,0.0944,2.3259,3.63077
0,7,12,8251,313,1087,21733,0.8251,0.0313,0.1087,2.1733,3.47284
0,7,13,7866,379,1250,20069,0.7866,0.0379,0.125,2.0069,3.29815
0,7,14,7432,429,1368,18227,0.7432,0.0429,0.1368,1.8227,3.18881
0,7,15,7000,408,1182,16525,0.7,0.0408,0.1182,1.6525,2.89706
0,7,16,6636,383,1071,15111,0.6636,0.0383,0.1071,1.5111,2.79634
0,7,17,6314,346,958,13908,0.6314,0.0346,0.0958,1.3908,2.76879
0,7,18,5979,337,907,12713,0.5979,0.0337,0.0907,1.2713,2.69139
0,7,19,5740,269,647,11907,0.574,0.0269,0.0647,1.1907,2.4052
0,7,20,5577,209,495,11348,0.5577,0.0209,0.0495,1.1348,2.36842
0,7,21,5441,151,345,10912,0.5441,0.0151,0.0345,1.0912,2.28477
0,7,22,5327,128,284,10523,0.5327,0.0128,0.0284,1.0523,2.21875
0,7,23,5257,95,216,10287,0.5257,0.0095,0.0216,1.0287,2.27368
0,7,24,5213,56,132,10128,0.5213,0.0056,0.0132,1.0128,2.35714
0,7,25,5160,54,122,9959,0.516,0.0054,0.0122,0.9959,2.25926
0,7,26,5124,40,89,9845,0.5124,0.004,0.0089,0.9845,2.225
0,7,27,5108,26,59,9796,0.5108,0.0026,0.0059,0.9796,2.26923
0,7,28,5090,23,61,9729,0.509,0.0023,0.0061,0.9729,2.65217
0,7,29,5066,30,73,9657,0.5066,0.003,0.0073,0.9657,2.43333
0,7,30,5042,24,48,9586,0.5042,0.0024,0.0048,0.9586,2
0,7,31,5030,16,35,9548,0.503,0.0016,0.0035,0.9548,2.1875
0,7,32,5025,8,19,9533,0.5025,0.0008,0.0019,0.9533,2.375
0,7,33,5019,8,20,9514,0.5019,0.0008,0.002,0.9514,2.5
0,7,34,5007,12,31,9477,0.5007,0.0012,0.0031,0.9477,2.58333
0,7,35,4998,10,22,9453,0.4998,0.001,0.0022,0.9453,2.2
0,7,36,4989,6,15,9423,0.4989,0.0006,0.0015,0.9423,2.5
0,7,37,4983,4,9,9406,0.4983,0.0004,0.0009,0.9406,2.25
0,7,38,4983,0,0,9406,0.4983,0,0,0.9406,
0,7,39,4983,0,0,9406,0.4983,0,0,0.9406,
0,7,40,4983,0,0,9406,0.4983,0,0,0.9406,
0,7,41,4983,0,0,9406,0.4983,0,0,0.9406,
0,7,42,4983,0,0,9406,0.4983,0,0,0.9406,
0,7,43,4983,0,0,9406,0.4983,0,0,0.9406,
0,7,44,4983,0,0,9406,0.4983,0,0,0.9406,
0,7,45,4983,0,0,9406,0.4983,0,0,0.9406,
0,7,46,4983,0,0,9406,0.4983,0,0,0.9406,
0,7,47,4983,0,0,9406,0.4983,0,0,0.9406,
0,7,48,4983,0,0,9406,0.4983,0,0,0.9406,
0,7,49,4983,0,0,9406,0.4983,0,0,0.9406,
0,7,50,4983,0,0,9406,0.4983,0,0,0.9406,
0,7,51,4983,0,0,9406,0.4983,0,0,0.9406,
0,7,52,4983,0,0,9406,0.4983,0,0,0.9406,
0,7,53,4983,0,0,9406,0.4983,0,0,0.9406,
0,7,54,4983,0,0,9406,0.4983,0,0,0.9406,
0,7,55,4983,0,0,9406,0.4983,0,0,0.9406,
0,7,56,4983,0,0,9406,0.4983,0,0,0.9406,
0,7,57,4983,0,0,9406,0.4983,0,0,0.9406,
0,7,58,4983,0,0,9406,0.4983,0,0,0.9406,
0,7,59,4983,0,0,9406,0.4983,0,0,0.9406,
0,7,60,4983,0,0,9406,0.4983,0,0,0.9406,
0,7,61,4983,0,0,9406,0.4983,0,0,0.9406,
0,7,62,4983,0,0,9406,0.4983,0,0,0.9406,
0,7,63,4983,0,0,9406,0.4983,0,0,0.9406,
0,7,64,4983,0,0,9406,0.4983,0,0,0.9406,
0,7,65,4983,0,0,9406,0.4983,0,0,0.9406,
0,7,66,4983,0,0,9406,0.4983,0,0,0.9406,
0,7,67,4983,0,0,9406,0.4983,0,0,0.9406,
0,7,68,4983,0,0,9406,0.4983,0,0,0.9406,
0,7,69,4983,0,0,9406,0.4983,0,0,0.9406,
0,7,70,4983,0,0,9406,0.4983,0,0,0.9406,
0,7,71,4983,0,0,9406,0.4983,0,0,0.9406,
0,7,72,4983,0,0,9406,0.4983,0,0,0.9406,
0,7,73,4983,0,0,9406,0.4983,0,0,0.9406,
0,7,74,4983,0,0,9406,0.4983,0,0,0.9406,
0,7,75,4983,0,0,9406,0.4983,0,0,0.9406,
0,7,76,4983,0,0,9406,0.4983,0,0,0.9406,
0,7,77,4983,0,0,9406,0.4983,0,0,0.9406,
0,7,78,4983,0,0,9406,0.4983,0,0,0.9406,
0,7,79,4983,0,0,9406,0.4983,0,0,0.9406,
0,7,80,4983,0,0,9406,0.4983,0,0,0.9406,
0,7,81,4983,0,0,9406,0.4983,0,0,0.9406,
0,7,82,4983,0,0,9406,0.4983,0,0,0.9406,
0,7,83,4983,0,0,9406,0.4983,0,0,0.9406,
0,7,84,4983,0,0,9406,0.4983,0,0,0.9406,
0,7,85,4983,0,0,9406,0.4983,0,0,0.9406,
0,7,86,4983,0,0,9406,0.4983,0,0,0.9406,
0,7,87,4983,0,0,9406,0.4983,0,0,0.9406,
0,7,88,4983,0,0,9406,0.4983,0,0,0.9406,
0,7,89,4983,0,0,9406,0.4983,0,0,0.9406,
0,7,90,4983,0,0,9406,0.4983,0,0,0.9406,
0,7,91,4983,0,0,9406,0.4983,0,0,0.9406,
0,7,92,4983,0,0,9406,0.4983,0,0,0.9406,
0,7,93,4983,0,0,9406,0.4983,0,0,0.9406,
0,7,94,4983,0,0,9406,0.4983,0,0,0.9406,
0,7,95,4983,0,0,9406,0.4983,0,0,0.9406,
0,7,96,4983,0,0,9406,0.4983,0,0,0.9406,
0,7,97,4983,0,0,9406,0.4983,0,0,0.9406,
0,7,98,4983,0,0,9406,0.4983,0,0,0.9406,
0,7,99,4983,0,0,9406,0.4983,0,0,0.9406,
0,7,100,4983,0,0,9406,0.4983,0,0,0.9406,
0,8,0,9980,20,120,29880,0.998,0.002,0.012,2.988,6
0,8,1,9945,29,129,29705,0.9945,0.0029,0.0129,2.9705,4.44828
0,8,2,9898,37,148,29472,0.9898,0.0037,0.0148,2.9472,4
0,8,3,9830,65,257,29137,0.983,0.0065,0.0257,2.9137,3.95385
0,8,4,9720,101,389,28596,0.972,0.0101,0.0389,2.8596,3.85149
0,8,5,9581,120,466,27916,0.9581,0.012,0.0466,2.7916,3.88333
0,8,6,9398,167,629,27032,0.9398,0.0167,0.0629,2.7032,3.76647
0,8,7,9181,210,783,25991,0.9181,0.021,0.0783,2.5991,3.72857
0,8,8,8877,279,999,24580,0.8877,0.0279,0.0999,2.458,3.58065
0,8,9,8562,311,1071,23145,0.8562,0.0311,0.1071,2.3145,3.44373
0,8,10,8188,348,1152,21463,0.8188,0.0348,0.1152,2.1463,3.31034
0,8,11,7809,387,1273,19826,0.7809,0.0387,0.1273,1.9826,3.28941
0,8,12,7396,426,1300,18121,0.7396,0.0426,0.13,1.8121,3.05164
0,8,13,7017,384,1113,16598,0.7017,0.0384,0.1113,1.6598,2.89844
0,8,14,6655,369,1029,15200,0.6655,0.0369,0.1029,1.52,2.78862
0,8,15,6319,347,932,13952,0.6319,0.0347,0.0932,1.3952,2.68588
0,8,16,6030,306,757,12918,0.603,0.0306,0.0757,1.2918,2.47386
0,8,17,5823,249,612,12199,0.5823,0.0249,0.0612,1.2199,2.45783
0,8,18,5618,232,550,11504,0.5618,0.0232,0.055,1.1504,2.37069
0,8,19,5453,185,430,10939,0.5453,0.0185,0.043,1.0939,2.32432
0,8,20,5323,143,332,10487,0.5323,0.0143,0.0332,1.0487,2.32168
0,8,21,5225,123,274,10170,0.5225,0.0123,0.0274,1.017,2.22764
0,8,22,5149,86,189,9929,0.5149,0.0086,0.0189,0.9929,2.19767
0,8,23,5099,64,136,9767,0.5099,0.0064,0.0136,0.9767,2.125
0,8,24,5058,44,109,9624,0.5058,0.0044,0.0109,0.9624,2.47727
0,8,25,5008,41,87,9468,0.5008,0.0041,0.0087,0.9468,2.12195
0,8,26,4986,30,60,9397,0.4986,0.003,0.006,0.9397,2
0,8,27,4972,16,30,9361,0.4972,0.0016,0.003,0.9361,1.875
0,8,28,4961,10,22,9331,0.4961,0.001,0.0022,0.9331,2.2
0,8,29,4950,10,26,9293,0.495,0.001,0.0026,0.9293,2.6
0,8,30,4946,5,12,9283,0.4946,0.0005,0.0012,0.9283,2.4
0,8,31,4939,4,6,9267,0.4939,0.0004,0.0006,0.9267,1.5
0,8,32,4935,1,5,9252,0.4935,0.0001,0.0005,0.9252,5
0,8,33,4934,0,0,9249,0.4934,0,0,0.9249,
0,8,34,4934,0,0,9249,0.4934,0,0,0.9249,
0,8,35,4934,0,0,9249,0.4934,0,0,0.9249,
0,8,36,4934,0,0,9249,0.4934,0,0,0.9249,
0,8,37,4934,0,0,9249,0.4934,0,0,0.9249,
0,8,38,4934,0,0,9249,0.4934,0,0,0.9249,
0,8,39,4934,0,0,9249,0.4934,0,0,0.9249,
0,8,40,4934,0,0,9249,0.4934,0,0,0.9249,
0,8,41,4934,0,0,9249,0.4934,0,0,0.9249,
0,8,42,4934,0,0,9249,0.4934,0,0,0.9249,
0,8,43,4934,0,0,9249,0.4934,0,0,0.9249,
0,8,44,4934,0,0,9249,0.4934,0,0,0.9249,
0,8,45,4934,0,0,9249,0.4934,0,0,0.9249,
0,8,46,4934,0,0,9249,0.4934,0,0,0.9249,
0,8,47,4934,0,0,9249,0.4934,0,0,0.9249,
0,8,48,4934,0,0,9249,0.4934,0,0,0.9249,
0,8,49,4934,0,0,9249,0.4934,0,0,0.9249,
0,8,50,4934,0,0,9249,0.4934,0,0,0.9249,
0,8,51,4934,0,0,9249,0.4934,0,0,0.9249,
0,8,52,4934,0,0,9249,0.4934,0,0,0.9249,
0,8,53,4934,0,0,9249,0.4934,0,0,0.9249,
0,8,54,4934,0,0,9249,0.4934,0,0,0.9249,
0,8,55,4934,0,0,9249,0.4934,0,0,0.9249,
0,8,56,4934,0,0,9249,0.4934,0,0,0.9249,
0,8,57,4934,0,0,9249,0.4934,0,0,0.9249,
0,8,58,4934,0,0,9249,0.4934,0,0,0.9249,
0,8,59,4934,0,0,9249,0.4934,0,0,0.9249,
0,8,60,4934,0,0,9249,0.4934,0,0,0.9249,
0,8,61,4934,0,0,9249,0.4934,0,0,0.9249,
0,8,62,4934,0,0,9249,0.4934,0,0,0.9249,
0,8,63,4934,0,0,9249,0.4934,0,0,0.9249,
0,8,64,4934,0,0,9249,0.4934,0,0,0.9249,
0,8,65,4934,0,0,9249,0.4934,0,0,0.9249,
0,8,66,4934,0,0,9249,0.4934,0,0,0.9249,
0,8,67,4934,0,0,9249,0.4934,0,0,0.9249,
0,8,68,4934,0,0,9249,0.4934,0,0,0.9249,
0,8,69,4934,0,0,9249,0.4934,0,0,0.9249,
0,8,70,4934,0,0,9249,0.4934,0,0,0.9249,
0,8,71,4934,0,0,9249,0.4934,0,0,0.9249,
0,8,72,4934,0,0,9249,0.4934,0,0,0.9249,
0,8,73,4934,0,0,9249,0.4934,0,0,0.9249,
0,8,74,4934,0,0,9249,0.4934,0,0,0.9249,
0,8,75,4934,0,0,9249,0.4934,0,0,0.9249,
0,8,76,4934,0,0,9249,0.4934,0,0,0.9249,
0,8,77,4934,0,0,9249,0.4934,0,0,0.9249,
0,8,78,4934,0,0,9249,0.4934,0,0,0.9249,
0,8,79,4934,0,0,9249,0.4934,0,0,0.9249,
0,8,80,4934,0,0,9249,0.4934,0,0,0.9249,
0,8,81,4934,0,0,9249,0.4934,0,0,0.9249,
0,8,82,4934,0,0,9249,0.4934,0,0,0.9249,
0,8,83,4934,0,0,9249,0.4934,0,0,0.9249,
0,8,84,4934,0,0,9249,0.4934,0,0,0.9249,
0,8,85,4934,0,0,9249,0.4934,0,0,0.9249,
0,8,86,4934,0,0,9249,0.4934,0,0,0.9249,
0,8,87,4934,0,0,9249,0.4934,0,0,0.9249,
0,8,88,4934,0,0,9249,0.4934,0,0,0.9249,
0,8,89,4934,0,0,9249,0.4934,0,0,0.9249,
0,8,90,4934,0,0,9249,0.4934,0,0,0.9249,
0,8,91,4934,0,0,9249,0.4934,0,0,0.9249,
0,8,92,4934,0,0,9249,0.4934,0,0,0.9249,
0,8,93,4934,0,0,9249,0.4934,0,0,0.9249,
0,8,94,4934,0,0,9249,0.4934,0,0,0.9249,
0,8,95,4934,0,0,9249,0.4934,0,0,0.9249,
0,8,96,4934,0,0,9249,0.4934,0,0,0.9249,
0,8,97,4934,0,0,9249,0.4934,0,0,0.9249,
0,8,98,4934,0,0,9249,0.4934,0,0,0.9249,
0,8,99,4934,0,0,9249,0.4934,0,0,0.9249,
0,8,100,4934,0,0,9249,0.4934,0,0,0.9249,
0,9,0,9980,20,120,29880,0.998,0.002,0.012,2.988,6
0,9,1,9928,38,163,29620,0.9928,0.0038,0.0163,2.962,4.28947
0,9,2,9871,41,166,29335,0.9871,0.0041,0.0166,2.9335,4.04878
0,9,3,9803,53,206,29000,0.9803,0.0053,0.0206,2.9,3.88679
0,9,4,9732,61,238,28654,0.9732,0.0061,0.0238,2.8654,3.90164
0,9,5,9635,88,348,28181,0.9635,0.0088,0.0348,2.8181,3.95455
0,9,6,9536,93,357,27700,0.9536,0.0093,0.0357,2.77,3.83871
0,9,7,9425,114,424,27169,0.9425,0.0114,0.0424,2.7169,3.7193
0,9,8,9294,110,399,26542,0.9294,0.011,0.0399,2.6542,3.62727
0,9,9,9145,131,482,25843,0.9145,0.0131,0.0482,2.5843,3.67939
0,9,10,8963,163,591,24986,0.8963,0.0163,0.0591,2.4986,3.62577
0,9,11,8770,173,627,24080,0.877,0.0173,0.0627,2.408,3.62428
0,9,12,8530,229,810,23001,0.853,0.0229,0.081,2.3001,3.53712
0,9,13,8220,290,987,21628,0.822,0.029,0.0987,2.1628,3.40345
0,9,14,7887,305,1012,20174,0.7887,0.0305,0.1012,2.0174,3.31803
0,9,15,7585,316,983,18918,0.7585,0.0316,0.0983,1.8918,3.11076
0,9,16,7306,293,883,17754,0.7306,0.0293,0.0883,1.7754,3.01365
0,9,17,7009,301,872,16562,0.7009,0.0301,0.0872,1.6562,2.89701
0,9,18,6772,248,691,15654,0.6772,0.0248,0.0691,1.5654,2.78629
0,9,19,6579,223,615,14917,0.6579,0.0223,0.0615,1.4917,2.75785
0,9,20,6390,226,605,14198,0.639,0.0226,0.0605,1.4198,2.67699
0,9,21,6230,167,424,13612,0.623,0.0167,0.0424,1.3612,2.53892
0,9,22,6125,124,313,13258,0.6125,0.0124,0.0313,1.3258,2.52419
0,9,23,6026,116,313,12900,0.6026,0.0116,0.0313,1.29,2.69828
0,9,24,5944,93,253,12597,0.5944,0.0093,0.0253,1.2597,2.72043
0,9,25,5878,83,206,12365,0.5878,0.0083,0.0206,1.2365,2.48193
0,9,26,5831,40,102,12206,0.5831,0.004,0.0102,1.2206,2.55
0,9,27,5786,34,85,12051,0.5786,0.0034,0.0085,1.2051,2.5
0,9,28,5770,18,54,11981,0.577,0.0018,0.0054,1.1981,3
0,9,29,5751,23,67,11915,0.5751,0.0023,0.0067,1.1915,2.91304
0,9,30,5721,24,63,11806,0.5721,0.0024,0.0063,1.1806,2.625
0,9,31,5704,21,54,11746,0.5704,0.0021,0.0054,1.1746,2.57143
0,9,32,5684,20,53,11676,0.5684,0.002,0.0053,1.1676,2.65
0,9,33,5668,21,49,11620,0.5668,0.0021,0.0049,1.162,2.33333
0,9,34,5652,17,48,11562,0.5652,0.0017,0.0048,1.1562,2.82353
0,9,35,5648,13,33,11549,0.5648,0.0013,0.0033,1.1549,2.53846
0,9,36,5635,13,34,11504,0.5635,0.0013,0.0034,1.1504,2.61538
0,9,37,5625,11,23,11475,0.5625,0.0011,0.0023,1.1475,2.09091
0,9,38,5621,8,22,11459,0.5621,0.0008,0.0022,1.1459,2.75
0,9,39,5618,7,18,11449,0.5618,0.0007,0.0018,1.1449,2.57143
0,9,40,5615,4,8,11435,0.5615,0.0004,0.0008,1.1435,2
0,9,41,5614,3,9,11431,0.5614,0.0003,0.0009,1.1431,3
0,9,42,5612,1,3,11425,0.5612,0.0001,0.0003,1.1425,3
0,9,43,5612,1,3,11425,0.5612,0.0001,0.0003,1.1425,3
0,9,44,5612,1,3,11425,0.5612,0.0001,0.0003,1.1425,3
0,9,45,5612,1,3,11425,0.5612,0.0001,0.0003,1.1425,3
0,9,46,5612,1,3,11425,0.5612,0.0001,0.0003,1.1425,3
0,9,47,5612,0,0,11425,0.5612,0,0,1.1425,
0,9,48,5612,0,0,11425,0.5612,0,0,1.1425,
0,9,49,5612,0,0,11425,0.5612,0,0,1.1425,
0,9,50,5612,0,0,11425,0.5612,0,0,1.1425,
0,9,51,5612,0,0,11425,0.5612,0,0,1.1425,
0,9,52,5612,0,0,11425,0.5612,0,0,1.1425,
0,9,53,5612,0,0,11425,0.5612,0,0,1.1425,
0,9,54,5612,0,0,11425,0.5612,0,0,1.1425,
0,9,55,5612,0,0,11425,0.5612,0,0,1.1425,
0,9,56,5612,0,0,11425,0.5612,0,0,1.1425,
0,9,57,5612,0,0,11425,0.5612,0,0,1.1425,
0,9,58,5612,0,0,11425,0.5612,0,0,1.1425,
0,9,59,5612,0,0,11425,0.5612,0,0,1.1425,
0,9,60,5612,0,0,11425,0.5612,0,0,1.1425,
0,9,61,5612,0,0,11425,0.5612,0,0,1.1425,
0,9,62,5612,0,0,11425,0.5612,0,0,1.1425,
0,9,63,5612,0,0,11425,0.5612,0,0,1.1425,
0,9,64,5612,0,0,11425,0.5612,0,0,1.1425,
0,9,65,5612,0,0,11425,0.5612,0,0,1.1425,
0,9,66,5612,0,0,11425,0.5612,0,0,1.1425,
0,9,67,5612,0,0,11425,0.5612,0,0,1.1425,
0,9,68,5612,0,0,11425,0.5612,0,0,1.1425,
0,9,69,5612,0,0,11425,0.5612,0,0,1.1425,
0,9,70,5612,0,0,11425,0.5612,0,0,1.1425,
0,9,71,5612,0,0,11425,0.5612,0,0,1.1425,
0,9,72,5612,0,0,11425,0.5612,0,0,1.1425,
0,9,73,5612,0,0,11425,0.5612,0,0,1.1425,
0,9,74,5612,0,0,11425,0.5612,0,0,1.1425,
0,9,75,5612,0,0,11425,0.5612,0,0,1.1425,
0,9,76,5612,0,0,11425,0.5612,0,0,1.1425,
0,9,77,5612,0,0,11425,0.5612,0,0,1.1425,
0,9,78,5612,0,0,11425,0.5612,0,0,1.1425,
0,9,79,5612,0,0,11425,0.5612,0,0,1.1425,
0,9,80,5612,0,0,11425,0.5612,0,0,1.1425,
0,9,81,5612,0,0,11425,0.5612,0,0,1.1425,
0,9,82,5612,0,0,11425,0.5612,0,0,1.1425,
0,9,83,5612,0,0,11425,0.5612,0,0,1.1425,
0,9,84,5612,0,0,11425,0.5612,0,0,1.1425,
0,9,85,5612,0,0,11425,0.5612,0,0,1.1425,
0,9,86,5612,0,0,11425,0.5612,0,0,1.1425,
0,9,87,5612,0,0,11425,0.5612,0,0,1.1425,
0,9,88,5612,0,0,11425,0.5612,0,0,1.1425,
0,9,89,5612,0,0,11425,0.5612,0,0,1.1425,
0,9,90,5612,0,0,11425,0.5612,0,0,1.1425,
0,9,91,5612,0,0,11425,0.5612,0,0,1.1425,
0,9,92,5612,0,0,11425,0.5612,0,0,1.1425,
0,9,93,5612,0,0,11425,0.5612,0,0,1.1425,
0,9,94,5612,0,0,11425,0.5612,0,0,1.1425,
0,9,95,5612,0,0,11425,0.5612,0,0,1.1425,
0,9,96,5612,0,0,11425,0.5612,0,0,1.1425,
0,9,97,5612,0,0,11425,0.5612,0,0,1.1425,
0,9,98,5612,0,0,11425,0.5612,0,0,1.1425,
0,9,99,5612,0,0,11425,0.5612,0,0,1.1425,
0,9,100,5612,0,0,11425,0.5612,0,0,1.1425,
0,10,0,9980,20,120,29880,0.998,0.002,0.012,2.988,6
0,10,1,9922,45,188,29591,0.9922,0.0045,0.0188,2.9591,4.17778
0,10,2,9850,66,261,29233,0.985,0.0066,0.0261,2.9233,3.95455
0,10,3,9770,73,280,28843,0.977,0.0073,0.028,2.8843,3.83562
0,10,4,9667,90,351,28339,0.9667,0.009,0.0351,2.8339,3.9
0,10,5,9490,147,571,27479,0.949,0.0147,0.0571,2.7479,3.88435
0,10,6,9268,204,762,26419,0.9268,0.0204,0.0762,2.6419,3.73529
0,10,7,8994,276,994,25128,0.8994,0.0276,0.0994,2.5128,3.60145
0,10,8,8613,351,1202,23401,0.8613,0.0351,0.1202,2.3401,3.4245
0,10,9,8231,389,1307,21689,0.8231,0.0389,0.1307,2.1689,3.3599
0,10,10,7824,411,1342,19927,0.7824,0.0411,0.1342,1.9927,3.26521
0,10,11,7395,431,1375,18110,0.7395,0.0431,0.1375,1.811,3.19026
0,10,12,6951,466,1358,16343,0.6951,0.0466,0.1358,1.6343,2.91416
0,10,13,6540,451,1203,14800,0.654,0.0451,0.1203,1.48,2.66741
0,10,14,6162,382,1021,13394,0.6162,0.0382,0.1021,1.3394,2.67277
0,10,15,5830,349,875,12213,0.583,0.0349,0.0875,1.2213,2.50716
0,10,16,5586,293,695,11406,0.5586,0.0293,0.0695,1.1406,2.37201
0,10,17,5384,237,549,10730,0.5384,0.0237,0.0549,1.073,2.31646
0,10,18,5228,187,436,10213,0.5228,0.0187,0.0436,1.0213,2.33155
0,10,19,5133,131,299,9914,0.5133,0.0131,0.0299,0.9914,2.28244
0,10,20,5041,109,247,9606,0.5041,0.0109,0.0247,0.9606,2.26606
0,10,21,4964,84,182,9362,0.4964,0.0084,0.0182,0.9362,2.16667
0,10,22,4912,67,137,9189,0.4912,0.0067,0.0137,0.9189,2.04478
0,10,23,4879,38,75,9090,0.4879,0.0038,0.0075,0.909,1.97368
0,10,24,4859,24,43,9033,0.4859,0.0024,0.0043,0.9033,1.79167
0,10,25,4850,10,25,8999,0.485,0.001,0.0025,0.8999,2.5
0,10,26,4835,9,21,8955,0.4835,0.0009,0.0021,0.8955,2.33333
0,10,27,4829,9,18,8938,0.4829,0.0009,0.0018,0.8938,2
0,10,28,4826,7,13,8929,0.4826,0.0007,0.0013,0.8929,1.85714
0,10,29,4820,7,18,8908,0.482,0.0007,0.0018,0.8908,2.57143
0,10,30,4811,10,26,8878,0.4811,0.001,0.0026,0.8878,2.6
0,10,31,4805,9,20,8862,0.4805,0.0009,0.002,0.8862,2.22222
0,10,32,4799,7,11,8846,0.4799,0.0007,0.0011,0.8846,1.57143
0,10,33,4795,6,11,8835,0.4795,0.0006,0.0011,0.8835,1.83333
0,10,34,4788,8,8,8820,0.4788,0.0008,0.0008,0.882,1
0,10,35,4786,4,3,8815,0.4786,0.0004,0.0003,0.8815,0.75
0,10,36,4786,0,0,8815,0.4786,0,0,0.8815,
0,10,37,4786,0,0,8815,0.4786,0,0,0.8815,
0,10,38,4786,0,0,8815,0.4786,0,0,0.8815,
0,10,39,4786,0,0,8815,0.4786,0,0,0.8815,
0,10,40,4786,0,0,8815,0.4786,0,0,0.8815,
0,10,41,4786,0,0,8815,0.4786,0,0,0.8815,
0,10,42,4786,0,0,8815,0.4786,0,0,0.8815,
0,10,43,4786,0,0,8815,0.4786,0,0,0.8815,
0,10,44,4786,0,0,8815,0.4786,0,0,0.8815,
0,10,45,4786,0,0,8815,0.4786,0,0,0.8815,
0,10,46,4786,0,0,8815,0.4786,0,0,0.8815,
0,10,47,4786,0,0,8815,0.4786,0,0,0.8815,
0,10,48,4786,0,0,8815,0.4786,0,0,0.8815,
0,10,49,4786,0,0,8815,0.4786,0,0,0.8815,
0,10,50,4786,0,0,8815,0.4786,0,0,0.8815,
0,10,51,4786,0,0,8815,0.4786,0,0,0.8815,
0,10,52,4786,0,0,8815,0.4786,0,0,0.8815,
0,10,53,4786,0,0,8815,0.4786,0,0,0.8815,
0,10,54,4786,0,0,8815,0.4786,0,0,0.8815,
0,10,55,4786,0,0,8815,0.4786,0,0,0.8815,
0,10,56,4786,0,0,8815,0.4786,0,0,0.8815,
0,10,57,4786,0,0,8815,0.4786,0,0,0.8815,
0,10,58,4786,0,0,8815,0.4786,0,0,0.8815,
0,10,59,4786,0,0,8815,0.4786,0,0,0.8815,
0,10,60,4786,0,0,8815,0.4786,0,0,0.8815,
0,10,61,4786,0,0,8815,0.4786,0,0,0.8815,
0,10,62,4786,0,0,8815,0.4786,0,0,0.8815,
0,10,63,4786,0,0,8815,0.4786,0,0,0.8815,
0,10,64,4786,0,0,8815,0.4786,0,0,0.8815,
0,10,65,4786,0,0,8815,0.4786,0,0,0.8815,
0,10,66,4786,0,0,8815,0.4786,0,0,0.8815,
0,10,67,4786,0,0,8815,0.4786,0,0,0.8815,
0,10,68,4786,0,0,8815,0.4786,0,0,0.8815,
0,10,69,4786,0,0,8815,0.4786,0,0,0.8815,
0,10,70,4786,0,0,8815,0.4786,0,0,0.8815,
0,10,71,4786,0,0,8815,0.4786,0,0,0.8815,
0,10,72,4786,0,0,8815,0.4786,0,0,0.8815,
0,10,73,4786,0,0,8815,0.4786,0,0,0.8815,
0,10,74,4786,0,0,8815,0.4786,0,0,0.8815,
0,10,75,4786,0,0,8815,0.4786,0,0,0.8815,
0,10,76,4786,0,0,8815,0.4786,0,0,0.8815,
0,10,77,4786,0,0,8815,0.4786,0,0,0.8815,
0,10,78,4786,0,0,8815,0.4786,0,0,0.8815,
0,10,79,4786,0,0,8815,0.4786,0,0,0.8815,
0,10,80,4786,0,0,8815,0.4786,0,0,0.8815,
0,10,81,4786,0,0,8815,0.4786,0,0,0.8815,
0,10,82,4786,0,0,8815,0.4786,0,0,0.8815,
0,10,83,4786,0,0,8815,0.4786,0,0,0.8815,
0,10,84,4786,0,0,8815,0.4786,0,0,0.8815,
0,10,85,4786,0,0,8815,0.4786,0,0,0.8815,
0,10,86,4786,0,0,8815,0.4786,0,0,0.8815,
0,10,87,4786,0,0,8815,0.4786,0,0,0.8815,
0,10,88,4786,0,0,8815,0.4786,0,0,0.8815,
0,10,89,4786,0,0,8815,0.4786,0,0,0.8815,
0,10,90,4786,0,0,8815,0.4786,0,0,0.8815,
0,10,91,4786,0,0,8815,0.4786,0,0,0.8815,
0,10,92,4786,0,0,8815,0.4786,0,0,0.8815,
0,10,93,4786,0,0,8815,0.4786,0,0,0.8815,
0,10,94,4786,0,0,8815,0.4786,0,0,0.8815,
0,10,95,4786,0,0,8815,0.4786,0,0,0.8815,
0,10,96,4786,0,0,8815,0.4786,0,0,0.8815,
0,10,97,4786,0,0,8815,0.4786,0,0,0.8815,
0,10,98,4786,0,0,8815,0.4786,0,0,0.8815,
0,10,99,4786,0,0,8815,0.4786,0,0,0.8815,
0,10,100,4786,0,0,8815,0.4786,0,0,0.8815,
0,11,0,9980,20,120,29880,0.998,0.002,0.012,2.988,6
0,11,1,9943,27,120,29695,0.9943,0.0027,0.012,2.9695,4.44444
0,11,2,9887,46,191,29417,0.9887,0.0046,0.0191,2.9417,4.15217
0,11,3,9822,58,231,29094,0.9822,0.0058,0.0231,2.9094,3.98276
0,11,4,9714,91,360,28562,0.9714,0.0091,0.036,2.8562,3.95604
0,11,5,9590,113,433,27953,0.959,0.0113,0.0433,2.7953,3.83186
0,11,6,9445,136,536,27252,0.9445,0.0136,0.0536,2.7252,3.94118
0,11,7,9297,146,539,26546,0.9297,0.0146,0.0539,2.6546,3.69178
0,11,8,9103,186,703,25624,0.9103,0.0186,0.0703,2.5624,3.77957
0,11,9,8833,245,877,24373,0.8833,0.0245,0.0877,2.4373,3.57959
0,11,10,8537,286,984,23056,0.8537,0.0286,0.0984,2.3056,3.44056
0,11,11,8206,308,1047,21590,0.8206,0.0308,0.1047,2.159,3.39935
0,11,12,7846,354,1151,20044,0.7846,0.0354,0.1151,2.0044,3.25141
0,11,13,7491,347,1081,18573,0.7491,0.0347,0.1081,1.8573,3.11527
0,11,14,7139,367,1123,17126,0.7139,0.0367,0.1123,1.7126,3.05995
0,11,15,6836,289,836,15931,0.6836,0.0289,0.0836,1.5931,2.89273
0,11,16,6574,280,786,14935,0.6574,0.028,0.0786,1.4935,2.80714
0,11,17,6338,256,667,14066,0.6338,0.0256,0.0667,1.4066,2.60547
0,11,18,6163,179,459,13424,0.6163,0.0179,0.0459,1.3424,2.56425
0,11,19,6043,129,320,13004,0.6043,0.0129,0.032,1.3004,2.48062
0,11,20,5953,103,247,12689,0.5953,0.0103,0.0247,1.2689,2.39806
0,11,21,5878,88,227,12417,0.5878,0.0088,0.0227,1.2417,2.57955
0,11,22,5813,67,170,12192,0.5813,0.0067,0.017,1.2192,2.53731
0,11,23,5763,54,130,12028,0.5763,0.0054,0.013,1.2028,2.40741
0,11,24,5721,41,106,11878,0.5721,0.0041,0.0106,1.1878,2.58537
0,11,25,5700,29,68,11811,0.57,0.0029,0.0068,1.1811,2.34483
0,11,26,5673,31,81,11717,0.5673,0.0031,0.0081,1.1717,2.6129
0,11,27,5658,21,55,11662,0.5658,0.0021,0.0055,1.1662,2.61905
0,11,28,5643,12,29,11607,0.5643,0.0012,0.0029,1.1607,2.41667
0,11,29,5634,13,30,11578,0.5634,0.0013,0.003,1.1578,2.30769
0,11,30,5630,6,15,11566,0.563,0.0006,0.0015,1.1566,2.5
0,11,31,5626,5,13,11553,0.5626,0.0005,0.0013,1.1553,2.6
0,11,32,5623,6,18,11542,0.5623,0.0006,0.0018,1.1542,3
0,11,33,5618,5,14,11527,0.5618,0.0005,0.0014,1.1527,2.8
0,11,34,5612,7,21,11506,0.5612,0.0007,0.0021,1.1506,3
0,11,35,5609,5,16,11494,0.5609,0.0005,0.0016,1.1494,3.2
0,11,36,5609,2,4,11494,0.5609,0.0002,0.0004,1.1494,2
0,11,37,5609,2,4,11494,0.5609,0.0002,0.0004,1.1494,2
0,11,38,5609,1,0,11494,0.5609,0.0001,0,1.1494,0
0,11,39,5609,1,0,11494,0.5609,0.0001,0,1.1494,0
0,11,40,5609,0,0,11494,0.5609,0,0,1.1494,
0,11,41,5609,0,0,11494,0.5609,0,0,1.1494,
0,11,42,5609,0,0,11494,0.5609,0,0,1.1494,
0,11,43,5609,0,0,11494,0.5609,0,0,1.1494,
0,11,44,5609,0,0,11494,0.5609,0,0,1.1494,
0,11,45,5609,0,0,11494,0.5609,0,0,1.1494,
0,11,46,5609,0,0,11494,0.5609,0,0,1.1494,
0,11,47,5609,0,0,11494,0.5609,0,0,1.1494,
0,11,48,5609,0,0,11494,0.5609,0,0,1.1494,
0,11,49,5609,0,0,11494,0.5609,0,0,1.1494,
0,11,50,5609,0,0,11494,0.5609,0,0,1.1494,
0,11,51,5609,0,0,11494,0.5609,0,0,1.1494,
0,11,52,5609,0,0,11494,0.5609,0,0,1.1494,
0,11,53,5609,0,0,11494,0.5609,0,0,1.1494,
0,11,54,5609,0,0,11494,0.5609,0,0,1.1494,
0,11,55,5609,0,0,11494,0.5609,0,0,1.1494,
0,11,56,5609,0,0,11494,0.5609,0,0,1.1494,
0,11,57,5609,0,0,11494,0.5609,0,0,1.1494,
0,11,58,5609,0,0,11494,0.5609,0,0,1.1494,
0,11,59,5609,0,0,11494,0.5609,0,0,1.1494,
0,11,60,5609,0,0,11494,0.5609,0,0,1.1494,
0,11,61,5609,0,0,11494,0.5609,0,0,1.1494,
0,11,62,5609,0,0,11494,0.5609,0,0,1.1494,
0,11,63,5609,0,0,11494,0.5609,0,0,1.1494,
0,11,64,5609,0,0,11494,0.5609,0,0,1.1494,
0,11,65,5609,0,0,11494,0.5609,0,0,1.1494,
0,11,66,5609,0,0,11494,0.5609,0,0,1.1494,
0,11,67,5609,0,0,11494,0.5609,0,0,1.1494,
0,11,68,5609,0,0,11494,0.5609,0,0,1.1494,
0,11,69,5609,0,0,11494,0.5609,0,0,1.1494,
0,11,70,5609,0,0,11494,0.5609,0,0,1.1494,
0,11,71,5609,0,0,11494,0.5609,0,0,1.1494,
0,11,72,5609,0,0,11494,0.5609,0,0,1.1494,
0,11,73,5609,0,0,11494,0.5609,0,0,1.1494,
0,11,74,5609,0,0,11494,0.5609,0,0,1.1494,
0,11,75,5609,0,0,11494,0.5609,0,0,1.1494,
0,11,76,5609,0,0,11494,0.5609,0,0,1.1494,
0,11,77,5609,0,0,11494,0.5609,0,0,1.1494,
0,11,78,5609,0,0,11494,0.5609,0,0,1.1494,
0,11,79,5609,0,0,11494,0.5609,0,0,1.1494,
0,11,80,5609,0,0,11494,0.5609,0,0,1.1494,
0,11,81,5609,0,0,11494,0.5609,0,0,1.1494,
0,11,82,5609,0,0,11494,0.5609,0,0,1.1494,
0,11,83,5609,0,0,11494,0.5609,0,0,1.1494,
0,11,84,5609,0,0,11494,0.5609,0,0,1.1494,
0,11,85,5609,0,0,11494,0.5609,0,0,1.1494,
0,11,86,5609,0,0,11494,0.5609,0,0,1.1494,
0,11,87,5609,0,0,11494,0.5609,0,0,1.1494,
0,11,88,5609,0,0,11494,0.5609,0,0,1.1494,
0,11,89,5609,0,0,11494,0.5609,0,0,1.1494,
0,11,90,5609,0,0,11494,0.5609,0,0,1.1494,
0,11,91,5609,0,0,11494,0.5609,0,0,1.1494,
0,11,92,5609,0,0,11494,0.5609,0,0,1.1494,
0,11,93,5609,0,0,11494,0.5609,0,0,1.1494,
0,11,94,5609,0,0,11494,0.5609,0,0,1.1494,
0,11,95,5609,0,0,11494,0.5609,0,0,1.1494,
0,11,96,5609,0,0,11494,0.5609,0,0,1.1494,
0,11,97,5609,0,0,11494,0.5609,0,0,1.1494,
0,11,98,5609,0,0,11494,0.5609,0,0,1.1494,
0,11,99,5609,0,0,11494,0.5609,0,0,1.1494,
0,11,100,5609,0,0,11494,0.5609,0,0,1.1494,
0,12,0,9980,20,118,29881,0.998,0.002,0.0118,2.9881,5.9
0,12,1,9935,38,170,29656,0.9935,0.0038,0.017,2.9656,4.47368
0,12,2,9876,52,212,29364,0.9876,0.0052,0.0212,2.9364,4.07692
0,12,3,9798,63,251,28979,0.9798,0.0063,0.0251,2.8979,3.98413
0,12,4,9680,101,404,28398,0.968,0.0101,0.0404,2.8398,4
0,12,5,9518,142,552,27610,0.9518,0.0142,0.0552,2.761,3.88732
0,12,6,9329,171,637,26707,0.9329,0.0171,0.0637,2.6707,3.72515
0,12,7,9115,217,800,25691,0.9115,0.0217,0.08,2.5691,3.68664
0,12,8,8841,248,894,24428,0.8841,0.0248,0.0894,2.4428,3.60484
0,12,9,8537,265,928,23040,0.8537,0.0265,0.0928,2.304,3.50189
0,12,10,8235,303,1038,21702,0.8235,0.0303,0.1038,2.1702,3.42574
0,12,11,7882,326,1058,20176,0.7882,0.0326,0.1058,2.0176,3.2454
0,12,12,7567,327,1000,18876,0.7567,0.0327,0.1,1.8876,3.0581
0,12,13,7243,322,965,17562,0.7243,0.0322,0.0965,1.7562,2.99689
0,12,14,6969,297,867,16467,0.6969,0.0297,0.0867,1.6467,2.91919
0,12,15,6691,289,822,15395,0.6691,0.0289,0.0822,1.5395,2.84429
0,12,16,6444,253,690,14465,0.6444,0.0253,0.069,1.4465,2.72727
0,12,17,6195,267,692,13571,0.6195,0.0267,0.0692,1.3571,2.59176
0,12,18,6005,213,548,12889,0.6005,0.0213,0.0548,1.2889,2.57277
0,12,19,5830,183,458,12274,0.583,0.0183,0.0458,1.2274,2.50273
0,12,20,5684,170,428,11771,0.5684,0.017,0.0428,1.1771,2.51765
0,12,21,5564,137,325,11372,0.5564,0.0137,0.0325,1.1372,2.37226
0,12,22,5440,135,319,10950,0.544,0.0135,0.0319,1.095,2.36296
0,12,23,5338,106,256,10612,0.5338,0.0106,0.0256,1.0612,2.41509
0,12,24,5273,72,174,10389,0.5273,0.0072,0.0174,1.0389,2.41667
0,12,25,5229,53,122,10237,0.5229,0.0053,0.0122,1.0237,2.30189
0,12,26,5203,35,77,10153,0.5203,0.0035,0.0077,1.0153,2.2
0,12,27,5181,26,47,10085,0.5181,0.0026,0.0047,1.0085,1.80769
0,12,28,5170,18,33,10054,0.517,0.0018,0.0033,1.0054,1.83333
0,12,29,5168,5,10,10047,0.5168,0.0005,0.001,1.0047,2
0,12,30,5166,4,8,10041,0.5166,0.0004,0.0008,1.0041,2
0,12,31,5164,2,5,10034,0.5164,0.0002,0.0005,1.0034,2.5
0,12,32,5164,1,3,10034,0.5164,0.0001,0.0003,1.0034,3
0,12,33,5160,4,9,10022,0.516,0.0004,0.0009,1.0022,2.25
0,12,34,5160,0,0,10022,0.516,0,0,1.0022,
0,12,35,5160,0,0,10022,0.516,0,0,1.0022,
0,12,36,5160,0,0,10022,0.516,0,0,1.0022,
0,12,37,5160,0,0,10022,0.516,0,0,1.0022,
0,12,38,5160,0,0,10022,0.516,0,0,1.0022,
0,12,39,5160,0,0,10022,0.516,0,0,1.0022,
0,12,40,5160,0,0,10022,0.516,0,0,1.0022,
0,12,41,5160,0,0,10022,0.516,0,0,1.0022,
0,12,42,5160,0,0,10022,0.516,0,0,1.0022,
0,12,43,5160,0,0,10022,0.516,0,0,1.0022,
0,12,44,5160,0,0,10022,0.516,0,0,1.0022,
0,12,45,5160,0,0,10022,0.516,0,0,1.0022,
0,12,46,5160,0,0,10022,0.516,0,0,1.0022,
0,12,47,5160,0,0,10022,0.516,0,0,1.0022,
0,12,48,5160,0,0,10022,0.516,0,0,1.0022,
0,12,49,5160,0,0,10022,0.516,0,0,1.0022,
0,12,50,5160,0,0,10022,0.516,0,0,1.0022,
0,12,51,5160,0,0,10022,0.516,0,0,1.0022,
0,12,52,5160,0,0,10022,0.516,0,0,1.0022,
0,12,53,5160,0,0,10022,0.516,0,0,1.0022,
0,12,54,5160,0,0,10022,0.516,0,0,1.0022,
0,12,55,5160,0,0,10022,0.516,0,0,1.0022,
0,12,56,5160,0,0,10022,0.516,0,0,1.0022,
0,12,57,5160,0,0,10022,0.516,0,0,1.0022,
0,12,58,5160,0,0,10022,0.516,0,0,1.0022,
0,12,59,5160,0,0,10022,0.516,0,0,1.0022,
0,12,60,5160,0,0,10022,0.516,0,0,1.0022,
0,12,61,5160,0,0,10022,0.516,0,0,1.0022,
0,12,62,5160,0,0,10022,0.516,0,0,1.0022,
0,12,63,5160,0,0,10022,0.516,0,0,1.0022,
0,12,64,5160,0,0,10022,0.516,0,0,1.0022,
0,12,65,5160,0,0,10022,0.516,0,0,1.0022,
0,12,66,5160,0,0,10022,0.516,0,0,1.0022,
0,12,67,5160,0,0,10022,0.516,0,0,1.0022,
0,12,68,5160,0,0,10022,0.516,0,0,1.0022,
0,12,69,5160,0,0,10022,0.516,0,0,1.0022,
0,12,70,5160,0,0,10022,0.516,0,0,1.0022,
0,12,71,5160,0,0,10022,0.516,0,0,1.0022,
0,12,72,5160,0,0,10022,0.516,0,0,1.0022,
0,12,73,5160,0,0,10022,0.516,0,0,1.0022,
0,12,74,5160,0,0,10022,0.516,0,0,1.0022,
0,12,75,5160,0,0,10022,0.516,0,0,1.0022,
0,12,76,5160,0,0,10022,0.516,0,0,1.0022,
0,12,77,5160,0,0,10022,0.516,0,0,1.0022,
0,12,78,5160,0,0,10022,0.516,0,0,1.0022,
0,12,79,5160,0,0,10022,0.516,0,0,1.0022,
0,12,80,5160,0,0,10022,0.516,0,0,1.0022,
0,12,81,5160,0,0,10022,0.516,0,0,1.0022,
0,12,82,5160,0,0,10022,0.516,0,0,1.0022,
0,12,83,5160,0,0,10022,0.516,0,0,1.0022,
0,12,84,5160,0,0,10022,0.516,0,0,1.0022,
0,12,85,5160,0,0,10022,0.516,0,0,1.0022,
0,12,86,5160,0,0,10022,0.516,0,0,1.0022,
0,12,87,5160,0,0,10022,0.516,0,0,1.0022,
0,12,88,5160,0,0,10022,0.516,0,0,1.0022,
0,12,89,5160,0,0,10022,0.516,0,0,1.0022,
0,12,90,5160,0,0,10022,0.516,0,0,1.0022,
0,12,91,5160,0,0,10022,0.516,0,0,1.0022,
0,12,92,5160,0,0,10022,0.516,0,0,1.0022,
0,12,93,5160,0,0,10022,0.516,0,0,1.0022,
0,12,94,5160,0,0,10022,0.516,0,0,1.0022,
0,12,95,5160,0,0,10022,0.516,0,0,1.0022,
0,12,96,5160,0,0,10022,0.516,0,0,1.0022,
0,12,97,5160,0,0,10022,0.516,0,0,1.0022,
0,12,98,5160,0,0,10022,0.516,0,0,1.0022,
0,12,99,5160,0,0,10022,0.516,0,0,1.0022,
0,12,100,5160,0,0,10022,0.516,0,0,1.0022,
0,13,0,9980,20,118,29881,0.998,0.002,0.0118,2.9881,5.9
0,13,1,9928,46,199,29623,0.9928,0.0046,0.0199,2.9623,4.32609
0,13,2,9840,79,314,29187,0.984,0.0079,0.0314,2.9187,3.97468
0,13,3,9687,142,556,28433,0.9687,0.0142,0.0556,2.8433,3.91549
0,13,4,9470,178,666,27384,0.947,0.0178,0.0666,2.7384,3.74157
0,13,5,9226,224,844,26211,0.9226,0.0224,0.0844,2.6211,3.76786
0,13,6,8906,298,1086,24712,0.8906,0.0298,0.1086,2.4712,3.6443
0,13,7,8514,369,1297,22933,0.8514,0.0369,0.1297,2.2933,3.51491
0,13,8,8074,424,1400,21003,0.8074,0.0424,0.14,2.1003,3.30189
0,13,9,7606,455,1449,19004,0.7606,0.0455,0.1449,1.9004,3.18462
0,13,10,7140,459,1377,17118,0.714,0.0459,0.1377,1.7118,3
0,13,11,6716,426,1221,15438,0.6716,0.0426,0.1221,1.5438,2.8662
0,13,12,6306,422,1139,13914,0.6306,0.0422,0.1139,1.3914,2.69905
0,13,13,5983,341,868,12740,0.5983,0.0341,0.0868,1.274,2.54545
0,13,14,5723,290,702,11836,0.5723,0.029,0.0702,1.1836,2.42069
0,13,15,5515,224,528,11105,0.5515,0.0224,0.0528,1.1105,2.35714
0,13,16,5363,176,409,10602,0.5363,0.0176,0.0409,1.0602,2.32386
0,13,17,5262,125,300,10268,0.5262,0.0125,0.03,1.0268,2.4
0,13,18,5173,102,246,9975,0.5173,0.0102,0.0246,0.9975,2.41176
0,13,19,5097,84,186,9737,0.5097,0.0084,0.0186,0.9737,2.21429
0,13,20,5035,62,135,9531,0.5035,0.0062,0.0135,0.9531,2.17742
0,13,21,4991,42,100,9387,0.4991,0.0042,0.01,0.9387,2.38095
0,13,22,4954,27,67,9257,0.4954,0.0027,0.0067,0.9257,2.48148
0,13,23,4920,35,86,9147,0.492,0.0035,0.0086,0.9147,2.45714
0,13,24,4905,22,44,9102,0.4905,0.0022,0.0044,0.9102,2
0,13,25,4889,19,43,9045,0.4889,0.0019,0.0043,0.9045,2.26316
0,13,26,4882,10,25,9020,0.4882,0.001,0.0025,0.902,2.5
0,13,27,4864,15,29,8969,0.4864,0.0015,0.0029,0.8969,1.93333
0,13,28,4862,5,6,8965,0.4862,0.0005,0.0006,0.8965,1.2
0,13,29,4862,3,4,8965,0.4862,0.0003,0.0004,0.8965,1.33333
0,13,30,4862,0,0,8965,0.4862,0,0,0.8965,
0,13,31,4862,0,0,8965,0.4862,0,0,0.8965,
0,13,32,4862,0,0,8965,0.4862,0,0,0.8965,
0,13,33,4862,0,0,8965,0.4862,0,0,0.8965,
0,13,34,4862,0,0,8965,0.4862,0,0,0.8965,
0,13,35,4862,0,0,8965,0.4862,0,0,0.8965,
0,13,36,4862,0,0,8965,0.4862,0,0,0.8965,
0,13,37,4862,0,0,8965,0.4862,0,0,0.8965,
0,13,38,4862,0,0,8965,0.4862,0,0,0.8965,
0,13,39,4862,0,0,8965,0.4862,0,0,0.8965,
0,13,40,4862,0,0,8965,0.4862,0,0,0.8965,
0,13,41,4862,0,0,8965,0.4862,0,0,0.8965,
0,13,42,4862,0,0,8965,0.4862,0,0,0.8965,
0,13,43,4862,0,0,8965,0.4862,0,0,0.8965,
0,13,44,4862,0,0,8965,0.4862,0,0,0.8965,
0,13,45,4862,0,0,8965,0.4862,0,0,0.8965,
0,13,46,4862,0,0,8965,0.4862,0,0,0.8965,
0,13,47,4862,0,0,8965,0.4862,0,0,0.8965,
0,13,48,4862,0,0,8965,0.4862,0,0,0.8965,
0,13,49,4862,0,0,8965,0.4862,0,0,0.8965,
0,13,50,4862,0,0,8965,0.4862,0,0,0.8965,
0,13,51,4862,0,0,8965,0.4862,0,0,0.8965,
0,13,52,4862,0,0,8965,0.4862,0,0,0.8965,
0,13,53,4862,0,0,8965,0.4862,0,0,0.8965,
0,13,54,4862,0,0,8965,0.4862,0,0,0.8965,
0,13,55,4862,0,0,8965,0.4862,0,0,0.8965,
0,13,56,4862,0,0,8965,0.4862,0,0,0.8965,
0,13,57,4862,0,0,8965,0.4862,0,0,0.8965,
0,13,58,4862,0,0,8965,0.4862,0,0,0.8965,
0,13,59,4862,0,0,8965,0.4862,0,0,0.8965,
0,13,60,4862,0,0,8965,0.4862,0,0,0.8965,
0,13,61,4862,0,0,8965,0.4862,0,0,0.8965,
0,13,62,4862,0,0,8965,0.4862,0,0,0.8965,
0,13,63,4862,0,0,8965,0.4862,0,0,0.8965,
0,13,64,4862,0,0,8965,0.4862,0,0,0.8965,
0,13,65,4862,0,0,8965,0.4862,0,0,0.8965,
0,13,66,4862,0,0,8965,0.4862,0,0,0.8965,
0,13,67,4862,0,0,8965,0.4862,0,0,0.8965,
0,13,68,4862,0,0,8965,0.4862,0,0,0.8965,
0,13,69,4862,0,0,8965,0.4862,0,0,0.8965,
0,13,70,4862,0,0,8965,0.4862,0,0,0.8965,
0,13,71,4862,0,0,8965,0.4862,0,0,0.8965,
0,13,72,4862,0,0,8965,0.4862,0,0,0.8965,
0,13,73,4862,0,0,8965,0.4862,0,0,0.8965,
0,13,74,4862,0,0,8965,0.4862,0,0,0.8965,
0,13,75,4862,0,0,8965,0.4862,0,0,0.8965,
0,13,76,4862,0,0,8965,0.4862,0,0,0.8965,
0,13,77,4862,0,0,8965,0.4862,0,0,0.8965,
0,13,78,4862,0,0,8965,0.4862,0,0,0.8965,
0,13,79,4862,0,0,8965,0.4862,0,0,0.8965,
0,13,80,4862,0,0,8965,0.4862,0,0,0.8965,
0,13,81,4862,0,0,8965,0.4862,0,0,0.8965,
0,13,82,4862,0,0,8965,0.4862,0,0,0.8965,
0,13,83,4862,0,0,8965,0.4862,0,0,0.8965,
0,13,84,4862,0,0,8965,0.4862,0,0,0.8965,
0,13,85,4862,0,0,8965,0.4862,0,0,0.8965,
0,13,86,4862,0,0,8965,0.4862,0,0,0.8965,
0,13,87,4862,0,0,8965,0.4862,0,0,0.8965,
0,13,88,4862,0,0,8965,0.4862,0,0,0.8965,
0,13,89,4862,0,0,8965,0.4862,0,0,0.8965,
0,13,90,4862,0,0,8965,0.4862,0,0,0.8965,
0,13,91,4862,0,0,8965,0.4862,0,0,0.8965,
0,13,92,4862,0,0,8965,0.4862,0,0,0.8965,
0,13,93,4862,0,0,8965,0.4862,0,0,0.8965,
0,13,94,4862,0,0,8965,0.4862,0,0,0.8965,
0,13,95,4862,0,0,8965,0.4862,0,0,0.8965,
0,13,96,4862,0,0,8965,0.4862,0,0,0.8965,
0,13,97,4862,0,0,8965,0.4862,0,0,0.8965,
0,13,98,4862,0,0,8965,0.4862,0,0,0.8965,
0,13,99,4862,0,0,8965,0.4862,0,0,0.8965,
0,13,100,4862,0,0,8965,0.4862,0,0,0.8965,
0,14,0,9980,20,118,29881,0.998,0.002,0.0118,2.9881,5.9
0,14,1,9931,47,207,29637,0.9931,0.0047,0.0207,2.9637,4.40426
0,14,2,9861,59,236,29288,0.9861,0.0059,0.0236,2.9288,4
0,14,3,9760,86,354,28789,0.976,0.0086,0.0354,2.8789,4.11628
0,14,4,9634,104,407,28171,0.9634,0.0104,0.0407,2.8171,3.91346
0,14,5,9515,109,425,27590,0.9515,0.0109,0.0425,2.759,3.89908
0,14,6,9373,142,534,26914,0.9373,0.0142,0.0534,2.6914,3.76056
0,14,7,9196,150,536,26079,0.9196,0.015,0.0536,2.6079,3.57333
0,14,8,8979,190,689,25077,0.8979,0.019,0.0689,2.5077,3.62632
0,14,9,8749,227,791,24020,0.8749,0.0227,0.0791,2.402,3.48458
0,14,10,8499,257,902,22878,0.8499,0.0257,0.0902,2.2878,3.50973
0,14,11,8239,268,941,21707,0.8239,0.0268,0.0941,2.1707,3.51119
0,14,12,7942,293,977,20422,0.7942,0.0293,0.0977,2.0422,3.33447
0,14,13,7649,290,900,19199,0.7649,0.029,0.09,1.9199,3.10345
0,14,14,7345,298,902,17938,0.7345,0.0298,0.0902,1.7938,3.02685
0,14,15,7089,286,818,16925,0.7089,0.0286,0.0818,1.6925,2.86014
0,14,16,6836,265,747,15933,0.6836,0.0265,0.0747,1.5933,2.81887
0,14,17,6609,227,601,15071,0.6609,0.0227,0.0601,1.5071,2.64758
0,14,18,6451,188,529,14473,0.6451,0.0188,0.0529,1.4473,2.81383
0,14,19,6266,189,500,13785,0.6266,0.0189,0.05,1.3785,2.6455
0,14,20,6072,200,531,13063,0.6072,0.02,0.0531,1.3063,2.655
0,14,21,5888,192,506,12401,0.5888,0.0192,0.0506,1.2401,2.63542
0,14,22,5755,127,295,11940,0.5755,0.0127,0.0295,1.194,2.32283
0,14,23,5643,128,298,11556,0.5643,0.0128,0.0298,1.1556,2.32812
0,14,24,5552,118,265,11260,0.5552,0.0118,0.0265,1.126,2.24576
0,14,25,5453,108,247,10929,0.5453,0.0108,0.0247,1.0929,2.28704
0,14,26,5375,83,194,10666,0.5375,0.0083,0.0194,1.0666,2.33735
0,14,27,5319,59,142,10479,0.5319,0.0059,0.0142,1.0479,2.40678
0,14,28,5278,44,112,10333,0.5278,0.0044,0.0112,1.0333,2.54545
0,14,29,5246,32,74,10225,0.5246,0.0032,0.0074,1.0225,2.3125
0,14,30,5234,21,46,10190,0.5234,0.0021,0.0046,1.019,2.19048
0,14,31,5219,14,37,10143,0.5219,0.0014,0.0037,1.0143,2.64286
0,14,32,5208,10,20,10114,0.5208,0.001,0.002,1.0114,2
0,14,33,5194,15,30,10070,0.5194,0.0015,0.003,1.007,2
0,14,34,5184,16,32,10038,0.5184,0.0016,0.0032,1.0038,2
0,14,35,5174,13,27,10009,0.5174,0.0013,0.0027,1.0009,2.07692
0,14,36,5169,10,24,9992,0.5169,0.001,0.0024,0.9992,2.4
0,14,37,5156,7,13,9958,0.5156,0.0007,0.0013,0.9958,1.85714
0,14,38,5148,6,11,9932,0.5148,0.0006,0.0011,0.9932,1.83333
0,14,39,5148,3,3,9932,0.5148,0.0003,0.0003,0.9932,1
0,14,40,5148,0,0,9932,0.5148,0,0,0.9932,
0,14,41,5148,0,0,9932,0.5148,0,0,0.9932,
0,14,42,5148,0,0,9932,0.5148,0,0,0.9932,
0,14,43,5148,0,0,9932,0.5148,0,0,0.9932,
0,14,44,5148,0,0,9932,0.5148,0,0,0.9932,
0,14,45,5148,0,0,9932,0.5148,0,0,0.9932,
0,14,46,5148,0,0,9932,0.5148,0,0,0.9932,
0,14,47,5148,0,0,9932,0.5148,0,0,0.9932,
0,14,48,5148,0,0,9932,0.5148,0,0,0.9932,
0,14,49,5148,0,0,9932,0.5148,0,0,0.9932,
0,14,50,5148,0,0,9932,0.5148,0,0,0.9932,
0,14,51,5148,0,0,9932,0.5148,0,0,0.9932,
0,14,52,5148,0,0,9932,0.5148,0,0,0.9932,
0,14,53,5148,0,0,9932,0.5148,0,0,0.9932,
0,14,54,5148,0,0,9932,0.5148,0,0,0.9932,
0,14,55,5148,0,0,9932,0.5148,0,0,0.9932,
0,14,56,5148,0,0,9932,0.5148,0,0,0.9932,
0,14,57,5148,0,0,9932,0.5148,0,0,0.9932,
0,14,58,5148,0,0,9932,0.5148,0,0,0.9932,
0,14,59,5148,0,0,9932,0.5148,0,0,0.9932,
0,14,60,5148,0,0,9932,0.5148,0,0,0.9932,
0,14,61,5148,0,0,9932,0.5148,0,0,0.9932,
0,14,62,5148,0,0,9932,0.5148,0,0,0.9932,
0,14,63,5148,0,0,9932,0.5148,0,0,0.9932,
0,14,64,5148,0,0,9932,0.5148,0,0,0.9932,
0,14,65,5148,0,0,9932,0.5148,0,0,0.9932,
0,14,66,5148,0,0,9932,0.5148,0,0,0.9932,
0,14,67,5148,0,0,9932,0.5148,0,0,0.9932,
0,14,68,5148,0,0,9932,0.5148,0,0,0.9932,
0,14,69,5148,0,0,9932,0.5148,0,0,0.9932,
0,14,70,5148,0,0,9932,0.5148,0,0,0.9932,
0,14,71,5148,0,0,9932,0.5148,0,0,0.9932,
0,14,72,5148,0,0,9932,0.5148,0,0,0.9932,
0,14,73,5148,0,0,9932,0.5148,0,0,0.9932,
0,14,74,5148,0,0,9932,0.5148,0,0,0.9932,
0,14,75,5148,0,0,9932,0.5148,0,0,0.9932,
0,14,76,5148,0,0,9932,0.5148,0,0,0.9932,
0,14,77,5148,0,0,9932,0.5148,0,0,0.9932,
0,14,78,5148,0,0,9932,0.5148,0,0,0.9932,
0,14,79,5148,0,0,9932,0.5148,0,0,0.9932,
0,14,80,5148,0,0,9932,0.5148,0,0,0.9932,
0,14,81,5148,0,0,9932,0.5148,0,0,0.9932,
0,14,82,5148,0,0,9932,0.5148,0,0,0.9932,
0,14,83,5148,0,0,9932,0.5148,0,0,0.9932,
0,14,84,5148,0,0,9932,0.5148,0,0,0.9932,
0,14,85,5148,0,0,9932,0.5148,0,0,0.9932,
0,14,86,5148,0,0,9932,0.5148,0,0,0.9932,
0,14,87,5148,0,0,9932,0.5148,0,0,0.9932,
0,14,88,5148,0,0,9932,0.5148,0,0,0.9932,
0,14,89,5148,0,0,9932,0.5148,0,0,0.9932,
0,14,90,5148,0,0,9932,0.5148,0,0,0.9932,
0,14,91,5148,0,0,9932,0.5148,0,0,0.9932,
0,14,92,5148,0,0,9932,0.5148,0,0,0.9932,
0,14,93,5148,0,0,9932,0.5148,0,0,0.9932,
0,14,94,5148,0,0,9932,0.5148,0,0,0.9932,
0,14,95,5148,0,0,9932,0.5148,0,0,0.9932,
0,14,96,5148,0,0,9932,0.5148,0,0,0.9932,
0,14,97,5148,0,0,9932,0.5148,0,0,0.9932,
0,14,98,5148,0,0,9932,0.5148,0,0,0.9932,
0,14,99,5148,0,0,9932,0.5148,0,0,0.9932,
0,14,100,5148,0,0,9932,0.5148,0,0,0.9932,
0,15,0,9980,20,120,29880,0.998,0.002,0.012,2.988,6
0,15,1,9924,48,210,29600,0.9924,0.0048,0.021,2.96,4.375
0,15,2,9816,89,355,29066,0.9816,0.0089,0.0355,2.9066,3.98876
0,15,3,9658,138,531,28291,0.9658,0.0138,0.0531,2.8291,3.84783
0,15,4,9420,199,750,27148,0.942,0.0199,0.075,2.7148,3.76884
0,15,5,9166,213,756,25938,0.9166,0.0213,0.0756,2.5938,3.5493
0,15,6,8927,221,790,24821,0.8927,0.0221,0.079,2.4821,3.57466
0,15,7,8635,271,960,23480,0.8635,0.0271,0.096,2.348,3.54244
0,15,8,8306,301,1014,22019,0.8306,0.0301,0.1014,2.2019,3.36877
0,15,9,7963,329,1086,20545,0.7963,0.0329,0.1086,2.0545,3.30091
0,15,10,7664,305,977,19271,0.7664,0.0305,0.0977,1.9271,3.20328
0,15,11,7334,330,1004,17928,0.7334,0.033,0.1004,1.7928,3.04242
0,15,12,7034,295,872,16714,0.7034,0.0295,0.0872,1.6714,2.95593
0,15,13,6777,278,802,15727,0.6777,0.0278,0.0802,1.5727,2.88489
0,15,14,6555,236,645,14886,0.6555,0.0236,0.0645,1.4886,2.73305
0,15,15,6354,207,561,14117,0.6354,0.0207,0.0561,1.4117,2.71014
0,15,16,6196,183,487,13536,0.6196,0.0183,0.0487,1.3536,2.6612
0,15,17,6003,208,533,12840,0.6003,0.0208,0.0533,1.284,2.5625
0,15,18,5838,180,433,12243,0.5838,0.018,0.0433,1.2243,2.40556
0,15,19,5689,156,372,11741,0.5689,0.0156,0.0372,1.1741,2.38462
0,15,20,5586,113,260,11382,0.5586,0.0113,0.026,1.1382,2.30088
0,15,21,5493,108,248,11074,0.5493,0.0108,0.0248,1.1074,2.2963
0,15,22,5424,81,192,10831,0.5424,0.0081,0.0192,1.0831,2.37037
0,15,23,5380,54,112,10689,0.538,0.0054,0.0112,1.0689,2.07407
0,15,24,5344,48,112,10557,0.5344,0.0048,0.0112,1.0557,2.33333
0,15,25,5286,64,142,10367,0.5286,0.0064,0.0142,1.0367,2.21875
0,15,26,5244,53,133,10223,0.5244,0.0053,0.0133,1.0223,2.50943
0,15,27,5204,47,117,10092,0.5204,0.0047,0.0117,1.0092,2.48936
0,15,28,5167,43,105,9970,0.5167,0.0043,0.0105,0.997,2.44186
0,15,29,5135,28,69,9870,0.5135,0.0028,0.0069,0.987,2.46429
0,15,30,5102,32,74,9761,0.5102,0.0032,0.0074,0.9761,2.3125
0,15,31,5088,22,52,9713,0.5088,0.0022,0.0052,0.9713,2.36364
0,15,32,5067,27,56,9650,0.5067,0.0027,0.0056,0.965,2.07407
0,15,33,5050,22,47,9597,0.505,0.0022,0.0047,0.9597,2.13636
0,15,34,5040,10,19,9567,0.504,0.001,0.0019,0.9567,1.9
0,15,35,5033,6,12,9543,0.5033,0.0006,0.0012,0.9543,2
0,15,36,5030,4,6,9534,0.503,0.0004,0.0006,0.9534,1.5
0,15,37,5029,2,2,9531,0.5029,0.0002,0.0002,0.9531,1
0,15,38,5028,2,5,9526,0.5028,0.0002,0.0005,0.9526,2.5
0,15,39,5028,1,0,9526,0.5028,0.0001,0,0.9526,0
0,15,40,5028,0,0,9526,0.5028,0,0,0.9526,
0,15,41,5028,0,0,9526,0.5028,0,0,0.9526,
0,15,42,5028,0,0,9526,0.5028,0,0,0.9526,
0,15,43,5028,0,0,9526,0.5028,0,0,0.9526,
0,15,44,5028,0,0,9526,0.5028,0,0,0.9526,
0,15,45,5028,0,0,9526,0.5028,0,0,0.9526,
0,15,46,5028,0,0,9526,0.5028,0,0,0.9526,
0,15,47,5028,0,0,9526,0.5028,0,0,0.9526,
0,15,48,5028,0,0,9526,0.5028,0,0,0.9526,
0,15,49,5028,0,0,9526,0.5028,0,0,0.9526,
0,15,50,5028,0,0,9526,0.5028,0,0,0.9526,
0,15,51,5028,0,0,9526,0.5028,0,0,0.9526,
0,15,52,5028,0,0,9526,0.5028,0,0,0.9526,
0,15,53,5028,0,0,9526,0.5028,0,0,0.9526,
0,15,54,5028,0,0,9526,0.5028,0,0,0.9526,
0,15,55,5028,0,0,9526,0.5028,0,0,0.9526,
0,15,56,5028,0,0,9526,0.5028,0,0,0.9526,
0,15,57,5028,0,0,9526,0.5028,0,0,0.9526,
0,15,58,5028,0,0,9526,0.5028,0,0,0.9526,
0,15,59,5028,0,0,9526,0.5028,0,0,0.9526,
0,15,60,5028,0,0,9526,0.5028,0,0,0.9526,
0,15,61,5028,0,0,9526,0.5028,0,0,0.9526,
0,15,62,5028,0,0,9526,0.5028,0,0,0.9526,
0,15,63,5028,0,0,9526,0.5028,0,0,0.9526,
0,15,64,5028,0,0,9526,0.5028,0,0,0.9526,
0,15,65,5028,0,0,9526,0.5028,0,0,0.9526,
0,15,66,5028,0,0,9526,0.5028,0,0,0.9526,
0,15,67,5028,0,0,9526,0.5028,0,0,0.9526,
0,15,68,5028,0,0,9526,0.5028,0,0,0.9526,
0,15,69,5028,0,0,9526,0.5028,0,0,0.9526,
0,15,70,5028,0,0,9526,0.5028,0,0,0.9526,
0,15,71,5028,0,0,9526,0.5028,0,0,0.9526,
0,15,72,5028,0,0,9526,0.5028,0,0,0.9526,
0,15,73,5028,0,0,9526,0.5028,0,0,0.9526,
0,15,74,5028,0,0,9526,0.5028,0,0,0.9526,
0,15,75,5028,0,0,9526,0.5028,0,0,0.9526,
0,15,76,5028,0,0,9526,0.5028,0,0,0.9526,
0,15,77,5028,0,0,9526,0.5028,0,0,0.9526,
0,15,78,5028,0,0,9526,0.5028,0,0,0.9526,
0,15,79,5028,0,0,9526,0.5028,0,0,0.9526,
0,15,80,5028,0,0,9526,0.5028,0,0,0.9526,
0,15,81,5028,0,0,9526,0.5028,0,0,0.9526,
0,15,82,5028,0,0,9526,0.5028,0,0,0.9526,
0,15,83,5028,0,0,9526,0.5028,0,0,0.9526,
0,15,84,5028,0,0,9526,0.5028,0,0,0.9526,
0,15,85,5028,0,0,9526,0.5028,0,0,0.9526,
0,15,86,5028,0,0,9526,0.5028,0,0,0.9526,
0,15,87,5028,0,0,9526,0.5028,0,0,0.9526,
0,15,88,5028,0,0,9526,0.5028,0,0,0.9526,
0,15,89,5028,0,0,9526,0.5028,0,0,0.9526,
0,15,90,5028,0,0,9526,0.5028,0,0,0.9526,
0,15,91,5028,0,0,9526,0.5028,0,0,0.9526,
0,15,92,5028,0,0,9526,0.5028,0,0,0.9526,
0,15,93,5028,0,0,9526,0.5028,0,0,0.9526,
0,15,94,5028,0,0,9526,0.5028,0,0,0.9526,
0,15,95,5028,0,0,9526,0.5028,0,0,0.9526,
0,15,96,5028,0,0,9526,0.5028,0,0,0.9526,
0,15,97,5028,0,0,9526,0.5028,0,0,0.9526,
0,15,98,5028,0,0,9526,0.5028,0,0,0.9526,
0,15,99,5028,0,0,9526,0.5028,0,0,0.9526,
0,15,100,5028,0,0,9526,0.5028,0,0,0.9526,
0,16,0,9980,20,120,29880,0.998,0.002,0.012,2.988,6
0,16,1,9942,35,157,29691,0.9942,0.0035,0.0157,2.9691,4.48571
0,16,2,9891,38,154,29437,0.9891,0.0038,0.0154,2.9437,4.05263
0,16,3,9824,58,236,29105,0.9824,0.0058,0.0236,2.9105,4.06897
0,16,4,9740,66,252,28690,0.974,0.0066,0.0252,2.869,3.81818
0,16,5,9625,90,335,28128,0.9625,0.009,0.0335,2.8128,3.72222
0,16,6,9539,82,313,27713,0.9539,0.0082,0.0313,2.7713,3.81707
0,16,7,9417,104,392,27133,0.9417,0.0104,0.0392,2.7133,3.76923
0,16,8,9281,132,504,26480,0.9281,0.0132,0.0504,2.648,3.81818
0,16,9,9086,184,688,25552,0.9086,0.0184,0.0688,2.5552,3.73913
0,16,10,8860,205,754,24509,0.886,0.0205,0.0754,2.4509,3.67805
0,16,11,8591,230,835,23279,0.8591,0.023,0.0835,2.3279,3.63043
0,16,12,8320,270,941,22076,0.832,0.027,0.0941,2.2076,3.48519
0,16,13,8049,268,880,20891,0.8049,0.0268,0.088,2.0891,3.28358
0,16,14,7767,257,816,19695,0.7767,0.0257,0.0816,1.9695,3.1751
0,16,15,7523,241,739,18672,0.7523,0.0241,0.0739,1.8672,3.06639
0,16,16,7272,262,778,17677,0.7272,0.0262,0.0778,1.7677,2.96947
0,16,17,7025,269,785,16675,0.7025,0.0269,0.0785,1.6675,2.91822
0,16,18,6780,245,715,15688,0.678,0.0245,0.0715,1.5688,2.91837
0,16,19,6559,231,640,14856,0.6559,0.0231,0.064,1.4856,2.77056
0,16,20,6407,173,447,14321,0.6407,0.0173,0.0447,1.4321,2.58382
0,16,21,6271,138,370,13825,0.6271,0.0138,0.037,1.3825,2.68116
0,16,22,6162,124,314,13426,0.6162,0.0124,0.0314,1.3426,2.53226
0,16,23,6085,93,239,13152,0.6085,0.0093,0.0239,1.3152,2.56989
0,16,24,6022,66,160,12926,0.6022,0.0066,0.016,1.2926,2.42424
0,16,25,5983,49,139,12788,0.5983,0.0049,0.0139,1.2788,2.83673
0,16,26,5953,39,90,12685,0.5953,0.0039,0.009,1.2685,2.30769
0,16,27,5923,31,81,12576,0.5923,0.0031,0.0081,1.2576,2.6129
0,16,28,5896,29,75,12485,0.5896,0.0029,0.0075,1.2485,2.58621
0,16,29,5872,26,70,12394,0.5872,0.0026,0.007,1.2394,2.69231
0,16,30,5845,28,82,12293,0.5845,0.0028,0.0082,1.2293,2.92857
0,16,31,5822,23,63,12214,0.5822,0.0023,0.0063,1.2214,2.73913
0,16,32,5812,14,35,12179,0.5812,0.0014,0.0035,1.2179,2.5
0,16,33,5790,23,51,12115,0.579,0.0023,0.0051,1.2115,2.21739
0,16,34,5767,22,49,12034,0.5767,0.0022,0.0049,1.2034,2.22727
0,16,35,5759,15,27,12014,0.5759,0.0015,0.0027,1.2014,1.8
0,16,36,5747,16,32,11977,0.5747,0.0016,0.0032,1.1977,2
0,16,37,5736,13,34,11937,0.5736,0.0013,0.0034,1.1937,2.61538
0,16,38,5723,14,40,11890,0.5723,0.0014,0.004,1.189,2.85714
0,16,39,5714,12,34,11855,0.5714,0.0012,0.0034,1.1855,2.83333
0,16,40,5701,16,39,11808,0.5701,0.0016,0.0039,1.1808,2.4375
0,16,41,5690,11,19,11775,0.569,0.0011,0.0019,1.1775,1.72727
0,16,42,5685,7,13,11757,0.5685,0.0007,0.0013,1.1757,1.85714
0,16,43,5678,6,8,11738,0.5678,0.0006,0.0008,1.1738,1.33333
0,16,44,5677,1,2,11734,0.5677,0.0001,0.0002,1.1734,2
0,16,45,5677,1,2,11734,0.5677,0.0001,0.0002,1.1734,2
0,16,46,5677,0,0,11734,0.5677,0,0,1.1734,
0,16,47,5677,0,0,11734,0.5677,0,0,1.1734,
0,16,48,5677,0,0,11734,0.5677,0,0,1.1734,
0,16,49,5677,0,0,11734,0.5677,0,0,1.1734,
0,16,50,5677,0,0,11734,0.5677,0,0,1.1734,
0,16,51,5677,0,0,11734,0.5677,0,0,1.1734,
0,16,52,5677,0,0,11734,0.5677,0,0,1.1734,
0,16,53,5677,0,0,11734,0.5677,0,0,1.1734,
0,16,54,5677,0,0,11734,0.5677,0,0,1.1734,
0,16,55,5677,0,0,11734,0.5677,0,0,1.1734,
0,16,56,5677,0,0,11734,0.5677,0,0,1.1734,
0,16,57,5677,0,0,11734,0.5677,0,0,1.1734,
0,16,58,5677,0,0,11734,0.5677,0,0,1.1734,
0,16,59,5677,0,0,11734,0.5677,0,0,1.1734,
0,16,60,5677,0,0,11734,0.5677,0,0,1.1734,
0,16,61,5677,0,0,11734,0.5677,0,0,1.1734,
0,16,62,5677,0,0,11734,0.5677,0,0,1.1734,
0,16,63,5677,0,0,11734,0.5677,0,0,1.1734,
0,16,64,5677,0,0,11734,0.5677,0,0,1.1734,
0,16,65,5677,0,0,11734,0.5677,0,0,1.1734,
0,16,66,5677,0,0,11734,0.5677,0,0,1.1734,
0,16,67,5677,0,0,11734,0.5677,0,0,1.1734,
0,16,68,5677,0,0,11734,0.5677,0,0,1.1734,
0,16,69,5677,0,0,11734,0.5677,0,0,1.1734,
0,16,70,5677,0,0,11734,0.5677,0,0,1.1734,
0,16,71,5677,0,0,11734,0.5677,0,0,1.1734,
0,16,72,5677,0,0,11734,0.5677,0,0,1.1734,
0,16,73,5677,0,0,11734,0.5677,0,0,1.1734,
0,16,74,5677,0,0,11734,0.5677,0,0,1.1734,
0,16,75,5677,0,0,11734,0.5677,0,0,1.1734,
0,16,76,5677,0,0,11734,0.5677,0,0,1.1734,
0,16,77,5677,0,0,11734,0.5677,0,0,1.1734,
0,16,78,5677,0,0,11734,0.5677,0,0,1.1734,
0,16,79,5677,0,0,11734,0.5677,0,0,1.1734,
0,16,80,5677,0,0,11734,0.5677,0,0,1.1734,
0,16,81,5677,0,0,11734,0.5677,0,0,1.1734,
0,16,82,5677,0,0,11734,0.5677,0,0,1.1734,
0,16,83,5677,0,0,11734,0.5677,0,0,1.1734,
0,16,84,5677,0,0,11734,0.5677,0,0,1.1734,
0,16,85,5677,0,0,11734,0.5677,0,0,1.1734,
0,16,86,5677,0,0,11734,0.5677,0,0,1.1734,
0,16,87,5677,0,0,11734,0.5677,0,0,1.1734,
0,16,88,5677,0,0,11734,0.5677,0,0,1.1734,
0,16,89,5677,0,0,11734,0.5677,0,0,1.1734,
0,16,90,5677,0,0,11734,0.5677,0,0,1.1734,
0,16,91,5677,0,0,11734,0.5677,0,0,1.1734,
0,16,92,5677,0,0,11734,0.5677,0,0,1.1734,
0,16,93,5677,0,0,11734,0.5677,0,0,1.1734,
0,16,94,5677,0,0,11734,0.5677,0,0,1.1734,
0,16,95,5677,0,0,11734,0.5677,0,0,1.1734,
0,16,96,5677,0,0,11734,0.5677,0,0,1.1734,
0,16,97,5677,0,0,11734,0.5677,0,0,1.1734,
0,16,98,5677,0,0,11734,0.5677,0,0,1.1734,
0,16,99,5677,0,0,11734,0.5677,0,0,1.1734,
0,16,100,5677,0,0,11734,0.5677,0,0,1.1734,
0,17,0,9980,20,120,29880,0.998,0.002,0.012,2.988,6
0,17,1,9927,46,204,29615,0.9927,0.0046,0.0204,2.9615,4.43478
0,17,2,9855,66,271,29255,0.9855,0.0066,0.0271,2.9255,4.10606
0,17,3,9732,120,479,28648,0.9732,0.012,0.0479,2.8648,3.99167
0,17,4,9532,159,601,27672,0.9532,0.0159,0.0601,2.7672,3.77987
0,17,5,9289,218,841,26498,0.9289,0.0218,0.0841,2.6498,3.8578
0,17,6,8957,289,1025,24944,0.8957,0.0289,0.1025,2.4944,3.54671
0,17,7,8572,354,1244,23181,0.8572,0.0354,0.1244,2.3181,3.51412
0,17,8,8169,369,1247,21408,0.8169,0.0369,0.1247,2.1408,3.3794
0,17,9,7801,369,1183,19828,0.7801,0.0369,0.1183,1.9828,3.20596
0,17,10,7417,386,1185,18219,0.7417,0.0386,0.1185,1.8219,3.06995
0,17,11,7033,410,1230,16658,0.7033,0.041,0.123,1.6658,3
0,17,12,6636,398,1149,15123,0.6636,0.0398,0.1149,1.5123,2.88693
0,17,13,6240,392,1033,13644,0.624,0.0392,0.1033,1.3644,2.6352
0,17,14,5980,292,739,12688,0.598,0.0292,0.0739,1.2688,2.53082
0,17,15,5754,251,618,11920,0.5754,0.0251,0.0618,1.192,2.46215
0,17,16,5596,187,430,11378,0.5596,0.0187,0.043,1.1378,2.29947
0,17,17,5473,164,369,10963,0.5473,0.0164,0.0369,1.0963,2.25
0,17,18,5377,120,270,10645,0.5377,0.012,0.027,1.0645,2.25
0,17,19,5300,99,220,10402,0.53,0.0099,0.022,1.0402,2.22222
0,17,20,5227,86,184,10168,0.5227,0.0086,0.0184,1.0168,2.13953
0,17,21,5160,56,127,9941,0.516,0.0056,0.0127,0.9941,2.26786
0,17,22,5119,41,90,9810,0.5119,0.0041,0.009,0.981,2.19512
0,17,23,5098,27,70,9744,0.5098,0.0027,0.007,0.9744,2.59259
0,17,24,5084,20,45,9703,0.5084,0.002,0.0045,0.9703,2.25
0,17,25,5065,20,50,9641,0.5065,0.002,0.005,0.9641,2.5
0,17,26,5049,17,40,9591,0.5049,0.0017,0.004,0.9591,2.35294
0,17,27,5040,11,21,9565,0.504,0.0011,0.0021,0.9565,1.90909
0,17,28,5032,8,21,9541,0.5032,0.0008,0.0021,0.9541,2.625
0,17,29,5026,8,21,9522,0.5026,0.0008,0.0021,0.9522,2.625
0,17,30,5018,4,11,9497,0.5018,0.0004,0.0011,0.9497,2.75
0,17,31,5010,7,16,9470,0.501,0.0007,0.0016,0.947,2.28571
0,17,32,5005,8,20,9454,0.5005,0.0008,0.002,0.9454,2.5
0,17,33,4997,5,11,9425,0.4997,0.0005,0.0011,0.9425,2.2
0,17,34,4994,7,16,9416,0.4994,0.0007,0.0016,0.9416,2.28571
0,17,35,4986,7,19,9386,0.4986,0.0007,0.0019,0.9386,2.71429
0,17,36,4985,3,6,9382,0.4985,0.0003,0.0006,0.9382,2
0,17,37,4983,1,2,9376,0.4983,0.0001,0.0002,0.9376,2
0,17,38,4982,2,2,9375,0.4982,0.0002,0.0002,0.9375,1
0,17,39,4982,1,1,9375,0.4982,0.0001,0.0001,0.9375,1
0,17,40,4982,0,0,9375,0.4982,0,0,0.9375,
0,17,41,4982,0,0,9375,0.4982,0,0,0.9375,
0,17,42,4982,0,0,9375,0.4982,0,0,0.9375,
0,17,43,4982,0,0,9375,0.4982,0,0,0.9375,
0,17,44,4982,0,0,9375,0.4982,0,0,0.9375,
0,17,45,4982,0,0,9375,0.4982,0,0,0.9375,
0,17,46,4982,0,0,9375,0.4982,0,0,0.9375,
0,17,47,4982,0,0,9375,0.4982,0,0,0.9375,
0,17,48,4982,0,0,9375,0.4982,0,0,0.9375,
0,17,49,4982,0,0,9375,0.4982,0,0,0.9375,
0,17,50,4982,0,0,9375,0.4982,0,0,0.9375,
0,17,51,4982,0,0,9375,0.4982,0,0,0.9375,
0,17,52,4982,0,0,9375,0.4982,0,0,0.9375,
0,17,53,4982,0,0,9375,0.4982,0,0,0.9375,
0,17,54,4982,0,0,9375,0.4982,0,0,0.9375,
0,17,55,4982,0,0,9375,0.4982,0,0,0.9375,
0,17,56,4982,0,0,9375,0.4982,0,0,0.9375,
0,17,57,4982,0,0,9375,0.4982,0,0,0.9375,
0,17,58,4982,0,0,9375,0.4982,0,0,0.9375,
0,17,59,4982,0,0,9375,0.4982,0,0,0.9375,
0,17,60,4982,0,0,9375,0.4982,0,0,0.9375,
0,17,61,4982,0,0,9375,0.4982,0,0,0.9375,
0,17,62,4982,0,0,9375,0.4982,0,0,0.9375,
0,17,63,4982,0,0,9375,0.4982,0,0,0.9375,
0,17,64,4982,0,0,9375,0.4982,0,0,0.9375,
0,17,65,4982,0,0,9375,0.4982,0,0,0.9375,
0,17,66,4982,0,0,9375,0.4982,0,0,0.9375,
0,17,67,4982,0,0,9375,0.4982,0,0,0.9375,
0,17,68,4982,0,0,9375,0.4982,0,0,0.9375,
0,17,69,4982,0,0,9375,0.4982,0,0,0.9375,
0,17,70,4982,0,0,9375,0.4982,0,0,0.9375,
0,17,71,4982,0,0,9375,0.4982,0,0,0.9375,
0,17,72,4982,0,0,9375,0.4982,0,0,0.9375,
0,17,73,4982,0,0,9375,0.4982,0,0,0.9375,
0,17,74,4982,0,0,9375,0.4982,0,0,0.9375,
0,17,75,4982,0,0,9375,0.4982,0,0,0.9375,
0,17,76,4982,0,0,9375,0.4982,0,0,0.9375,
0,17,77,4982,0,0,9375,0.4982,0,0,0.9375,
0,17,78,4982,0,0,9375,0.4982,0,0,0.9375,
0,17,79,4982,0,0,9375,0.4982,0,0,0.9375,
0,17,80,4982,0,0,9375,0.4982,0,0,0.9375,
0,17,81,4982,0,0,9375,0.4982,0,0,0.9375,
0,17,82,4982,0,0,9375,0.4982,0,0,0.9375,
0,17,83,4982,0,0,9375,0.4982,0,0,0.9375,
0,17,84,4982,0,0,9375,0.4982,0,0,0.9375,
0,17,85,4982,0,0,9375,0.4982,0,0,0.9375,
0,17,86,4982,0,0,9375,0.4982,0,0,0.9375,
0,17,87,4982,0,0,9375,0.4982,0,0,0.9375,
0,17,88,4982,0,0,9375,0.4982,0,0,0.9375,
0,17,89,4982,0,0,9375,0.4982,0,0,0.9375,
0,17,90,4982,0,0,9375,0.4982,0,0,0.9375,
0,17,91,4982,0,0,9375,0.4982,0,0,0.9375,
0,17,92,4982,0,0,9375,0.4982,0,0,0.9375,
0,17,93,4982,0,0,9375,0.4982,0,0,0.9375,
0,17,94,4982,0,0,9375,0.4982,0,0,0.9375,
0,17,95,4982,0,0,9375,0.4982,0,0,0.9375,
0,17,96,4982,0,0,9375,0.4982,0,0,0.9375,
0,17,97,4982,0,0,9375,0.4982,0,0,0.9375,
0,17,98,4982,0,0,9375,0.4982,0,0,0.9375,
0,17,99,4982,0,0,9375,0.4982,0,0,0.9375,
0,17,100,4982,0,0,9375,0.4982,0,0,0.9375,
0,18,0,9980,20,120,29880,0.998,0.002,0.012,2.988,6
0,18,1,9927,41,179,29616,0.9927,0.0041,0.0179,2.9616,4.36585
0,18,2,9864,51,203,29304,0.9864,0.0051,0.0203,2.9304,3.98039
0,18,3,9806,58,220,29019,0.9806,0.0058,0.022,2.9019,3.7931
0,18,4,9729,67,260,28644,0.9729,0.0067,0.026,2.8644,3.8806
0,18,5,9638,79,295,28205,0.9638,0.0079,0.0295,2.8205,3.73418
0,18,6,9508,124,476,27577,0.9508,0.0124,0.0476,2.7577,3.83871
0,18,7,9384,122,494,26977,0.9384,0.0122,0.0494,2.6977,4.04918
0,18,8,9225,145,534,26231,0.9225,0.0145,0.0534,2.6231,3.68276
0,18,9,9073,157,552,25522,0.9073,0.0157,0.0552,2.5522,3.51592
0,18,10,8915,151,510,24790,0.8915,0.0151,0.051,2.479,3.37748
0,18,11,8757,164,550,24065,0.8757,0.0164,0.055,2.4065,3.35366
0,18,12,8577,168,547,23251,0.8577,0.0168,0.0547,2.3251,3.25595
0,18,13,8384,191,628,22392,0.8384,0.0191,0.0628,2.2392,3.28796
0,18,14,8176,211,702,21468,0.8176,0.0211,0.0702,2.1468,3.32701
0,18,15,7955,221,741,20505,0.7955,0.0221,0.0741,2.0505,3.35294
0,18,16,7689,239,787,19361,0.7689,0.0239,0.0787,1.9361,3.29289
0,18,17,7390,266,841,18119,0.739,0.0266,0.0841,1.8119,3.16165
0,18,18,7118,270,832,17002,0.7118,0.027,0.0832,1.7002,3.08148
0,18,19,6839,278,829,15916,0.6839,0.0278,0.0829,1.5916,2.98201
0,18,20,6615,242,662,15048,0.6615,0.0242,0.0662,1.5048,2.73554
0,18,21,6425,199,540,14350,0.6425,0.0199,0.054,1.435,2.71357
0,18,22,6258,166,441,13743,0.6258,0.0166,0.0441,1.3743,2.65663
0,18,23,6121,148,382,13252,0.6121,0.0148,0.0382,1.3252,2.58108
0,18,24,6011,105,274,12861,0.6011,0.0105,0.0274,1.2861,2.60952
0,18,25,5940,85,203,12621,0.594,0.0085,0.0203,1.2621,2.38824
0,18,26,5887,64,144,12443,0.5887,0.0064,0.0144,1.2443,2.25
0,18,27,5850,44,102,12324,0.585,0.0044,0.0102,1.2324,2.31818
0,18,28,5822,37,85,12230,0.5822,0.0037,0.0085,1.223,2.2973
0,18,29,5804,26,65,12163,0.5804,0.0026,0.0065,1.2163,2.5
0,18,30,5787,16,30,12106,0.5787,0.0016,0.003,1.2106,1.875
0,18,31,5777,10,24,12071,0.5777,0.001,0.0024,1.2071,2.4
0,18,32,5771,9,23,12049,0.5771,0.0009,0.0023,1.2049,2.55556
0,18,33,5760,10,27,12010,0.576,0.001,0.0027,1.201,2.7
0,18,34,5750,9,26,11979,0.575,0.0009,0.0026,1.1979,2.88889
0,18,35,5739,13,30,11944,0.5739,0.0013,0.003,1.1944,2.30769
0,18,36,5729,11,23,11911,0.5729,0.0011,0.0023,1.1911,2.09091
0,18,37,5727,2,4,11904,0.5727,0.0002,0.0004,1.1904,2
0,18,38,5726,2,3,11902,0.5726,0.0002,0.0003,1.1902,1.5
0,18,39,5726,1,3,11902,0.5726,0.0001,0.0003,1.1902,3
0,18,40,5721,1,3,11883,0.5721,0.0001,0.0003,1.1883,3
0,18,41,5721,0,0,11883,0.5721,0,0,1.1883,
0,18,42,5721,0,0,11883,0.5721,0,0,1.1883,
0,18,43,5721,0,0,11883,0.5721,0,0,1.1883,
0,18,44,5721,0,0,11883,0.5721,0,0,1.1883,
0,18,45,5721,0,0,11883,0.5721,0,0,1.1883,
0,18,46,5721,0,0,11883,0.5721,0,0,1.1883,
0,18,47,5721,0,0,11883,0.5721,0,0,1.1883,
0,18,48,5721,0,0,11883,0.5721,0,0,1.1883,
0,18,49,5721,0,0,11883,0.5721,0,0,1.1883,
0,18,50,5721,0,0,11883,0.5721,0,0,1.1883,
0,18,51,5721,0,0,11883,0.5721,0,0,1.1883,
0,18,52,5721,0,0,11883,0.5721,0,0,1.1883,
0,18,53,5721,0,0,11883,0.5721,0,0,1.1883,
0,18,54,5721,0,0,11883,0.5721,0,0,1.1883,
0,18,55,5721,0,0,11883,0.5721,0,0,1.1883,
0,18,56,5721,0,0,11883,0.5721,0,0,1.1883,
0,18,57,5721,0,0,11883,0.5721,0,0,1.1883,
0,18,58,5721,0,0,11883,0.5721,0,0,1.1883,
0,18,59,5721,0,0,11883,0.5721,0,0,1.1883,
0,18,60,5721,0,0,11883,0.5721,0,0,1.1883,
0,18,61,5721,0,0,11883,0.5721,0,0,1.1883,
0,18,62,5721,0,0,11883,0.5721,0,0,1.1883,
0,18,63,5721,0,0,11883,0.5721,0,0,1.1883,
0,18,64,5721,0,0,11883,0.5721,0,0,1.1883,
0,18,65,5721,0,0,11883,0.5721,0,0,1.1883,
0,18,66,5721,0,0,11883,0.5721,0,0,1.1883,
0,18,67,5721,0,0,11883,0.5721,0,0,1.1883,
0,18,68,5721,0,0,11883,0.5721,0,0,1.1883,
0,18,69,5721,0,0,11883,0.5721,0,0,1.1883,
0,18,70,5721,0,0,11883,0.5721,0,0,1.1883,
0,18,71,5721,0,0,11883,0.5721,0,0,1.1883,
0,18,72,5721,0,0,11883,0.5721,0,0,1.1883,
0,18,73,5721,0,0,11883,0.5721,0,0,1.1883,
0,18,74,5721,0,0,11883,0.5721,0,0,1.1883,
0,18,75,5721,0,0,11883,0.5721,0,0,1.1883,
0,18,76,5721,0,0,11883,0.5721,0,0,1.1883,
0,18,77,5721,0,0,11883,0.5721,0,0,1.1883,
0,18,78,5721,0,0,11883,0.5721,0,0,1.1883,
0,18,79,5721,0,0,11883,0.5721,0,0,1.1883,
0,18,80,5721,0,0,11883,0.5721,0,0,1.1883,
0,18,81,5721,0,0,11883,0.5721,0,0,1.1883,
0,18,82,5721,0,0,11883,0.5721,0,0,1.1883,
0,18,83,5721,0,0,11883,0.5721,0,0,1.1883,
0,18,84,5721,0,0,11883,0.5721,0,0,1.1883,
0,18,85,5721,0,0,11883,0.5721,0,0,1.1883,
0,18,86,5721,0,0,11883,0.5721,0,0,1.1883,
0,18,87,5721,0,0,11883,0.5721,0,0,1.1883,
0,18,88,5721,0,0,11883,0.5721,0,0,1.1883,
0,18,89,5721,0,0,11883,0.5721,0,0,1.1883,
0,18,90,5721,0,0,11883,0.5721,0,0,1.1883,
0,18,91,5721,0,0,11883,0.5721,0,0,1.1883,
0,18,92,5721,0,0,11883,0.5721,0,0,1.1883,
0,18,93,5721,0,0,11883,0.5721,0,0,1.1883,
0,18,94,5721,0,0,11883,0.5721,0,0,1.1883,
0,18,95,5721,0,0,11883,0.5721,0,0,1.1883,
0,18,96,5721,0,0,11883,0.5721,0,0,1.1883,
0,18,97,5721,0,0,11883,0.5721,0,0,1.1883,
0,18,98,5721,0,0,11883,0.5721,0,0,1.1883,
0,18,99,5721,0,0,11883,0.5721,0,0,1.1883,
0,18,100,5721,0,0,11883,0.5721,0,0,1.1883,
0,19,0,9980,20,120,29880,0.998,0.002,0.012,2.988,6
0,19,1,9929,34,146,29627,0.9929,0.0034,0.0146,2.9627,4.29412
0,19,2,9872,56,209,29349,0.9872,0.0056,0.0209,2.9349,3.73214
0,19,3,9790,68,259,28941,0.979,0.0068,0.0259,2.8941,3.80882
0,19,4,9723,67,267,28611,0.9723,0.0067,0.0267,2.8611,3.98507
0,19,5,9599,116,453,28005,0.9599,0.0116,0.0453,2.8005,3.90517
0,19,6,9421,147,568,27146,0.9421,0.0147,0.0568,2.7146,3.86395
0,19,7,9221,188,697,26190,0.9221,0.0188,0.0697,2.619,3.70745
0,19,8,8940,252,884,24888,0.894,0.0252,0.0884,2.4888,3.50794
0,19,9,8592,313,1091,23292,0.8592,0.0313,0.1091,2.3292,3.48562
0,19,10,8263,320,1059,21833,0.8263,0.032,0.1059,2.1833,3.30938
0,19,11,7885,358,1193,20191,0.7885,0.0358,0.1193,2.0191,3.3324
0,19,12,7512,379,1165,18665,0.7512,0.0379,0.1165,1.8665,3.07388
0,19,13,7090,428,1272,16957,0.709,0.0428,0.1272,1.6957,2.97196
0,19,14,6747,375,1075,15610,0.6747,0.0375,0.1075,1.561,2.86667
0,19,15,6449,316,874,14475,0.6449,0.0316,0.0874,1.4475,2.76582
0,19,16,6219,235,612,13648,0.6219,0.0235,0.0612,1.3648,2.60426
0,19,17,6052,195,499,13048,0.6052,0.0195,0.0499,1.3048,2.55897
0,19,18,5893,178,451,12489,0.5893,0.0178,0.0451,1.2489,2.53371
0,19,19,5742,175,450,11937,0.5742,0.0175,0.045,1.1937,2.57143
0,19,20,5640,121,295,11594,0.564,0.0121,0.0295,1.1594,2.43802
0,19,21,5560,86,214,11301,0.556,0.0086,0.0214,1.1301,2.48837
0,19,22,5494,76,186,11076,0.5494,0.0076,0.0186,1.1076,2.44737
0,19,23,5458,54,136,10957,0.5458,0.0054,0.0136,1.0957,2.51852
0,19,24,5421,43,105,10836,0.5421,0.0043,0.0105,1.0836,2.44186
0,19,25,5383,36,76,10710,0.5383,0.0036,0.0076,1.071,2.11111
0,19,26,5365,26,54,10645,0.5365,0.0026,0.0054,1.0645,2.07692
0,19,27,5335,23,49,10555,0.5335,0.0023,0.0049,1.0555,2.13043
0,19,28,5311,21,47,10472,0.5311,0.0021,0.0047,1.0472,2.2381
0,19,29,5296,14,32,10426,0.5296,0.0014,0.0032,1.0426,2.28571
0,19,30,5279,11,27,10370,0.5279,0.0011,0.0027,1.037,2.45455
0,19,31,5269,8,21,10331,0.5269,0.0008,0.0021,1.0331,2.625
0,19,32,5264,7,15,10316,0.5264,0.0007,0.0015,1.0316,2.14286
0,19,33,5262,4,10,10308,0.5262,0.0004,0.001,1.0308,2.5
0,19,34,5258,5,12,10299,0.5258,0.0005,0.0012,1.0299,2.4
0,19,35,5257,2,4,10296,0.5257,0.0002,0.0004,1.0296,2
0,19,36,5256,1,1,10292,0.5256,0.0001,0.0001,1.0292,1
0,19,37,5256,0,0,10292,0.5256,0,0,1.0292,
0,19,38,5256,0,0,10292,0.5256,0,0,1.0292,
0,19,39,5256,0,0,10292,0.5256,0,0,1.0292,
0,19,40,5256,0,0,10292,0.5256,0,0,1.0292,
0,19,41,5256,0,0,10292,0.5256,0,0,1.0292,
0,19,42,5256,0,0,10292,0.5256,0,0,1.0292,
0,19,43,5256,0,0,10292,0.5256,0,0,1.0292,
0,19,44,5256,0,0,10292,0.5256,0,0,1.0292,
0,19,45,5256,0,0,10292,0.5256,0,0,1.0292,
0,19,46,5256,0,0,10292,0.5256,0,0,1.0292,
0,19,47,5256,0,0,10292,0.5256,0,0,1.0292,
0,19,48,5256,0,0,10292,0.5256,0,0,1.0292,
0,19,49,5256,0,0,10292,0.5256,0,0,1.0292,
0,19,50,5256,0,0,10292,0.5256,0,0,1.0292,
0,19,51,5256,0,0,10292,0.5256,0,0,1.0292,
0,19,52,5256,0,0,10292,0.5256,0,0,1.0292,
0,19,53,5256,0,0,10292,0.5256,0,0,1.0292,
0,19,54,5256,0,0,10292,0.5256,0,0,1.0292,
0,19,55,5256,0,0,10292,0.5256,0,0,1.0292,
0,19,56,5256,0,0,10292,0.5256,0,0,1.0292,
0,19,57,5256,0,0,10292,0.5256,0,0,1.0292,
0,19,58,5256,0,0,10292,0.5256,0,0,1.0292,
0,19,59,5256,0,0,10292,0.5256,0,0,1.0292,
0,19,60,5256,0,0,10292,0.5256,0,0,1.0292,
0,19,61,5256,0,0,10292,0.5256,0,0,1.0292,
0,19,62,5256,0,0,10292,0.5256,0,0,1.0292,
0,19,63,5256,0,0,10292,0.5256,0,0,1.0292,
0,19,64,5256,0,0,10292,0.5256,0,0,1.0292,
0,19,65,5256,0,0,10292,0.5256,0,0,1.0292,
0,19,66,5256,0,0,10292,0.5256,0,0,1.0292,
0,19,67,5256,0,0,10292,0.5256,0,0,1.0292,
0,19,68,5256,0,0,10292,0.5256,0,0,1.0292,
0,19,69,5256,0,0,10292,0.5256,0,0,1.0292,
0,19,70,5256,0,0,10292,0.5256,0,0,1.0292,
0,19,71,5256,0,0,10292,0.5256,0,0,1.0292,
0,19,72,5256,0,0,10292,0.5256,0,0,1.0292,
0,19,73,5256,0,0,10292,0.5256,0,0,1.0292,
0,19,74,5256,0,0,10292,0.5256,0,0,1.0292,
0,19,75,5256,0,0,10292,0.5256,0,0,1.0292,
0,19,76,5256,0,0,10292,0.5256,0,0,1.0292,
0,19,77,5256,0,0,10292,0.5256,0,0,1.0292,
0,19,78,5256,0,0,10292,0.5256,0,0,1.0292,
0,19,79,5256,0,0,10292,0.5256,0,0,1.0292,
0,19,80,5256,0,0,10292,0.5256,0,0,1.0292,
0,19,81,5256,0,0,10292,0.5256,0,0,1.0292,
0,19,82,5256,0,0,10292,0.5256,0,0,1.0292,
0,19,83,5256,0,0,10292,0.5256,0,0,1.0292,
0,19,84,5256,0,0,10292,0.5256,0,0,1.0292,
0,19,85,5256,0,0,10292,0.5256,0,0,1.0292,
0,19,86,5256,0,0,10292,0.5256,0,0,1.0292,
0,19,87,5256,0,0,10292,0.5256,0,0,1.0292,
0,19,88,5256,0,0,10292,0.5256,0,0,1.0292,
0,19,89,5256,0,0,10292,0.5256,0,0,1.0292,
0,19,90,5256,0,0,10292,0.5256,0,0,1.0292,
0,19,91,5256,0,0,10292,0.5256,0,0,1.0292,
0,19,92,5256,0,0,10292,0.5256,0,0,1.0292,
0,19,93,5256,0,0,10292,0.5256,0,0,1.0292,
0,19,94,5256,0,0,10292,0.5256,0,0,1.0292,
0,19,95,5256,0,0,10292,0.5256,0,0,1.0292,
0,19,96,5256,0,0,10292,0.5256,0,0,1.0292,
0,19,97,5256,0,0,10292,0.5256,0,0,1.0292,
0,19,98,5256,0,0,10292,0.5256,0,0,1.0292,
0,19,99,5256,0,0,10292,0.5256,0,0,1.0292,
0,19,100,5256,0,0,10292,0.5256,0,0,1.0292,
1,0,0,9980,20,120,29880,0.998,0.002,0.012,2.988,6
1,0,1,9929,43,189,29625,0.9929,0.0043,0.0189,2.9625,4.39535
1,0,2,9856,62,246,29264,0.9856,0.0062,0.0246,2.9264,3.96774
1,0,3,9787,62,246,28922,0.9787,0.0062,0.0246,2.8922,3.96774
1,0,4,9694,79,325,28461,0.9694,0.0079,0.0325,2.8461,4.11392
1,0,5,9578,105,401,27902,0.9578,0.0105,0.0401,2.7902,3.81905
1,0,6,9458,109,425,27321,0.9458,0.0109,0.0425,2.7321,3.89908
1,0,7,9235,189,712,26253,0.9235,0.0189,0.0712,2.6253,3.7672
1,0,8,8924,264,962,24801,0.8924,0.0264,0.0962,2.4801,3.64394
1,0,9,8613,284,968,23378,0.8613,0.0284,0.0968,2.3378,3.40845
1,0,10,8275,294,990,21865,0.8275,0.0294,0.099,2.1865,3.36735
1,0,11,7969,291,944,20532,0.7969,0.0291,0.0944,2.0532,3.24399
1,0,12,7662,296,920,19237,0.7662,0.0296,0.092,1.9237,3.10811
1,0,13,7369,288,873,18053,0.7369,0.0288,0.0873,1.8053,3.03125
1,0,14,7079,262,760,16896,0.7079,0.0262,0.076,1.6896,2.90076
1,0,15,6866,240,677,16041,0.6866,0.024,0.0677,1.6041,2.82083
1,0,16,6677,218,597,15319,0.6677,0.0218,0.0597,1.5319,2.73853
1,0,17,6469,217,599,14524,0.6469,0.0217,0.0599,1.4524,2.76037
1,0,18,6303,179,515,13903,0.6303,0.0179,0.0515,1.3903,2.87709
1,0,19,6196,104,298,13505,0.6196,0.0104,0.0298,1.3505,2.86538
1,0,20,6087,103,277,13120,0.6087,0.0103,0.0277,1.312,2.68932
1,0,21,5995,104,262,12799,0.5995,0.0104,0.0262,1.2799,2.51923
1,0,22,5903,102,254,12476,0.5903,0.0102,0.0254,1.2476,2.4902
1,0,23,5807,91,205,12155,0.5807,0.0091,0.0205,1.2155,2.25275
1,0,24,5764,65,155,12000,0.5764,0.0065,0.0155,1.2,2.38462
1,0,25,5721,52,121,11849,0.5721,0.0052,0.0121,1.1849,2.32692
1,0,26,5685,49,110,11735,0.5685,0.0049,0.011,1.1735,2.2449
1,0,27,5642,48,103,11588,0.5642,0.0048,0.0103,1.1588,2.14583
1,0,28,5611,30,80,11474,0.5611,0.003,0.008,1.1474,2.66667
1,0,29,5595,24,60,11419,0.5595,0.0024,0.006,1.1419,2.5
1,0,30,5588,11,28,11396,0.5588,0.0011,0.0028,1.1396,2.54545
1,0,31,5581,8,20,11376,0.5581,0.0008,0.002,1.1376,2.5
1,0,32,5577,7,20,11363,0.5577,0.0007,0.002,1.1363,2.85714
1,0,33,5576,0,0,11361,0.5576,0,0,1.1361,
1,0,34,5576,0,0,11361,0.5576,0,0,1.1361,
1,0,35,5576,0,0,11361,0.5576,0,0,1.1361,
1,0,36,5576,0,0,11361,0.5576,0,0,1.1361,
1,0,37,5576,0,0,11361,0.5576,0,0,1.1361,
1,0,38,5576,0,0,11361,0.5576,0,0,1.1361,
1,0,39,5576,0,0,11361,0.5576,0,0,1.1361,
1,0,40,5576,0,0,11361,0.5576,0,0,1.1361,
1,0,41,5576,0,0,11361,0.5576,0,0,1.1361,
1,0,42,5576,0,0,11361,0.5576,0,0,1.1361,
1,0,43,5576,0,0,11361,0.5576,0,0,1.1361,
1,0,44,5576,0,0,11361,0.5576,0,0,1.1361,
1,0,45,5576,0,0,11361,0.5576,0,0,1.1361,
1,0,46,5576,0,0,11361,0.5576,0,0,1.1361,
1,0,47,5576,0,0,11361,0.5576,0,0,1.1361,
1,0,48,5576,0,0,11361,0.5576,0,0,1.1361,
1,0,49,5576,0,0,11361,0.5576,0,0,1.1361,
1,0,50,5576,0,0,11361,0.5576,0,0,1.1361,
1,0,51,5576,0,0,11361,0.5576,0,0,1.1361,
1,0,52,5576,0,0,11361,0.5576,0,0,1.1361,
1,0,53,5576,0,0,11361,0.5576,0,0,1.1361,
1,0,54,5576,0,0,11361,0.5576,0,0,1.1361,
1,0,55,5576,0,0,11361,0.5576,0,0,1.1361,
1,0,56,5576,0,0,11361,0.5576,0,0,1.1361,
1,0,57,5576,0,0,11361,0.5576,0,0,1.1361,
1,0,58,5576,0,0,11361,0.5576,0,0,1.1361,
1,0,59,5576,0,0,11361,0.5576,0,0,1.1361,
1,0,60,5576,0,0,11361,0.5576,0,0,1.1361,
1,0,61,5576,0,0,11361,0.5576,0,0,1.1361,
1,0,62,5576,0,0,11361,0.5576,0,0,1.1361,
1,0,63,5576,0,0,11361,0.5576,0,0,1.1361,
1,0,64,5576,0,0,11361,0.5576,0,0,1.1361,
1,0,65,5576,0,0,11361,0.5576,0,0,1.1361,
1,0,66,5576,0,0,11361,0.5576,0,0,1.1361,
1,0,67,5576,0,0,11361,0.5576,0,0,1.1361,
1,0,68,5576,0,0,11361,0.5576,0,0,1.1361,
1,0,69,5576,0,0,11361,0.5576,0,0,1.1361,
1,0,70,5576,0,0,11361,0.5576,0,0,1.1361,
1,0,71,5576,0,0,11361,0.5576,0,0,1.1361,
1,0,72,5576,0,0,11361,0.5576,0,0,1.1361,
1,0,73,5576,0,0,11361,0.5576,0,0,1.1361,
1,0,74,5576,0,0,11361,0.5576,0,0,1.1361,
1,0,75,5576,0,0,11361,0.5576,0,0,1.1361,
1,0,76,5576,0,0,11361,0.5576,0,0,1.1361,
1,0,77,5576,0,0,11361,0.5576,0,0,1.1361,
1,0,78,5576,0,0,11361,0.5576,0,0,1.1361,
1,0,79,5576,0,0,11361,0.5576,0,0,1.1361,
1,0,80,5576,0,0,11361,0.5576,0,0,1.1361,
1,0,81,5576,0,0,11361,0.5576,0,0,1.1361,
1,0,82,5576,0,0,11361,0.5576,0,0,1.1361,
1,0,83,5576,0,0,11361,0.5576,0,0,1.1361,
1,0,84,5576,0,0,11361,0.5576,0,0,1.1361,
1,0,85,5576,0,0,11361,0.5576,0,0,1.1361,
1,0,86,5576,0,0,11361,0.5576,0,0,1.1361,
1,0,87,5576,0,0,11361,0.5576,0,0,1.1361,
1,0,88,5576,0,0,11361,0.5576,0,0,1.1361,
1,0,89,5576,0,0,11361,0.5576,0,0,1.1361,
1,0,90,5576,0,0,11361,0.5576,0,0,1.1361,
1,0,91,5576,0,0,11361,0.5576,0,0,1.1361,
1,0,92,5576,0,0,11361,0.5576,0,0,1.1361,
1,0,93,5576,0,0,11361,0.5576,0,0,1.1361,
1,0,94,5576,0,0,11361,0.5576,0,0,1.1361,
1,0,95,5576,0,0,11361,0.5576,0,0,1.1361,
1,0,96,5576,0,0,11361,0.5576,0,0,1.1361,
1,0,97,5576,0,0,11361,0.5576,0,0,1.1361,
1,0,98,5576,0,0,11361,0.5576,0,0,1.1361,
1,0,99,5576,0,0,11361,0.5576,0,0,1.1361,
1,0,100,5576,0,0,11361,0.5576,0,0,1.1361,
1,1,0,9980,20,120,29880,0.998,0.002,0.012,2.988,6
1,1,1,9915,45,202,29557,0.9915,0.0045,0.0202,2.9557,4.48889
1,1,2,9839,65,263,29179,0.9839,0.0065,0.0263,2.9179,4.04615
1,1,3,9737,88,345,28676,0.9737,0.0088,0.0345,2.8676,3.92045
1,1,4,9579,143,549,27901,0.9579,0.0143,0.0549,2.7901,3.83916
1,1,5,9394,167,644,27007,0.9394,0.0167,0.0644,2.7007,3.85629
1,1,6,9159,247,915,25885,0.9159,0.0247,0.0915,2.5885,3.70445
1,1,7,8824,305,1077,24335,0.8824,0.0305,0.1077,2.4335,3.53115
1,1,8,8461,359,1254,22670,0.8461,0.0359,0.1254,2.267,3.49304
1,1,9,8037,398,1349,20803,0.8037,0.0398,0.1349,2.0803,3.38945
1,1,10,7607,406,1297,18988,0.7607,0.0406,0.1297,1.8988,3.19458
1,1,11,7205,409,1246,17330,0.7205,0.0409,0.1246,1.733,3.04645
1,1,12,6837,365,1040,15875,0.6837,0.0365,0.104,1.5875,2.84932
1,1,13,6529,325,896,14704,0.6529,0.0325,0.0896,1.4704,2.75692
1,1,14,6243,282,734,13654,0.6243,0.0282,0.0734,1.3654,2.60284
1,1,15,6044,254,662,12931,0.6044,0.0254,0.0662,1.2931,2.6063
1,1,16,5800,242,634,12054,0.58,0.0242,0.0634,1.2054,2.61983
1,1,17,5599,212,497,11377,0.5599,0.0212,0.0497,1.1377,2.34434
1,1,18,5495,141,328,11046,0.5495,0.0141,0.0328,1.1046,2.32624
1,1,19,5386,106,251,10674,0.5386,0.0106,0.0251,1.0674,2.36792
1,1,20,5283,100,220,10339,0.5283,0.01,0.022,1.0339,2.2
1,1,21,5239,67,142,10190,0.5239,0.0067,0.0142,1.019,2.1194
1,1,22,5191,52,116,10026,0.5191,0.0052,0.0116,1.0026,2.23077
1,1,23,5153,51,121,9898,0.5153,0.0051,0.0121,0.9898,2.37255
1,1,24,5122,39,82,9808,0.5122,0.0039,0.0082,0.9808,2.10256
1,1,25,5094,26,53,9717,0.5094,0.0026,0.0053,0.9717,2.03846
1,1,26,5083,18,39,9681,0.5083,0.0018,0.0039,0.9681,2.16667
1,1,27,5066,16,32,9624,0.5066,0.0016,0.0032,0.9624,2
1,1,28,5060,10,20,9605,0.506,0.001,0.002,0.9605,2
1,1,29,5049,9,18,9573,0.5049,0.0009,0.0018,0.9573,2
1,1,30,5047,4,10,9566,0.5047,0.0004,0.001,0.9566,2.5
1,1,31,5047,2,4,9566,0.5047,0.0002,0.0004,0.9566,2
1,1,32,5046,3,5,9564,0.5046,0.0003,0.0005,0.9564,1.66667
1,1,33,5045,3,4,9561,0.5045,0.0003,0.0004,0.9561,1.33333
1,1,34,5042,4,8,9552,0.5042,0.0004,0.0008,0.9552,2
1,1,35,5039,5,15,9540,0.5039,0.0005,0.0015,0.954,3
1,1,36,5034,7,15,9525,0.5034,0.0007,0.0015,0.9525,2.14286
1,1,37,5031,3,9,9512,0.5031,0.0003,0.0009,0.9512,3
1,1,38,5031,0,0,9512,0.5031,0,0,0.9512,
1,1,39,5031,0,0,9512,0.5031,0,0,0.9512,
1,1,40,5031,0,0,9512,0.5031,0,0,0.9512,
1,1,41,5031,0,0,9512,0.5031,0,0,0.9512,
1,1,42,5031,0,0,9512,0.5031,0,0,0.9512,
1,1,43,5031,0,0,9512,0.5031,0,0,0.9512,
1,1,44,5031,0,0,9512,0.5031,0,0,0.9512,
1,1,45,5031,0,0,9512,0.5031,0,0,0.9512,
1,1,46,5031,0,0,9512,0.5031,0,0,0.9512,
1,1,47,5031,0,0,9512,0.5031,0,0,0.9512,
1,1,48,5031,0,0,9512,0.5031,0,0,0.9512,
1,1,49,5031,0,0,9512,0.5031,0,0,0.9512,
1,1,50,5031,0,0,9512,0.5031,0,0,0.9512,
1,1,51,5031,0,0,9512,0.5031,0,0,0.9512,
1,1,52,5031,0,0,9512,0.5031,0,0,0.9512,
1,1,53,5031,0,0,9512,0.5031,0,0,0.9512,
1,1,54,5031,0,0,9512,0.5031,0,0,0.9512,
1,1,55,5031,0,0,9512,0.5031,0,0,0.9512,
1,1,56,5031,0,0,9512,0.5031,0,0,0.9512,
1,1,57,5031,0,0,9512,0.5031,0,0,0.9512,
1,1,58,5031,0,0,9512,0.5031,0,0,0.9512,
1,1,59,5031,0,0,9512,0.5031,0,0,0.9512,
1,1,60,5031,0,0,9512,0.5031,0,0,0.9512,
1,1,61,5031,0,0,9512,0.5031,0,0,0.9512,
1,1,62,5031,0,0,9512,0.5031,0,0,0.9512,
1,1,63,5031,0,0,9512,0.5031,0,0,0.9512,
1,1,64,5031,0,0,9512,0.5031,0,0,0.9512,
1,1,65,5031,0,0,9512,0.5031,0,0,0.9512,
1,1,66,5031,0,0,9512,0.5031,0,0,0.9512,
1,1,67,5031,0,0,9512,0.5031,0,0,0.9512,
1,1,68,5031,0,0,9512,0.5031,0,0,0.9512,
1,1,69,5031,0,0,9512,0.5031,0,0,0.9512,
1,1,70,5031,0,0,9512,0.5031,0,0,0.9512,
1,1,71,5031,0,0,9512,0.5031,0,0,0.9512,
1,1,72,5031,0,0,9512,0.5031,0,0,0.9512,
1,1,73,5031,0,0,9512,0.5031,0,0,0.9512,
1,1,74,5031,0,0,9512,0.5031,0,0,0.9512,
1,1,75,5031,0,0,9512,0.5031,0,0,0.9512,
1,1,76,5031,0,0,9512,0.5031,0,0,0.9512,
1,1,77,5031,0,0,9512,0.5031,0,0,0.9512,
1,1,78,5031,0,0,9512,0.5031,0,0,0.9512,
1,1,79,5031,0,0,9512,0.5031,0,0,0.9512,
1,1,80,5031,0,0,9512,0.5031,0,0,0.9512,
1,1,81,5031,0,0,9512,0.5031,0,0,0.9512,
1,1,82,5031,0,0,9512,0.5031,0,0,0.9512,
1,1,83,5031,0,0,9512,0.5031,0,0,0.9512,
1,1,84,5031,0,0,9512,0.5031,0,0,0.9512,
1,1,85,5031,0,0,9512,0.5031,0,0,0.9512,
1,1,86,5031,0,0,9512,0.5031,0,0,0.9512,
1,1,87,5031,0,0,9512,0.5031,0,0,0.9512,
1,1,88,5031,0,0,9512,0.5031,0,0,0.9512,
1,1,89,5031,0,0,9512,0.5031,0,0,0.9512,
1,1,90,5031,0,0,9512,0.5031,0,0,0.9512,
1,1,91,5031,0,0,9512,0.5031,0,0,0.9512,
1,1,92,5031,0,0,9512,0.5031,0,0,0.9512,
1,1,93,5031,0,0,9512,0.5031,0,0,0.9512,
1,1,94,5031,0,0,9512,0.5031,0,0,0.9512,
1,1,95,5031,0,0,9512,0.5031,0,0,0.9512,
1,1,96,5031,0,0,9512,0.5031,0,0,0.9512,
1,1,97,5031,0,0,9512,0.5031,0,0,0.9512,
1,1,98,5031,0,0,9512,0.5031,0,0,0.9512,
1,1,99,5031,0,0,9512,0.5031,0,0,0.9512,
1,1,100,5031,0,0,9512,0.5031,0,0,0.9512,
1,2,0,9980,20,116,29882,0.998,0.002,0.0116,2.9882,5.8
1,2,1,9906,59,254,29514,0.9906,0.0059,0.0254,2.9514,4.30508
1,2,2,9821,75,307,29093,0.9821,0.0075,0.0307,2.9093,4.09333
1,2,3,9727,83,339,28630,0.9727,0.0083,0.0339,2.863,4.08434
1,2,4,9605,99,399,28038,0.9605,0.0099,0.0399,2.8038,4.0303
1,2,5,9458,135,520,27326,0.9458,0.0135,0.052,2.7326,3.85185
1,2,6,9256,172,670,26361,0.9256,0.0172,0.067,2.6361,3.89535
1,2,7,9030,226,844,25283,0.903,0.0226,0.0844,2.5283,3.73451
1,2,8,8720,284,995,23868,0.872,0.0284,0.0995,2.3868,3.50352
1,2,9,8381,303,1054,22343,0.8381,0.0303,0.1054,2.2343,3.47855
1,2,10,7984,376,1222,20624,0.7984,0.0376,0.1222,2.0624,3.25
1,2,11,7566,397,1284,18867,0.7566,0.0397,0.1284,1.8867,3.23426
1,2,12,7138,427,1296,17121,0.7138,0.0427,0.1296,1.7121,3.03513
1,2,13,6741,398,1125,15584,0.6741,0.0398,0.1125,1.5584,2.82663
1,2,14,6394,360,1003,14267,0.6394,0.036,0.1003,1.4267,2.78611
1,2,15,6109,316,837,13219,0.6109,0.0316,0.0837,1.3219,2.64873
1,2,16,5826,307,782,12210,0.5826,0.0307,0.0782,1.221,2.54723
1,2,17,5595,252,613,11410,0.5595,0.0252,0.0613,1.141,2.43254
1,2,18,5410,206,499,10751,0.541,0.0206,0.0499,1.0751,2.42233
1,2,19,5268,155,370,10274,0.5268,0.0155,0.037,1.0274,2.3871
1,2,20,5165,121,270,9951,0.5165,0.0121,0.027,0.9951,2.2314
1,2,21,5095,88,201,9718,0.5095,0.0088,0.0201,0.9718,2.28409
1,2,22,5028,82,164,9519,0.5028,0.0082,0.0164,0.9519,2
1,2,23,4971,58,114,9345,0.4971,0.0058,0.0114,0.9345,1.96552
1,2,24,4939,46,93,9252,0.4939,0.0046,0.0093,0.9252,2.02174
1,2,25,4902,36,77,9137,0.4902,0.0036,0.0077,0.9137,2.13889
1,2,26,4882,19,35,9077,0.4882,0.0019,0.0035,0.9077,1.84211
1,2,27,4874,9,13,9049,0.4874,0.0009,0.0013,0.9049,1.44444
1,2,28,4867,9,19,9026,0.4867,0.0009,0.0019,0.9026,2.11111
1,2,29,4865,4,11,9020,0.4865,0.0004,0.0011,0.902,2.75
1,2,30,4859,4,10,9001,0.4859,0.0004,0.001,0.9001,2.5
1,2,31,4852,4,12,8982,0.4852,0.0004,0.0012,0.8982,3
1,2,32,4851,3,8,8980,0.4851,0.0003,0.0008,0.898,2.66667
1,2,33,4850,2,5,8977,0.485,0.0002,0.0005,0.8977,2.5
1,2,34,4849,1,3,8974,0.4849,0.0001,0.0003,0.8974,3
1,2,35,4849,0,0,8974,0.4849,0,0,0.8974,
1,2,36,4849,0,0,8974,0.4849,0,0,0.8974,
1,2,37,4849,0,0,8974,0.4849,0,0,0.8974,
1,2,38,4849,0,0,8974,0.4849,0,0,0.8974,
1,2,39,4849,0,0,8974,0.4849,0,0,0.8974,
1,2,40,4849,0,0,8974,0.4849,0,0,0.8974,
1,2,41,4849,0,0,8974,0.4849,0,0,0.8974,
1,2,42,4849,0,0,8974,0.4849,0,0,0.8974,
1,2,43,4849,0,0,8974,0.4849,0,0,0.8974,
1,2,44,4849,0,0,8974,0.4849,0,0,0.8974,
1,2,45,4849,0,0,8974,0.4849,0,0,0.8974,
1,2,46,4849,0,0,8974,0.4849,0,0,0.8974,
1,2,47,4849,0,0,8974,0.4849,0,0,0.8974,
1,2,48,4849,0,0,8974,0.4849,0,0,0.8974,
1,2,49,4849,0,0,8974,0.4849,0,0,0.8974,
1,2,50,4849,0,0,8974,0.4849,0,0,0.8974,
1,2,51,4849,0,0,8974,0.4849,0,0,0.8974,
1,2,52,4849,0,0,8974,0.4849,0,0,0.8974,
1,2,53,4849,0,0,8974,0.4849,0,0,0.8974,
1,2,54,4849,0,0,8974,0.4849,0,0,0.8974,
1,2,55,4849,0,0,8974,0.4849,0,0,0.8974,
1,2,56,4849,0,0,8974,0.4849,0,0,0.8974,
1,2,57,4849,0,0,8974,0.4849,0,0,0.8974,
1,2,58,4849,0,0,8974,0.4849,0,0,0.8974,
1,2,59,4849,0,0,8974,0.4849,0,0,0.8974,
1,2,60,4849,0,0,8974,0.4849,0,0,0.8974,
1,2,61,4849,0,0,8974,0.4849,0,0,0.8974,
1,2,62,4849,0,0,8974,0.4849,0,0,0.8974,
1,2,63,4849,0,0,8974,0.4849,0,0,0.8974,
1,2,64,4849,0,0,8974,0.4849,0,0,0.8974,
1,2,65,4849,0,0,8974,0.4849,0,0,0.8974,
1,2,66,4849,0,0,8974,0.4849,0,0,0.8974,
1,2,67,4849,0,0,8974,0.4849,0,0,0.8974,
1,2,68,4849,0,0,8974,0.4849,0,0,0.8974,
1,2,69,4849,0,0,8974,0.4849,0,0,0.8974,
1,2,70,4849,0,0,8974,0.4849,0,0,0.8974,
1,2,71,4849,0,0,8974,0.4849,0,0,0.8974,
1,2,72,4849,0,0,8974,0.4849,0,0,0.8974,
1,2,73,4849,0,0,8974,0.4849,0,0,0.8974,
1,2,74,4849,0,0,8974,0.4849,0,0,0.8974,
1,2,75,4849,0,0,8974,0.4849,0,0,0.8974,
1,2,76,4849,0,0,8974,0.4849,0,0,0.8974,
1,2,77,4849,0,0,8974,0.4849,0,0,0.8974,
1,2,78,4849,0,0,8974,0.4849,0,0,0.8974,
1,2,79,4849,0,0,8974,0.4849,0,0,0.8974,
1,2,80,4849,0,0,8974,0.4849,0,0,0.8974,
1,2,81,4849,0,0,8974,0.4849,0,0,0.8974,
1,2,82,4849,0,0,8974,0.4849,0,0,0.8974,
1,2,83,4849,0,0,8974,0.4849,0,0,0.8974,
1,2,84,4849,0,0,8974,0.4849,0,0,0.8974,
1,2,85,4849,0,0,8974,0.4849,0,0,0.8974,
1,2,86,4849,0,0,8974,0.4849,0,0,0.8974,
1,2,87,4849,0,0,8974,0.4849,0,0,0.8974,
1,2,88,4849,0,0,8974,0.4849,0,0,0.8974,
1,2,89,4849,0,0,8974,0.4849,0,0,0.8974,
1,2,90,4849,0,0,8974,0.4849,0,0,0.8974,
1,2,91,4849,0,0,8974,0.4849,0,0,0.8974,
1,2,92,4849,0,0,8974,0.4849,0,0,0.8974,
1,2,93,4849,0,0,8974,0.4849,0,0,0.8974,
1,2,94,4849,0,0,8974,0.4849,0,0,0.8974,
1,2,95,4849,0,0,8974,0.4849,0,0,0.8974,
1,2,96,4849,0,0,8974,0.4849,0,0,0.8974,
1,2,97,4849,0,0,8974,0.4849,0,0,0.8974,
1,2,98,4849,0,0,8974,0.4849,0,0,0.8974,
1,2,99,4849,0,0,8974,0.4849,0,0,0.8974,
1,2,100,4849,0,0,8974,0.4849,0,0,0.8974,
1,3,0,9980,20,120,29880,0.998,0.002,0.012,2.988,6
1,3,1,9945,32,143,29705,0.9945,0.0032,0.0143,2.9705,4.46875
1,3,2,9876,63,258,29364,0.9876,0.0063,0.0258,2.9364,4.09524
1,3,3,9752,108,425,28754,0.9752,0.0108,0.0425,2.8754,3.93519
1,3,4,9636,112,438,28185,0.9636,0.0112,0.0438,2.8185,3.91071
1,3,5,9484,157,584,27449,0.9484,0.0157,0.0584,2.7449,3.71975
1,3,6,9244,229,842,26307,0.9244,0.0229,0.0842,2.6307,3.67686
1,3,7,8910,287,1038,24739,0.891,0.0287,0.1038,2.4739,3.61672
1,3,8,8583,308,1078,23248,0.8583,0.0308,0.1078,2.3248,3.5
1,3,9,8160,389,1342,21368,0.816,0.0389,0.1342,2.1368,3.44987
1,3,10,7713,423,1359,19451,0.7713,0.0423,0.1359,1.9451,3.21277
1,3,11,7199,490,1495,17317,0.7199,0.049,0.1495,1.7317,3.05102
1,3,12,6721,494,1441,15424,0.6721,0.0494,0.1441,1.5424,2.917
1,3,13,6343,415,1115,14007,0.6343,0.0415,0.1115,1.4007,2.68675
1,3,14,5990,352,938,12693,0.599,0.0352,0.0938,1.2693,2.66477
1,3,15,5716,320,790,11753,0.5716,0.032,0.079,1.1753,2.46875
1,3,16,5477,259,615,10938,0.5477,0.0259,0.0615,1.0938,2.37452
1,3,17,5330,180,403,10452,0.533,0.018,0.0403,1.0452,2.23889
1,3,18,5226,122,280,10114,0.5226,0.0122,0.028,1.0114,2.29508
1,3,19,5138,91,216,9824,0.5138,0.0091,0.0216,0.9824,2.37363
1,3,20,5080,61,142,9635,0.508,0.0061,0.0142,0.9635,2.32787
1,3,21,5044,51,99,9523,0.5044,0.0051,0.0099,0.9523,1.94118
1,3,22,5013,33,61,9430,0.5013,0.0033,0.0061,0.943,1.84848
1,3,23,4994,25,51,9369,0.4994,0.0025,0.0051,0.9369,2.04
1,3,24,4985,15,24,9341,0.4985,0.0015,0.0024,0.9341,1.6
1,3,25,4969,14,31,9287,0.4969,0.0014,0.0031,0.9287,2.21429
1,3,26,4950,17,48,9222,0.495,0.0017,0.0048,0.9222,2.82353
1,3,27,4935,18,45,9178,0.4935,0.0018,0.0045,0.9178,2.5
1,3,28,4915,19,45,9108,0.4915,0.0019,0.0045,0.9108,2.36842
1,3,29,4896,17,38,9040,0.4896,0.0017,0.0038,0.904,2.23529
1,3,30,4887,13,29,9011,0.4887,0.0013,0.0029,0.9011,2.23077
1,3,31,4874,16,37,8969,0.4874,0.0016,0.0037,0.8969,2.3125
1,3,32,4872,5,10,8966,0.4872,0.0005,0.001,0.8966,2
1,3,33,4868,5,14,8952,0.4868,0.0005,0.0014,0.8952,2.8
1,3,34,4866,1,2,8946,0.4866,0.0001,0.0002,0.8946,2
1,3,35,4866,0,0,8946,0.4866,0,0,0.8946,
1,3,36,4866,0,0,8946,0.4866,0,0,0.8946,
1,3,37,4866,0,0,8946,0.4866,0,0,0.8946,
1,3,38,4866,0,0,8946,0.4866,0,0,0.8946,
1,3,39,4866,0,0,8946,0.4866,0,0,0.8946,
1,3,40,4866,0,0,8946,0.4866,0,0,0.8946,
1,3,41,4866,0,0,8946,0.4866,0,0,0.8946,
1,3,42,4866,0,0,8946,0.4866,0,0,0.8946,
1,3,43,4866,0,0,8946,0.4866,0,0,0.8946,
1,3,44,4866,0,0,8946,0.4866,0,0,0.8946,
1,3,45,4866,0,0,8946,0.4866,0,0,0.8946,
1,3,46,4866,0,0,8946,0.4866,0,0,0.8946,
1,3,47,4866,0,0,8946,0.4866,0,0,0.8946,
1,3,48,4866,0,0,8946,0.4866,0,0,0.8946,
1,3,49,4866,0,0,8946,0.4866,0,0,0.8946,
1,3,50,4866,0,0,8946,0.4866,0,0,0.8946,
1,3,51,4866,0,0,8946,0.4866,0,0,0.8946,
1,3,52,4866,0,0,8946,0.4866,0,0,0.8946,
1,3,53,4866,0,0,8946,0.4866,0,0,0.8946,
1,3,54,4866,0,0,8946,0.4866,0,0,0.8946,
1,3,55,4866,0,0,8946,0.4866,0,0,0.8946,
1,3,56,4866,0,0,8946,0.4866,0,0,0.8946,
1,3,57,4866,0,0,8946,0.4866,0,0,0.8946,
1,3,58,4866,0,0,8946,0.4866,0,0,0.8946,
1,3,59,4866,0,0,8946,0.4866,0,0,0.8946,
1,3,60,4866,0,0,8946,0.4866,0,0,0.8946,
1,3,61,4866,0,0,8946,0.4866,0,0,0.8946,
1,3,62,4866,0,0,8946,0.4866,0,0,0.8946,
1,3,63,4866,0,0,8946,0.4866,0,0,0.8946,
1,3,64,4866,0,0,8946,0.4866,0,0,0.8946,
1,3,65,4866,0,0,8946,0.4866,0,0,0.8946,
1,3,66,4866,0,0,8946,0.4866,0,0,0.8946,
1,3,67,4866,0,0,8946,0.4866,0,0,0.8946,
1,3,68,4866,0,0,8946,0.4866,0,0,0.8946,
1,3,69,4866,0,0,8946,0.4866,0,0,0.8946,
1,3,70,4866,0,0,8946,0.4866,0,0,0.8946,
1,3,71,4866,0,0,8946,0.4866,0,0,0.8946,
1,3,72,4866,0,0,8946,0.4866,0,0,0.8946,
1,3,73,4866,0,0,8946,0.4866,0,0,0.8946,
1,3,74,4866,0,0,8946,0.4866,0,0,0.8946,
1,3,75,4866,0,0,8946,0.4866,0,0,0.8946,
1,3,76,4866,0,0,8946,0.4866,0,0,0.8946,
1,3,77,4866,0,0,8946,0.4866,0,0,0.8946,
1,3,78,4866,0,0,8946,0.4866,0,0,0.8946,
1,3,79,4866,0,0,8946,0.4866,0,0,0.8946,
1,3,80,4866,0,0,8946,0.4866,0,0,0.8946,
1,3,81,4866,0,0,8946,0.4866,0,0,0.8946,
1,3,82,4866,0,0,8946,0.4866,0,0,0.8946,
1,3,83,4866,0,0,8946,0.4866,0,0,0.8946,
1,3,84,4866,0,0,8946,0.4866,0,0,0.8946,
1,3,85,4866,0,0,8946,0.4866,0,0,0.8946,
1,3,86,4866,0,0,8946,0.4866,0,0,0.8946,
1,3,87,4866,0,0,8946,0.4866,0,0,0.8946,
1,3,88,4866,0,0,8946,0.4866,0,0,0.8946,
1,3,89,4866,0,0,8946,0.4866,0,0,0.8946,
1,3,90,4866,0,0,8946,0.4866,0,0,0.8946,
1,3,91,4866,0,0,8946,0.4866,0,0,0.8946,
1,3,92,4866,0,0,8946,0.4866,0,0,0.8946,
1,3,93,4866,0,0,8946,0.4866,0,0,0.8946,
1,3,94,4866,0,0,8946,0.4866,0,0,0.8946,
1,3,95,4866,0,0,8946,0.4866,0,0,0.8946,
1,3,96,4866,0,0,8946,0.4866,0,0,0.8946,
1,3,97,4866,0,0,8946,0.4866,0,0,0.8946,
1,3,98,4866,0,0,8946,0.4866,0,0,0.8946,
1,3,99,4866,0,0,8946,0.4866,0,0,0.8946,
1,3,100,4866,0,0,8946,0.4866,0,0,0.8946,
1,4,0,9980,20,120,29880,0.998,0.002,0.012,2.988,6
1,4,1,9919,47,196,29577,0.9919,0.0047,0.0196,2.9577,4.17021
1,4,2,9846,69,269,29215,0.9846,0.0069,0.0269,2.9215,3.89855
1,4,3,9750,88,344,28740,0.975,0.0088,0.0344,2.874,3.90909
1,4,4,9605,131,515,28030,0.9605,0.0131,0.0515,2.803,3.9313
1,4,5,9428,177,670,27178,0.9428,0.0177,0.067,2.7178,3.78531
1,4,6,9168,236,876,25936,0.9168,0.0236,0.0876,2.5936,3.71186
1,4,7,8844,288,1037,24432,0.8844,0.0288,0.1037,2.4432,3.60069
1,4,8,8448,363,1250,22641,0.8448,0.0363,0.125,2.2641,3.44353
1,4,9,7962,444,1481,20496,0.7962,0.0444,0.1481,2.0496,3.33559
1,4,10,7440,506,1595,18287,0.744,0.0506,0.1595,1.8287,3.15217
1,4,11,6986,467,1357,16469,0.6986,0.0467,0.1357,1.6469,2.90578
1,4,12,6525,474,1341,14678,0.6525,0.0474,0.1341,1.4678,2.82911
1,4,13,6119,431,1161,13157,0.6119,0.0431,0.1161,1.3157,2.69374
1,4,14,5789,366,900,12025,0.5789,0.0366,0.09,1.2025,2.45902
1,4,15,5523,276,692,11093,0.5523,0.0276,0.0692,1.1093,2.50725
1,4,16,5318,209,517,10393,0.5318,0.0209,0.0517,1.0393,2.47368
1,4,17,5170,181,418,9905,0.517,0.0181,0.0418,0.9905,2.30939
1,4,18,5070,136,308,9583,0.507,0.0136,0.0308,0.9583,2.26471
1,4,19,4974,112,249,9274,0.4974,0.0112,0.0249,0.9274,2.22321
1,4,20,4908,83,177,9077,0.4908,0.0083,0.0177,0.9077,2.13253
1,4,21,4872,51,95,8967,0.4872,0.0051,0.0095,0.8967,1.86275
1,4,22,4849,37,67,8896,0.4849,0.0037,0.0067,0.8896,1.81081
1,4,23,4827,27,52,8830,0.4827,0.0027,0.0052,0.883,1.92593
1,4,24,4808,24,57,8769,0.4808,0.0024,0.0057,0.8769,2.375
1,4,25,4795,19,38,8733,0.4795,0.0019,0.0038,0.8733,2
1,4,26,4780,11,21,8688,0.478,0.0011,0.0021,0.8688,1.90909
1,4,27,4775,6,11,8675,0.4775,0.0006,0.0011,0.8675,1.83333
1,4,28,4773,1,3,8670,0.4773,0.0001,0.0003,0.867,3
1,4,29,4773,1,3,8670,0.4773,0.0001,0.0003,0.867,3
1,4,30,4773,0,0,8670,0.4773,0,0,0.867,
1,4,31,4773,0,0,8670,0.4773,0,0,0.867,
1,4,32,4773,0,0,8670,0.4773,0,0,0.867,
1,4,33,4773,0,0,8670,0.4773,0,0,0.867,
1,4,34,4773,0,0,8670,0.4773,0,0,0.867,
1,4,35,4773,0,0,8670,0.4773,0,0,0.867,
1,4,36,4773,0,0,8670,0.4773,0,0,0.867,
1,4,37,4773,0,0,8670,0.4773,0,0,0.867,
1,4,38,4773,0,0,8670,0.4773,0,0,0.867,
1,4,39,4773,0,0,8670,0.4773,0,0,0.867,
1,4,40,4773,0,0,8670,0.4773,0,0,0.867,
1,4,41,4773,0,0,8670,0.4773,0,0,0.867,
1,4,42,4773,0,0,8670,0.4773,0,0,0.867,
1,4,43,4773,0,0,8670,0.4773,0,0,0.867,
1,4,44,4773,0,0,8670,0.4773,0,0,0.867,
1,4,45,4773,0,0,8670,0.4773,0,0,0.867,
1,4,46,4773,0,0,8670,0.4773,0,0,0.867,
1,4,47,4773,0,0,8670,0.4773,0,0,0.867,
1,4,48,4773,0,0,8670,0.4773,0,0,0.867,
1,4,49,4773,0,0,8670,0.4773,0,0,0.867,
1,4,50,4773,0,0,8670,0.4773,0,0,0.867,
1,4,51,4773,0,0,8670,0.4773,0,0,0.867,
1,4,52,4773,0,0,8670,0.4773,0,0,0.867,
1,4,53,4773,0,0,8670,0.4773,0,0,0.867,
1,4,54,4773,0,0,8670,0.4773,0,0,0.867,
1,4,55,4773,0,0,8670,0.4773,0,0,0.867,
1,4,56,4773,0,0,8670,0.4773,0,0,0.867,
1,4,57,4773,0,0,8670,0.4773,0,0,0.867,
1,4,58,4773,0,0,8670,0.4773,0,0,0.867,
1,4,59,4773,0,0,8670,0.4773,0,0,0.867,
1,4,60,4773,0,0,8670,0.4773,0,0,0.867,
1,4,61,4773,0,0,8670,0.4773,0,0,0.867,
1,4,62,4773,0,0,8670,0.4773,0,0,0.867,
1,4,63,4773,0,0,8670,0.4773,0,0,0.867,
1,4,64,4773,0,0,8670,0.4773,0,0,0.867,
1,4,65,4773,0,0,8670,0.4773,0,0,0.867,
1,4,66,4773,0,0,8670,0.4773,0,0,0.867,
1,4,67,4773,0,0,8670,0.4773,0,0,0.867,
1,4,68,4773,0,0,8670,0.4773,0,0,0.867,
1,4,69,4773,0,0,8670,0.4773,0,0,0.867,
1,4,70,4773,0,0,8670,0.4773,0,0,0.867,
1,4,71,4773,0,0,8670,0.4773,0,0,0.867,
1,4,72,4773,0,0,8670,0.4773,0,0,0.867,
1,4,73,4773,0,0,8670,0.4773,0,0,0.867,
1,4,74,4773,0,0,8670,0.4773,0,0,0.867,
1,4,75,4773,0,0,8670,0.4773,0,0,0.867,
1,4,76,4773,0,0,8670,0.4773,0,0,0.867,
1,4,77,4773,0,0,8670,0.4773,0,0,0.867,
1,4,78,4773,0,0,8670,0.4773,0,0,0.867,
1,4,79,4773,0,0,8670,0.4773,0,0,0.867,
1,4,80,4773,0,0,8670,0.4773,0,0,0.867,
1,4,81,4773,0,0,8670,0.4773,0,0,0.867,
1,4,82,4773,0,0,8670,0.4773,0,0,0.867,
1,4,83,4773,0,0,8670,0.4773,0,0,0.867,
1,4,84,4773,0,0,8670,0.4773,0,0,0.867,
1,4,85,4773,0,0,8670,0.4773,0,0,0.867,
1,4,86,4773,0,0,8670,0.4773,0,0,0.867,
1,4,87,4773,0,0,8670,0.4773,0,0,0.867,
1,4,88,4773,0,0,8670,0.4773,0,0,0.867,
1,4,89,4773,0,0,8670,0.4773,0,0,0.867,
1,4,90,4773,0,0,8670,0.4773,0,0,0.867,
1,4,91,4773,0,0,8670,0.4773,0,0,0.867,
1,4,92,4773,0,0,8670,0.4773,0,0,0.867,
1,4,93,4773,0,0,8670,0.4773,0,0,0.867,
1,4,94,4773,0,0,8670,0.4773,0,0,0.867,
1,4,95,4773,0,0,8670,0.4773,0,0,0.867,
1,4,96,4773,0,0,8670,0.4773,0,0,0.867,
1,4,97,4773,0,0,8670,0.4773,0,0,0.867,
1,4,98,4773,0,0,8670,0.4773,0,0,0.867,
1,4,99,4773,0,0,8670,0.4773,0,0,0.867,
1,4,100,4773,0,0,8670,0.4773,0,0,0.867,
1,5,0,9980,20,120,29880,0.998,0.002,0.012,2.988,6
1,5,1,9939,31,138,29675,0.9939,0.0031,0.0138,2.9675,4.45161
1,5,2,9881,49,199,29386,0.9881,0.0049,0.0199,2.9386,4.06122
1,5,3,9819,59,226,29080,0.9819,0.0059,0.0226,2.908,3.83051
1,5,4,9748,58,214,28732,0.9748,0.0058,0.0214,2.8732,3.68966
1,5,5,9675,70,279,28368,0.9675,0.007,0.0279,2.8368,3.98571
1,5,6,9542,112,445,27718,0.9542,0.0112,0.0445,2.7718,3.97321
1,5,7,9370,149,573,26885,0.937,0.0149,0.0573,2.6885,3.84564
1,5,8,9164,194,700,25916,0.9164,0.0194,0.07,2.5916,3.60825
1,5,9,8923,215,760,24803,0.8923,0.0215,0.076,2.4803,3.53488
1,5,10,8670,234,794,23633,0.867,0.0234,0.0794,2.3633,3.39316
1,5,11,8416,266,927,22475,0.8416,0.0266,0.0927,2.2475,3.48496
1,5,12,8118,283,931,21169,0.8118,0.0283,0.0931,2.1169,3.28975
1,5,13,7805,320,1049,19808,0.7805,0.032,0.1049,1.9808,3.27813
1,5,14,7425,340,1072,18210,0.7425,0.034,0.1072,1.821,3.15294
1,5,15,7040,395,1219,16665,0.704,0.0395,0.1219,1.6665,3.08608
1,5,16,6705,334,979,15347,0.6705,0.0334,0.0979,1.5347,2.93114
1,5,17,6410,294,800,14257,0.641,0.0294,0.08,1.4257,2.72109
1,5,18,6196,241,625,13482,0.6196,0.0241,0.0625,1.3482,2.59336
1,5,19,6002,224,553,12789,0.6002,0.0224,0.0553,1.2789,2.46875
1,5,20,5790,232,547,12058,0.579,0.0232,0.0547,1.2058,2.35776
1,5,21,5659,168,381,11611,0.5659,0.0168,0.0381,1.1611,2.26786
1,5,22,5560,127,304,11269,0.556,0.0127,0.0304,1.1269,2.3937
1,5,23,5468,107,260,10954,0.5468,0.0107,0.026,1.0954,2.42991
1,5,24,5382,99,233,10669,0.5382,0.0099,0.0233,1.0669,2.35354
1,5,25,5330,66,150,10498,0.533,0.0066,0.015,1.0498,2.27273
1,5,26,5300,34,67,10407,0.53,0.0034,0.0067,1.0407,1.97059
1,5,27,5279,23,48,10344,0.5279,0.0023,0.0048,1.0344,2.08696
1,5,28,5262,19,51,10282,0.5262,0.0019,0.0051,1.0282,2.68421
1,5,29,5244,18,41,10224,0.5244,0.0018,0.0041,1.0224,2.27778
1,5,30,5237,9,19,10205,0.5237,0.0009,0.0019,1.0205,2.11111
1,5,31,5237,3,6,10205,0.5237,0.0003,0.0006,1.0205,2
1,5,32,5235,3,4,10198,0.5235,0.0003,0.0004,1.0198,1.33333
1,5,33,5234,0,0,10195,0.5234,0,0,1.0195,
1,5,34,5234,0,0,10195,0.5234,0,0,1.0195,
1,5,35,5234,0,0,10195,0.5234,0,0,1.0195,
1,5,36,5234,0,0,10195,0.5234,0,0,1.0195,
1,5,37,5234,0,0,10195,0.5234,0,0,1.0195,
1,5,38,5234,0,0,10195,0.5234,0,0,1.0195,
1,5,39,5234,0,0,10195,0.5234,0,0,1.0195,
1,5,40,5234,0,0,10195,0.5234,0,0,1.0195,
1,5,41,5234,0,0,10195,0.5234,0,0,1.0195,
1,5,42,5234,0,0,10195,0.5234,0,0,1.0195,
1,5,43,5234,0,0,10195,0.5234,0,0,1.0195,
1,5,44,5234,0,0,10195,0.5234,0,0,1.0195,
1,5,45,5234,0,0,10195,0.5234,0,0,1.0195,
1,5,46,5234,0,0,10195,0.5234,0,0,1.0195,
1,5,47,5234,0,0,10195,0.5234,0,0,1.0195,
1,5,48,5234,0,0,10195,0.5234,0,0,1.0195,
1,5,49,5234,0,0,10195,0.5234,0,0,1.0195,
1,5,50,5234,0,0,10195,0.5234,0,0,1.0195,
1,5,51,5234,0,0,10195,0.5234,0,0,1.0195,
1,5,52,5234,0,0,10195,0.5234,0,0,1.0195,
1,5,53,5234,0,0,10195,0.5234,0,0,1.0195,
1,5,54,5234,0,0,10195,0.5234,0,0,1.0195,
1,5,55,5234,0,0,10195,0.5234,0,0,1.0195,
1,5,56,5234,0,0,10195,0.5234,0,0,1.0195,
1,5,57,5234,0,0,10195,0.5234,0,0,1.0195,
1,5,58,5234,0,0,10195,0.5234,0,0,1.0195,
1,5,59,5234,0,0,10195,0.5234,0,0,1.0195,
1,5,60,5234,0,0,10195,0.5234,0,0,1.0195,
1,5,61,5234,0,0,10195,0.5234,0,0,1.0195,
1,5,62,5234,0,0,10195,0.5234,0,0,1.0195,
1,5,63,5234,0,0,10195,0.5234,0,0,1.0195,
1,5,64,5234,0,0,10195,0.5234,0,0,1.0195,
1,5,65,5234,0,0,10195,0.5234,0,0,1.0195,
1,5,66,5234,0,0,10195,0.5234,0,0,1.0195,
1,5,67,5234,0,0,10195,0.5234,0,0,1.0195,
1,5,68,5234,0,0,10195,0.5234,0,0,1.0195,
1,5,69,5234,0,0,10195,0.5234,0,0,1.0195,
1,5,70,5234,0,0,10195,0.5234,0,0,1.0195,
1,5,71,5234,0,0,10195,0.5234,0,0,1.0195,
1,5,72,5234,0,0,10195,0.5234,0,0,1.0195,
1,5,73,5234,0,0,10195,0.5234,0,0,1.0195,
1,5,74,5234,0,0,10195,0.5234,0,0,1.0195,
1,5,75,5234,0,0,10195,0.5234,0,0,1.0195,
1,5,76,5234,0,0,10195,0.5234,0,0,1.0195,
1,5,77,5234,0,0,10195,0.5234,0,0,1.0195,
1,5,78,5234,0,0,10195,0.5234,0,0,1.0195,
1,5,79,5234,0,0,10195,0.5234,0,0,1.0195,
1,5,80,5234,0,0,10195,0.5234,0,0,1.0195,
1,5,81,5234,0,0,10195,0.5234,0,0,1.0195,
1,5,82,5234,0,0,10195,0.5234,0,0,1.0195,
1,5,83,5234,0,0,10195,0.5234,0,0,1.0195,
1,5,84,5234,0,0,10195,0.5234,0,0,1.0195,
1,5,85,5234,0,0,10195,0.5234,0,0,1.0195,
1,5,86,5234,0,0,10195,0.5234,0,0,1.0195,
1,5,87,5234,0,0,10195,0.5234,0,0,1.0195,
1,5,88,5234,0,0,10195,0.5234,0,0,1.0195,
1,5,89,5234,0,0,10195,0.5234,0,0,1.0195,
1,5,90,5234,0,0,10195,0.5234,0,0,1.0195,
1,5,91,5234,0,0,10195,0.5234,0,0,1.0195,
1,5,92,5234,0,0,10195,0.5234,0,0,1.0195,
1,5,93,5234,0,0,10195,0.5234,0,0,1.0195,
1,5,94,5234,0,0,10195,0.5234,0,0,1.0195,
1,5,95,5234,0,0,10195,0.5234,0,0,1.0195,
1,5,96,5234,0,0,10195,0.5234,0,0,1.0195,
1,5,97,5234,0,0,10195,0.5234,0,0,1.0195,
1,5,98,5234,0,0,10195,0.5234,0,0,1.0195,
1,5,99,5234,0,0,10195,0.5234,0,0,1.0195,
1,5,100,5234,0,0,10195,0.5234,0,0,1.0195,
1,6,0,9980,20,120,29880,0.998,0.002,0.012,2.988,6
1,6,1,9942,30,132,29691,0.9942,0.003,0.0132,2.9691,4.4
1,6,2,9904,36,150,29502,0.9904,0.0036,0.015,2.9502,4.16667
1,6,3,9819,64,263,29082,0.9819,0.0064,0.0263,2.9082,4.10938
1,6,4,9701,101,392,28505,0.9701,0.0101,0.0392,2.8505,3.88119
1,6,5,9548,131,505,27763,0.9548,0.0131,0.0505,2.7763,3.85496
1,6,6,9311,214,811,26628,0.9311,0.0214,0.0811,2.6628,3.78972
1,6,7,9038,245,912,25337,0.9038,0.0245,0.0912,2.5337,3.72245
1,6,8,8741,274,970,23959,0.8741,0.0274,0.097,2.3959,3.54015
1,6,9,8406,307,1072,22412,0.8406,0.0307,0.1072,2.2412,3.49186
1,6,10,8099,274,915,21067,0.8099,0.0274,0.0915,2.1067,3.33942
1,6,11,7810,275,884,19837,0.781,0.0275,0.0884,1.9837,3.21455
1,6,12,7499,283,885,18526,0.7499,0.0283,0.0885,1.8526,3.12721
1,6,13,7270,235,719,17608,0.727,0.0235,0.0719,1.7608,3.05957
1,6,14,7062,220,661,16779,0.7062,0.022,0.0661,1.6779,3.00455
1,6,15,6854,222,652,15962,0.6854,0.0222,0.0652,1.5962,2.93694
1,6,16,6652,187,544,15185,0.6652,0.0187,0.0544,1.5185,2.90909
1,6,17,6469,173,488,14477,0.6469,0.0173,0.0488,1.4477,2.82081
1,6,18,6342,142,385,14018,0.6342,0.0142,0.0385,1.4018,2.71127
1,6,19,6211,140,362,13539,0.6211,0.014,0.0362,1.3539,2.58571
1,6,20,6130,116,298,13247,0.613,0.0116,0.0298,1.3247,2.56897
1,6,21,6053,85,222,12970,0.6053,0.0085,0.0222,1.297,2.61176
1,6,22,6010,55,129,12831,0.601,0.0055,0.0129,1.2831,2.34545
1,6,23,5968,47,107,12689,0.5968,0.0047,0.0107,1.2689,2.2766
1,6,24,5947,35,80,12615,0.5947,0.0035,0.008,1.2615,2.28571
1,6,25,5929,25,54,12552,0.5929,0.0025,0.0054,1.2552,2.16
1,6,26,5905,28,68,12472,0.5905,0.0028,0.0068,1.2472,2.42857
1,6,27,5893,24,61,12431,0.5893,0.0024,0.0061,1.2431,2.54167
1,6,28,5870,23,65,12342,0.587,0.0023,0.0065,1.2342,2.82609
1,6,29,5847,19,62,12250,0.5847,0.0019,0.0062,1.225,3.26316
1,6,30,5830,20,61,12190,0.583,0.002,0.0061,1.219,3.05
1,6,31,5815,19,56,12136,0.5815,0.0019,0.0056,1.2136,2.94737
1,6,32,5803,16,42,12099,0.5803,0.0016,0.0042,1.2099,2.625
1,6,33,5789,14,38,12044,0.5789,0.0014,0.0038,1.2044,2.71429
1,6,34,5780,11,25,12014,0.578,0.0011,0.0025,1.2014,2.27273
1,6,35,5768,11,33,11969,0.5768,0.0011,0.0033,1.1969,3
1,6,36,5762,6,15,11944,0.5762,0.0006,0.0015,1.1944,2.5
1,6,37,5757,3,8,11924,0.5757,0.0003,0.0008,1.1924,2.66667
1,6,38,5756,3,7,11919,0.5756,0.0003,0.0007,1.1919,2.33333
1,6,39,5754,4,5,11914,0.5754,0.0004,0.0005,1.1914,1.25
1,6,40,5754,2,3,11914,0.5754,0.0002,0.0003,1.1914,1.5
1,6,41,5754,0,0,11914,0.5754,0,0,1.1914,
1,6,42,5754,0,0,11914,0.5754,0,0,1.1914,
1,6,43,5754,0,0,11914,0.5754,0,0,1.1914,
1,6,44,5754,0,0,11914,0.5754,0,0,1.1914,
1,6,45,5754,0,0,11914,0.5754,0,0,1.1914,
1,6,46,5754,0,0,11914,0.5754,0,0,1.1914,
1,6,47,5754,0,0,11914,0.5754,0,0,1.1914,
1,6,48,5754,0,0,11914,0.5754,0,0,1.1914,
1,6,49,5754,0,0,11914,0.5754,0,0,1.1914,
1,6,50,5754,0,0,11914,0.5754,0,0,1.1914,
1,6,51,5754,0,0,11914,0.5754,0,0,1.1914,
1,6,52,5754,0,0,11914,0.5754,0,0,1.1914,
1,6,53,5754,0,0,11914,0.5754,0,0,1.1914,
1,6,54,5754,0,0,11914,0.5754,0,0,1.1914,
1,6,55,5754,0,0,11914,0.5754,0,0,1.1914,
1,6,56,5754,0,0,11914,0.5754,0,0,1.1914,
1,6,57,5754,0,0,11914,0.5754,0,0,1.1914,
1,6,58,5754,0,0,11914,0.5754,0,0,1.1914,
1,6,59,5754,0,0,11914,0.5754,0,0,1.1914,
1,6,60,5754,0,0,11914,0.5754,0,0,1.1914,
1,6,61,5754,0,0,11914,0.5754,0,0,1.1914,
1,6,62,5754,0,0,11914,0.5754,0,0,1.1914,
1,6,63,5754,0,0,11914,0.5754,0,0,1.1914,
1,6,64,5754,0,0,11914,0.5754,0,0,1.1914,
1,6,65,5754,0,0,11914,0.5754,0,0,1.1914,
1,6,66,5754,0,0,11914,0.5754,0,0,1.1914,
1,6,67,5754,0,0,11914,0.5754,0,0,1.1914,
1,6,68,5754,0,0,11914,0.5754,0,0,1.1914,
1,6,69,5754,0,0,11914,0.5754,0,0,1.1914,
1,6,70,5754,0,0,11914,0.5754,0,0,1.1914,
1,6,71,5754,0,0,11914,0.5754,0,0,1.1914,
1,6,72,5754,0,0,11914,0.5754,0,0,1.1914,
1,6,73,5754,0,0,11914,0.5754,0,0,1.1914,
1,6,74,5754,0,0,11914,0.5754,0,0,1.1914,
1,6,75,5754,0,0,11914,0.5754,0,0,1.1914,
1,6,76,5754,0,0,11914,0.5754,0,0,1.1914,
1,6,77,5754,0,0,11914,0.5754,0,0,1.1914,
1,6,78,5754,0,0,11914,0.5754,0,0,1.1914,
1,6,79,5754,0,0,11914,0.5754,0,0,1.1914,
1,6,80,5754,0,0,11914,0.5754,0,0,1.1914,
1,6,81,5754,0,0,11914,0.5754,0,0,1.1914,
1,6,82,5754,0,0,11914,0.5754,0,0,1.1914,
1,6,83,5754,0,0,11914,0.5754,0,0,1.1914,
1,6,84,5754,0,0,11914,0.5754,0,0,1.1914,
1,6,85,5754,0,0,11914,0.5754,0,0,1.1914,
1,6,86,5754,0,0,11914,0.5754,0,0,1.1914,
1,6,87,5754,0,0,11914,0.5754,0,0,1.1914,
1,6,88,5754,0,0,11914,0.5754,0,0,1.1914,
1,6,89,5754,0,0,11914,0.5754,0,0,1.1914,
1,6,90,5754,0,0,11914,0.5754,0,0,1.1914,
1,6,91,5754,0,0,11914,0.5754,0,0,1.1914,
1,6,92,5754,0,0,11914,0.5754,0,0,1.1914,
1,6,93,5754,0,0,11914,0.5754,0,0,1.1914,
1,6,94,5754,0,0,11914,0.5754,0,0,1.1914,
1,6,95,5754,0,0,11914,0.5754,0,0,1.1914,
1,6,96,5754,0,0,11914,0.5754,0,0,1.1914,
1,6,97,5754,0,0,11914,0.5754,0,0,1.1914,
1,6,98,5754,0,0,11914,0.5754,0,0,1.1914,
1,6,99,5754,0,0,11914,0.5754,0,0,1.1914,
1,6,100,5754,0,0,11914,0.5754,0,0,1.1914,
1,7,0,9980,20,120,29880,0.998,0.002,0.012,2.988,6
1,7,1,9952,20,90,29740,0.9952,0.002,0.009,2.974,4.5
1,7,2,9914,25,108,29551,0.9914,0.0025,0.0108,2.9551,4.32
1,7,3,9884,29,119,29402,0.9884,0.0029,0.0119,2.9402,4.10345
1,7,4,9830,40,154,29135,0.983,0.004,0.0154,2.9135,3.85
1,7,5,9756,60,225,28774,0.9756,0.006,0.0225,2.8774,3.75
1,7,6,9663,82,323,28319,0.9663,0.0082,0.0323,2.8319,3.93902
1,7,7,9523,117,459,27634,0.9523,0.0117,0.0459,2.7634,3.92308
1,7,8,9374,138,522,26922,0.9374,0.0138,0.0522,2.6922,3.78261
1,7,9,9199,163,605,26090,0.9199,0.0163,0.0605,2.609,3.71166
1,7,10,8955,236,866,24941,0.8955,0.0236,0.0866,2.4941,3.66949
1,7,11,8613,319,1139,23360,0.8613,0.0319,0.1139,2.336,3.57053
1,7,12,8223,361,1214,21618,0.8223,0.0361,0.1214,2.1618,3.36288
1,7,13,7803,384,1240,19803,0.7803,0.0384,0.124,1.9803,3.22917
1,7,14,7408,383,1182,18140,0.7408,0.0383,0.1182,1.814,3.08616
1,7,15,7073,343,1023,16797,0.7073,0.0343,0.1023,1.6797,2.98251
1,7,16,6759,337,974,15581,0.6759,0.0337,0.0974,1.5581,2.89021
1,7,17,6432,298,817,14336,0.6432,0.0298,0.0817,1.4336,2.74161
1,7,18,6211,242,642,13502,0.6211,0.0242,0.0642,1.3502,2.65289
1,7,19,6042,182,463,12891,0.6042,0.0182,0.0463,1.2891,2.54396
1,7,20,5899,159,385,12399,0.5899,0.0159,0.0385,1.2399,2.42138
1,7,21,5801,121,291,12067,0.5801,0.0121,0.0291,1.2067,2.40496
1,7,22,5734,82,208,11816,0.5734,0.0082,0.0208,1.1816,2.53659
1,7,23,5662,68,171,11572,0.5662,0.0068,0.0171,1.1572,2.51471
1,7,24,5613,55,131,11407,0.5613,0.0055,0.0131,1.1407,2.38182
1,7,25,5573,46,107,11275,0.5573,0.0046,0.0107,1.1275,2.32609
1,7,26,5538,38,93,11153,0.5538,0.0038,0.0093,1.1153,2.44737
1,7,27,5517,24,50,11093,0.5517,0.0024,0.005,1.1093,2.08333
1,7,28,5505,21,42,11054,0.5505,0.0021,0.0042,1.1054,2
1,7,29,5494,10,17,11014,0.5494,0.001,0.0017,1.1014,1.7
1,7,30,5485,7,18,10985,0.5485,0.0007,0.0018,1.0985,2.57143
1,7,31,5479,2,7,10964,0.5479,0.0002,0.0007,1.0964,3.5
1,7,32,5474,5,13,10948,0.5474,0.0005,0.0013,1.0948,2.6
1,7,33,5472,5,14,10939,0.5472,0.0005,0.0014,1.0939,2.8
1,7,34,5467,4,12,10920,0.5467,0.0004,0.0012,1.092,3
1,7,35,5464,5,12,10912,0.5464,0.0005,0.0012,1.0912,2.4
1,7,36,5464,2,3,10912,0.5464,0.0002,0.0003,1.0912,1.5
1,7,37,5459,4,8,10894,0.5459,0.0004,0.0008,1.0894,2
1,7,38,5453,6,14,10871,0.5453,0.0006,0.0014,1.0871,2.33333
1,7,39,5448,8,24,10852,0.5448,0.0008,0.0024,1.0852,3
1,7,40,5428,15,35,10784,0.5428,0.0015,0.0035,1.0784,2.33333
1,7,41,5408,23,60,10715,0.5408,0.0023,0.006,1.0715,2.6087
1,7,42,5392,17,41,10656,0.5392,0.0017,0.0041,1.0656,2.41176
1,7,43,5384,13,34,10633,0.5384,0.0013,0.0034,1.0633,2.61538
1,7,44,5368,13,33,10579,0.5368,0.0013,0.0033,1.0579,2.53846
1,7,45,5360,10,24,10555,0.536,0.001,0.0024,1.0555,2.4
1,7,46,5354,9,21,10535,0.5354,0.0009,0.0021,1.0535,2.33333
1,7,47,5348,5,12,10518,0.5348,0.0005,0.0012,1.0518,2.4
1,7,48,5332,14,41,10458,0.5332,0.0014,0.0041,1.0458,2.92857
1,7,49,5328,4,12,10442,0.5328,0.0004,0.0012,1.0442,3
1,7,50,5328,1,3,10442,0.5328,0.0001,0.0003,1.0442,3
1,7,51,5328,0,0,10442,0.5328,0,0,1.0442,
1,7,52,5328,0,0,10442,0.5328,0,0,1.0442,
1,7,53,5328,0,0,10442,0.5328,0,0,1.0442,
1,7,54,5328,0,0,10442,0.5328,0,0,1.0442,
1,7,55,5328,0,0,10442,0.5328,0,0,1.0442,
1,7,56,5328,0,0,10442,0.5328,0,0,1.0442,
1,7,57,5328,0,0,10442,0.5328,0,0,1.0442,
1,7,58,5328,0,0,10442,0.5328,0,0,1.0442,
1,7,59,5328,0,0,10442,0.5328,0,0,1.0442,
1,7,60,5328,0,0,10442,0.5328,0,0,1.0442,
1,7,61,5328,0,0,10442,0.5328,0,0,1.0442,
1,7,62,5328,0,0,10442,0.5328,0,0,1.0442,
1,7,63,5328,0,0,10442,0.5328,0,0,1.0442,
1,7,64,5328,0,0,10442,0.5328,0,0,1.0442,
1,7,65,5328,0,0,10442,0.5328,0,0,1.0442,
1,7,66,5328,0,0,10442,0.5328,0,0,1.0442,
1,7,67,5328,0,0,10442,0.5328,0,0,1.0442,
1,7,68,5328,0,0,10442,0.5328,0,0,1.0442,
1,7,69,5328,0,0,10442,0.5328,0,0,1.0442,
1,7,70,5328,0,0,10442,0.5328,0,0,1.0442,
1,7,71,5328,0,0,10442,0.5328,0,0,1.0442,
1,7,72,5328,0,0,10442,0.5328,0,0,1.0442,
1,7,73,5328,0,0,10442,0.5328,0,0,1.0442,
1,7,74,5328,0,0,10442,0.5328,0,0,1.0442,
1,7,75,5328,0,0,10442,0.5328,0,0,1.0442,
1,7,76,5328,0,0,10442,0.5328,0,0,1.0442,
1,7,77,5328,0,0,10442,0.5328,0,0,1.0442,
1,7,78,5328,0,0,10442,0.5328,0,0,1.0442,
1,7,79,5328,0,0,10442,0.5328,0,0,1.0442,
1,7,80,5328,0,0,10442,0.5328,0,0,1.0442,
1,7,81,5328,0,0,10442,0.5328,0,0,1.0442,
1,7,82,5328,0,0,10442,0.5328,0,0,1.0442,
1,7,83,5328,0,0,10442,0.5328,0,0,1.0442,
1,7,84,5328,0,0,10442,0.5328,0,0,1.0442,
1,7,85,5328,0,0,10442,0.5328,0,0,1.0442,
1,7,86,5328,0,0,10442,0.5328,0,0,1.0442,
1,7,87,5328,0,0,10442,0.5328,0,0,1.0442,
1,7,88,5328,0,0,10442,0.5328,0,0,1.0442,
1,7,89,5328,0,0,10442,0.5328,0,0,1.0442,
1,7,90,5328,0,0,10442,0.5328,0,0,1.0442,
1,7,91,5328,0,0,10442,0.5328,0,0,1.0442,
1,7,92,5328,0,0,10442,0.5328,0,0,1.0442,
1,7,93,5328,0,0,10442,0.5328,0,0,1.0442,
1,7,94,5328,0,0,10442,0.5328,0,0,1.0442,
1,7,95,5328,0,0,10442,0.5328,0,0,1.0442,
1,7,96,5328,0,0,10442,0.5328,0,0,1.0442,
1,7,97,5328,0,0,10442,0.5328,0,0,1.0442,
1,7,98,5328,0,0,10442,0.5328,0,0,1.0442,
1,7,99,5328,0,0,10442,0.5328,0,0,1.0442,
1,7,100,5328,0,0,10442,0.5328,0,0,1.0442,
1,8,0,9980,20,120,29880,0.998,0.002,0.012,2.988,6
1,8,1,9949,29,129,29725,0.9949,0.0029,0.0129,2.9725,4.44828
1,8,2,9906,42,171,29513,0.9906,0.0042,0.0171,2.9513,4.07143
1,8,3,9831,65,256,29140,0.9831,0.0065,0.0256,2.914,3.93846
1,8,4,9727,89,340,28631,0.9727,0.0089,0.034,2.8631,3.82022
1,8,5,9568,149,569,27856,0.9568,0.0149,0.0569,2.7856,3.81879
1,8,6,9395,158,573,27021,0.9395,0.0158,0.0573,2.7021,3.62658
1,8,7,9218,169,622,26175,0.9218,0.0169,0.0622,2.6175,3.68047
1,8,8,8976,213,759,25054,0.8976,0.0213,0.0759,2.5054,3.56338
1,8,9,8749,213,750,24010,0.8749,0.0213,0.075,2.401,3.52113
1,8,10,8548,194,640,23109,0.8548,0.0194,0.064,2.3109,3.29897
1,8,11,8339,194,647,22174,0.8339,0.0194,0.0647,2.2174,3.33505
1,8,12,8125,214,710,21221,0.8125,0.0214,0.071,2.1221,3.31776
1,8,13,7879,227,742,20159,0.7879,0.0227,0.0742,2.0159,3.26872
1,8,14,7647,224,750,19147,0.7647,0.0224,0.075,1.9147,3.34821
1,8,15,7415,224,715,18167,0.7415,0.0224,0.0715,1.8167,3.19196
1,8,16,7182,244,729,17243,0.7182,0.0244,0.0729,1.7243,2.9877
1,8,17,6908,277,823,16156,0.6908,0.0277,0.0823,1.6156,2.97112
1,8,18,6653,276,773,15197,0.6653,0.0276,0.0773,1.5197,2.80072
1,8,19,6379,286,768,14167,0.6379,0.0286,0.0768,1.4167,2.68531
1,8,20,6143,250,673,13291,0.6143,0.025,0.0673,1.3291,2.692
1,8,21,5950,214,522,12604,0.595,0.0214,0.0522,1.2604,2.43925
1,8,22,5797,176,415,12075,0.5797,0.0176,0.0415,1.2075,2.35795
1,8,23,5647,168,392,11583,0.5647,0.0168,0.0392,1.1583,2.33333
1,8,24,5528,139,312,11175,0.5528,0.0139,0.0312,1.1175,2.2446
1,8,25,5445,111,254,10893,0.5445,0.0111,0.0254,1.0893,2.28829
1,8,26,5388,84,187,10705,0.5388,0.0084,0.0187,1.0705,2.22619
1,8,27,5345,63,133,10568,0.5345,0.0063,0.0133,1.0568,2.11111
1,8,28,5301,52,108,10427,0.5301,0.0052,0.0108,1.0427,2.07692
1,8,29,5250,56,132,10259,0.525,0.0056,0.0132,1.0259,2.35714
1,8,30,5229,32,67,10195,0.5229,0.0032,0.0067,1.0195,2.09375
1,8,31,5197,34,77,10095,0.5197,0.0034,0.0077,1.0095,2.26471
1,8,32,5173,35,88,10010,0.5173,0.0035,0.0088,1.001,2.51429
1,8,33,5144,29,70,9916,0.5144,0.0029,0.007,0.9916,2.41379
1,8,34,5124,17,41,9849,0.5124,0.0017,0.0041,0.9849,2.41176
1,8,35,5116,10,22,9823,0.5116,0.001,0.0022,0.9823,2.2
1,8,36,5104,16,35,9788,0.5104,0.0016,0.0035,0.9788,2.1875
1,8,37,5089,15,35,9740,0.5089,0.0015,0.0035,0.974,2.33333
1,8,38,5081,9,24,9713,0.5081,0.0009,0.0024,0.9713,2.66667
1,8,39,5073,8,20,9690,0.5073,0.0008,0.002,0.969,2.5
1,8,40,5071,4,7,9685,0.5071,0.0004,0.0007,0.9685,1.75
1,8,41,5070,2,6,9682,0.507,0.0002,0.0006,0.9682,3
1,8,42,5069,1,1,9681,0.5069,0.0001,0.0001,0.9681,1
1,8,43,5069,1,1,9681,0.5069,0.0001,0.0001,0.9681,1
1,8,44,5067,2,4,9673,0.5067,0.0002,0.0004,0.9673,2
1,8,45,5067,1,0,9673,0.5067,0.0001,0,0.9673,0
1,8,46,5067,0,0,9673,0.5067,0,0,0.9673,
1,8,47,5067,0,0,9673,0.5067,0,0,0.9673,
1,8,48,5067,0,0,9673,0.5067,0,0,0.9673,
1,8,49,5067,0,0,9673,0.5067,0,0,0.9673,
1,8,50,5067,0,0,9673,0.5067,0,0,0.9673,
1,8,51,5067,0,0,9673,0.5067,0,0,0.9673,
1,8,52,5067,0,0,9673,0.5067,0,0,0.9673,
1,8,53,5067,0,0,9673,0.5067,0,0,0.9673,
1,8,54,5067,0,0,9673,0.5067,0,0,0.9673,
1,8,55,5067,0,0,9673,0.5067,0,0,0.9673,
1,8,56,5067,0,0,9673,0.5067,0,0,0.9673,
1,8,57,5067,0,0,9673,0.5067,0,0,0.9673,
1,8,58,5067,0,0,9673,0.5067,0,0,0.9673,
1,8,59,5067,0,0,9673,0.5067,0,0,0.9673,
1,8,60,5067,0,0,9673,0.5067,0,0,0.9673,
1,8,61,5067,0,0,9673,0.5067,0,0,0.9673,
1,8,62,5067,0,0,9673,0.5067,0,0,0.9673,
1,8,63,5067,0,0,9673,0.5067,0,0,0.9673,
1,8,64,5067,0,0,9673,0.5067,0,0,0.9673,
1,8,65,5067,0,0,9673,0.5067,0,0,0.9673,
1,8,66,5067,0,0,9673,0.5067,0,0,0.9673,
1,8,67,5067,0,0,9673,0.5067,0,0,0.9673,
1,8,68,5067,0,0,9673,0.5067,0,0,0.9673,
1,8,69,5067,0,0,9673,0.5067,0,0,0.9673,
1,8,70,5067,0,0,9673,0.5067,0,0,0.9673,
1,8,71,5067,0,0,9673,0.5067,0,0,0.9673,
1,8,72,5067,0,0,9673,0.5067,0,0,0.9673,
1,8,73,5067,0,0,9673,0.5067,0,0,0.9673,
1,8,74,5067,0,0,9673,0.5067,0,0,0.9673,
1,8,75,5067,0,0,9673,0.5067,0,0,0.9673,
1,8,76,5067,0,0,9673,0.5067,0,0,0.9673,
1,8,77,5067,0,0,9673,0.5067,0,0,0.9673,
1,8,78,5067,0,0,9673,0.5067,0,0,0.9673,
1,8,79,5067,0,0,9673,0.5067,0,0,0.9673,
1,8,80,5067,0,0,9673,0.5067,0,0,0.9673,
1,8,81,5067,0,0,9673,0.5067,0,0,0.9673,
1,8,82,5067,0,0,9673,0.5067,0,0,0.9673,
1,8,83,5067,0,0,9673,0.5067,0,0,0.9673,
1,8,84,5067,0,0,9673,0.5067,0,0,0.9673,
1,8,85,5067,0,0,9673,0.5067,0,0,0.9673,
1,8,86,5067,0,0,9673,0.5067,0,0,0.9673,
1,8,87,5067,0,0,9673,0.5067,0,0,0.9673,
1,8,88,5067,0,0,9673,0.5067,0,0,0.9673,
1,8,89,5067,0,0,9673,0.5067,0,0,0.9673,
1,8,90,5067,0,0,9673,0.5067,0,0,0.9673,
1,8,91,5067,0,0,9673,0.5067,0,0,0.9673,
1,8,92,5067,0,0,9673,0.5067,0,0,0.9673,
1,8,93,5067,0,0,9673,0.5067,0,0,0.9673,
1,8,94,5067,0,0,9673,0.5067,0,0,0.9673,
1,8,95,5067,0,0,9673,0.5067,0,0,0.9673,
1,8,96,5067,0,0,9673,0.5067,0,0,0.9673,
1,8,97,5067,0,0,9673,0.5067,0,0,0.9673,
1,8,98,5067,0,0,9673,0.5067,0,0,0.9673,
1,8,99,5067,0,0,9673,0.5067,0,0,0.9673,
1,8,100,5067,0,0,9673,0.5067,0,0,0.9673,
1,9,0,9980,20,120,29880,0.998,0.002,0.012,2.988,6
1,9,1,9935,32,137,29656,0.9935,0.0032,0.0137,2.9656,4.28125
1,9,2,9892,39,157,29443,0.9892,0.0039,0.0157,2.9443,4.02564
1,9,3,9835,52,203,29159,0.9835,0.0052,0.0203,2.9159,3.90385
1,9,4,9762,64,252,28798,0.9762,0.0064,0.0252,2.8798,3.9375
1,9,5,9660,84,320,28299,0.966,0.0084,0.032,2.8299,3.80952
1,9,6,9550,102,401,27762,0.955,0.0102,0.0401,2.7762,3.93137
1,9,7,9405,120,463,27063,0.9405,0.012,0.0463,2.7063,3.85833
1,9,8,9231,161,613,26239,0.9231,0.0161,0.0613,2.6239,3.80745
1,9,9,9051,182,674,25399,0.9051,0.0182,0.0674,2.5399,3.7033
1,9,10,8819,208,733,24332,0.8819,0.0208,0.0733,2.4332,3.52404
1,9,11,8543,250,894,23056,0.8543,0.025,0.0894,2.3056,3.576
1,9,12,8258,260,905,21793,0.8258,0.026,0.0905,2.1793,3.48077
1,9,13,8007,243,805,20704,0.8007,0.0243,0.0805,2.0704,3.31276
1,9,14,7745,251,822,19555,0.7745,0.0251,0.0822,1.9555,3.2749
1,9,15,7467,254,774,18400,0.7467,0.0254,0.0774,1.84,3.04724
1,9,16,7216,234,684,17402,0.7216,0.0234,0.0684,1.7402,2.92308
1,9,17,6971,256,749,16412,0.6971,0.0256,0.0749,1.6412,2.92578
1,9,18,6753,249,699,15552,0.6753,0.0249,0.0699,1.5552,2.80723
1,9,19,6521,249,687,14677,0.6521,0.0249,0.0687,1.4677,2.75904
1,9,20,6304,252,689,13856,0.6304,0.0252,0.0689,1.3856,2.73413
1,9,21,6108,216,569,13154,0.6108,0.0216,0.0569,1.3154,2.63426
1,9,22,5926,199,499,12506,0.5926,0.0199,0.0499,1.2506,2.50754
1,9,23,5790,158,382,12035,0.579,0.0158,0.0382,1.2035,2.41772
1,9,24,5687,108,263,11673,0.5687,0.0108,0.0263,1.1673,2.43519
1,9,25,5595,112,271,11361,0.5595,0.0112,0.0271,1.1361,2.41964
1,9,26,5501,124,288,11053,0.5501,0.0124,0.0288,1.1053,2.32258
1,9,27,5421,96,219,10787,0.5421,0.0096,0.0219,1.0787,2.28125
1,9,28,5351,80,179,10564,0.5351,0.008,0.0179,1.0564,2.2375
1,9,29,5300,73,161,10405,0.53,0.0073,0.0161,1.0405,2.20548
1,9,30,5233,69,142,10188,0.5233,0.0069,0.0142,1.0188,2.05797
1,9,31,5189,53,113,10045,0.5189,0.0053,0.0113,1.0045,2.13208
1,9,32,5164,30,60,9970,0.5164,0.003,0.006,0.997,2
1,9,33,5152,16,25,9937,0.5152,0.0016,0.0025,0.9937,1.5625
1,9,34,5140,15,31,9893,0.514,0.0015,0.0031,0.9893,2.06667
1,9,35,5129,12,29,9857,0.5129,0.0012,0.0029,0.9857,2.41667
1,9,36,5123,9,19,9834,0.5123,0.0009,0.0019,0.9834,2.11111
1,9,37,5113,9,22,9801,0.5113,0.0009,0.0022,0.9801,2.44444
1,9,38,5108,6,11,9786,0.5108,0.0006,0.0011,0.9786,1.83333
1,9,39,5104,3,2,9776,0.5104,0.0003,0.0002,0.9776,0.666667
1,9,40,5103,0,0,9772,0.5103,0,0,0.9772,
1,9,41,5103,0,0,9772,0.5103,0,0,0.9772,
1,9,42,5103,0,0,9772,0.5103,0,0,0.9772,
1,9,43,5103,0,0,9772,0.5103,0,0,0.9772,
1,9,44,5103,0,0,9772,0.5103,0,0,0.9772,
1,9,45,5103,0,0,9772,0.5103,0,0,0.9772,
1,9,46,5103,0,0,9772,0.5103,0,0,0.9772,
1,9,47,5103,0,0,9772,0.5103,0,0,0.9772,
1,9,48,5103,0,0,9772,0.5103,0,0,0.9772,
1,9,49,5103,0,0,9772,0.5103,0,0,0.9772,
1,9,50,5103,0,0,9772,0.5103,0,0,0.9772,
1,9,51,5103,0,0,9772,0.5103,0,0,0.9772,
1,9,52,5103,0,0,9772,0.5103,0,0,0.9772,
1,9,53,5103,0,0,9772,0.5103,0,0,0.9772,
1,9,54,5103,0,0,9772,0.5103,0,0,0.9772,
1,9,55,5103,0,0,9772,0.5103,0,0,0.9772,
1,9,56,5103,0,0,9772,0.5103,0,0,0.9772,
1,9,57,5103,0,0,9772,0.5103,0,0,0.9772,
1,9,58,5103,0,0,9772,0.5103,0,0,0.9772,
1,9,59,5103,0,0,9772,0.5103,0,0,0.9772,
1,9,60,5103,0,0,9772,0.5103,0,0,0.9772,
1,9,61,5103,0,0,9772,0.5103,0,0,0.9772,
1,9,62,5103,0,0,9772,0.5103,0,0,0.9772,
1,9,63,5103,0,0,9772,0.5103,0,0,0.9772,
1,9,64,5103,0,0,9772,0.5103,0,0,0.9772,
1,9,65,5103,0,0,9772,0.5103,0,0,0.9772,
1,9,66,5103,0,0,9772,0.5103,0,0,0.9772,
1,9,67,5103,0,0,9772,0.5103,0,0,0.9772,
1,9,68,5103,0,0,9772,0.5103,0,0,0.9772,
1,9,69,5103,0,0,9772,0.5103,0,0,0.9772,
1,9,70,5103,0,0,9772,0.5103,0,0,0.9772,
1,9,71,5103,0,0,9772,0.5103,0,0,0.9772,
1,9,72,5103,0,0,9772,0.5103,0,0,0.9772,
1,9,73,5103,0,0,9772,0.5103,0,0,0.9772,
1,9,74,5103,0,0,9772,0.5103,0,0,0.9772,
1,9,75,5103,0,0,9772,0.5103,0,0,0.9772,
1,9,76,5103,0,0,9772,0.5103,0,0,0.9772,
1,9,77,5103,0,0,9772,0.5103,0,0,0.9772,
1,9,78,5103,0,0,9772,0.5103,0,0,0.9772,
1,9,79,5103,0,0,9772,0.5103,0,0,0.9772,
1,9,80,5103,0,0,9772,0.5103,0,0,0.9772,
1,9,81,5103,0,0,9772,0.5103,0,0,0.9772,
1,9,82,5103,0,0,9772,0.5103,0,0,0.9772,
1,9,83,5103,0,0,9772,0.5103,0,0,0.9772,
1,9,84,5103,0,0,9772,0.5103,0,0,0.9772,
1,9,85,5103,0,0,9772,0.5103,0,0,0.9772,
1,9,86,5103,0,0,9772,0.5103,0,0,0.9772,
1,9,87,5103,0,0,9772,0.5103,0,0,0.9772,
1,9,88,5103,0,0,9772,0.5103,0,0,0.9772,
1,9,89,5103,0,0,9772,0.5103,0,0,0.9772,
1,9,90,5103,0,0,9772,0.5103,0,0,0.9772,
1,9,91,5103,0,0,9772,0.5103,0,0,0.9772,
1,9,92,5103,0,0,9772,0.5103,0,0,0.9772,
1,9,93,5103,0,0,9772,0.5103,0,0,0.9772,
1,9,94,5103,0,0,9772,0.5103,0,0,0.9772,
1,9,95,5103,0,0,9772,0.5103,0,0,0.9772,
1,9,96,5103,0,0,9772,0.5103,0,0,0.9772,
1,9,97,5103,0,0,9772,0.5103,0,0,0.9772,
1,9,98,5103,0,0,9772,0.5103,0,0,0.9772,
1,9,99,5103,0,0,9772,0.5103,0,0,0.9772,
1,9,100,5103,0,0,9772,0.5103,0,0,0.9772,
1,10,0,9980,20,120,29880,0.998,0.002,0.012,2.988,6
1,10,1,9929,43,189,29626,0.9929,0.0043,0.0189,2.9626,4.39535
1,10,2,9842,71,289,29194,0.9842,0.0071,0.0289,2.9194,4.07042
1,10,3,9733,88,353,28658,0.9733,0.0088,0.0353,2.8658,4.01136
1,10,4,9632,79,304,28165,0.9632,0.0079,0.0304,2.8165,3.8481
1,10,5,9512,115,445,27580,0.9512,0.0115,0.0445,2.758,3.86957
1,10,6,9358,143,549,26836,0.9358,0.0143,0.0549,2.6836,3.83916
1,10,7,9137,191,709,25789,0.9137,0.0191,0.0709,2.5789,3.71204
1,10,8,8863,255,899,24523,0.8863,0.0255,0.0899,2.4523,3.52549
1,10,9,8533,310,1078,23012,0.8533,0.031,0.1078,2.3012,3.47742
1,10,10,8184,329,1117,21466,0.8184,0.0329,0.1117,2.1466,3.39514
1,10,11,7850,332,1078,20021,0.785,0.0332,0.1078,2.0021,3.24699
1,10,12,7467,356,1105,18430,0.7467,0.0356,0.1105,1.843,3.10393
1,10,13,7095,380,1130,16937,0.7095,0.038,0.113,1.6937,2.97368
1,10,14,6727,386,1092,15507,0.6727,0.0386,0.1092,1.5507,2.82902
1,10,15,6370,387,1059,14168,0.637,0.0387,0.1059,1.4168,2.73643
1,10,16,6039,342,893,12944,0.6039,0.0342,0.0893,1.2944,2.61111
1,10,17,5774,306,763,12029,0.5774,0.0306,0.0763,1.2029,2.49346
1,10,18,5512,283,682,11134,0.5512,0.0283,0.0682,1.1134,2.40989
1,10,19,5321,202,462,10511,0.5321,0.0202,0.0462,1.0511,2.28713
1,10,20,5197,154,357,10087,0.5197,0.0154,0.0357,1.0087,2.31818
1,10,21,5096,119,270,9764,0.5096,0.0119,0.027,0.9764,2.26891
1,10,22,5005,103,227,9455,0.5005,0.0103,0.0227,0.9455,2.20388
1,10,23,4953,55,115,9297,0.4953,0.0055,0.0115,0.9297,2.09091
1,10,24,4925,35,71,9209,0.4925,0.0035,0.0071,0.9209,2.02857
1,10,25,4904,21,43,9144,0.4904,0.0021,0.0043,0.9144,2.04762
1,10,26,4884,21,57,9068,0.4884,0.0021,0.0057,0.9068,2.71429
1,10,27,4850,30,57,8964,0.485,0.003,0.0057,0.8964,1.9
1,10,28,4840,18,37,8935,0.484,0.0018,0.0037,0.8935,2.05556
1,10,29,4835,10,16,8926,0.4835,0.001,0.0016,0.8926,1.6
1,10,30,4830,6,12,8913,0.483,0.0006,0.0012,0.8913,2
1,10,31,4829,1,1,8911,0.4829,0.0001,0.0001,0.8911,1
1,10,32,4829,1,1,8911,0.4829,0.0001,0.0001,0.8911,1
1,10,33,4829,0,0,8911,0.4829,0,0,0.8911,
1,10,34,4829,0,0,8911,0.4829,0,0,0.8911,
1,10,35,4829,0,0,8911,0.4829,0,0,0.8911,
1,10,36,4829,0,0,8911,0.4829,0,0,0.8911,
1,10,37,4829,0,0,8911,0.4829,0,0,0.8911,
1,10,38,4829,0,0,8911,0.4829,0,0,0.8911,
1,10,39,4829,0,0,8911,0.4829,0,0,0.8911,
1,10,40,4829,0,0,8911,0.4829,0,0,0.8911,
1,10,41,4829,0,0,8911,0.4829,0,0,0.8911,
1,10,42,4829,0,0,8911,0.4829,0,0,0.8911,
1,10,43,4829,0,0,8911,0.4829,0,0,0.8911,
1,10,44,4829,0,0,8911,0.4829,0,0,0.8911,
1,10,45,4829,0,0,8911,0.4829,0,0,0.8911,
1,10,46,4829,0,0,8911,0.4829,0,0,0.8911,
1,10,47,4829,0,0,8911,0.4829,0,0,0.8911,
1,10,48,4829,0,0,8911,0.4829,0,0,0.8911,
1,10,49,4829,0,0,8911,0.4829,0,0,0.8911,
1,10,50,4829,0,0,8911,0.4829,0,0,0.8911,
1,10,51,4829,0,0,8911,0.4829,0,0,0.8911,
1,10,52,4829,0,0,8911,0.4829,0,0,0.8911,
1,10,53,4829,0,0,8911,0.4829,0,0,0.8911,
1,10,54,4829,0,0,8911,0.4829,0,0,0.8911,
1,10,55,4829,0,0,8911,0.4829,0,0,0.8911,
1,10,56,4829,0,0,8911,0.4829,0,0,0.8911,
1,10,57,4829,0,0,8911,0.4829,0,0,0.8911,
1,10,58,4829,0,0,8911,0.4829,0,0,0.8911,
1,10,59,4829,0,0,8911,0.4829,0,0,0.8911,
1,10,60,4829,0,0,8911,0.4829,0,0,0.8911,
1,10,61,4829,0,0,8911,0.4829,0,0,0.8911,
1,10,62,4829,0,0,8911,0.4829,0,0,0.8911,
1,10,63,4829,0,0,8911,0.4829,0,0,0.8911,
1,10,64,4829,0,0,8911,0.4829,0,0,0.8911,
1,10,65,4829,0,0,8911,0.4829,0,0,0.8911,
1,10,66,4829,0,0,8911,0.4829,0,0,0.8911,
1,10,67,4829,0,0,8911,0.4829,0,0,0.8911,
1,10,68,4829,0,0,8911,0.4829,0,0,0.8911,
1,10,69,4829,0,0,8911,0.4829,0,0,0.8911,
1,10,70,4829,0,0,8911,0.4829,0,0,0.8911,
1,10,71,4829,0,0,8911,0.4829,0,0,0.8911,
1,10,72,4829,0,0,8911,0.4829,0,0,0.8911,
1,10,73,4829,0,0,8911,0.4829,0,0,0.8911,
1,10,74,4829,0,0,8911,0.4829,0,0,0.8911,
1,10,75,4829,0,0,8911,0.4829,0,0,0.8911,
1,10,76,4829,0,0,8911,0.4829,0,0,0.8911,
1,10,77,4829,0,0,8911,0.4829,0,0,0.8911,
1,10,78,4829,0,0,8911,0.4829,0,0,0.8911,
1,10,79,4829,0,0,8911,0.4829,0,0,0.8911,
1,10,80,4829,0,0,8911,0.4829,0,0,0.8911,
1,10,81,4829,0,0,8911,0.4829,0,0,0.8911,
1,10,82,4829,0,0,8911,0.4829,0,0,0.8911,
1,10,83,4829,0,0,8911,0.4829,0,0,0.8911,
1,10,84,4829,0,0,8911,0.4829,0,0,0.8911,
1,10,85,4829,0,0,8911,0.4829,0,0,0.8911,
1,10,86,4829,0,0,8911,0.4829,0,0,0.8911,
1,10,87,4829,0,0,8911,0.4829,0,0,0.8911,
1,10,88,4829,0,0,8911,0.4829,0,0,0.8911,
1,10,89,4829,0,0,8911,0.4829,0,0,0.8911,
1,10,90,4829,0,0,8911,0.4829,0,0,0.8911,
1,10,91,4829,0,0,8911,0.4829,0,0,0.8911,
1,10,92,4829,0,0,8911,0.4829,0,0,0.8911,
1,10,93,4829,0,0,8911,0.4829,0,0,0.8911,
1,10,94,4829,0,0,8911,0.4829,0,0,0.8911,
1,10,95,4829,0,0,8911,0.4829,0,0,0.8911,
1,10,96,4829,0,0,8911,0.4829,0,0,0.8911,
1,10,97,4829,0,0,8911,0.4829,0,0,0.8911,
1,10,98,4829,0,0,8911,0.4829,0,0,0.8911,
1,10,99,4829,0,0,8911,0.4829,0,0,0.8911,
1,10,100,4829,0,0,8911,0.4829,0,0,0.8911,
1,11,0,9980,20,120,29880,0.998,0.002,0.012,2.988,6
1,11,1,9907,56,240,29516,0.9907,0.0056,0.024,2.9516,4.28571
1,11,2,9808,90,353,29024,0.9808,0.009,0.0353,2.9024,3.92222
1,11,3,9689,103,403,28440,0.9689,0.0103,0.0403,2.844,3.91262
1,11,4,9544,138,545,27742,0.9544,0.0138,0.0545,2.7742,3.94928
1,11,5,9368,161,610,26896,0.9368,0.0161,0.061,2.6896,3.78882
1,11,6,9122,239,881,25732,0.9122,0.0239,0.0881,2.5732,3.68619
1,11,7,8842,253,900,24457,0.8842,0.0253,0.09,2.4457,3.55731
1,11,8,8513,285,1003,22941,0.8513,0.0285,0.1003,2.2941,3.5193
1,11,9,8133,337,1124,21287,0.8133,0.0337,0.1124,2.1287,3.33531
1,11,10,7783,354,1153,19782,0.7783,0.0354,0.1153,1.9782,3.25706
1,11,11,7409,359,1118,18241,0.7409,0.0359,0.1118,1.8241,3.11421
1,11,12,7027,380,1147,16675,0.7027,0.038,0.1147,1.6675,3.01842
1,11,13,6711,334,932,15462,0.6711,0.0334,0.0932,1.5462,2.79042
1,11,14,6455,281,741,14503,0.6455,0.0281,0.0741,1.4503,2.63701
1,11,15,6244,251,658,13720,0.6244,0.0251,0.0658,1.372,2.62151
1,11,16,6058,185,451,13058,0.6058,0.0185,0.0451,1.3058,2.43784
1,11,17,5942,134,319,12648,0.5942,0.0134,0.0319,1.2648,2.3806
1,11,18,5852,97,237,12318,0.5852,0.0097,0.0237,1.2318,2.4433
1,11,19,5786,76,190,12085,0.5786,0.0076,0.019,1.2085,2.5
1,11,20,5716,70,167,11840,0.5716,0.007,0.0167,1.184,2.38571
1,11,21,5678,45,110,11704,0.5678,0.0045,0.011,1.1704,2.44444
1,11,22,5644,46,119,11580,0.5644,0.0046,0.0119,1.158,2.58696
1,11,23,5620,41,99,11505,0.562,0.0041,0.0099,1.1505,2.41463
1,11,24,5584,32,76,11379,0.5584,0.0032,0.0076,1.1379,2.375
1,11,25,5560,34,83,11295,0.556,0.0034,0.0083,1.1295,2.44118
1,11,26,5541,22,47,11237,0.5541,0.0022,0.0047,1.1237,2.13636
1,11,27,5537,14,31,11222,0.5537,0.0014,0.0031,1.1222,2.21429
1,11,28,5526,15,38,11178,0.5526,0.0015,0.0038,1.1178,2.53333
1,11,29,5518,10,26,11151,0.5518,0.001,0.0026,1.1151,2.6
1,11,30,5509,12,30,11119,0.5509,0.0012,0.003,1.1119,2.5
1,11,31,5490,22,47,11059,0.549,0.0022,0.0047,1.1059,2.13636
1,11,32,5464,24,59,10969,0.5464,0.0024,0.0059,1.0969,2.45833
1,11,33,5445,23,53,10911,0.5445,0.0023,0.0053,1.0911,2.30435
1,11,34,5417,29,65,10817,0.5417,0.0029,0.0065,1.0817,2.24138
1,11,35,5396,28,51,10754,0.5396,0.0028,0.0051,1.0754,1.82143
1,11,36,5387,11,20,10727,0.5387,0.0011,0.002,1.0727,1.81818
1,11,37,5383,8,22,10711,0.5383,0.0008,0.0022,1.0711,2.75
1,11,38,5373,9,33,10670,0.5373,0.0009,0.0033,1.067,3.66667
1,11,39,5345,22,54,10581,0.5345,0.0022,0.0054,1.0581,2.45455
1,11,40,5331,13,28,10534,0.5331,0.0013,0.0028,1.0534,2.15385
1,11,41,5324,8,14,10514,0.5324,0.0008,0.0014,1.0514,1.75
1,11,42,5321,5,7,10504,0.5321,0.0005,0.0007,1.0504,1.4
1,11,43,5317,4,6,10491,0.5317,0.0004,0.0006,1.0491,1.5
1,11,44,5316,1,1,10487,0.5316,0.0001,0.0001,1.0487,1
1,11,45,5315,1,2,10485,0.5315,0.0001,0.0002,1.0485,2
1,11,46,5315,0,0,10485,0.5315,0,0,1.0485,
1,11,47,5315,0,0,10485,0.5315,0,0,1.0485,
1,11,48,5315,0,0,10485,0.5315,0,0,1.0485,
1,11,49,5315,0,0,10485,0.5315,0,0,1.0485,
1,11,50,5315,0,0,10485,0.5315,0,0,1.0485,
1,11,51,5315,0,0,10485,0.5315,0,0,1.0485,
1,11,52,5315,0,0,10485,0.5315,0,0,1.0485,
1,11,53,5315,0,0,10485,0.5315,0,0,1.0485,
1,11,54,5315,0,0,10485,0.5315,0,0,1.0485,
1,11,55,5315,0,0,10485,0.5315,0,0,1.0485,
1,11,56,5315,0,0,10485,0.5315,0,0,1.0485,
1,11,57,5315,0,0,10485,0.5315,0,0,1.0485,
1,11,58,5315,0,0,10485,0.5315,0,0,1.0485,
1,11,59,5315,0,0,10485,0.5315,0,0,1.0485,
1,11,60,5315,0,0,10485,0.5315,0,0,1.0485,
1,11,61,5315,0,0,10485,0.5315,0,0,1.0485,
1,11,62,5315,0,0,10485,0.5315,0,0,1.0485,
1,11,63,5315,0,0,10485,0.5315,0,0,1.0485,
1,11,64,5315,0,0,10485,0.5315,0,0,1.0485,
1,11,65,5315,0,0,10485,0.5315,0,0,1.0485,
1,11,66,5315,0,0,10485,0.5315,0,0,1.0485,
1,11,67,5315,0,0,10485,0.5315,0,0,1.0485,
1,11,68,5315,0,0,10485,0.5315,0,0,1.0485,
1,11,69,5315,0,0,10485,0.5315,0,0,1.0485,
1,11,70,5315,0,0,10485,0.5315,0,0,1.0485,
1,11,71,5315,0,0,10485,0.5315,0,0,1.0485,
1,11,72,5315,0,0,10485,0.5315,0,0,1.0485,
1,11,73,5315,0,0,10485,0.5315,0,0,1.0485,
1,11,74,5315,0,0,10485,0.5315,0,0,1.0485,
1,11,75,5315,0,0,10485,0.5315,0,0,1.0485,
1,11,76,5315,0,0,10485,0.5315,0,0,1.0485,
1,11,77,5315,0,0,10485,0.5315,0,0,1.0485,
1,11,78,5315,0,0,10485,0.5315,0,0,1.0485,
1,11,79,5315,0,0,10485,0.5315,0,0,1.0485,
1,11,80,5315,0,0,10485,0.5315,0,0,1.0485,
1,11,81,5315,0,0,10485,0.5315,0,0,1.0485,
1,11,82,5315,0,0,10485,0.5315,0,0,1.0485,
1,11,83,5315,0,0,10485,0.5315,0,0,1.0485,
1,11,84,5315,0,0,10485,0.5315,0,0,1.0485,
1,11,85,5315,0,0,10485,0.5315,0,0,1.0485,
1,11,86,5315,0,0,10485,0.5315,0,0,1.0485,
1,11,87,5315,0,0,10485,0.5315,0,0,1.0485,
1,11,88,5315,0,0,10485,0.5315,0,0,1.0485,
1,11,89,5315,0,0,10485,0.5315,0,0,1.0485,
1,11,90,5315,0,0,10485,0.5315,0,0,1.0485,
1,11,91,5315,0,0,10485,0.5315,0,0,1.0485,
1,11,92,5315,0,0,10485,0.5315,0,0,1.0485,
1,11,93,5315,0,0,10485,0.5315,0,0,1.0485,
1,11,94,5315,0,0,10485,0.5315,0,0,1.0485,
1,11,95,5315,0,0,10485,0.5315,0,0,1.0485,
1,11,96,5315,0,0,10485,0.5315,0,0,1.0485,
1,11,97,5315,0,0,10485,0.5315,0,0,1.0485,
1,11,98,5315,0,0,10485,0.5315,0,0,1.0485,
1,11,99,5315,0,0,10485,0.5315,0,0,1.0485,
1,11,100,5315,0,0,10485,0.5315,0,0,1.0485,
1,12,0,9980,20,120,29880,0.998,0.002,0.012,2.988,6
1,12,1,9934,38,159,29651,0.9934,0.0038,0.0159,2.9651,4.18421
1,12,2,9868,65,261,29323,0.9868,0.0065,0.0261,2.9323,4.01538
1,12,3,9781,76,297,28894,0.9781,0.0076,0.0297,2.8894,3.90789
1,12,4,9669,94,379,28342,0.9669,0.0094,0.0379,2.8342,4.03191
1,12,5,9503,145,560,27539,0.9503,0.0145,0.056,2.7539,3.86207
1,12,6,9254,235,875,26350,0.9254,0.0235,0.0875,2.635,3.7234
1,12,7,8967,253,913,25000,0.8967,0.0253,0.0913,2.5,3.6087
1,12,8,8617,319,1124,23392,0.8617,0.0319,0.1124,2.3392,3.52351
1,12,9,8220,387,1308,21635,0.822,0.0387,0.1308,2.1635,3.37984
1,12,10,7798,407,1283,19818,0.7798,0.0407,0.1283,1.9818,3.15233
1,12,11,7411,397,1216,18211,0.7411,0.0397,0.1216,1.8211,3.06297
1,12,12,7008,398,1180,16603,0.7008,0.0398,0.118,1.6603,2.96482
1,12,13,6645,390,1078,15190,0.6645,0.039,0.1078,1.519,2.7641
1,12,14,6291,358,1012,13837,0.6291,0.0358,0.1012,1.3837,2.82682
1,12,15,6032,292,776,12895,0.6032,0.0292,0.0776,1.2895,2.65753
1,12,16,5826,244,628,12147,0.5826,0.0244,0.0628,1.2147,2.57377
1,12,17,5683,170,418,11675,0.5683,0.017,0.0418,1.1675,2.45882
1,12,18,5561,136,329,11247,0.5561,0.0136,0.0329,1.1247,2.41912
1,12,19,5461,104,254,10903,0.5461,0.0104,0.0254,1.0903,2.44231
1,12,20,5380,88,213,10642,0.538,0.0088,0.0213,1.0642,2.42045
1,12,21,5331,64,146,10483,0.5331,0.0064,0.0146,1.0483,2.28125
1,12,22,5291,50,112,10356,0.5291,0.005,0.0112,1.0356,2.24
1,12,23,5251,43,100,10223,0.5251,0.0043,0.01,1.0223,2.32558
1,12,24,5229,32,77,10150,0.5229,0.0032,0.0077,1.015,2.40625
1,12,25,5217,20,49,10112,0.5217,0.002,0.0049,1.0112,2.45
1,12,26,5202,18,38,10064,0.5202,0.0018,0.0038,1.0064,2.11111
1,12,27,5186,14,29,10015,0.5186,0.0014,0.0029,1.0015,2.07143
1,12,28,5181,8,17,9998,0.5181,0.0008,0.0017,0.9998,2.125
1,12,29,5178,4,9,9988,0.5178,0.0004,0.0009,0.9988,2.25
1,12,30,5177,3,4,9986,0.5177,0.0003,0.0004,0.9986,1.33333
1,12,31,5175,2,2,9981,0.5175,0.0002,0.0002,0.9981,1
1,12,32,5173,1,0,9974,0.5173,0.0001,0,0.9974,0
1,12,33,5173,1,0,9974,0.5173,0.0001,0,0.9974,0
1,12,34,5173,0,0,9974,0.5173,0,0,0.9974,
1,12,35,5173,0,0,9974,0.5173,0,0,0.9974,
1,12,36,5173,0,0,9974,0.5173,0,0,0.9974,
1,12,37,5173,0,0,9974,0.5173,0,0,0.9974,
1,12,38,5173,0,0,9974,0.5173,0,0,0.9974,
1,12,39,5173,0,0,9974,0.5173,0,0,0.9974,
1,12,40,5173,0,0,9974,0.5173,0,0,0.9974,
1,12,41,5173,0,0,9974,0.5173,0,0,0.9974,
1,12,42,5173,0,0,9974,0.5173,0,0,0.9974,
1,12,43,5173,0,0,9974,0.5173,0,0,0.9974,
1,12,44,5173,0,0,9974,0.5173,0,0,0.9974,
1,12,45,5173,0,0,9974,0.5173,0,0,0.9974,
1,12,46,5173,0,0,9974,0.5173,0,0,0.9974,
1,12,47,5173,0,0,9974,0.5173,0,0,0.9974,
1,12,48,5173,0,0,9974,0.5173,0,0,0.9974,
1,12,49,5173,0,0,9974,0.5173,0,0,0.9974,
1,12,50,5173,0,0,9974,0.5173,0,0,0.9974,
1,12,51,5173,0,0,9974,0.5173,0,0,0.9974,
1,12,52,5173,0,0,9974,0.5173,0,0,0.9974,
1,12,53,5173,0,0,9974,0.5173,0,0,0.9974,
1,12,54,5173,0,0,9974,0.5173,0,0,0.9974,
1,12,55,5173,0,0,9974,0.5173,0,0,0.9974,
1,12,56,5173,0,0,9974,0.5173,0,0,0.9974,
1,12,57,5173,0,0,9974,0.5173,0,0,0.9974,
1,12,58,5173,0,0,9974,0.5173,0,0,0.9974,
1,12,59,5173,0,0,9974,0.5173,0,0,0.9974,
1,12,60,5173,0,0,9974,0.5173,0,0,0.9974,
1,12,61,5173,0,0,9974,0.5173,0,0,0.9974,
1,12,62,5173,0,0,9974,0.5173,0,0,0.9974,
1,12,63,5173,0,0,9974,0.5173,0,0,0.9974,
1,12,64,5173,0,0,9974,0.5173,0,0,0.9974,
1,12,65,5173,0,0,9974,0.5173,0,0,0.9974,
1,12,66,5173,0,0,9974,0.5173,0,0,0.9974,
1,12,67,5173,0,0,9974,0.5173,0,0,0.9974,
1,12,68,5173,0,0,9974,0.5173,0,0,0.9974,
1,12,69,5173,0,0,9974,0.5173,0,0,0.9974,
1,12,70,5173,0,0,9974,0.5173,0,0,0.9974,
1,12,71,5173,0,0,9974,0.5173,0,0,0.9974,
1,12,72,5173,0,0,9974,0.5173,0,0,0.9974,
1,12,73,5173,0,0,9974,0.5173,0,0,0.9974,
1,12,74,5173,0,0,9974,0.5173,0,0,0.9974,
1,12,75,5173,0,0,9974,0.5173,0,0,0.9974,
1,12,76,5173,0,0,9974,0.5173,0,0,0.9974,
1,12,77,5173,0,0,9974,0.5173,0,0,0.9974,
1,12,78,5173,0,0,9974,0.5173,0,0,0.9974,
1,12,79,5173,0,0,9974,0.5173,0,0,0.9974,
1,12,80,5173,0,0,9974,0.5173,0,0,0.9974,
1,12,81,5173,0,0,9974,0.5173,0,0,0.9974,
1,12,82,5173,0,0,9974,0.5173,0,0,0.9974,
1,12,83,5173,0,0,9974,0.5173,0,0,0.9974,
1,12,84,5173,0,0,9974,0.5173,0,0,0.9974,
1,12,85,5173,0,0,9974,0.5173,0,0,0.9974,
1,12,86,5173,0,0,9974,0.5173,0,0,0.9974,
1,12,87,5173,0,0,9974,0.5173,0,0,0.9974,
1,12,88,5173,0,0,9974,0.5173,0,0,0.9974,
1,12,89,5173,0,0,9974,0.5173,0,0,0.9974,
1,12,90,5173,0,0,9974,0.5173,0,0,0.9974,
1,12,91,5173,0,0,9974,0.5173,0,0,0.9974,
1,12,92,5173,0,0,9974,0.5173,0,0,0.9974,
1,12,93,5173,0,0,9974,0.5173,0,0,0.9974,
1,12,94,5173,0,0,9974,0.5173,0,0,0.9974,
1,12,95,5173,0,0,9974,0.5173,0,0,0.9974,
1,12,96,5173,0,0,9974,0.5173,0,0,0.9974,
1,12,97,5173,0,0,9974,0.5173,0,0,0.9974,
1,12,98,5173,0,0,9974,0.5173,0,0,0.9974,
1,12,99,5173,0,0,9974,0.5173,0,0,0.9974,
1,12,100,5173,0,0,9974,0.5173,0,0,0.9974,
1,13,0,9980,20,120,29880,0.998,0.002,0.012,2.988,6
1,13,1,9957,19,89,29765,0.9957,0.0019,0.0089,2.9765,4.68421
1,13,2,9924,32,131,29601,0.9924,0.0032,0.0131,2.9601,4.09375
1,13,3,9888,34,144,29422,0.9888,0.0034,0.0144,2.9422,4.23529
1,13,4,9807,66,257,29022,0.9807,0.0066,0.0257,2.9022,3.89394
1,13,5,9696,114,442,28476,0.9696,0.0114,0.0442,2.8476,3.87719
1,13,6,9513,158,605,27583,0.9513,0.0158,0.0605,2.7583,3.82911
1,13,7,9258,215,791,26370,0.9258,0.0215,0.0791,2.637,3.67907
1,13,8,8945,278,1014,24885,0.8945,0.0278,0.1014,2.4885,3.64748
1,13,9,8607,317,1125,23344,0.8607,0.0317,0.1125,2.3344,3.5489
1,13,10,8187,390,1323,21485,0.8187,0.039,0.1323,2.1485,3.39231
1,13,11,7758,409,1317,19639,0.7758,0.0409,0.1317,1.9639,3.22005
1,13,12,7345,398,1214,17941,0.7345,0.0398,0.1214,1.7941,3.05025
1,13,13,7030,327,948,16683,0.703,0.0327,0.0948,1.6683,2.89908
1,13,14,6733,311,869,15519,0.6733,0.0311,0.0869,1.5519,2.79421
1,13,15,6450,312,863,14439,0.645,0.0312,0.0863,1.4439,2.76603
1,13,16,6199,260,708,13502,0.6199,0.026,0.0708,1.3502,2.72308
1,13,17,5974,257,678,12687,0.5974,0.0257,0.0678,1.2687,2.63813
1,13,18,5752,230,592,11893,0.5752,0.023,0.0592,1.1893,2.57391
1,13,19,5575,193,478,11264,0.5575,0.0193,0.0478,1.1264,2.47668
1,13,20,5458,142,302,10890,0.5458,0.0142,0.0302,1.089,2.12676
1,13,21,5361,108,240,10573,0.5361,0.0108,0.024,1.0573,2.22222
1,13,22,5291,88,190,10352,0.5291,0.0088,0.019,1.0352,2.15909
1,13,23,5248,52,111,10213,0.5248,0.0052,0.0111,1.0213,2.13462
1,13,24,5210,45,101,10090,0.521,0.0045,0.0101,1.009,2.24444
1,13,25,5193,24,42,10047,0.5193,0.0024,0.0042,1.0047,1.75
1,13,26,5185,13,31,10019,0.5185,0.0013,0.0031,1.0019,2.38462
1,13,27,5175,12,28,9983,0.5175,0.0012,0.0028,0.9983,2.33333
1,13,28,5168,10,22,9957,0.5168,0.001,0.0022,0.9957,2.2
1,13,29,5164,3,8,9945,0.5164,0.0003,0.0008,0.9945,2.66667
1,13,30,5161,4,10,9935,0.5161,0.0004,0.001,0.9935,2.5
1,13,31,5150,9,24,9896,0.515,0.0009,0.0024,0.9896,2.66667
1,13,32,5139,11,26,9862,0.5139,0.0011,0.0026,0.9862,2.36364
1,13,33,5129,10,25,9832,0.5129,0.001,0.0025,0.9832,2.5
1,13,34,5123,7,20,9812,0.5123,0.0007,0.002,0.9812,2.85714
1,13,35,5116,10,21,9793,0.5116,0.001,0.0021,0.9793,2.1
1,13,36,5104,13,29,9749,0.5104,0.0013,0.0029,0.9749,2.23077
1,13,37,5098,10,24,9728,0.5098,0.001,0.0024,0.9728,2.4
1,13,38,5093,8,21,9714,0.5093,0.0008,0.0021,0.9714,2.625
1,13,39,5090,4,7,9703,0.509,0.0004,0.0007,0.9703,1.75
1,13,40,5086,6,12,9691,0.5086,0.0006,0.0012,0.9691,2
1,13,41,5079,6,11,9670,0.5079,0.0006,0.0011,0.967,1.83333
1,13,42,5077,3,3,9662,0.5077,0.0003,0.0003,0.9662,1
1,13,43,5075,3,7,9655,0.5075,0.0003,0.0007,0.9655,2.33333
1,13,44,5063,9,21,9619,0.5063,0.0009,0.0021,0.9619,2.33333
1,13,45,5055,8,19,9594,0.5055,0.0008,0.0019,0.9594,2.375
1,13,46,5045,9,20,9561,0.5045,0.0009,0.002,0.9561,2.22222
1,13,47,5044,2,2,9557,0.5044,0.0002,0.0002,0.9557,1
1,13,48,5044,1,0,9557,0.5044,0.0001,0,0.9557,0
1,13,49,5044,0,0,9557,0.5044,0,0,0.9557,
1,13,50,5044,0,0,9557,0.5044,0,0,0.9557,
1,13,51,5044,0,0,9557,0.5044,0,0,0.9557,
1,13,52,5044,0,0,9557,0.5044,0,0,0.9557,
1,13,53,5044,0,0,9557,0.5044,0,0,0.9557,
1,13,54,5044,0,0,9557,0.5044,0,0,0.9557,
1,13,55,5044,0,0,9557,0.5044,0,0,0.9557,
1,13,56,5044,0,0,9557,0.5044,0,0,0.9557,
1,13,57,5044,0,0,9557,0.5044,0,0,0.9557,
1,13,58,5044,0,0,9557,0.5044,0,0,0.9557,
1,13,59,5044,0,0,9557,0.5044,0,0,0.9557,
1,13,60,5044,0,0,9557,0.5044,0,0,0.9557,
1,13,61,5044,0,0,9557,0.5044,0,0,0.9557,
1,13,62,5044,0,0,9557,0.5044,0,0,0.9557,
1,13,63,5044,0,0,9557,0.5044,0,0,0.9557,
1,13,64,5044,0,0,9557,0.5044,0,0,0.9557,
1,13,65,5044,0,0,9557,0.5044,0,0,0.9557,
1,13,66,5044,0,0,9557,0.5044,0,0,0.9557,
1,13,67,5044,0,0,9557,0.5044,0,0,0.9557,
1,13,68,5044,0,0,9557,0.5044,0,0,0.9557,
1,13,69,5044,0,0,9557,0.5044,0,0,0.9557,
1,13,70,5044,0,0,9557,0.5044,0,0,0.9557,
1,13,71,5044,0,0,9557,0.5044,0,0,0.9557,
1,13,72,5044,0,0,9557,0.5044,0,0,0.9557,
1,13,73,5044,0,0,9557,0.5044,0,0,0.9557,
1,13,74,5044,0,0,9557,0.5044,0,0,0.9557,
1,13,75,5044,0,0,9557,0.5044,0,0,0.9557,
1,13,76,5044,0,0,9557,0.5044,0,0,0.9557,
1,13,77,5044,0,0,9557,0.5044,0,0,0.9557,
1,13,78,5044,0,0,9557,0.5044,0,0,0.9557,
1,13,79,5044,0,0,9557,0.5044,0,0,0.9557,
1,13,80,5044,0,0,9557,0.5044,0,0,0.9557,
1,13,81,5044,0,0,9557,0.5044,0,0,0.9557,
1,13,82,5044,0,0,9557,0.5044,0,0,0.9557,
1,13,83,5044,0,0,9557,0.5044,0,0,0.9557,
1,13,84,5044,0,0,9557,0.5044,0,0,0.9557,
1,13,85,5044,0,0,9557,0.5044,0,0,0.9557,
1,13,86,5044,0,0,9557,0.5044,0,0,0.9557,
1,13,87,5044,0,0,9557,0.5044,0,0,0.9557,
1,13,88,5044,0,0,9557,0.5044,0,0,0.9557,
1,13,89,5044,0,0,9557,0.5044,0,0,0.9557,
1,13,90,5044,0,0,9557,0.5044,0,0,0.9557,
1,13,91,5044,0,0,9557,0.5044,0,0,0.9557,
1,13,92,5044,0,0,9557,0.5044,0,0,0.9557,
1,13,93,5044,0,0,9557,0.5044,0,0,0.9557,
1,13,94,5044,0,0,9557,0.5044,0,0,0.9557,
1,13,95,5044,0,0,9557,0.5044,0,0,0.9557,
1,13,96,5044,0,0,9557,0.5044,0,0,0.9557,
1,13,97,5044,0,0,9557,0.5044,0,0,0.9557,
1,13,98,5044,0,0,9557,0.5044,0,0,0.9557,
1,13,99,5044,0,0,9557,0.5044,0,0,0.9557,
1,13,100,5044,0,0,9557,0.5044,0,0,0.9557,
1,14,0,9980,20,120,29880,0.998,0.002,0.012,2.988,6
1,14,1,9924,43,180,29601,0.9924,0.0043,0.018,2.9601,4.18605
1,14,2,9839,81,327,29179,0.9839,0.0081,0.0327,2.9179,4.03704
1,14,3,9708,116,448,28537,0.9708,0.0116,0.0448,2.8537,3.86207
1,14,4,9529,173,660,27668,0.9529,0.0173,0.066,2.7668,3.81503
1,14,5,9297,214,789,26559,0.9297,0.0214,0.0789,2.6559,3.68692
1,14,6,8974,296,1078,25052,0.8974,0.0296,0.1078,2.5052,3.64189
1,14,7,8579,361,1233,23260,0.8579,0.0361,0.1233,2.326,3.41551
1,14,8,8189,394,1311,21545,0.8189,0.0394,0.1311,2.1545,3.32741
1,14,9,7708,450,1450,19462,0.7708,0.045,0.145,1.9462,3.22222
1,14,10,7271,453,1385,17662,0.7271,0.0453,0.1385,1.7662,3.0574
1,14,11,6852,429,1216,16008,0.6852,0.0429,0.1216,1.6008,2.8345
1,14,12,6446,405,1061,14491,0.6446,0.0405,0.1061,1.4491,2.61975
1,14,13,6138,345,905,13363,0.6138,0.0345,0.0905,1.3363,2.62319
1,14,14,5869,305,738,12429,0.5869,0.0305,0.0738,1.2429,2.41967
1,14,15,5661,210,523,11678,0.5661,0.021,0.0523,1.1678,2.49048
1,14,16,5537,143,354,11259,0.5537,0.0143,0.0354,1.1259,2.47552
1,14,17,5424,132,304,10879,0.5424,0.0132,0.0304,1.0879,2.30303
1,14,18,5318,108,238,10528,0.5318,0.0108,0.0238,1.0528,2.2037
1,14,19,5252,82,190,10311,0.5252,0.0082,0.019,1.0311,2.31707
1,14,20,5197,64,137,10132,0.5197,0.0064,0.0137,1.0132,2.14062
1,14,21,5148,54,115,9974,0.5148,0.0054,0.0115,0.9974,2.12963
1,14,22,5123,33,76,9904,0.5123,0.0033,0.0076,0.9904,2.30303
1,14,23,5110,21,50,9858,0.511,0.0021,0.005,0.9858,2.38095
1,14,24,5096,16,36,9812,0.5096,0.0016,0.0036,0.9812,2.25
1,14,25,5090,7,15,9793,0.509,0.0007,0.0015,0.9793,2.14286
1,14,26,5088,1,0,9785,0.5088,0.0001,0,0.9785,0
1,14,27,5088,0,0,9785,0.5088,0,0,0.9785,
1,14,28,5088,0,0,9785,0.5088,0,0,0.9785,
1,14,29,5088,0,0,9785,0.5088,0,0,0.9785,
1,14,30,5088,0,0,9785,0.5088,0,0,0.9785,
1,14,31,5088,0,0,9785,0.5088,0,0,0.9785,
1,14,32,5088,0,0,9785,0.5088,0,0,0.9785,
1,14,33,5088,0,0,9785,0.5088,0,0,0.9785,
1,14,34,5088,0,0,9785,0.5088,0,0,0.9785,
1,14,35,5088,0,0,9785,0.5088,0,0,0.9785,
1,14,36,5088,0,0,9785,0.5088,0,0,0.9785,
1,14,37,5088,0,0,9785,0.5088,0,0,0.9785,
1,14,38,5088,0,0,9785,0.5088,0,0,0.9785,
1,14,39,5088,0,0,9785,0.5088,0,0,0.9785,
1,14,40,5088,0,0,9785,0.5088,0,0,0.9785,
1,14,41,5088,0,0,9785,0.5088,0,0,0.9785,
1,14,42,5088,0,0,9785,0.5088,0,0,0.9785,
1,14,43,5088,0,0,9785,0.5088,0,0,0.9785,
1,14,44,5088,0,0,9785,0.5088,0,0,0.9785,
1,14,45,5088,0,0,9785,0.5088,0,0,0.9785,
1,14,46,5088,0,0,9785,0.5088,0,0,0.9785,
1,14,47,5088,0,0,9785,0.5088,0,0,0.9785,
1,14,48,5088,0,0,9785,0.5088,0,0,0.9785,
1,14,49,5088,0,0,9785,0.5088,0,0,0.9785,
1,14,50,5088,0,0,9785,0.5088,0,0,0.9785,
1,14,51,5088,0,0,9785,0.5088,0,0,0.9785,
1,14,52,5088,0,0,9785,0.5088,0,0,0.9785,
1,14,53,5088,0,0,9785,0.5088,0,0,0.9785,
1,14,54,5088,0,0,9785,0.5088,0,0,0.9785,
1,14,55,5088,0,0,9785,0.5088,0,0,0.9785,
1,14,56,5088,0,0,9785,0.5088,0,0,0.9785,
1,14,57,5088,0,0,9785,0.5088,0,0,0.9785,
1,14,58,5088,0,0,9785,0.5088,0,0,0.9785,
1,14,59,5088,0,0,9785,0.5088,0,0,0.9785,
1,14,60,5088,0,0,9785,0.5088,0,0,0.9785,
1,14,61,5088,0,0,9785,0.5088,0,0,0.9785,
1,14,62,5088,0,0,9785,0.5088,0,0,0.9785,
1,14,63,5088,0,0,9785,0.5088,0,0,0.9785,
1,14,64,5088,0,0,9785,0.5088,0,0,0.9785,
1,14,65,5088,0,0,9785,0.5088,0,0,0.9785,
1,14,66,5088,0,0,9785,0.5088,0,0,0.9785,
1,14,67,5088,0,0,9785,0.5088,0,0,0.9785,
1,14,68,5088,0,0,9785,0.5088,0,0,0.9785,
1,14,69,5088,0,0,9785,0.5088,0,0,0.9785,
1,14,70,5088,0,0,9785,0.5088,0,0,0.9785,
1,14,71,5088,0,0,9785,0.5088,0,0,0.9785,
1,14,72,5088,0,0,9785,0.5088,0,0,0.9785,
1,14,73,5088,0,0,9785,0.5088,0,0,0.9785,
1,14,74,5088,0,0,9785,0.5088,0,0,0.9785,
1,14,75,5088,0,0,9785,0.5088,0,0,0.9785,
1,14,76,5088,0,0,9785,0.5088,0,0,0.9785,
1,14,77,5088,0,0,9785,0.5088,0,0,0.9785,
1,14,78,5088,0,0,9785,0.5088,0,0,0.9785,
1,14,79,5088,0,0,9785,0.5088,0,0,0.9785,
1,14,80,5088,0,0,9785,0.5088,0,0,0.9785,
1,14,81,5088,0,0,9785,0.5088,0,0,0.9785,
1,14,82,5088,0,0,9785,0.5088,0,0,0.9785,
1,14,83,5088,0,0,9785,0.5088,0,0,0.9785,
1,14,84,5088,0,0,9785,0.5088,0,0,0.9785,
1,14,85,5088,0,0,9785,0.5088,0,0,0.9785,
1,14,86,5088,0,0,9785,0.5088,0,0,0.9785,
1,14,87,5088,0,0,9785,0.5088,0,0,0.9785,
1,14,88,5088,0,0,9785,0.5088,0,0,0.9785,
1,14,89,5088,0,0,9785,0.5088,0,0,0.9785,
1,14,90,5088,0,0,9785,0.5088,0,0,0.9785,
1,14,91,5088,0,0,9785,0.5088,0,0,0.9785,
1,14,92,5088,0,0,9785,0.5088,0,0,0.9785,
1,14,93,5088,0,0,9785,0.5088,0,0,0.9785,
1,14,94,5088,0,0,9785,0.5088,0,0,0.9785,
1,14,95,5088,0,0,9785,0.5088,0,0,0.9785,
1,14,96,5088,0,0,9785,0.5088,0,0,0.9785,
1,14,97,5088,0,0,9785,0.5088,0,0,0.9785,
1,14,98,5088,0,0,9785,0.5088,0,0,0.9785,
1,14,99,5088,0,0,9785,0.5088,0,0,0.9785,
1,14,100,5088,0,0,9785,0.5088,0,0,0.9785,
1,15,0,9980,20,118,29881,0.998,0.002,0.0118,2.9881,5.9
1,15,1,9948,30,138,29721,0.9948,0.003,0.0138,2.9721,4.6
1,15,2,9878,56,234,29372,0.9878,0.0056,0.0234,2.9372,4.17857
1,15,3,9791,80,314,28943,0.9791,0.008,0.0314,2.8943,3.925
1,15,4,9667,114,446,28335,0.9667,0.0114,0.0446,2.8335,3.91228
1,15,5,9490,153,585,27472,0.949,0.0153,0.0585,2.7472,3.82353
1,15,6,9276,203,776,26453,0.9276,0.0203,0.0776,2.6453,3.82266
1,15,7,9033,232,862,25315,0.9033,0.0232,0.0862,2.5315,3.71552
1,15,8,8752,271,960,24018,0.8752,0.0271,0.096,2.4018,3.54244
1,15,9,8418,308,1070,22499,0.8418,0.0308,0.107,2.2499,3.47403
1,15,10,8055,342,1126,20916,0.8055,0.0342,0.1126,2.0916,3.2924
1,15,11,7663,378,1254,19231,0.7663,0.0378,0.1254,1.9231,3.31746
1,15,12,7210,430,1331,17378,0.721,0.043,0.1331,1.7378,3.09535
1,15,13,6832,404,1164,15892,0.6832,0.0404,0.1164,1.5892,2.88119
1,15,14,6380,412,1147,14180,0.638,0.0412,0.1147,1.418,2.78398
1,15,15,6040,338,863,12942,0.604,0.0338,0.0863,1.2942,2.55325
1,15,16,5811,269,665,12116,0.5811,0.0269,0.0665,1.2116,2.47212
1,15,17,5663,184,454,11621,0.5663,0.0184,0.0454,1.1621,2.46739
1,15,18,5541,131,320,11211,0.5541,0.0131,0.032,1.1211,2.44275
1,15,19,5452,104,231,10921,0.5452,0.0104,0.0231,1.0921,2.22115
1,15,20,5379,81,184,10675,0.5379,0.0081,0.0184,1.0675,2.2716
1,15,21,5306,76,167,10437,0.5306,0.0076,0.0167,1.0437,2.19737
1,15,22,5259,55,125,10282,0.5259,0.0055,0.0125,1.0282,2.27273
1,15,23,5221,54,124,10163,0.5221,0.0054,0.0124,1.0163,2.2963
1,15,24,5192,36,83,10065,0.5192,0.0036,0.0083,1.0065,2.30556
1,15,25,5177,26,65,10010,0.5177,0.0026,0.0065,1.001,2.5
1,15,26,5160,23,46,9958,0.516,0.0023,0.0046,0.9958,2
1,15,27,5147,20,45,9916,0.5147,0.002,0.0045,0.9916,2.25
1,15,28,5140,13,28,9896,0.514,0.0013,0.0028,0.9896,2.15385
1,15,29,5134,7,15,9876,0.5134,0.0007,0.0015,0.9876,2.14286
1,15,30,5131,3,5,9864,0.5131,0.0003,0.0005,0.9864,1.66667
1,15,31,5127,2,7,9848,0.5127,0.0002,0.0007,0.9848,3.5
1,15,32,5125,2,3,9843,0.5125,0.0002,0.0003,0.9843,1.5
1,15,33,5125,1,2,9843,0.5125,0.0001,0.0002,0.9843,2
1,15,34,5124,2,6,9838,0.5124,0.0002,0.0006,0.9838,3
1,15,35,5124,0,0,9838,0.5124,0,0,0.9838,
1,15,36,5124,0,0,9838,0.5124,0,0,0.9838,
1,15,37,5124,0,0,9838,0.5124,0,0,0.9838,
1,15,38,5124,0,0,9838,0.5124,0,0,0.9838,
1,15,39,5124,0,0,9838,0.5124,0,0,0.9838,
1,15,40,5124,0,0,9838,0.5124,0,0,0.9838,
1,15,41,5124,0,0,9838,0.5124,0,0,0.9838,
1,15,42,5124,0,0,9838,0.5124,0,0,0.9838,
1,15,43,5124,0,0,9838,0.5124,0,0,0.9838,
1,15,44,5124,0,0,9838,0.5124,0,0,0.9838,
1,15,45,5124,0,0,9838,0.5124,0,0,0.9838,
1,15,46,5124,0,0,9838,0.5124,0,0,0.9838,
1,15,47,5124,0,0,9838,0.5124,0,0,0.9838,
1,15,48,5124,0,0,9838,0.5124,0,0,0.9838,
1,15,49,5124,0,0,9838,0.5124,0,0,0.9838,
1,15,50,5124,0,0,9838,0.5124,0,0,0.9838,
1,15,51,5124,0,0,9838,0.5124,0,0,0.9838,
1,15,52,5124,0,0,9838,0.5124,0,0,0.9838,
1,15,53,5124,0,0,9838,0.5124,0,0,0.9838,
1,15,54,5124,0,0,9838,0.5124,0,0,0.9838,
1,15,55,5124,0,0,9838,0.5124,0,0,0.9838,
1,15,56,5124,0,0,9838,0.5124,0,0,0.9838,
1,15,57,5124,0,0,9838,0.5124,0,0,0.9838,
1,15,58,5124,0,0,9838,0.5124,0,0,0.9838,
1,15,59,5124,0,0,9838,0.5124,0,0,0.9838,
1,15,60,5124,0,0,9838,0.5124,0,0,0.9838,
1,15,61,5124,0,0,9838,0.5124,0,0,0.9838,
1,15,62,5124,0,0,9838,0.5124,0,0,0.9838,
1,15,63,5124,0,0,9838,0.5124,0,0,0.9838,
1,15,64,5124,0,0,9838,0.5124,0,0,0.9838,
1,15,65,5124,0,0,9838,0.5124,0,0,0.9838,
1,15,66,5124,0,0,9838,0.5124,0,0,0.9838,
1,15,67,5124,0,0,9838,0.5124,0,0,0.9838,
1,15,68,5124,0,0,9838,0.5124,0,0,0.9838,
1,15,69,5124,0,0,9838,0.5124,0,0,0.9838,
1,15,70,5124,0,0,9838,0.5124,0,0,0.9838,
1,15,71,5124,0,0,9838,0.5124,0,0,0.9838,
1,15,72,5124,0,0,9838,0.5124,0,0,0.9838,
1,15,73,5124,0,0,9838,0.5124,0,0,0.9838,
1,15,74,5124,0,0,9838,0.5124,0,0,0.9838,
1,15,75,5124,0,0,9838,0.5124,0,0,0.9838,
1,15,76,5124,0,0,9838,0.5124,0,0,0.9838,
1,15,77,5124,0,0,9838,0.5124,0,0,0.9838,
1,15,78,5124,0,0,9838,0.5124,0,0,0.9838,
1,15,79,5124,0,0,9838,0.5124,0,0,0.9838,
1,15,80,5124,0,0,9838,0.5124,0,0,0.9838,
1,15,81,5124,0,0,9838,0.5124,0,0,0.9838,
1,15,82,5124,0,0,9838,0.5124,0,0,0.9838,
1,15,83,5124,0,0,9838,0.5124,0,0,0.9838,
1,15,84,5124,0,0,9838,0.5124,0,0,0.9838,
1,15,85,5124,0,0,9838,0.5124,0,0,0.9838,
1,15,86,5124,0,0,9838,0.5124,0,0,0.9838,
1,15,87,5124,0,0,9838,0.5124,0,0,0.9838,
1,15,88,5124,0,0,9838,0.5124,0,0,0.9838,
1,15,89,5124,0,0,9838,0.5124,0,0,0.9838,
1,15,90,5124,0,0,9838,0.5124,0,0,0.9838,
1,15,91,5124,0,0,9838,0.5124,0,0,0.9838,
1,15,92,5124,0,0,9838,0.5124,0,0,0.9838,
1,15,93,5124,0,0,9838,0.5124,0,0,0.9838,
1,15,94,5124,0,0,9838,0.5124,0,0,0.9838,
1,15,95,5124,0,0,9838,0.5124,0,0,0.9838,
1,15,96,5124,0,0,9838,0.5124,0,0,0.9838,
1,15,97,5124,0,0,9838,0.5124,0,0,0.9838,
1,15,98,5124,0,0,9838,0.5124,0,0,0.9838,
1,15,99,5124,0,0,9838,0.5124,0,0,0.9838,
1,15,100,5124,0,0,9838,0.5124,0,0,0.9838,
1,16,0,9980,20,120,29880,0.998,0.002,0.012,2.988,6
1,16,1,9929,40,169,29627,0.9929,0.004,0.0169,2.9627,4.225
1,16,2,9875,50,206,29357,0.9875,0.005,0.0206,2.9357,4.12
1,16,3,9791,76,304,28946,0.9791,0.0076,0.0304,2.8946,4
1,16,4,9669,112,451,28346,0.9669,0.0112,0.0451,2.8346,4.02679
1,16,5,9465,180,685,27360,0.9465,0.018,0.0685,2.736,3.80556
1,16,6,9199,229,878,26086,0.9199,0.0229,0.0878,2.6086,3.83406
1,16,7,8936,259,949,24851,0.8936,0.0259,0.0949,2.4851,3.66409
1,16,8,8528,352,1204,23006,0.8528,0.0352,0.1204,2.3006,3.42045
1,16,9,8072,439,1457,20987,0.8072,0.0439,0.1457,2.0987,3.31891
1,16,10,7597,472,1498,18968,0.7597,0.0472,0.1498,1.8968,3.17373
1,16,11,7155,482,1441,17162,0.7155,0.0482,0.1441,1.7162,2.98963
1,16,12,6698,443,1241,15356,0.6698,0.0443,0.1241,1.5356,2.80135
1,16,13,6329,408,1049,13988,0.6329,0.0408,0.1049,1.3988,2.57108
1,16,14,6018,347,875,12843,0.6018,0.0347,0.0875,1.2843,2.52161
1,16,15,5734,326,762,11855,0.5734,0.0326,0.0762,1.1855,2.33742
1,16,16,5547,224,528,11212,0.5547,0.0224,0.0528,1.1212,2.35714
1,16,17,5389,178,400,10701,0.5389,0.0178,0.04,1.0701,2.24719
1,16,18,5298,119,280,10384,0.5298,0.0119,0.028,1.0384,2.35294
1,16,19,5206,102,246,10073,0.5206,0.0102,0.0246,1.0073,2.41176
1,16,20,5145,65,165,9871,0.5145,0.0065,0.0165,0.9871,2.53846
1,16,21,5086,65,154,9680,0.5086,0.0065,0.0154,0.968,2.36923
1,16,22,5045,38,79,9546,0.5045,0.0038,0.0079,0.9546,2.07895
1,16,23,5014,31,66,9446,0.5014,0.0031,0.0066,0.9446,2.12903
1,16,24,4981,32,77,9341,0.4981,0.0032,0.0077,0.9341,2.40625
1,16,25,4952,27,71,9241,0.4952,0.0027,0.0071,0.9241,2.62963
1,16,26,4932,24,57,9177,0.4932,0.0024,0.0057,0.9177,2.375
1,16,27,4922,16,34,9146,0.4922,0.0016,0.0034,0.9146,2.125
1,16,28,4914,12,20,9127,0.4914,0.0012,0.002,0.9127,1.66667
1,16,29,4910,7,10,9115,0.491,0.0007,0.001,0.9115,1.42857
1,16,30,4905,9,16,9098,0.4905,0.0009,0.0016,0.9098,1.77778
1,16,31,4902,6,13,9090,0.4902,0.0006,0.0013,0.909,2.16667
1,16,32,4902,2,6,9090,0.4902,0.0002,0.0006,0.909,3
1,16,33,4902,0,0,9090,0.4902,0,0,0.909,
1,16,34,4902,0,0,9090,0.4902,0,0,0.909,
1,16,35,4902,0,0,9090,0.4902,0,0,0.909,
1,16,36,4902,0,0,9090,0.4902,0,0,0.909,
1,16,37,4902,0,0,9090,0.4902,0,0,0.909,
1,16,38,4902,0,0,9090,0.4902,0,0,0.909,
1,16,39,4902,0,0,9090,0.4902,0,0,0.909,
1,16,40,4902,0,0,9090,0.4902,0,0,0.909,
1,16,41,4902,0,0,9090,0.4902,0,0,0.909,
1,16,42,4902,0,0,9090,0.4902,0,0,0.909,
1,16,43,4902,0,0,9090,0.4902,0,0,0.909,
1,16,44,4902,0,0,9090,0.4902,0,0,0.909,
1,16,45,4902,0,0,9090,0.4902,0,0,0.909,
1,16,46,4902,0,0,9090,0.4902,0,0,0.909,
1,16,47,4902,0,0,9090,0.4902,0,0,0.909,
1,16,48,4902,0,0,9090,0.4902,0,0,0.909,
1,16,49,4902,0,0,9090,0.4902,0,0,0.909,
1,16,50,4902,0,0,9090,0.4902,0,0,0.909,
1,16,51,4902,0,0,9090,0.4902,0,0,0.909,
1,16,52,4902,0,0,9090,0.4902,0,0,0.909,
1,16,53,4902,0,0,9090,0.4902,0,0,0.909,
1,16,54,4902,0,0,9090,0.4902,0,0,0.909,
1,16,55,4902,0,0,9090,0.4902,0,0,0.909,
1,16,56,4902,0,0,9090,0.4902,0,0,0.909,
1,16,57,4902,0,0,9090,0.4902,0,0,0.909,
1,16,58,4902,0,0,9090,0.4902,0,0,0.909,
1,16,59,4902,0,0,9090,0.4902,0,0,0.909,
1,16,60,4902,0,0,9090,0.4902,0,0,0.909,
1,16,61,4902,0,0,9090,0.4902,0,0,0.909,
1,16,62,4902,0,0,9090,0.4902,0,0,0.909,
1,16,63,4902,0,0,9090,0.4902,0,0,0.909,
1,16,64,4902,0,0,9090,0.4902,0,0,0.909,
1,16,65,4902,0,0,9090,0.4902,0,0,0.909,
1,16,66,4902,0,0,9090,0.4902,0,0,0.909,
1,16,67,4902,0,0,9090,0.4902,0,0,0.909,
1,16,68,4902,0,0,9090,0.4902,0,0,0.909,
1,16,69,4902,0,0,9090,0.4902,0,0,0.909,
1,16,70,4902,0,0,9090,0.4902,0,0,0.909,
1,16,71,4902,0,0,9090,0.4902,0,0,0.909,
1,16,72,4902,0,0,9090,0.4902,0,0,0.909,
1,16,73,4902,0,0,9090,0.4902,0,0,0.909,
1,16,74,4902,0,0,9090,0.4902,0,0,0.909,
1,16,75,4902,0,0,9090,0.4902,0,0,0.909,
1,16,76,4902,0,0,9090,0.4902,0,0,0.909,
1,16,77,4902,0,0,9090,0.4902,0,0,0.909,
1,16,78,4902,0,0,9090,0.4902,0,0,0.909,
1,16,79,4902,0,0,9090,0.4902,0,0,0.909,
1,16,80,4902,0,0,9090,0.4902,0,0,0.909,
1,16,81,4902,0,0,9090,0.4902,0,0,0.909,
1,16,82,4902,0,0,9090,0.4902,0,0,0.909,
1,16,83,4902,0,0,9090,0.4902,0,0,0.909,
1,16,84,4902,0,0,9090,0.4902,0,0,0.909,
1,16,85,4902,0,0,9090,0.4902,0,0,0.909,
1,16,86,4902,0,0,9090,0.4902,0,0,0.909,
1,16,87,4902,0,0,9090,0.4902,0,0,0.909,
1,16,88,4902,0,0,9090,0.4902,0,0,0.909,
1,16,89,4902,0,0,9090,0.4902,0,0,0.909,
1,16,90,4902,0,0,9090,0.4902,0,0,0.909,
1,16,91,4902,0,0,9090,0.4902,0,0,0.909,
1,16,92,4902,0,0,9090,0.4902,0,0,0.909,
1,16,93,4902,0,0,9090,0.4902,0,0,0.909,
1,16,94,4902,0,0,9090,0.4902,0,0,0.909,
1,16,95,4902,0,0,9090,0.4902,0,0,0.909,
1,16,96,4902,0,0,9090,0.4902,0,0,0.909,
1,16,97,4902,0,0,9090,0.4902,0,0,0.909,
1,16,98,4902,0,0,9090,0.4902,0,0,0.909,
1,16,99,4902,0,0,9090,0.4902,0,0,0.909,
1,16,100,4902,0,0,9090,0.4902,0,0,0.909,
1,17,0,9980,20,120,29880,0.998,0.002,0.012,2.988,6
1,17,1,9924,49,215,29602,0.9924,0.0049,0.0215,2.9602,4.38776
1,17,2,9829,82,335,29132,0.9829,0.0082,0.0335,2.9132,4.08537
1,17,3,9661,142,562,28301,0.9661,0.0142,0.0562,2.8301,3.95775
1,17,4,9445,183,707,27261,0.9445,0.0183,0.0707,2.7261,3.86339
1,17,5,9219,205,771,26184,0.9219,0.0205,0.0771,2.6184,3.76098
1,17,6,8939,264,946,24881,0.8939,0.0264,0.0946,2.4881,3.58333
1,17,7,8533,346,1180,23024,0.8533,0.0346,0.118,2.3024,3.4104
1,17,8,8126,403,1361,21213,0.8126,0.0403,0.1361,2.1213,3.37717
1,17,9,7723,402,1283,19500,0.7723,0.0402,0.1283,1.95,3.19154
1,17,10,7347,397,1246,17950,0.7347,0.0397,0.1246,1.795,3.13854
1,17,11,6951,379,1116,16366,0.6951,0.0379,0.1116,1.6366,2.94459
1,17,12,6619,344,899,15129,0.6619,0.0344,0.0899,1.5129,2.61337
1,17,13,6344,319,826,14105,0.6344,0.0319,0.0826,1.4105,2.58934
1,17,14,6130,230,587,13334,0.613,0.023,0.0587,1.3334,2.55217
1,17,15,5935,218,577,12610,0.5935,0.0218,0.0577,1.261,2.64679
1,17,16,5802,159,397,12143,0.5802,0.0159,0.0397,1.2143,2.49686
1,17,17,5669,146,355,11690,0.5669,0.0146,0.0355,1.169,2.43151
1,17,18,5567,134,324,11345,0.5567,0.0134,0.0324,1.1345,2.41791
1,17,19,5480,101,220,11050,0.548,0.0101,0.022,1.105,2.17822
1,17,20,5427,75,167,10867,0.5427,0.0075,0.0167,1.0867,2.22667
1,17,21,5376,54,132,10701,0.5376,0.0054,0.0132,1.0701,2.44444
1,17,22,5342,44,98,10591,0.5342,0.0044,0.0098,1.0591,2.22727
1,17,23,5314,33,78,10487,0.5314,0.0033,0.0078,1.0487,2.36364
1,17,24,5289,28,63,10404,0.5289,0.0028,0.0063,1.0404,2.25
1,17,25,5272,18,31,10356,0.5272,0.0018,0.0031,1.0356,1.72222
1,17,26,5264,13,25,10329,0.5264,0.0013,0.0025,1.0329,1.92308
1,17,27,5250,13,27,10282,0.525,0.0013,0.0027,1.0282,2.07692
1,17,28,5248,7,16,10274,0.5248,0.0007,0.0016,1.0274,2.28571
1,17,29,5247,3,8,10270,0.5247,0.0003,0.0008,1.027,2.66667
1,17,30,5247,2,7,10270,0.5247,0.0002,0.0007,1.027,3.5
1,17,31,5246,0,0,10268,0.5246,0,0,1.0268,
1,17,32,5246,0,0,10268,0.5246,0,0,1.0268,
1,17,33,5246,0,0,10268,0.5246,0,0,1.0268,
1,17,34,5246,0,0,10268,0.5246,0,0,1.0268,
1,17,35,5246,0,0,10268,0.5246,0,0,1.0268,
1,17,36,5246,0,0,10268,0.5246,0,0,1.0268,
1,17,37,5246,0,0,10268,0.5246,0,0,1.0268,
1,17,38,5246,0,0,10268,0.5246,0,0,1.0268,
1,17,39,5246,0,0,10268,0.5246,0,0,1.0268,
1,17,40,5246,0,0,10268,0.5246,0,0,1.0268,
1,17,41,5246,0,0,10268,0.5246,0,0,1.0268,
1,17,42,5246,0,0,10268,0.5246,0,0,1.0268,
1,17,43,5246,0,0,10268,0.5246,0,0,1.0268,
1,17,44,5246,0,0,10268,0.5246,0,0,1.0268,
1,17,45,5246,0,0,10268,0.5246,0,0,1.0268,
1,17,46,5246,0,0,10268,0.5246,0,0,1.0268,
1,17,47,5246,0,0,10268,0.5246,0,0,1.0268,
1,17,48,5246,0,0,10268,0.5246,0,0,1.0268,
1,17,49,5246,0,0,10268,0.5246,0,0,1.0268,
1,17,50,5246,0,0,10268,0.5246,0,0,1.0268,
1,17,51,5246,0,0,10268,0.5246,0,0,1.0268,
1,17,52,5246,0,0,10268,0.5246,0,0,1.0268,
1,17,53,5246,0,0,10268,0.5246,0,0,1.0268,
1,17,54,5246,0,0,10268,0.5246,0,0,1.0268,
1,17,55,5246,0,0,10268,0.5246,0,0,1.0268,
1,17,56,5246,0,0,10268,0.5246,0,0,1.0268,
1,17,57,5246,0,0,10268,0.5246,0,0,1.0268,
1,17,58,5246,0,0,10268,0.5246,0,0,1.0268,
1,17,59,5246,0,0,10268,0.5246,0,0,1.0268,
1,17,60,5246,0,0,10268,0.5246,0,0,1.0268,
1,17,61,5246,0,0,10268,0.5246,0,0,1.0268,
1,17,62,5246,0,0,10268,0.5246,0,0,1.0268,
1,17,63,5246,0,0,10268,0.5246,0,0,1.0268,
1,17,64,5246,0,0,10268,0.5246,0,0,1.0268,
1,17,65,5246,0,0,10268,0.5246,0,0,1.0268,
1,17,66,5246,0,0,10268,0.5246,0,0,1.0268,
1,17,67,5246,0,0,10268,0.5246,0,0,1.0268,
1,17,68,5246,0,0,10268,0.5246,0,0,1.0268,
1,17,69,5246,0,0,10268,0.5246,0,0,1.0268,
1,17,70,5246,0,0,10268,0.5246,0,0,1.0268,
1,17,71,5246,0,0,10268,0.5246,0,0,1.0268,
1,17,72,5246,0,0,10268,0.5246,0,0,1.0268,
1,17,73,5246,0,0,10268,0.5246,0,0,1.0268,
1,17,74,5246,0,0,10268,0.5246,0,0,1.0268,
1,17,75,5246,0,0,10268,0.5246,0,0,1.0268,
1,17,76,5246,0,0,10268,0.5246,0,0,1.0268,
1,17,77,5246,0,0,10268,0.5246,0,0,1.0268,
1,17,78,5246,0,0,10268,0.5246,0,0,1.0268,
1,17,79,5246,0,0,10268,0.5246,0,0,1.0268,
1,17,80,5246,0,0,10268,0.5246,0,0,1.0268,
1,17,81,5246,0,0,10268,0.5246,0,0,1.0268,
1,17,82,5246,0,0,10268,0.5246,0,0,1.0268,
1,17,83,5246,0,0,10268,0.5246,0,0,1.0268,
1,17,84,5246,0,0,10268,0.5246,0,0,1.0268,
1,17,85,5246,0,0,10268,0.5246,0,0,1.0268,
1,17,86,5246,0,0,10268,0.5246,0,0,1.0268,
1,17,87,5246,0,0,10268,0.5246,0,0,1.0268,
1,17,88,5246,0,0,10268,0.5246,0,0,1.0268,
1,17,89,5246,0,0,10268,0.5246,0,0,1.0268,
1,17,90,5246,0,0,10268,0.5246,0,0,1.0268,
1,17,91,5246,0,0,10268,0.5246,0,0,1.0268,
1,17,92,5246,0,0,10268,0.5246,0,0,1.0268,
1,17,93,5246,0,0,10268,0.5246,0,0,1.0268,
1,17,94,5246,0,0,10268,0.5246,0,0,1.0268,
1,17,95,5246,0,0,10268,0.5246,0,0,1.0268,
1,17,96,5246,0,0,10268,0.5246,0,0,1.0268,
1,17,97,5246,0,0,10268,0.5246,0,0,1.0268,
1,17,98,5246,0,0,10268,0.5246,0,0,1.0268,
1,17,99,5246,0,0,10268,0.5246,0,0,1.0268,
1,17,100,5246,0,0,10268,0.5246,0,0,1.0268,
1,18,0,9980,20,120,29880,0.998,0.002,0.012,2.988,6
1,18,1,9920,40,172,29581,0.992,0.004,0.0172,2.9581,4.3
1,18,2,9870,50,207,29331,0.987,0.005,0.0207,2.9331,4.14
1,18,3,9781,78,311,28888,0.9781,0.0078,0.0311,2.8888,3.98718
1,18,4,9673,97,375,28361,0.9673,0.0097,0.0375,2.8361,3.86598
1,18,5,9501,136,526,27517,0.9501,0.0136,0.0526,2.7517,3.86765
1,18,6,9296,195,744,26522,0.9296,0.0195,0.0744,2.6522,3.81538
1,18,7,9032,247,908,25280,0.9032,0.0247,0.0908,2.528,3.67611
1,18,8,8732,281,995,23895,0.8732,0.0281,0.0995,2.3895,3.54093
1,18,9,8374,320,1119,22272,0.8374,0.032,0.1119,2.2272,3.49688
1,18,10,7994,378,1248,20610,0.7994,0.0378,0.1248,2.061,3.30159
1,18,11,7552,446,1393,18741,0.7552,0.0446,0.1393,1.8741,3.12332
1,18,12,7094,454,1335,16904,0.7094,0.0454,0.1335,1.6904,2.94053
1,18,13,6746,370,1004,15595,0.6746,0.037,0.1004,1.5595,2.71351
1,18,14,6369,376,1027,14147,0.6369,0.0376,0.1027,1.4147,2.73138
1,18,15,6066,320,807,13025,0.6066,0.032,0.0807,1.3025,2.52188
1,18,16,5839,270,692,12205,0.5839,0.027,0.0692,1.2205,2.56296
1,18,17,5652,208,505,11545,0.5652,0.0208,0.0505,1.1545,2.42788
1,18,18,5510,167,408,11071,0.551,0.0167,0.0408,1.1071,2.44311
1,18,19,5396,131,314,10690,0.5396,0.0131,0.0314,1.069,2.39695
1,18,20,5296,113,259,10365,0.5296,0.0113,0.0259,1.0365,2.29204
1,18,21,5239,77,172,10183,0.5239,0.0077,0.0172,1.0183,2.23377
1,18,22,5183,59,126,10002,0.5183,0.0059,0.0126,1.0002,2.13559
1,18,23,5159,26,67,9924,0.5159,0.0026,0.0067,0.9924,2.57692
1,18,24,5138,18,48,9852,0.5138,0.0018,0.0048,0.9852,2.66667
1,18,25,5131,8,16,9835,0.5131,0.0008,0.0016,0.9835,2
1,18,26,5128,5,10,9824,0.5128,0.0005,0.001,0.9824,2
1,18,27,5124,6,14,9809,0.5124,0.0006,0.0014,0.9809,2.33333
1,18,28,5124,0,0,9809,0.5124,0,0,0.9809,
1,18,29,5124,0,0,9809,0.5124,0,0,0.9809,
1,18,30,5124,0,0,9809,0.5124,0,0,0.9809,
1,18,31,5124,0,0,9809,0.5124,0,0,0.9809,
1,18,32,5124,0,0,9809,0.5124,0,0,0.9809,
1,18,33,5124,0,0,9809,0.5124,0,0,0.9809,
1,18,34,5124,0,0,9809,0.5124,0,0,0.9809,
1,18,35,5124,0,0,9809,0.5124,0,0,0.9809,
1,18,36,5124,0,0,9809,0.5124,0,0,0.9809,
1,18,37,5124,0,0,9809,0.5124,0,0,0.9809,
1,18,38,5124,0,0,9809,0.5124,0,0,0.9809,
1,18,39,5124,0,0,9809,0.5124,0,0,0.9809,
1,18,40,5124,0,0,9809,0.5124,0,0,0.9809,
1,18,41,5124,0,0,9809,0.5124,0,0,0.9809,
1,18,42,5124,0,0,9809,0.5124,0,0,0.9809,
1,18,43,5124,0,0,9809,0.5124,0,0,0.9809,
1,18,44,5124,0,0,9809,0.5124,0,0,0.9809,
1,18,45,5124,0,0,9809,0.5124,0,0,0.9809,
1,18,46,5124,0,0,9809,0.5124,0,0,0.9809,
1,18,47,5124,0,0,9809,0.5124,0,0,0.9809,
1,18,48,5124,0,0,9809,0.5124,0,0,0.9809,
1,18,49,5124,0,0,9809,0.5124,0,0,0.9809,
1,18,50,5124,0,0,9809,0.5124,0,0,0.9809,
1,18,51,5124,0,0,9809,0.5124,0,0,0.9809,
1,18,52,5124,0,0,9809,0.5124,0,0,0.9809,
1,18,53,5124,0,0,9809,0.5124,0,0,0.9809,
1,18,54,5124,0,0,9809,0.5124,0,0,0.9809,
1,18,55,5124,0,0,9809,0.5124,0,0,0.9809,
1,18,56,5124,0,0,9809,0.5124,0,0,0.9809,
1,18,57,5124,0,0,9809,0.5124,0,0,0.9809,
1,18,58,5124,0,0,9809,0.5124,0,0,0.9809,
1,18,59,5124,0,0,9809,0.5124,0,0,0.9809,
1,18,60,5124,0,0,9809,0.5124,0,0,0.9809,
1,18,61,5124,0,0,9809,0.5124,0,0,0.9809,
1,18,62,5124,0,0,9809,0.5124,0,0,0.9809,
1,18,63,5124,0,0,9809,0.5124,0,0,0.9809,
1,18,64,5124,0,0,9809,0.5124,0,0,0.9809,
1,18,65,5124,0,0,9809,0.5124,0,0,0.9809,
1,18,66,5124,0,0,9809,0.5124,0,0,0.9809,
1,18,67,5124,0,0,9809,0.5124,0,0,0.9809,
1,18,68,5124,0,0,9809,0.5124,0,0,0.9809,
1,18,69,5124,0,0,9809,0.5124,0,0,0.9809,
1,18,70,5124,0,0,9809,0.5124,0,0,0.9809,
1,18,71,5124,0,0,9809,0.5124,0,0,0.9809,
1,18,72,5124,0,0,9809,0.5124,0,0,0.9809,
1,18,73,5124,0,0,9809,0.5124,0,0,0.9809,
1,18,74,5124,0,0,9809,0.5124,0,0,0.9809,
1,18,75,5124,0,0,9809,0.5124,0,0,0.9809,
1,18,76,5124,0,0,9809,0.5124,0,0,0.9809,
1,18,77,5124,0,0,9809,0.5124,0,0,0.9809,
1,18,78,5124,0,0,9809,0.5124,0,0,0.9809,
1,18,79,5124,0,0,9809,0.5124,0,0,0.9809,
1,18,80,5124,0,0,9809,0.5124,0,0,0.9809,
1,18,81,5124,0,0,9809,0.5124,0,0,0.9809,
1,18,82,5124,0,0,9809,0.5124,0,0,0.9809,
1,18,83,5124,0,0,9809,0.5124,0,0,0.9809,
1,18,84,5124,0,0,9809,0.5124,0,0,0.9809,
1,18,85,5124,0,0,9809,0.5124,0,0,0.9809,
1,18,86,5124,0,0,9809,0.5124,0,0,0.9809,
1,18,87,5124,0,0,9809,0.5124,0,0,0.9809,
1,18,88,5124,0,0,9809,0.5124,0,0,0.9809,
1,18,89,5124,0,0,9809,0.5124,0,0,0.9809,
1,18,90,5124,0,0,9809,0.5124,0,0,0.9809,
1,18,91,5124,0,0,9809,0.5124,0,0,0.9809,
1,18,92,5124,0,0,9809,0.5124,0,0,0.9809,
1,18,93,5124,0,0,9809,0.5124,0,0,0.9809,
1,18,94,5124,0,0,9809,0.5124,0,0,0.9809,
1,18,95,5124,0,0,9809,0.5124,0,0,0.9809,
1,18,96,5124,0,0,9809,0.5124,0,0,0.9809,
1,18,97,5124,0,0,9809,0.5124,0,0,0.9809,
1,18,98,5124,0,0,9809,0.5124,0,0,0.9809,
1,18,99,5124,0,0,9809,0.5124,0,0,0.9809,
1,18,100,5124,0,0,9809,0.5124,0,0,0.9809,
1,19,0,9980,20,120,29880,0.998,0.002,0.012,2.988,6
1,19,1,9928,42,186,29622,0.9928,0.0042,0.0186,2.9622,4.42857
1,19,2,9860,58,237,29285,0.986,0.0058,0.0237,2.9285,4.08621
1,19,3,9753,92,357,28756,0.9753,0.0092,0.0357,2.8756,3.88043
1,19,4,9576,156,599,27895,0.9576,0.0156,0.0599,2.7895,3.83974
1,19,5,9368,188,714,26890,0.9368,0.0188,0.0714,2.689,3.79787
1,19,6,9106,230,836,25647,0.9106,0.023,0.0836,2.5647,3.63478
1,19,7,8803,277,976,24251,0.8803,0.0277,0.0976,2.4251,3.52347
1,19,8,8499,310,1074,22880,0.8499,0.031,0.1074,2.288,3.46452
1,19,9,8136,349,1199,21261,0.8136,0.0349,0.1199,2.1261,3.43553
1,19,10,7785,345,1113,19759,0.7785,0.0345,0.1113,1.9759,3.22609
1,19,11,7420,357,1068,18253,0.742,0.0357,0.1068,1.8253,2.9916
1,19,12,7120,329,948,17044,0.712,0.0329,0.0948,1.7044,2.88146
1,19,13,6788,336,936,15755,0.6788,0.0336,0.0936,1.5755,2.78571
1,19,14,6514,307,828,14708,0.6514,0.0307,0.0828,1.4708,2.69707
1,19,15,6271,276,721,13802,0.6271,0.0276,0.0721,1.3802,2.61232
1,19,16,6018,255,677,12860,0.6018,0.0255,0.0677,1.286,2.6549
1,19,17,5765,264,672,11963,0.5765,0.0264,0.0672,1.1963,2.54545
1,19,18,5566,214,507,11285,0.5566,0.0214,0.0507,1.1285,2.36916
1,19,19,5429,158,368,10837,0.5429,0.0158,0.0368,1.0837,2.32911
1,19,20,5310,141,335,10424,0.531,0.0141,0.0335,1.0424,2.37589
1,19,21,5212,119,282,10095,0.5212,0.0119,0.0282,1.0095,2.36975
1,19,22,5151,75,169,9903,0.5151,0.0075,0.0169,0.9903,2.25333
1,19,23,5107,56,117,9774,0.5107,0.0056,0.0117,0.9774,2.08929
1,19,24,5069,43,89,9653,0.5069,0.0043,0.0089,0.9653,2.06977
1,19,25,5044,23,48,9578,0.5044,0.0023,0.0048,0.9578,2.08696
1,19,26,5029,16,34,9529,0.5029,0.0016,0.0034,0.9529,2.125
1,19,27,5021,7,16,9501,0.5021,0.0007,0.0016,0.9501,2.28571
1,19,28,5008,9,16,9460,0.5008,0.0009,0.0016,0.946,1.77778
1,19,29,5005,8,11,9453,0.5005,0.0008,0.0011,0.9453,1.375
1,19,30,5002,6,14,9441,0.5002,0.0006,0.0014,0.9441,2.33333
1,19,31,4996,7,18,9425,0.4996,0.0007,0.0018,0.9425,2.57143
1,19,32,4992,3,6,9416,0.4992,0.0003,0.0006,0.9416,2
1,19,33,4990,2,3,9409,0.499,0.0002,0.0003,0.9409,1.5
1,19,34,4990,0,0,9409,0.499,0,0,0.9409,
1,19,35,4990,0,0,9409,0.499,0,0,0.9409,
1,19,36,4990,0,0,9409,0.499,0,0,0.9409,
1,19,37,4990,0,0,9409,0.499,0,0,0.9409,
1,19,38,4990,0,0,9409,0.499,0,0,0.9409,
1,19,39,4990,0,0,9409,0.499,0,0,0.9409,
1,19,40,4990,0,0,9409,0.499,0,0,0.9409,
1,19,41,4990,0,0,9409,0.499,0,0,0.9409,
1,19,42,4990,0,0,9409,0.499,0,0,0.9409,
1,19,43,4990,0,0,9409,0.499,0,0,0.9409,
1,19,44,4990,0,0,9409,0.499,0,0,0.9409,
1,19,45,4990,0,0,9409,0.499,0,0,0.9409,
1,19,46,4990,0,0,9409,0.499,0,0,0.9409,
1,19,47,4990,0,0,9409,0.499,0,0,0.9409,
1,19,48,4990,0,0,9409,0.499,0,0,0.9409,
1,19,49,4990,0,0,9409,0.499,0,0,0.9409,
1,19,50,4990,0,0,9409,0.499,0,0,0.9409,
1,19,51,4990,0,0,9409,0.499,0,0,0.9409,
1,19,52,4990,0,0,9409,0.499,0,0,0.9409,
1,19,53,4990,0,0,9409,0.499,0,0,0.9409,
1,19,54,4990,0,0,9409,0.499,0,0,0.9409,
1,19,55,4990,0,0,9409,0.499,0,0,0.9409,
1,19,56,4990,0,0,9409,0.499,0,0,0.9409,
1,19,57,4990,0,0,9409,0.499,0,0,0.9409,
1,19,58,4990,0,0,9409,0.499,0,0,0.9409,
1,19,59,4990,0,0,9409,0.499,0,0,0.9409,
1,19,60,4990,0,0,9409,0.499,0,0,0.9409,
1,19,61,4990,0,0,9409,0.499,0,0,0.9409,
1,19,62,4990,0,0,9409,0.499,0,0,0.9409,
1,19,63,4990,0,0,9409,0.499,0,0,0.9409,
1,19,64,4990,0,0,9409,0.499,0,0,0.9409,
1,19,65,4990,0,0,9409,0.499,0,0,0.9409,
1,19,66,4990,0,0,9409,0.499,0,0,0.9409,
1,19,67,4990,0,0,9409,0.499,0,0,0.9409,
1,19,68,4990,0,0,9409,0.499,0,0,0.9409,
1,19,69,4990,0,0,9409,0.499,0,0,0.9409,
1,19,70,4990,0,0,9409,0.499,0,0,0.9409,
1,19,71,4990,0,0,9409,0.499,0,0,0.9409,
1,19,72,4990,0,0,9409,0.499,0,0,0.9409,
1,19,73,4990,0,0,9409,0.499,0,0,0.9409,
1,19,74,4990,0,0,9409,0.499,0,0,0.9409,
1,19,75,4990,0,0,9409,0.499,0,0,0.9409,
1,19,76,4990,0,0,9409,0.499,0,0,0.9409,
1,19,77,4990,0,0,9409,0.499,0,0,0.9409,
1,19,78,4990,0,0,9409,0.499,0,0,0.9409,
1,19,79,4990,0,0,9409,0.499,0,0,0.9409,
1,19,80,4990,0,0,9409,0.499,0,0,0.9409,
1,19,81,4990,0,0,9409,0.499,0,0,0.9409,
1,19,82,4990,0,0,9409,0.499,0,0,0.9409,
1,19,83,4990,0,0,9409,0.499,0,0,0.9409,
1,19,84,4990,0,0,9409,0.499,0,0,0.9409,
1,19,85,4990,0,0,9409,0.499,0,0,0.9409,
1,19,86,4990,0,0,9409,0.499,0,0,0.9409,
1,19,87,4990,0,0,9409,0.499,0,0,0.9409,
1,19,88,4990,0,0,9409,0.499,0,0,0.9409,
1,19,89,4990,0,0,9409,0.499,0,0,0.9409,
1,19,90,4990,0,0,9409,0.499,0,0,0.9409,
1,19,91,4990,0,0,9409,0.499,0,0,0.9409,
1,19,92,4990,0,0,9409,0.499,0,0,0.9409,
1,19,93,4990,0,0,9409,0.499,0,0,0.9409,
1,19,94,4990,0,0,9409,0.499,0,0,0.9409,
1,19,95,4990,0,0,9409,0.499,0,0,0.9409,
1,19,96,4990,0,0,9409,0.499,0,0,0.9409,
1,19,97,4990,0,0,9409,0.499,0,0,0.9409,
1,19,98,4990,0,0,9409,0.499,0,0,0.9409,
1,19,99,4990,0,0,9409,0.499,0,0,0.9409,
1,19,100,4990,0,0,9409,0.499,0,0,0.9409,
2,0,0,9980,20,120,29880,0.998,0.002,0.012,2.988,6
2,0,1,9949,29,133,29725,0.9949,0.0029,0.0133,2.9725,4.58621
2,0,2,9911,29,124,29535,0.9911,0.0029,0.0124,2.9535,4.27586
2,0,3,9877,38,161,29365,0.9877,0.0038,0.0161,2.9365,4.23684
2,0,4,9787,76,305,28920,0.9787,0.0076,0.0305,2.892,4.01316
2,0,5,9667,100,379,28336,0.9667,0.01,0.0379,2.8336,3.79
2,0,6,9538,131,496,27709,0.9538,0.0131,0.0496,2.7709,3.78626
2,0,7,9328,194,720,26701,0.9328,0.0194,0.072,2.6701,3.71134
2,0,8,9069,245,912,25474,0.9069,0.0245,0.0912,2.5474,3.72245
2,0,9,8712,291,1021,23826,0.8712,0.0291,0.1021,2.3826,3.50859
2,0,10,8395,293,987,22392,0.8395,0.0293,0.0987,2.2392,3.3686
2,0,11,8020,343,1127,20779,0.802,0.0343,0.1127,2.0779,3.28571
2,0,12,7683,343,1092,19356,0.7683,0.0343,0.1092,1.9356,3.18367
2,0,13,7335,326,977,17918,0.7335,0.0326,0.0977,1.7918,2.99693
2,0,14,7077,299,872,16886,0.7077,0.0299,0.0872,1.6886,2.91639
2,0,15,6749,342,966,15597,0.6749,0.0342,0.0966,1.5597,2.82456
2,0,16,6486,281,802,14595,0.6486,0.0281,0.0802,1.4595,2.85409
2,0,17,6235,251,689,13656,0.6235,0.0251,0.0689,1.3656,2.74502
2,0,18,5962,286,763,12657,0.5962,0.0286,0.0763,1.2657,2.66783
2,0,19,5744,234,593,11899,0.5744,0.0234,0.0593,1.1899,2.53419
2,0,20,5589,187,447,11372,0.5589,0.0187,0.0447,1.1372,2.39037
2,0,21,5451,148,333,10923,0.5451,0.0148,0.0333,1.0923,2.25
2,0,22,5356,122,275,10610,0.5356,0.0122,0.0275,1.061,2.2541
2,0,23,5299,84,194,10427,0.5299,0.0084,0.0194,1.0427,2.30952
2,0,24,5239,63,159,10218,0.5239,0.0063,0.0159,1.0218,2.52381
2,0,25,5186,58,138,10042,0.5186,0.0058,0.0138,1.0042,2.37931
2,0,26,5143,47,101,9904,0.5143,0.0047,0.0101,0.9904,2.14894
2,0,27,5113,31,58,9815,0.5113,0.0031,0.0058,0.9815,1.87097
2,0,28,5088,28,63,9731,0.5088,0.0028,0.0063,0.9731,2.25
2,0,29,5059,34,85,9636,0.5059,0.0034,0.0085,0.9636,2.5
2,0,30,5020,35,80,9514,0.502,0.0035,0.008,0.9514,2.28571
2,0,31,4995,28,52,9439,0.4995,0.0028,0.0052,0.9439,1.85714
2,0,32,4967,32,75,9344,0.4967,0.0032,0.0075,0.9344,2.34375
2,0,33,4948,20,42,9282,0.4948,0.002,0.0042,0.9282,2.1
2,0,34,4936,16,32,9245,0.4936,0.0016,0.0032,0.9245,2
2,0,35,4926,12,21,9214,0.4926,0.0012,0.0021,0.9214,1.75
2,0,36,4925,3,2,9212,0.4925,0.0003,0.0002,0.9212,0.666667
2,0,37,4925,1,0,9212,0.4925,0.0001,0,0.9212,0
2,0,38,4925,1,0,9212,0.4925,0.0001,0,0.9212,0
2,0,39,4925,0,0,9212,0.4925,0,0,0.9212,
2,0,40,4925,0,0,9212,0.4925,0,0,0.9212,
2,0,41,4925,0,0,9212,0.4925,0,0,0.9212,
2,0,42,4925,0,0,9212,0.4925,0,0,0.9212,
2,0,43,4925,0,0,9212,0.4925,0,0,0.9212,
2,0,44,4925,0,0,9212,0.4925,0,0,0.9212,
2,0,45,4925,0,0,9212,0.4925,0,0,0.9212,
2,0,46,4925,0,0,9212,0.4925,0,0,0.9212,
2,0,47,4925,0,0,9212,0.4925,0,0,0.9212,
2,0,48,4925,0,0,9212,0.4925,0,0,0.9212,
2,0,49,4925,0,0,9212,0.4925,0,0,0.9212,
2,0,50,4925,0,0,9212,0.4925,0,0,0.9212,
2,0,51,4925,0,0,9212,0.4925,0,0,0.9212,
2,0,52,4925,0,0,9212,0.4925,0,0,0.9212,
2,0,53,4925,0,0,9212,0.4925,0,0,0.9212,
2,0,54,4925,0,0,9212,0.4925,0,0,0.9212,
2,0,55,4925,0,0,9212,0.4925,0,0,0.9212,
2,0,56,4925,0,0,9212,0.4925,0,0,0.9212,
2,0,57,4925,0,0,9212,0.4925,0,0,0.9212,
2,0,58,4925,0,0,9212,0.4925,0,0,0.9212,
2,0,59,4925,0,0,9212,0.4925,0,0,0.9212,
2,0,60,4925,0,0,9212,0.4925,0,0,0.9212,
2,0,61,4925,0,0,9212,0.4925,0,0,0.9212,
2,0,62,4925,0,0,9212,0.4925,0,0,0.9212,
2,0,63,4925,0,0,9212,0.4925,0,0,0.9212,
2,0,64,4925,0,0,9212,0.4925,0,0,0.9212,
2,0,65,4925,0,0,9212,0.4925,0,0,0.9212,
2,0,66,4925,0,0,9212,0.4925,0,0,0.9212,
2,0,67,4925,0,0,9212,0.4925,0,0,0.9212,
2,0,68,4925,0,0,9212,0.4925,0,0,0.9212,
2,0,69,4925,0,0,9212,0.4925,0,0,0.9212,
2,0,70,4925,0,0,9212,0.4925,0,0,0.9212,
2,0,71,4925,0,0,9212,0.4925,0,0,0.9212,
2,0,72,4925,0,0,9212,0.4925,0,0,0.9212,
2,0,73,4925,0,0,9212,0.4925,0,0,0.9212,
2,0,74,4925,0,0,9212,0.4925,0,0,0.9212,
2,0,75,4925,0,0,9212,0.4925,0,0,0.9212,
2,0,76,4925,0,0,9212,0.4925,0,0,0.9212,
2,0,77,4925,0,0,9212,0.4925,0,0,0.9212,
2,0,78,4925,0,0,9212,0.4925,0,0,0.9212,
2,0,79,4925,0,0,9212,0.4925,0,0,0.9212,
2,0,80,4925,0,0,9212,0.4925,0,0,0.9212,
2,0,81,4925,0,0,9212,0.4925,0,0,0.9212,
2,0,82,4925,0,0,9212,0.4925,0,0,0.9212,
2,0,83,4925,0,0,9212,0.4925,0,0,0.9212,
2,0,84,4925,0,0,9212,0.4925,0,0,0.9212,
2,0,85,4925,0,0,9212,0.4925,0,0,0.9212,
2,0,86,4925,0,0,9212,0.4925,0,0,0.9212,
2,0,87,4925,0,0,9212,0.4925,0,0,0.9212,
2,0,88,4925,0,0,9212,0.4925,0,0,0.9212,
2,0,89,4925,0,0,9212,0.4925,0,0,0.9212,
2,0,90,4925,0,0,9212,0.4925,0,0,0.9212,
2,0,91,4925,0,0,9212,0.4925,0,0,0.9212,
2,0,92,4925,0,0,9212,0.4925,0,0,0.9212,
2,0,93,4925,0,0,9212,0.4925,0,0,0.9212,
2,0,94,4925,0,0,9212,0.4925,0,0,0.9212,
2,0,95,4925,0,0,9212,0.4925,0,0,0.9212,
2,0,96,4925,0,0,9212,0.4925,0,0,0.9212,
2,0,97,4925,0,0,9212,0.4925,0,0,0.9212,
2,0,98,4925,0,0,9212,0.4925,0,0,0.9212,
2,0,99,4925,0,0,9212,0.4925,0,0,0.9212,
2,0,100,4925,0,0,9212,0.4925,0,0,0.9212,
2,1,0,9980,20,120,29880,0.998,0.002,0.012,2.988,6
2,1,1,9912,53,225,29542,0.9912,0.0053,0.0225,2.9542,4.24528
2,1,2,9834,71,283,29155,0.9834,0.0071,0.0283,2.9155,3.98592
2,1,3,9769,61,250,28834,0.9769,0.0061,0.025,2.8834,4.09836
2,1,4,9684,85,343,28417,0.9684,0.0085,0.0343,2.8417,4.03529
2,1,5,9537,131,498,27702,0.9537,0.0131,0.0498,2.7702,3.80153
2,1,6,9372,151,584,26913,0.9372,0.0151,0.0584,2.6913,3.86755
2,1,7,9127,229,858,25756,0.9127,0.0229,0.0858,2.5756,3.74672
2,1,8,8804,307,1107,24265,0.8804,0.0307,0.1107,2.4265,3.60586
2,1,9,8389,395,1337,22404,0.8389,0.0395,0.1337,2.2404,3.38481
2,1,10,7868,468,1524,20120,0.7868,0.0468,0.1524,2.012,3.25641
2,1,11,7366,513,1583,18040,0.7366,0.0513,0.1583,1.804,3.08577
2,1,12,6914,494,1442,16258,0.6914,0.0494,0.1442,1.6258,2.91903
2,1,13,6444,481,1347,14453,0.6444,0.0481,0.1347,1.4453,2.80042
2,1,14,6005,461,1180,12879,0.6005,0.0461,0.118,1.2879,2.55965
2,1,15,5690,374,912,11783,0.569,0.0374,0.0912,1.1783,2.4385
2,1,16,5426,305,721,10860,0.5426,0.0305,0.0721,1.086,2.36393
2,1,17,5221,229,526,10148,0.5221,0.0229,0.0526,1.0148,2.29694
2,1,18,5090,160,335,9736,0.509,0.016,0.0335,0.9736,2.09375
2,1,19,4978,140,314,9363,0.4978,0.014,0.0314,0.9363,2.24286
2,1,20,4875,131,290,9031,0.4875,0.0131,0.029,0.9031,2.21374
2,1,21,4813,86,188,8828,0.4813,0.0086,0.0188,0.8828,2.18605
2,1,22,4744,72,134,8621,0.4744,0.0072,0.0134,0.8621,1.86111
2,1,23,4712,48,103,8522,0.4712,0.0048,0.0103,0.8522,2.14583
2,1,24,4685,32,65,8449,0.4685,0.0032,0.0065,0.8449,2.03125
2,1,25,4657,33,70,8370,0.4657,0.0033,0.007,0.837,2.12121
2,1,26,4639,27,59,8313,0.4639,0.0027,0.0059,0.8313,2.18519
2,1,27,4615,23,55,8232,0.4615,0.0023,0.0055,0.8232,2.3913
2,1,28,4595,27,63,8168,0.4595,0.0027,0.0063,0.8168,2.33333
2,1,29,4569,24,46,8099,0.4569,0.0024,0.0046,0.8099,1.91667
2,1,30,4561,13,26,8082,0.4561,0.0013,0.0026,0.8082,2
2,1,31,4546,16,23,8043,0.4546,0.0016,0.0023,0.8043,1.4375
2,1,32,4540,7,13,8027,0.454,0.0007,0.0013,0.8027,1.85714
2,1,33,4540,2,3,8027,0.454,0.0002,0.0003,0.8027,1.5
2,1,34,4540,1,1,8027,0.454,0.0001,0.0001,0.8027,1
2,1,35,4540,0,0,8027,0.454,0,0,0.8027,
2,1,36,4540,0,0,8027,0.454,0,0,0.8027,
2,1,37,4540,0,0,8027,0.454,0,0,0.8027,
2,1,38,4540,0,0,8027,0.454,0,0,0.8027,
2,1,39,4540,0,0,8027,0.454,0,0,0.8027,
2,1,40,4540,0,0,8027,0.454,0,0,0.8027,
2,1,41,4540,0,0,8027,0.454,0,0,0.8027,
2,1,42,4540,0,0,8027,0.454,0,0,0.8027,
2,1,43,4540,0,0,8027,0.454,0,0,0.8027,
2,1,44,4540,0,0,8027,0.454,0,0,0.8027,
2,1,45,4540,0,0,8027,0.454,0,0,0.8027,
2,1,46,4540,0,0,8027,0.454,0,0,0.8027,
2,1,47,4540,0,0,8027,0.454,0,0,0.8027,
2,1,48,4540,0,0,8027,0.454,0,0,0.8027,
2,1,49,4540,0,0,8027,0.454,0,0,0.8027,
2,1,50,4540,0,0,8027,0.454,0,0,0.8027,
2,1,51,4540,0,0,8027,0.454,0,0,0.8027,
2,1,52,4540,0,0,8027,0.454,0,0,0.8027,
2,1,53,4540,0,0,8027,0.454,0,0,0.8027,
2,1,54,4540,0,0,8027,0.454,0,0,0.8027,
2,1,55,4540,0,0,8027,0.454,0,0,0.8027,
2,1,56,4540,0,0,8027,0.454,0,0,0.8027,
2,1,57,4540,0,0,8027,0.454,0,0,0.8027,
2,1,58,4540,0,0,8027,0.454,0,0,0.8027,
2,1,59,4540,0,0,8027,0.454,0,0,0.8027,
2,1,60,4540,0,0,8027,0.454,0,0,0.8027,
2,1,61,4540,0,0,8027,0.454,0,0,0.8027,
2,1,62,4540,0,0,8027,0.454,0,0,0.8027,
2,1,63,4540,0,0,8027,0.454,0,0,0.8027,
2,1,64,4540,0,0,8027,0.454,0,0,0.8027,
2,1,65,4540,0,0,8027,0.454,0,0,0.8027,
2,1,66,4540,0,0,8027,0.454,0,0,0.8027,
2,1,67,4540,0,0,8027,0.454,0,0,0.8027,
2,1,68,4540,0,0,8027,0.454,0,0,0.8027,
2,1,69,4540,0,0,8027,0.454,0,0,0.8027,
2,1,70,4540,0,0,8027,0.454,0,0,0.8027,
2,1,71,4540,0,0,8027,0.454,0,0,0.8027,
2,1,72,4540,0,0,8027,0.454,0,0,0.8027,
2,1,73,4540,0,0,8027,0.454,0,0,0.8027,
2,1,74,4540,0,0,8027,0.454,0,0,0.8027,
2,1,75,4540,0,0,8027,0.454,0,0,0.8027,
2,1,76,4540,0,0,8027,0.454,0,0,0.8027,
2,1,77,4540,0,0,8027,0.454,0,0,0.8027,
2,1,78,4540,0,0,8027,0.454,0,0,0.8027,
2,1,79,4540,0,0,8027,0.454,0,0,0.8027,
2,1,80,4540,0,0,8027,0.454,0,0,0.8027,
2,1,81,4540,0,0,8027,0.454,0,0,0.8027,
2,1,82,4540,0,0,8027,0.454,0,0,0.8027,
2,1,83,4540,0,0,8027,0.454,0,0,0.8027,
2,1,84,4540,0,0,8027,0.454,0,0,0.8027,
2,1,85,4540,0,0,8027,0.454,0,0,0.8027,
2,1,86,4540,0,0,8027,0.454,0,0,0.8027,
2,1,87,4540,0,0,8027,0.454,0,0,0.8027,
2,1,88,4540,0,0,8027,0.454,0,0,0.8027,
2,1,89,4540,0,0,8027,0.454,0,0,0.8027,
2,1,90,4540,0,0,8027,0.454,0,0,0.8027,
2,1,91,4540,0,0,8027,0.454,0,0,0.8027,
2,1,92,4540,0,0,8027,0.454,0,0,0.8027,
2,1,93,4540,0,0,8027,0.454,0,0,0.8027,
2,1,94,4540,0,0,8027,0.454,0,0,0.8027,
2,1,95,4540,0,0,8027,0.454,0,0,0.8027,
2,1,96,4540,0,0,8027,0.454,0,0,0.8027,
2,1,97,4540,0,0,8027,0.454,0,0,0.8027,
2,1,98,4540,0,0,8027,0.454,0,0,0.8027,
2,1,99,4540,0,0,8027,0.454,0,0,0.8027,
2,1,100,4540,0,0,8027,0.454,0,0,0.8027,
2,2,0,9980,20,120,29880,0.998,0.002,0.012,2.988,6
2,2,1,9946,24,104,29715,0.9946,0.0024,0.0104,2.9715,4.33333
2,2,2,9918,27,112,29576,0.9918,0.0027,0.0112,2.9576,4.14815
2,2,3,9867,46,182,29323,0.9867,0.0046,0.0182,2.9323,3.95652
2,2,4,9788,70,267,28935,0.9788,0.007,0.0267,2.8935,3.81429
2,2,5,9664,110,414,28330,0.9664,0.011,0.0414,2.833,3.76364
2,2,6,9566,95,358,27847,0.9566,0.0095,0.0358,2.7847,3.76842
2,2,7,9444,113,438,27253,0.9444,0.0113,0.0438,2.7253,3.87611
2,2,8,9301,133,515,26562,0.9301,0.0133,0.0515,2.6562,3.87218
2,2,9,9130,159,602,25746,0.913,0.0159,0.0602,2.5746,3.78616
2,2,10,8900,215,791,24668,0.89,0.0215,0.0791,2.4668,3.67907
2,2,11,8632,244,861,23444,0.8632,0.0244,0.0861,2.3444,3.52869
2,2,12,8358,273,931,22227,0.8358,0.0273,0.0931,2.2227,3.41026
2,2,13,8089,243,807,21033,0.8089,0.0243,0.0807,2.1033,3.32099
2,2,14,7821,261,876,19880,0.7821,0.0261,0.0876,1.988,3.35632
2,2,15,7554,244,776,18771,0.7554,0.0244,0.0776,1.8771,3.18033
2,2,16,7289,263,793,17685,0.7289,0.0263,0.0793,1.7685,3.01521
2,2,17,7001,284,807,16556,0.7001,0.0284,0.0807,1.6556,2.84155
2,2,18,6730,265,743,15505,0.673,0.0265,0.0743,1.5505,2.80377
2,2,19,6512,232,678,14644,0.6512,0.0232,0.0678,1.4644,2.92241
2,2,20,6310,202,550,13903,0.631,0.0202,0.055,1.3903,2.72277
2,2,21,6160,157,417,13363,0.616,0.0157,0.0417,1.3363,2.65605
2,2,22,6025,145,383,12890,0.6025,0.0145,0.0383,1.289,2.64138
2,2,23,5898,136,370,12421,0.5898,0.0136,0.037,1.2421,2.72059
2,2,24,5807,109,264,12111,0.5807,0.0109,0.0264,1.2111,2.42202
2,2,25,5711,105,267,11771,0.5711,0.0105,0.0267,1.1771,2.54286
2,2,26,5659,74,190,11590,0.5659,0.0074,0.019,1.159,2.56757
2,2,27,5591,64,152,11355,0.5591,0.0064,0.0152,1.1355,2.375
2,2,28,5554,46,113,11233,0.5554,0.0046,0.0113,1.1233,2.45652
2,2,29,5515,36,79,11104,0.5515,0.0036,0.0079,1.1104,2.19444
2,2,30,5494,18,37,11030,0.5494,0.0018,0.0037,1.103,2.05556
2,2,31,5488,7,17,11009,0.5488,0.0007,0.0017,1.1009,2.42857
2,2,32,5483,7,17,10987,0.5483,0.0007,0.0017,1.0987,2.42857
2,2,33,5478,5,9,10972,0.5478,0.0005,0.0009,1.0972,1.8
2,2,34,5474,4,7,10961,0.5474,0.0004,0.0007,1.0961,1.75
2,2,35,5472,4,9,10953,0.5472,0.0004,0.0009,1.0953,2.25
2,2,36,5466,4,6,10935,0.5466,0.0004,0.0006,1.0935,1.5
2,2,37,5465,1,0,10932,0.5465,0.0001,0,1.0932,0
2,2,38,5465,0,0,10932,0.5465,0,0,1.0932,
2,2,39,5465,0,0,10932,0.5465,0,0,1.0932,
2,2,40,5465,0,0,10932,0.5465,0,0,1.0932,
2,2,41,5465,0,0,10932,0.5465,0,0,1.0932,
2,2,42,5465,0,0,10932,0.5465,0,0,1.0932,
2,2,43,5465,0,0,10932,0.5465,0,0,1.0932,
2,2,44,5465,0,0,10932,0.5465,0,0,1.0932,
2,2,45,5465,0,0,10932,0.5465,0,0,1.0932,
2,2,46,5465,0,0,10932,0.5465,0,0,1.0932,
2,2,47,5465,0,0,10932,0.5465,0,0,1.0932,
2,2,48,5465,0,0,10932,0.5465,0,0,1.0932,
2,2,49,5465,0,0,10932,0.5465,0,0,1.0932,
2,2,50,5465,0,0,10932,0.5465,0,0,1.0932,
2,2,51,5465,0,0,10932,0.5465,0,0,1.0932,
2,2,52,5465,0,0,10932,0.5465,0,0,1.0932,
2,2,53,5465,0,0,10932,0.5465,0,0,1.0932,
2,2,54,5465,0,0,10932,0.5465,0,0,1.0932,
2,2,55,5465,0,0,10932,0.5465,0,0,1.0932,
2,2,56,5465,0,0,10932,0.5465,0,0,1.0932,
2,2,57,5465,0,0,10932,0.5465,0,0,1.0932,
2,2,58,5465,0,0,10932,0.5465,0,0,1.0932,
2,2,59,5465,0,0,10932,0.5465,0,0,1.0932,
2,2,60,5465,0,0,10932,0.5465,0,0,1.0932,
2,2,61,5465,0,0,10932,0.5465,0,0,1.0932,
2,2,62,5465,0,0,10932,0.5465,0,0,1.0932,
2,2,63,5465,0,0,10932,0.5465,0,0,1.0932,
2,2,64,5465,0,0,10932,0.5465,0,0,1.0932,
2,2,65,5465,0,0,10932,0.5465,0,0,1.0932,
2,2,66,5465,0,0,10932,0.5465,0,0,1.0932,
2,2,67,5465,0,0,10932,0.5465,0,0,1.0932,
2,2,68,5465,0,0,10932,0.5465,0,0,1.0932,
2,2,69,5465,0,0,10932,0.5465,0,0,1.0932,
2,2,70,5465,0,0,10932,0.5465,0,0,1.0932,
2,2,71,5465,0,0,10932,0.5465,0,0,1.0932,
2,2,72,5465,0,0,10932,0.5465,0,0,1.0932,
2,2,73,5465,0,0,10932,0.5465,0,0,1.0932,
2,2,74,5465,0,0,10932,0.5465,0,0,1.0932,
2,2,75,5465,0,0,10932,0.5465,0,0,1.0932,
2,2,76,5465,0,0,10932,0.5465,0,0,1.0932,
2,2,77,5465,0,0,10932,0.5465,0,0,1.0932,
2,2,78,5465,0,0,10932,0.5465,0,0,1.0932,
2,2,79,5465,0,0,10932,0.5465,0,0,1.0932,
2,2,80,5465,0,0,10932,0.5465,0,0,1.0932,
2,2,81,5465,0,0,10932,0.5465,0,0,1.0932,
2,2,82,5465,0,0,10932,0.5465,0,0,1.0932,
2,2,83,5465,0,0,10932,0.5465,0,0,1.0932,
2,2,84,5465,0,0,10932,0.5465,0,0,1.0932,
2,2,85,5465,0,0,10932,0.5465,0,0,1.0932,
2,2,86,5465,0,0,10932,0.5465,0,0,1.0932,
2,2,87,5465,0,0,10932,0.5465,0,0,1.0932,
2,2,88,5465,0,0,10932,0.5465,0,0,1.0932,
2,2,89,5465,0,0,10932,0.5465,0,0,1.0932,
2,2,90,5465,0,0,10932,0.5465,0,0,1.0932,
2,2,91,5465,0,0,10932,0.5465,0,0,1.0932,
2,2,92,5465,0,0,10932,0.5465,0,0,1.0932,
2,2,93,5465,0,0,10932,0.5465,0,0,1.0932,
2,2,94,5465,0,0,10932,0.5465,0,0,1.0932,
2,2,95,5465,0,0,10932,0.5465,0,0,1.0932,
2,2,96,5465,0,0,10932,0.5465,0,0,1.0932,
2,2,97,5465,0,0,10932,0.5465,0,0,1.0932,
2,2,98,5465,0,0,10932,0.5465,0,0,1.0932,
2,2,99,5465,0,0,10932,0.5465,0,0,1.0932,
2,2,100,5465,0,0,10932,0.5465,0,0,1.0932,
2,3,0,9980,20,120,29880,0.998,0.002,0.012,2.988,6
2,3,1,9935,35,151,29658,0.9935,0.0035,0.0151,2.9658,4.31429
2,3,2,9874,49,195,29355,0.9874,0.0049,0.0195,2.9355,3.97959
2,3,3,9819,45,182,29081,0.9819,0.0045,0.0182,2.9081,4.04444
2,3,4,9757,67,262,28775,0.9757,0.0067,0.0262,2.8775,3.91045
2,3,5,9673,82,325,28369,0.9673,0.0082,0.0325,2.8369,3.96341
2,3,6,9567,108,418,27858,0.9567,0.0108,0.0418,2.7858,3.87037
2,3,7,9414,142,544,27117,0.9414,0.0142,0.0544,2.7117,3.83099
2,3,8,9236,161,599,26275,0.9236,0.0161,0.0599,2.6275,3.7205
2,3,9,9000,226,814,25165,0.9,0.0226,0.0814,2.5165,3.60177
2,3,10,8716,260,918,23857,0.8716,0.026,0.0918,2.3857,3.53077
2,3,11,8384,329,1127,22366,0.8384,0.0329,0.1127,2.2366,3.42553
2,3,12,8074,309,1015,21015,0.8074,0.0309,0.1015,2.1015,3.28479
2,3,13,7780,320,1034,19758,0.778,0.032,0.1034,1.9758,3.23125
2,3,14,7409,367,1155,18200,0.7409,0.0367,0.1155,1.82,3.14714
2,3,15,7052,352,1062,16765,0.7052,0.0352,0.1062,1.6765,3.01705
2,3,16,6688,355,1005,15368,0.6688,0.0355,0.1005,1.5368,2.83099
2,3,17,6403,304,832,14282,0.6403,0.0304,0.0832,1.4282,2.73684
2,3,18,6153,269,681,13371,0.6153,0.0269,0.0681,1.3371,2.5316
2,3,19,5961,209,514,12669,0.5961,0.0209,0.0514,1.2669,2.45933
2,3,20,5834,162,395,12228,0.5834,0.0162,0.0395,1.2228,2.43827
2,3,21,5723,134,340,11839,0.5723,0.0134,0.034,1.1839,2.53731
2,3,22,5600,134,327,11400,0.56,0.0134,0.0327,1.14,2.4403
2,3,23,5499,117,260,11087,0.5499,0.0117,0.026,1.1087,2.22222
2,3,24,5432,89,207,10871,0.5432,0.0089,0.0207,1.0871,2.32584
2,3,25,5362,70,166,10640,0.5362,0.007,0.0166,1.064,2.37143
2,3,26,5316,56,126,10487,0.5316,0.0056,0.0126,1.0487,2.25
2,3,27,5289,30,72,10392,0.5289,0.003,0.0072,1.0392,2.4
2,3,28,5259,33,88,10284,0.5259,0.0033,0.0088,1.0284,2.66667
2,3,29,5239,25,70,10214,0.5239,0.0025,0.007,1.0214,2.8
2,3,30,5206,30,71,10105,0.5206,0.003,0.0071,1.0105,2.36667
2,3,31,5190,24,52,10059,0.519,0.0024,0.0052,1.0059,2.16667
2,3,32,5173,20,44,10003,0.5173,0.002,0.0044,1.0003,2.2
2,3,33,5161,16,40,9962,0.5161,0.0016,0.004,0.9962,2.5
2,3,34,5132,29,67,9858,0.5132,0.0029,0.0067,0.9858,2.31034
2,3,35,5117,20,46,9807,0.5117,0.002,0.0046,0.9807,2.3
2,3,36,5110,15,32,9784,0.511,0.0015,0.0032,0.9784,2.13333
2,3,37,5097,13,28,9746,0.5097,0.0013,0.0028,0.9746,2.15385
2,3,38,5087,16,34,9717,0.5087,0.0016,0.0034,0.9717,2.125
2,3,39,5084,6,11,9711,0.5084,0.0006,0.0011,0.9711,1.83333
2,3,40,5082,2,5,9706,0.5082,0.0002,0.0005,0.9706,2.5
2,3,41,5080,4,9,9700,0.508,0.0004,0.0009,0.97,2.25
2,3,42,5074,6,14,9679,0.5074,0.0006,0.0014,0.9679,2.33333
2,3,43,5074,4,8,9679,0.5074,0.0004,0.0008,0.9679,2
2,3,44,5073,2,4,9676,0.5073,0.0002,0.0004,0.9676,2
2,3,45,5073,0,0,9676,0.5073,0,0,0.9676,
2,3,46,5073,0,0,9676,0.5073,0,0,0.9676,
2,3,47,5073,0,0,9676,0.5073,0,0,0.9676,
2,3,48,5073,0,0,9676,0.5073,0,0,0.9676,
2,3,49,5073,0,0,9676,0.5073,0,0,0.9676,
2,3,50,5073,0,0,9676,0.5073,0,0,0.9676,
2,3,51,5073,0,0,9676,0.5073,0,0,0.9676,
2,3,52,5073,0,0,9676,0.5073,0,0,0.9676,
2,3,53,5073,0,0,9676,0.5073,0,0,0.9676,
2,3,54,5073,0,0,9676,0.5073,0,0,0.9676,
2,3,55,5073,0,0,9676,0.5073,0,0,0.9676,
2,3,56,5073,0,0,9676,0.5073,0,0,0.9676,
2,3,57,5073,0,0,9676,0.5073,0,0,0.9676,
2,3,58,5073,0,0,9676,0.5073,0,0,0.9676,
2,3,59,5073,0,0,9676,0.5073,0,0,0.9676,
2,3,60,5073,0,0,9676,0.5073,0,0,0.9676,
2,3,61,5073,0,0,9676,0.5073,0,0,0.9676,
2,3,62,5073,0,0,9676,0.5073,0,0,0.9676,
2,3,63,5073,0,0,9676,0.5073,0,0,0.9676,
2,3,64,5073,0,0,9676,0.5073,0,0,0.9676,
2,3,65,5073,0,0,9676,0.5073,0,0,0.9676,
2,3,66,5073,0,0,9676,0.5073,0,0,0.9676,
2,3,67,5073,0,0,9676,0.5073,0,0,0.9676,
2,3,68,5073,0,0,9676,0.5073,0,0,0.9676,
2,3,69,5073,0,0,9676,0.5073,0,0,0.9676,
2,3,70,5073,0,0,9676,0.5073,0,0,0.9676,
2,3,71,5073,0,0,9676,0.5073,0,0,0.9676,
2,3,72,5073,0,0,9676,0.5073,0,0,0.9676,
2,3,73,5073,0,0,9676,0.5073,0,0,0.9676,
2,3,74,5073,0,0,9676,0.5073,0,0,0.9676,
2,3,75,5073,0,0,9676,0.5073,0,0,0.9676,
2,3,76,5073,0,0,9676,0.5073,0,0,0.9676,
2,3,77,5073,0,0,9676,0.5073,0,0,0.9676,
2,3,78,5073,0,0,9676,0.5073,0,0,0.9676,
2,3,79,5073,0,0,9676,0.5073,0,0,0.9676,
2,3,80,5073,0,0,9676,0.5073,0,0,0.9676,
2,3,81,5073,0,0,9676,0.5073,0,0,0.9676,
2,3,82,5073,0,0,9676,0.5073,0,0,0.9676,
2,3,83,5073,0,0,9676,0.5073,0,0,0.9676,
2,3,84,5073,0,0,9676,0.5073,0,0,0.9676,
2,3,85,5073,0,0,9676,0.5073,0,0,0.9676,
2,3,86,5073,0,0,9676,0.5073,0,0,0.9676,
2,3,87,5073,0,0,9676,0.5073,0,0,0.9676,
2,3,88,5073,0,0,9676,0.5073,0,0,0.9676,
2,3,89,5073,0,0,9676,0.5073,0,0,0.9676,
2,3,90,5073,0,0,9676,0.5073,0,0,0.9676,
2,3,91,5073,0,0,9676,0.5073,0,0,0.9676,
2,3,92,5073,0,0,9676,0.5073,0,0,0.9676,
2,3,93,5073,0,0,9676,0.5073,0,0,0.9676,
2,3,94,5073,0,0,9676,0.5073,0,0,0.9676,
2,3,95,5073,0,0,9676,0.5073,0,0,0.9676,
2,3,96,5073,0,0,9676,0.5073,0,0,0.9676,
2,3,97,5073,0,0,9676,0.5073,0,0,0.9676,
2,3,98,5073,0,0,9676,0.5073,0,0,0.9676,
2,3,99,5073,0,0,9676,0.5073,0,0,0.9676,
2,3,100,5073,0,0,9676,0.5073,0,0,0.9676,
2,4,0,9980,20,120,29880,0.998,0.002,0.012,2.988,6
2,4,1,9944,36,163,29700,0.9944,0.0036,0.0163,2.97,4.52778
2,4,2,9866,69,279,29312,0.9866,0.0069,0.0279,2.9312,4.04348
2,4,3,9784,79,310,28906,0.9784,0.0079,0.031,2.8906,3.92405
2,4,4,9697,91,352,28478,0.9697,0.0091,0.0352,2.8478,3.86813
2,4,5,9587,111,433,27947,0.9587,0.0111,0.0433,2.7947,3.9009
2,4,6,9417,145,557,27124,0.9417,0.0145,0.0557,2.7124,3.84138
2,4,7,9239,178,664,26272,0.9239,0.0178,0.0664,2.6272,3.73034
2,4,8,9012,209,751,25208,0.9012,0.0209,0.0751,2.5208,3.5933
2,4,9,8784,212,755,24159,0.8784,0.0212,0.0755,2.4159,3.56132
2,4,10,8529,240,840,23018,0.8529,0.024,0.084,2.3018,3.5
2,4,11,8287,236,796,21964,0.8287,0.0236,0.0796,2.1964,3.37288
2,4,12,8034,256,829,20886,0.8034,0.0256,0.0829,2.0886,3.23828
2,4,13,7772,284,912,19750,0.7772,0.0284,0.0912,1.975,3.21127
2,4,14,7469,291,896,18490,0.7469,0.0291,0.0896,1.849,3.07904
2,4,15,7171,315,973,17262,0.7171,0.0315,0.0973,1.7262,3.08889
2,4,16,6867,315,911,16068,0.6867,0.0315,0.0911,1.6068,2.89206
2,4,17,6596,278,777,15037,0.6596,0.0278,0.0777,1.5037,2.79496
2,4,18,6323,283,743,13993,0.6323,0.0283,0.0743,1.3993,2.62544
2,4,19,6118,242,647,13235,0.6118,0.0242,0.0647,1.3235,2.67355
2,4,20,5927,207,568,12540,0.5927,0.0207,0.0568,1.254,2.74396
2,4,21,5784,156,371,12063,0.5784,0.0156,0.0371,1.2063,2.37821
2,4,22,5670,121,282,11669,0.567,0.0121,0.0282,1.1669,2.33058
2,4,23,5593,94,218,11406,0.5593,0.0094,0.0218,1.1406,2.31915
2,4,24,5535,71,183,11201,0.5535,0.0071,0.0183,1.1201,2.57746
2,4,25,5479,54,135,11010,0.5479,0.0054,0.0135,1.101,2.5
2,4,26,5443,40,93,10890,0.5443,0.004,0.0093,1.089,2.325
2,4,27,5418,29,70,10804,0.5418,0.0029,0.007,1.0804,2.41379
2,4,28,5393,35,88,10720,0.5393,0.0035,0.0088,1.072,2.51429
2,4,29,5364,33,70,10632,0.5364,0.0033,0.007,1.0632,2.12121
2,4,30,5335,31,75,10534,0.5335,0.0031,0.0075,1.0534,2.41935
2,4,31,5317,29,58,10482,0.5317,0.0029,0.0058,1.0482,2
2,4,32,5307,20,45,10451,0.5307,0.002,0.0045,1.0451,2.25
2,4,33,5298,11,23,10419,0.5298,0.0011,0.0023,1.0419,2.09091
2,4,34,5293,8,12,10405,0.5293,0.0008,0.0012,1.0405,1.5
2,4,35,5286,12,30,10377,0.5286,0.0012,0.003,1.0377,2.5
2,4,36,5280,5,11,10357,0.528,0.0005,0.0011,1.0357,2.2
2,4,37,5275,6,9,10344,0.5275,0.0006,0.0009,1.0344,1.5
2,4,38,5275,2,1,10344,0.5275,0.0002,0.0001,1.0344,0.5
2,4,39,5275,0,0,10344,0.5275,0,0,1.0344,
2,4,40,5275,0,0,10344,0.5275,0,0,1.0344,
2,4,41,5275,0,0,10344,0.5275,0,0,1.0344,
2,4,42,5275,0,0,10344,0.5275,0,0,1.0344,
2,4,43,5275,0,0,10344,0.5275,0,0,1.0344,
2,4,44,5275,0,0,10344,0.5275,0,0,1.0344,
2,4,45,5275,0,0,10344,0.5275,0,0,1.0344,
2,4,46,5275,0,0,10344,0.5275,0,0,1.0344,
2,4,47,5275,0,0,10344,0.5275,0,0,1.0344,
2,4,48,5275,0,0,10344,0.5275,0,0,1.0344,
2,4,49,5275,0,0,10344,0.5275,0,0,1.0344,
2,4,50,5275,0,0,10344,0.5275,0,0,1.0344,
2,4,51,5275,0,0,10344,0.5275,0,0,1.0344,
2,4,52,5275,0,0,10344,0.5275,0,0,1.0344,
2,4,53,5275,0,0,10344,0.5275,0,0,1.0344,
2,4,54,5275,0,0,10344,0.5275,0,0,1.0344,
2,4,55,5275,0,0,10344,0.5275,0,0,1.0344,
2,4,56,5275,0,0,10344,0.5275,0,0,1.0344,
2,4,57,5275,0,0,10344,0.5275,0,0,1.0344,
2,4,58,5275,0,0,10344,0.5275,0,0,1.0344,
2,4,59,5275,0,0,10344,0.5275,0,0,1.0344,
2,4,60,5275,0,0,10344,0.5275,0,0,1.0344,
2,4,61,5275,0,0,10344,0.5275,0,0,1.0344,
2,4,62,5275,0,0,10344,0.5275,0,0,1.0344,
2,4,63,5275,0,0,10344,0.5275,0,0,1.0344,
2,4,64,5275,0,0,10344,0.5275,0,0,1.0344,
2,4,65,5275,0,0,10344,0.5275,0,0,1.0344,
2,4,66,5275,0,0,10344,0.5275,0,0,1.0344,
2,4,67,5275,0,0,10344,0.5275,0,0,1.0344,
2,4,68,5275,0,0,10344,0.5275,0,0,1.0344,
2,4,69,5275,0,0,10344,0.5275,0,0,1.0344,
2,4,70,5275,0,0,10344,0.5275,0,0,1.0344,
2,4,71,5275,0,0,10344,0.5275,0,0,1.0344,
2,4,72,5275,0,0,10344,0.5275,0,0,1.0344,
2,4,73,5275,0,0,10344,0.5275,0,0,1.0344,
2,4,74,5275,0,0,10344,0.5275,0,0,1.0344,
2,4,75,5275,0,0,10344,0.5275,0,0,1.0344,
2,4,76,5275,0,0,10344,0.5275,0,0,1.0344,
2,4,77,5275,0,0,10344,0.5275,0,0,1.0344,
2,4,78,5275,0,0,10344,0.5275,0,0,1.0344,
2,4,79,5275,0,0,10344,0.5275,0,0,1.0344,
2,4,80,5275,0,0,10344,0.5275,0,0,1.0344,
2,4,81,5275,0,0,10344,0.5275,0,0,1.0344,
2,4,82,5275,0,0,10344,0.5275,0,0,1.0344,
2,4,83,5275,0,0,10344,0.5275,0,0,1.0344,
2,4,84,5275,0,0,10344,0.5275,0,0,1.0344,
2,4,85,5275,0,0,10344,0.5275,0,0,1.0344,
2,4,86,5275,0,0,10344,0.5275,0,0,1.0344,
2,4,87,5275,0,0,10344,0.5275,0,0,1.0344,
2,4,88,5275,0,0,10344,0.5275,0,0,1.0344,
2,4,89,5275,0,0,10344,0.5275,0,0,1.0344,
2,4,90,5275,0,0,10344,0.5275,0,0,1.0344,
2,4,91,5275,0,0,10344,0.5275,0,0,1.0344,
2,4,92,5275,0,0,10344,0.5275,0,0,1.0344,
2,4,93,5275,0,0,10344,0.5275,0,0,1.0344,
2,4,94,5275,0,0,10344,0.5275,0,0,1.0344,
2,4,95,5275,0,0,10344,0.5275,0,0,1.0344,
2,4,96,5275,0,0,10344,0.5275,0,0,1.0344,
2,4,97,5275,0,0,10344,0.5275,0,0,1.0344,
2,4,98,5275,0,0,10344,0.5275,0,0,1.0344,
2,4,99,5275,0,0,10344,0.5275,0,0,1.0344,
2,4,100,5275,0,0,10344,0.5275,0,0,1.0344,
2,5,0,9980,20,120,29880,0.998,0.002,0.012,2.988,6
2,5,1,9944,32,140,29700,0.9944,0.0032,0.014,2.97,4.375
2,5,2,9871,66,257,29340,0.9871,0.0066,0.0257,2.934,3.89394
2,5,3,9767,91,357,28828,0.9767,0.0091,0.0357,2.8828,3.92308
2,5,4,9588,160,626,27940,0.9588,0.016,0.0626,2.794,3.9125
2,5,5,9341,236,899,26754,0.9341,0.0236,0.0899,2.6754,3.80932
2,5,6,9019,308,1137,25232,0.9019,0.0308,0.1137,2.5232,3.69156
2,5,7,8685,305,1087,23689,0.8685,0.0305,0.1087,2.3689,3.56393
2,5,8,8364,333,1122,22267,0.8364,0.0333,0.1122,2.2267,3.36937
2,5,9,8043,312,1008,20857,0.8043,0.0312,0.1008,2.0857,3.23077
2,5,10,7725,307,1010,19486,0.7725,0.0307,0.101,1.9486,3.2899
2,5,11,7459,283,884,18386,0.7459,0.0283,0.0884,1.8386,3.12367
2,5,12,7134,314,949,17081,0.7134,0.0314,0.0949,1.7081,3.02229
2,5,13,6859,280,828,15985,0.6859,0.028,0.0828,1.5985,2.95714
2,5,14,6583,276,800,14917,0.6583,0.0276,0.08,1.4917,2.89855
2,5,15,6354,259,727,14052,0.6354,0.0259,0.0727,1.4052,2.80695
2,5,16,6133,233,615,13257,0.6133,0.0233,0.0615,1.3257,2.63948
2,5,17,5931,230,598,12539,0.5931,0.023,0.0598,1.2539,2.6
2,5,18,5784,168,412,12047,0.5784,0.0168,0.0412,1.2047,2.45238
2,5,19,5599,190,456,11428,0.5599,0.019,0.0456,1.1428,2.4
2,5,20,5444,166,400,10906,0.5444,0.0166,0.04,1.0906,2.40964
2,5,21,5305,144,319,10449,0.5305,0.0144,0.0319,1.0449,2.21528
2,5,22,5225,107,235,10193,0.5225,0.0107,0.0235,1.0193,2.19626
2,5,23,5155,82,178,9960,0.5155,0.0082,0.0178,0.996,2.17073
2,5,24,5107,57,115,9809,0.5107,0.0057,0.0115,0.9809,2.01754
2,5,25,5064,46,93,9655,0.5064,0.0046,0.0093,0.9655,2.02174
2,5,26,5035,33,60,9565,0.5035,0.0033,0.006,0.9565,1.81818
2,5,27,5017,24,43,9512,0.5017,0.0024,0.0043,0.9512,1.79167
2,5,28,5007,15,38,9478,0.5007,0.0015,0.0038,0.9478,2.53333
2,5,29,4995,5,15,9438,0.4995,0.0005,0.0015,0.9438,3
2,5,30,4993,2,5,9430,0.4993,0.0002,0.0005,0.943,2.5
2,5,31,4991,3,8,9423,0.4991,0.0003,0.0008,0.9423,2.66667
2,5,32,4988,2,5,9414,0.4988,0.0002,0.0005,0.9414,2.5
2,5,33,4985,2,9,9401,0.4985,0.0002,0.0009,0.9401,4.5
2,5,34,4979,7,22,9379,0.4979,0.0007,0.0022,0.9379,3.14286
2,5,35,4976,5,15,9367,0.4976,0.0005,0.0015,0.9367,3
2,5,36,4974,0,0,9359,0.4974,0,0,0.9359,
2,5,37,4974,0,0,9359,0.4974,0,0,0.9359,
2,5,38,4974,0,0,9359,0.4974,0,0,0.9359,
2,5,39,4974,0,0,9359,0.4974,0,0,0.9359,
2,5,40,4974,0,0,9359,0.4974,0,0,0.9359,
2,5,41,4974,0,0,9359,0.4974,0,0,0.9359,
2,5,42,4974,0,0,9359,0.4974,0,0,0.9359,
2,5,43,4974,0,0,9359,0.4974,0,0,0.9359,
2,5,44,4974,0,0,9359,0.4974,0,0,0.9359,
2,5,45,4974,0,0,9359,0.4974,0,0,0.9359,
2,5,46,4974,0,0,9359,0.4974,0,0,0.9359,
2,5,47,4974,0,0,9359,0.4974,0,0,0.9359,
2,5,48,4974,0,0,9359,0.4974,0,0,0.9359,
2,5,49,4974,0,0,9359,0.4974,0,0,0.9359,
2,5,50,4974,0,0,9359,0.4974,0,0,0.9359,
2,5,51,4974,0,0,9359,0.4974,0,0,0.9359,
2,5,52,4974,0,0,9359,0.4974,0,0,0.9359,
2,5,53,4974,0,0,9359,0.4974,0,0,0.9359,
2,5,54,4974,0,0,9359,0.4974,0,0,0.9359,
2,5,55,4974,0,0,9359,0.4974,0,0,0.9359,
2,5,56,4974,0,0,9359,0.4974,0,0,0.9359,
2,5,57,4974,0,0,9359,0.4974,0,0,0.9359,
2,5,58,4974,0,0,9359,0.4974,0,0,0.9359,
2,5,59,4974,0,0,9359,0.4974,0,0,0.9359,
2,5,60,4974,0,0,9359,0.4974,0,0,0.9359,
2,5,61,4974,0,0,9359,0.4974,0,0,0.9359,
2,5,62,4974,0,0,9359,0.4974,0,0,0.9359,
2,5,63,4974,0,0,9359,0.4974,0,0,0.9359,
2,5,64,4974,0,0,9359,0.4974,0,0,0.9359,
2,5,65,4974,0,0,9359,0.4974,0,0,0.9359,
2,5,66,4974,0,0,9359,0.4974,0,0,0.9359,
2,5,67,4974,0,0,9359,0.4974,0,0,0.9359,
2,5,68,4974,0,0,9359,0.4974,0,0,0.9359,
2,5,69,4974,0,0,9359,0.4974,0,0,0.9359,
2,5,70,4974,0,0,9359,0.4974,0,0,0.9359,
2,5,71,4974,0,0,9359,0.4974,0,0,0.9359,
2,5,72,4974,0,0,9359,0.4974,0,0,0.9359,
2,5,73,4974,0,0,9359,0.4974,0,0,0.9359,
2,5,74,4974,0,0,9359,0.4974,0,0,0.9359,
2,5,75,4974,0,0,9359,0.4974,0,0,0.9359,
2,5,76,4974,0,0,9359,0.4974,0,0,0.9359,
2,5,77,4974,0,0,9359,0.4974,0,0,0.9359,
2,5,78,4974,0,0,9359,0.4974,0,0,0.9359,
2,5,79,4974,0,0,9359,0.4974,0,0,0.9359,
2,5,80,4974,0,0,9359,0.4974,0,0,0.9359,
2,5,81,4974,0,0,9359,0.4974,0,0,0.9359,
2,5,82,4974,0,0,9359,0.4974,0,0,0.9359,
2,5,83,4974,0,0,9359,0.4974,0,0,0.9359,
2,5,84,4974,0,0,9359,0.4974,0,0,0.9359,
2,5,85,4974,0,0,9359,0.4974,0,0,0.9359,
2,5,86,4974,0,0,9359,0.4974,0,0,0.9359,
2,5,87,4974,0,0,9359,0.4974,0,0,0.9359,
2,5,88,4974,0,0,9359,0.4974,0,0,0.9359,
2,5,89,4974,0,0,9359,0.4974,0,0,0.9359,
2,5,90,4974,0,0,9359,0.4974,0,0,0.9359,
2,5,91,4974,0,0,9359,0.4974,0,0,0.9359,
2,5,92,4974,0,0,9359,0.4974,0,0,0.9359,
2,5,93,4974,0,0,9359,0.4974,0,0,0.9359,
2,5,94,4974,0,0,9359,0.4974,0,0,0.9359,
2,5,95,4974,0,0,9359,0.4974,0,0,0.9359,
2,5,96,4974,0,0,9359,0.4974,0,0,0.9359,
2,5,97,4974,0,0,9359,0.4974,0,0,0.9359,
2,5,98,4974,0,0,9359,0.4974,0,0,0.9359,
2,5,99,4974,0,0,9359,0.4974,0,0,0.9359,
2,5,100,4974,0,0,9359,0.4974,0,0,0.9359,
2,6,0,9980,20,120,29880,0.998,0.002,0.012,2.988,6
2,6,1,9930,40,173,29632,0.993,0.004,0.0173,2.9632,4.325
2,6,2,9869,53,215,29327,0.9869,0.0053,0.0215,2.9327,4.0566
2,6,3,9796,60,232,28964,0.9796,0.006,0.0232,2.8964,3.86667
2,6,4,9684,90,343,28417,0.9684,0.009,0.0343,2.8417,3.81111
2,6,5,9542,116,437,27726,0.9542,0.0116,0.0437,2.7726,3.76724
2,6,6,9373,151,570,26914,0.9373,0.0151,0.057,2.6914,3.77483
2,6,7,9233,133,510,26242,0.9233,0.0133,0.051,2.6242,3.83459
2,6,8,9046,162,611,25356,0.9046,0.0162,0.0611,2.5356,3.7716
2,6,9,8811,233,825,24270,0.8811,0.0233,0.0825,2.427,3.54077
2,6,10,8541,245,862,23051,0.8541,0.0245,0.0862,2.3051,3.51837
2,6,11,8247,271,918,21740,0.8247,0.0271,0.0918,2.174,3.38745
2,6,12,7947,301,967,20433,0.7947,0.0301,0.0967,2.0433,3.21262
2,6,13,7646,288,897,19172,0.7646,0.0288,0.0897,1.9172,3.11458
2,6,14,7328,315,965,17851,0.7328,0.0315,0.0965,1.7851,3.06349
2,6,15,7041,286,855,16711,0.7041,0.0286,0.0855,1.6711,2.98951
2,6,16,6751,311,915,15577,0.6751,0.0311,0.0915,1.5577,2.94212
2,6,17,6465,291,820,14469,0.6465,0.0291,0.082,1.4469,2.81787
2,6,18,6228,272,741,13593,0.6228,0.0272,0.0741,1.3593,2.72426
2,6,19,6021,237,601,12859,0.6021,0.0237,0.0601,1.2859,2.53586
2,6,20,5873,201,490,12358,0.5873,0.0201,0.049,1.2358,2.43781
2,6,21,5738,170,424,11889,0.5738,0.017,0.0424,1.1889,2.49412
2,6,22,5621,124,305,11472,0.5621,0.0124,0.0305,1.1472,2.45968
2,6,23,5521,109,264,11135,0.5521,0.0109,0.0264,1.1135,2.42202
2,6,24,5418,114,272,10784,0.5418,0.0114,0.0272,1.0784,2.38596
2,6,25,5327,97,224,10495,0.5327,0.0097,0.0224,1.0495,2.30928
2,6,26,5249,89,214,10230,0.5249,0.0089,0.0214,1.023,2.40449
2,6,27,5197,67,142,10071,0.5197,0.0067,0.0142,1.0071,2.1194
2,6,28,5164,48,107,9962,0.5164,0.0048,0.0107,0.9962,2.22917
2,6,29,5140,29,65,9889,0.514,0.0029,0.0065,0.9889,2.24138
2,6,30,5131,14,33,9856,0.5131,0.0014,0.0033,0.9856,2.35714
2,6,31,5118,15,27,9815,0.5118,0.0015,0.0027,0.9815,1.8
2,6,32,5111,10,17,9795,0.5111,0.001,0.0017,0.9795,1.7
2,6,33,5107,9,18,9783,0.5107,0.0009,0.0018,0.9783,2
2,6,34,5104,5,6,9777,0.5104,0.0005,0.0006,0.9777,1.2
2,6,35,5102,0,0,9770,0.5102,0,0,0.977,
2,6,36,5102,0,0,9770,0.5102,0,0,0.977,
2,6,37,5102,0,0,9770,0.5102,0,0,0.977,
2,6,38,5102,0,0,9770,0.5102,0,0,0.977,
2,6,39,5102,0,0,9770,0.5102,0,0,0.977,
2,6,40,5102,0,0,9770,0.5102,0,0,0.977,
2,6,41,5102,0,0,9770,0.5102,0,0,0.977,
2,6,42,5102,0,0,9770,0.5102,0,0,0.977,
2,6,43,5102,0,0,9770,0.5102,0,0,0.977,
2,6,44,5102,0,0,9770,0.5102,0,0,0.977,
2,6,45,5102,0,0,9770,0.5102,0,0,0.977,
2,6,46,5102,0,0,9770,0.5102,0,0,0.977,
2,6,47,5102,0,0,9770,0.5102,0,0,0.977,
2,6,48,5102,0,0,9770,0.5102,0,0,0.977,
2,6,49,5102,0,0,9770,0.5102,0,0,0.977,
2,6,50,5102,0,0,9770,0.5102,0,0,0.977,
2,6,51,5102,0,0,9770,0.5102,0,0,0.977,
2,6,52,5102,0,0,9770,0.5102,0,0,0.977,
2,6,53,5102,0,0,9770,0.5102,0,0,0.977,
2,6,54,5102,0,0,9770,0.5102,0,0,0.977,
2,6,55,5102,0,0,9770,0.5102,0,0,0.977,
2,6,56,5102,0,0,9770,0.5102,0,0,0.977,
2,6,57,5102,0,0,9770,0.5102,0,0,0.977,
2,6,58,5102,0,0,9770,0.5102,0,0,0.977,
2,6,59,5102,0,0,9770,0.5102,0,0,0.977,
2,6,60,5102,0,0,9770,0.5102,0,0,0.977,
2,6,61,5102,0,0,9770,0.5102,0,0,0.977,
2,6,62,5102,0,0,9770,0.5102,0,0,0.977,
2,6,63,5102,0,0,9770,0.5102,0,0,0.977,
2,6,64,5102,0,0,9770,0.5102,0,0,0.977,
2,6,65,5102,0,0,9770,0.5102,0,0,0.977,
2,6,66,5102,0,0,9770,0.5102,0,0,0.977,
2,6,67,5102,0,0,9770,0.5102,0,0,0.977,
2,6,68,5102,0,0,9770,0.5102,0,0,0.977,
2,6,69,5102,0,0,9770,0.5102,0,0,0.977,
2,6,70,5102,0,0,9770,0.5102,0,0,0.977,
2,6,71,5102,0,0,9770,0.5102,0,0,0.977,
2,6,72,5102,0,0,9770,0.5102,0,0,0.977,
2,6,73,5102,0,0,9770,0.5102,0,0,0.977,
2,6,74,5102,0,0,9770,0.5102,0,0,0.977,
2,6,75,5102,0,0,9770,0.5102,0,0,0.977,
2,6,76,5102,0,0,9770,0.5102,0,0,0.977,
2,6,77,5102,0,0,9770,0.5102,0,0,0.977,
2,6,78,5102,0,0,9770,0.5102,0,0,0.977,
2,6,79,5102,0,0,9770,0.5102,0,0,0.977,
2,6,80,5102,0,0,9770,0.5102,0,0,0.977,
2,6,81,5102,0,0,9770,0.5102,0,0,0.977,
2,6,82,5102,0,0,9770,0.5102,0,0,0.977,
2,6,83,5102,0,0,9770,0.5102,0,0,0.977,
2,6,84,5102,0,0,9770,0.5102,0,0,0.977,
2,6,85,5102,0,0,9770,0.5102,0,0,0.977,
2,6,86,5102,0,0,9770,0.5102,0,0,0.977,
2,6,87,5102,0,0,9770,0.5102,0,0,0.977,
2,6,88,5102,0,0,9770,0.5102,0,0,0.977,
2,6,89,5102,0,0,9770,0.5102,0,0,0.977,
2,6,90,5102,0,0,9770,0.5102,0,0,0.977,
2,6,91,5102,0,0,9770,0.5102,0,0,0.977,
2,6,92,5102,0,0,9770,0.5102,0,0,0.977,
2,6,93,5102,0,0,9770,0.5102,0,0,0.977,
2,6,94,5102,0,0,9770,0.5102,0,0,0.977,
2,6,95,5102,0,0,9770,0.5102,0,0,0.977,
2,6,96,5102,0,0,9770,0.5102,0,0,0.977,
2,6,97,5102,0,0,9770,0.5102,0,0,0.977,
2,6,98,5102,0,0,9770,0.5102,0,0,0.977,
2,6,99,5102,0,0,9770,0.5102,0,0,0.977,
2,6,100,5102,0,0,9770,0.5102,0,0,0.977,
2,7,0,9980,20,120,29880,0.998,0.002,0.012,2.988,6
2,7,1,9921,42,178,29586,0.9921,0.0042,0.0178,2.9586,4.2381
2,7,2,9848,71,288,29225,0.9848,0.0071,0.0288,2.9225,4.05634
2,7,3,9715,111,447,28574,0.9715,0.0111,0.0447,2.8574,4.02703
2,7,4,9586,134,530,27942,0.9586,0.0134,0.053,2.7942,3.95522
2,7,5,9436,134,522,27222,0.9436,0.0134,0.0522,2.7222,3.89552
2,7,6,9273,151,572,26452,0.9273,0.0151,0.0572,2.6452,3.78808
2,7,7,9113,152,561,25697,0.9113,0.0152,0.0561,2.5697,3.69079
2,7,8,8933,151,551,24858,0.8933,0.0151,0.0551,2.4858,3.64901
2,7,9,8769,141,504,24101,0.8769,0.0141,0.0504,2.4101,3.57447
2,7,10,8585,157,552,23271,0.8585,0.0157,0.0552,2.3271,3.51592
2,7,11,8399,178,599,22456,0.8399,0.0178,0.0599,2.2456,3.36517
2,7,12,8199,184,618,21572,0.8199,0.0184,0.0618,2.1572,3.3587
2,7,13,8011,170,561,20765,0.8011,0.017,0.0561,2.0765,3.3
2,7,14,7837,175,561,20006,0.7837,0.0175,0.0561,2.0006,3.20571
2,7,15,7651,160,487,19226,0.7651,0.016,0.0487,1.9226,3.04375
2,7,16,7456,179,551,18414,0.7456,0.0179,0.0551,1.8414,3.07821
2,7,17,7281,188,558,17708,0.7281,0.0188,0.0558,1.7708,2.96809
2,7,18,7056,212,631,16794,0.7056,0.0212,0.0631,1.6794,2.97642
2,7,19,6851,182,521,15997,0.6851,0.0182,0.0521,1.5997,2.86264
2,7,20,6662,175,484,15264,0.6662,0.0175,0.0484,1.5264,2.76571
2,7,21,6513,148,407,14700,0.6513,0.0148,0.0407,1.47,2.75
2,7,22,6409,115,308,14308,0.6409,0.0115,0.0308,1.4308,2.67826
2,7,23,6308,118,326,13924,0.6308,0.0118,0.0326,1.3924,2.76271
2,7,24,6204,112,309,13533,0.6204,0.0112,0.0309,1.3533,2.75893
2,7,25,6110,105,280,13185,0.611,0.0105,0.028,1.3185,2.66667
2,7,26,6019,85,228,12865,0.6019,0.0085,0.0228,1.2865,2.68235
2,7,27,5966,70,193,12676,0.5966,0.007,0.0193,1.2676,2.75714
2,7,28,5919,53,130,12526,0.5919,0.0053,0.013,1.2526,2.45283
2,7,29,5887,27,70,12415,0.5887,0.0027,0.007,1.2415,2.59259
2,7,30,5875,15,37,12380,0.5875,0.0015,0.0037,1.238,2.46667
2,7,31,5868,7,20,12355,0.5868,0.0007,0.002,1.2355,2.85714
2,7,32,5861,6,18,12327,0.5861,0.0006,0.0018,1.2327,3
2,7,33,5855,6,16,12306,0.5855,0.0006,0.0016,1.2306,2.66667
2,7,34,5852,3,10,12294,0.5852,0.0003,0.001,1.2294,3.33333
2,7,35,5845,7,16,12272,0.5845,0.0007,0.0016,1.2272,2.28571
2,7,36,5842,7,14,12261,0.5842,0.0007,0.0014,1.2261,2
2,7,37,5835,5,8,12243,0.5835,0.0005,0.0008,1.2243,1.6
2,7,38,5831,2,8,12229,0.5831,0.0002,0.0008,1.2229,4
2,7,39,5830,0,0,12227,0.583,0,0,1.2227,
2,7,40,5830,0,0,12227,0.583,0,0,1.2227,
2,7,41,5830,0,0,12227,0.583,0,0,1.2227,
2,7,42,5830,0,0,12227,0.583,0,0,1.2227,
2,7,43,5830,0,0,12227,0.583,0,0,1.2227,
2,7,44,5830,0,0,12227,0.583,0,0,1.2227,
2,7,45,5830,0,0,12227,0.583,0,0,1.2227,
2,7,46,5830,0,0,12227,0.583,0,0,1.2227,
2,7,47,5830,0,0,12227,0.583,0,0,1.2227,
2,7,48,5830,0,0,12227,0.583,0,0,1.2227,
2,7,49,5830,0,0,12227,0.583,0,0,1.2227,
2,7,50,5830,0,0,12227,0.583,0,0,1.2227,
2,7,51,5830,0,0,12227,0.583,0,0,1.2227,
2,7,52,5830,0,0,12227,0.583,0,0,1.2227,
2,7,53,5830,0,0,12227,0.583,0,0,1.2227,
2,7,54,5830,0,0,12227,0.583,0,0,1.2227,
2,7,55,5830,0,0,12227,0.583,0,0,1.2227,
2,7,56,5830,0,0,12227,0.583,0,0,1.2227,
2,7,57,5830,0,0,12227,0.583,0,0,1.2227,
2,7,58,5830,0,0,12227,0.583,0,0,1.2227,
2,7,59,5830,0,0,12227,0.583,0,0,1.2227,
2,7,60,5830,0,0,12227,0.583,0,0,1.2227,
2,7,61,5830,0,0,12227,0.583,0,0,1.2227,
2,7,62,5830,0,0,12227,0.583,0,0,1.2227,
2,7,63,5830,0,0,12227,0.583,0,0,1.2227,
2,7,64,5830,0,0,12227,0.583,0,0,1.2227,
2,7,65,5830,0,0,12227,0.583,0,0,1.2227,
2,7,66,5830,0,0,12227,0.583,0,0,1.2227,
2,7,67,5830,0,0,12227,0.583,0,0,1.2227,
2,7,68,5830,0,0,12227,0.583,0,0,1.2227,
2,7,69,5830,0,0,12227,0.583,0,0,1.2227,
2,7,70,5830,0,0,12227,0.583,0,0,1.2227,
2,7,71,5830,0,0,12227,0.583,0,0,1.2227,
2,7,72,5830,0,0,12227,0.583,0,0,1.2227,
2,7,73,5830,0,0,12227,0.583,0,0,1.2227,
2,7,74,5830,0,0,12227,0.583,0,0,1.2227,
2,7,75,5830,0,0,12227,0.583,0,0,1.2227,
2,7,76,5830,0,0,12227,0.583,0,0,1.2227,
2,7,77,5830,0,0,12227,0.583,0,0,1.2227,
2,7,78,5830,0,0,12227,0.583,0,0,1.2227,
2,7,79,5830,0,0,12227,0.583,0,0,1.2227,
2,7,80,5830,0,0,12227,0.583,0,0,1.2227,
2,7,81,5830,0,0,12227,0.583,0,0,1.2227,
2,7,82,5830,0,0,12227,0.583,0,0,1.2227,
2,7,83,5830,0,0,12227,0.583,0,0,1.2227,
2,7,84,5830,0,0,12227,0.583,0,0,1.2227,
2,7,85,5830,0,0,12227,0.583,0,0,1.2227,
2,7,86,5830,0,0,12227,0.583,0,0,1.2227,
2,7,87,5830,0,0,12227,0.583,0,0,1.2227,
2,7,88,5830,0,0,12227,0.583,0,0,1.2227,
2,7,89,5830,0,0,12227,0.583,0,0,1.2227,
2,7,90,5830,0,0,12227,0.583,0,0,1.2227,
2,7,91,5830,0,0,12227,0.583,0,0,1.2227,
2,7,92,5830,0,0,12227,0.583,0,0,1.2227,
2,7,93,5830,0,0,12227,0.583,0,0,1.2227,
2,7,94,5830,0,0,12227,0.583,0,0,1.2227,
2,7,95,5830,0,0,12227,0.583,0,0,1.2227,
2,7,96,5830,0,0,12227,0.583,0,0,1.2227,
2,7,97,5830,0,0,12227,0.583,0,0,1.2227,
2,7,98,5830,0,0,12227,0.583,0,0,1.2227,
2,7,99,5830,0,0,12227,0.583,0,0,1.2227,
2,7,100,5830,0,0,12227,0.583,0,0,1.2227,
2,8,0,9980,20,120,29880,0.998,0.002,0.012,2.988,6
2,8,1,9956,24,109,29760,0.9956,0.0024,0.0109,2.976,4.54167
2,8,2,9917,39,161,29565,0.9917,0.0039,0.0161,2.9565,4.12821
2,8,3,9848,62,252,29222,0.9848,0.0062,0.0252,2.9222,4.06452
2,8,4,9771,76,303,28843,0.9771,0.0076,0.0303,2.8843,3.98684
2,8,5,9688,87,335,28433,0.9688,0.0087,0.0335,2.8433,3.85057
2,8,6,9603,84,321,28015,0.9603,0.0084,0.0321,2.8015,3.82143
2,8,7,9469,126,464,27372,0.9469,0.0126,0.0464,2.7372,3.68254
2,8,8,9286,149,557,26487,0.9286,0.0149,0.0557,2.6487,3.73826
2,8,9,9050,222,803,25387,0.905,0.0222,0.0803,2.5387,3.61712
2,8,10,8772,254,944,24090,0.8772,0.0254,0.0944,2.409,3.71654
2,8,11,8415,334,1177,22474,0.8415,0.0334,0.1177,2.2474,3.52395
2,8,12,7966,439,1471,20499,0.7966,0.0439,0.1471,2.0499,3.3508
2,8,13,7469,468,1479,18405,0.7469,0.0468,0.1479,1.8405,3.16026
2,8,14,7027,447,1278,16648,0.7027,0.0447,0.1278,1.6648,2.85906
2,8,15,6657,393,1117,15220,0.6657,0.0393,0.1117,1.522,2.84224
2,8,16,6298,397,1054,13880,0.6298,0.0397,0.1054,1.388,2.65491
2,8,17,6013,332,844,12850,0.6013,0.0332,0.0844,1.285,2.54217
2,8,18,5783,254,627,12060,0.5783,0.0254,0.0627,1.206,2.4685
2,8,19,5595,210,528,11414,0.5595,0.021,0.0528,1.1414,2.51429
2,8,20,5405,201,477,10770,0.5405,0.0201,0.0477,1.077,2.37313
2,8,21,5241,175,421,10223,0.5241,0.0175,0.0421,1.0223,2.40571
2,8,22,5131,121,294,9857,0.5131,0.0121,0.0294,0.9857,2.42975
2,8,23,5043,112,261,9562,0.5043,0.0112,0.0261,0.9562,2.33036
2,8,24,4947,97,220,9259,0.4947,0.0097,0.022,0.9259,2.26804
2,8,25,4899,60,131,9101,0.4899,0.006,0.0131,0.9101,2.18333
2,8,26,4858,46,96,8983,0.4858,0.0046,0.0096,0.8983,2.08696
2,8,27,4840,27,55,8937,0.484,0.0027,0.0055,0.8937,2.03704
2,8,28,4823,14,33,8882,0.4823,0.0014,0.0033,0.8882,2.35714
2,8,29,4813,8,12,8855,0.4813,0.0008,0.0012,0.8855,1.5
2,8,30,4809,8,17,8842,0.4809,0.0008,0.0017,0.8842,2.125
2,8,31,4801,10,19,8818,0.4801,0.001,0.0019,0.8818,1.9
2,8,32,4798,6,13,8809,0.4798,0.0006,0.0013,0.8809,2.16667
2,8,33,4796,3,7,8803,0.4796,0.0003,0.0007,0.8803,2.33333
2,8,34,4795,3,6,8801,0.4795,0.0003,0.0006,0.8801,2
2,8,35,4795,2,4,8801,0.4795,0.0002,0.0004,0.8801,2
2,8,36,4790,5,12,8784,0.479,0.0005,0.0012,0.8784,2.4
2,8,37,4777,7,17,8741,0.4777,0.0007,0.0017,0.8741,2.42857
2,8,38,4776,2,6,8737,0.4776,0.0002,0.0006,0.8737,3
2,8,39,4776,1,2,8737,0.4776,0.0001,0.0002,0.8737,2
2,8,40,4776,0,0,8737,0.4776,0,0,0.8737,
2,8,41,4776,0,0,8737,0.4776,0,0,0.8737,
2,8,42,4776,0,0,8737,0.4776,0,0,0.8737,
2,8,43,4776,0,0,8737,0.4776,0,0,0.8737,
2,8,44,4776,0,0,8737,0.4776,0,0,0.8737,
2,8,45,4776,0,0,8737,0.4776,0,0,0.8737,
2,8,46,4776,0,0,8737,0.4776,0,0,0.8737,
2,8,47,4776,0,0,8737,0.4776,0,0,0.8737,
2,8,48,4776,0,0,8737,0.4776,0,0,0.8737,
2,8,49,4776,0,0,8737,0.4776,0,0,0.8737,
2,8,50,4776,0,0,8737,0.4776,0,0,0.8737,
2,8,51,4776,0,0,8737,0.4776,0,0,0.8737,
2,8,52,4776,0,0,8737,0.4776,0,0,0.8737,
2,8,53,4776,0,0,8737,0.4776,0,0,0.8737,
2,8,54,4776,0,0,8737,0.4776,0,0,0.8737,
2,8,55,4776,0,0,8737,0.4776,0,0,0.8737,
2,8,56,4776,0,0,8737,0.4776,0,0,0.8737,
2,8,57,4776,0,0,8737,0.4776,0,0,0.8737,
2,8,58,4776,0,0,8737,0.4776,0,0,0.8737,
2,8,59,4776,0,0,8737,0.4776,0,0,0.8737,
2,8,60,4776,0,0,8737,0.4776,0,0,0.8737,
2,8,61,4776,0,0,8737,0.4776,0,0,0.8737,
2,8,62,4776,0,0,8737,0.4776,0,0,0.8737,
2,8,63,4776,0,0,8737,0.4776,0,0,0.8737,
2,8,64,4776,0,0,8737,0.4776,0,0,0.8737,
2,8,65,4776,0,0,8737,0.4776,0,0,0.8737,
2,8,66,4776,0,0,8737,0.4776,0,0,0.8737,
2,8,67,4776,0,0,8737,0.4776,0,0,0.8737,
2,8,68,4776,0,0,8737,0.4776,0,0,0.8737,
2,8,69,4776,0,0,8737,0.4776,0,0,0.8737,
2,8,70,4776,0,0,8737,0.4776,0,0,0.8737,
2,8,71,4776,0,0,8737,0.4776,0,0,0.8737,
2,8,72,4776,0,0,8737,0.4776,0,0,0.8737,
2,8,73,4776,0,0,8737,0.4776,0,0,0.8737,
2,8,74,4776,0,0,8737,0.4776,0,0,0.8737,
2,8,75,4776,0,0,8737,0.4776,0,0,0.8737,
2,8,76,4776,0,0,8737,0.4776,0,0,0.8737,
2,8,77,4776,0,0,8737,0.4776,0,0,0.8737,
2,8,78,4776,0,0,8737,0.4776,0,0,0.8737,
2,8,79,4776,0,0,8737,0.4776,0,0,0.8737,
2,8,80,4776,0,0,8737,0.4776,0,0,0.8737,
2,8,81,4776,0,0,8737,0.4776,0,0,0.8737,
2,8,82,4776,0,0,8737,0.4776,0,0,0.8737,
2,8,83,4776,0,0,8737,0.4776,0,0,0.8737,
2,8,84,4776,0,0,8737,0.4776,0,0,0.8737,
2,8,85,4776,0,0,8737,0.4776,0,0,0.8737,
2,8,86,4776,0,0,8737,0.4776,0,0,0.8737,
2,8,87,4776,0,0,8737,0.4776,0,0,0.8737,
2,8,88,4776,0,0,8737,0.4776,0,0,0.8737,
2,8,89,4776,0,0,8737,0.4776,0,0,0.8737,
2,8,90,4776,0,0,8737,0.4776,0,0,0.8737,
2,8,91,4776,0,0,8737,0.4776,0,0,0.8737,
2,8,92,4776,0,0,8737,0.4776,0,0,0.8737,
2,8,93,4776,0,0,8737,0.4776,0,0,0.8737,
2,8,94,4776,0,0,8737,0.4776,0,0,0.8737,
2,8,95,4776,0,0,8737,0.4776,0,0,0.8737,
2,8,96,4776,0,0,8737,0.4776,0,0,0.8737,
2,8,97,4776,0,0,8737,0.4776,0,0,0.8737,
2,8,98,4776,0,0,8737,0.4776,0,0,0.8737,
2,8,99,4776,0,0,8737,0.4776,0,0,0.8737,
2,8,100,4776,0,0,8737,0.4776,0,0,0.8737,
2,9,0,9980,20,120,29880,0.998,0.002,0.012,2.988,6
2,9,1,9926,36,156,29611,0.9926,0.0036,0.0156,2.9611,4.33333
2,9,2,9871,51,205,29338,0.9871,0.0051,0.0205,2.9338,4.01961
2,9,3,9791,66,254,28942,0.9791,0.0066,0.0254,2.8942,3.84848
2,9,4,9687,92,361,28430,0.9687,0.0092,0.0361,2.843,3.92391
2,9,5,9549,128,490,27766,0.9549,0.0128,0.049,2.7766,3.82812
2,9,6,9369,152,560,26896,0.9369,0.0152,0.056,2.6896,3.68421
2,9,7,9205,161,603,26107,0.9205,0.0161,0.0603,2.6107,3.74534
2,9,8,9013,169,624,25200,0.9013,0.0169,0.0624,2.52,3.69231
2,9,9,8797,188,686,24200,0.8797,0.0188,0.0686,2.42,3.64894
2,9,10,8572,228,811,23173,0.8572,0.0228,0.0811,2.3173,3.55702
2,9,11,8347,228,802,22164,0.8347,0.0228,0.0802,2.2164,3.51754
2,9,12,8044,291,1004,20842,0.8044,0.0291,0.1004,2.0842,3.45017
2,9,13,7736,320,1037,19518,0.7736,0.032,0.1037,1.9518,3.24063
2,9,14,7347,365,1136,17923,0.7347,0.0365,0.1136,1.7923,3.11233
2,9,15,6997,335,979,16495,0.6997,0.0335,0.0979,1.6495,2.92239
2,9,16,6738,266,752,15475,0.6738,0.0266,0.0752,1.5475,2.82707
2,9,17,6483,242,687,14510,0.6483,0.0242,0.0687,1.451,2.83884
2,9,18,6267,224,613,13690,0.6267,0.0224,0.0613,1.369,2.73661
2,9,19,6086,193,519,13027,0.6086,0.0193,0.0519,1.3027,2.68912
2,9,20,5930,165,413,12485,0.593,0.0165,0.0413,1.2485,2.50303
2,9,21,5811,137,326,12059,0.5811,0.0137,0.0326,1.2059,2.37956
2,9,22,5726,111,278,11750,0.5726,0.0111,0.0278,1.175,2.5045
2,9,23,5668,62,155,11555,0.5668,0.0062,0.0155,1.1555,2.5
2,9,24,5629,49,120,11420,0.5629,0.0049,0.012,1.142,2.44898
2,9,25,5603,37,90,11330,0.5603,0.0037,0.009,1.133,2.43243
2,9,26,5584,26,59,11270,0.5584,0.0026,0.0059,1.127,2.26923
2,9,27,5563,17,43,11197,0.5563,0.0017,0.0043,1.1197,2.52941
2,9,28,5558,11,24,11182,0.5558,0.0011,0.0024,1.1182,2.18182
2,9,29,5552,12,26,11164,0.5552,0.0012,0.0026,1.1164,2.16667
2,9,30,5547,6,10,11151,0.5547,0.0006,0.001,1.1151,1.66667
2,9,31,5544,4,8,11137,0.5544,0.0004,0.0008,1.1137,2
2,9,32,5541,3,5,11128,0.5541,0.0003,0.0005,1.1128,1.66667
2,9,33,5541,0,0,11128,0.5541,0,0,1.1128,
2,9,34,5541,0,0,11128,0.5541,0,0,1.1128,
2,9,35,5541,0,0,11128,0.5541,0,0,1.1128,
2,9,36,5541,0,0,11128,0.5541,0,0,1.1128,
2,9,37,5541,0,0,11128,0.5541,0,0,1.1128,
2,9,38,5541,0,0,11128,0.5541,0,0,1.1128,
2,9,39,5541,0,0,11128,0.5541,0,0,1.1128,
2,9,40,5541,0,0,11128,0.5541,0,0,1.1128,
2,9,41,5541,0,0,11128,0.5541,0,0,1.1128,
2,9,42,5541,0,0,11128,0.5541,0,0,1.1128,
2,9,43,5541,0,0,11128,0.5541,0,0,1.1128,
2,9,44,5541,0,0,11128,0.5541,0,0,1.1128,
2,9,45,5541,0,0,11128,0.5541,0,0,1.1128,
2,9,46,5541,0,0,11128,0.5541,0,0,1.1128,
2,9,47,5541,0,0,11128,0.5541,0,0,1.1128,
2,9,48,5541,0,0,11128,0.5541,0,0,1.1128,
2,9,49,5541,0,0,11128,0.5541,0,0,1.1128,
2,9,50,5541,0,0,11128,0.5541,0,0,1.1128,
2,9,51,5541,0,0,11128,0.5541,0,0,1.1128,
2,9,52,5541,0,0,11128,0.5541,0,0,1.1128,
2,9,53,5541,0,0,11128,0.5541,0,0,1.1128,
2,9,54,5541,0,0,11128,0.5541,0,0,1.1128,
2,9,55,5541,0,0,11128,0.5541,0,0,1.1128,
2,9,56,5541,0,0,11128,0.5541,0,0,1.1128,
2,9,57,5541,0,0,11128,0.5541,0,0,1.1128,
2,9,58,5541,0,0,11128,0.5541,0,0,1.1128,
2,9,59,5541,0,0,11128,0.5541,0,0,1.1128,
2,9,60,5541,0,0,11128,0.5541,0,0,1.1128,
2,9,61,5541,0,0,11128,0.5541,0,0,1.1128,
2,9,62,5541,0,0,11128,0.5541,0,0,1.1128,
2,9,63,5541,0,0,11128,0.5541,0,0,1.1128,
2,9,64,5541,0,0,11128,0.5541,0,0,1.1128,
2,9,65,5541,0,0,11128,0.5541,0,0,1.1128,
2,9,66,5541,0,0,11128,0.5541,0,0,1.1128,
2,9,67,5541,0,0,11128,0.5541,0,0,1.1128,
2,9,68,5541,0,0,11128,0.5541,0,0,1.1128,
2,9,69,5541,0,0,11128,0.5541,0,0,1.1128,
2,9,70,5541,0,0,11128,0.5541,0,0,1.1128,
2,9,71,5541,0,0,11128,0.5541,0,0,1.1128,
2,9,72,5541,0,0,11128,0.5541,0,0,1.1128,
2,9,73,5541,0,0,11128,0.5541,0,0,1.1128,
2,9,74,5541,0,0,11128,0.5541,0,0,1.1128,
2,9,75,5541,0,0,11128,0.5541,0,0,1.1128,
2,9,76,5541,0,0,11128,0.5541,0,0,1.1128,
2,9,77,5541,0,0,11128,0.5541,0,0,1.1128,
2,9,78,5541,0,0,11128,0.5541,0,0,1.1128,
2,9,79,5541,0,0,11128,0.5541,0,0,1.1128,
2,9,80,5541,0,0,11128,0.5541,0,0,1.1128,
2,9,81,5541,0,0,11128,0.5541,0,0,1.1128,
2,9,82,5541,0,0,11128,0.5541,0,0,1.1128,
2,9,83,5541,0,0,11128,0.5541,0,0,1.1128,
2,9,84,5541,0,0,11128,0.5541,0,0,1.1128,
2,9,85,5541,0,0,11128,0.5541,0,0,1.1128,
2,9,86,5541,0,0,11128,0.5541,0,0,1.1128,
2,9,87,5541,0,0,11128,0.5541,0,0,1.1128,
2,9,88,5541,0,0,11128,0.5541,0,0,1.1128,
2,9,89,5541,0,0,11128,0.5541,0,0,1.1128,
2,9,90,5541,0,0,11128,0.5541,0,0,1.1128,
2,9,91,5541,0,0,11128,0.5541,0,0,1.1128,
2,9,92,5541,0,0,11128,0.5541,0,0,1.1128,
2,9,93,5541,0,0,11128,0.5541,0,0,1.1128,
2,9,94,5541,0,0,11128,0.5541,0,0,1.1128,
2,9,95,5541,0,0,11128,0.5541,0,0,1.1128,
2,9,96,5541,0,0,11128,0.5541,0,0,1.1128,
2,9,97,5541,0,0,11128,0.5541,0,0,1.1128,
2,9,98,5541,0,0,11128,0.5541,0,0,1.1128,
2,9,99,5541,0,0,11128,0.5541,0,0,1.1128,
2,9,100,5541,0,0,11128,0.5541,0,0,1.1128,
2,10,0,9980,20,120,29880,0.998,0.002,0.012,2.988,6
2,10,1,9949,28,129,29725,0.9949,0.0028,0.0129,2.9725,4.60714
2,10,2,9910,32,129,29531,0.991,0.0032,0.0129,2.9531,4.03125
2,10,3,9837,53,214,29169,0.9837,0.0053,0.0214,2.9169,4.03774
2,10,4,9758,77,289,28781,0.9758,0.0077,0.0289,2.8781,3.75325
2,10,5,9640,113,448,28205,0.964,0.0113,0.0448,2.8205,3.9646
2,10,6,9492,144,565,27486,0.9492,0.0144,0.0565,2.7486,3.92361
2,10,7,9311,161,619,26620,0.9311,0.0161,0.0619,2.662,3.84472
2,10,8,9093,201,747,25582,0.9093,0.0201,0.0747,2.5582,3.71642
2,10,9,8816,265,958,24302,0.8816,0.0265,0.0958,2.4302,3.61509
2,10,10,8486,295,1023,22825,0.8486,0.0295,0.1023,2.2825,3.4678
2,10,11,8167,309,1038,21414,0.8167,0.0309,0.1038,2.1414,3.35922
2,10,12,7788,340,1106,19794,0.7788,0.034,0.1106,1.9794,3.25294
2,10,13,7482,318,965,18516,0.7482,0.0318,0.0965,1.8516,3.03459
2,10,14,7188,304,916,17312,0.7188,0.0304,0.0916,1.7312,3.01316
2,10,15,6870,325,935,16060,0.687,0.0325,0.0935,1.606,2.87692
2,10,16,6544,316,867,14808,0.6544,0.0316,0.0867,1.4808,2.74367
2,10,17,6342,231,594,14078,0.6342,0.0231,0.0594,1.4078,2.57143
2,10,18,6167,201,522,13428,0.6167,0.0201,0.0522,1.3428,2.59701
2,10,19,6005,180,437,12838,0.6005,0.018,0.0437,1.2838,2.42778
2,10,20,5845,179,443,12272,0.5845,0.0179,0.0443,1.2272,2.47486
2,10,21,5713,154,372,11805,0.5713,0.0154,0.0372,1.1805,2.41558
2,10,22,5595,115,276,11408,0.5595,0.0115,0.0276,1.1408,2.4
2,10,23,5516,96,238,11138,0.5516,0.0096,0.0238,1.1138,2.47917
2,10,24,5459,70,142,10953,0.5459,0.007,0.0142,1.0953,2.02857
2,10,25,5416,44,116,10794,0.5416,0.0044,0.0116,1.0794,2.63636
2,10,26,5378,38,94,10668,0.5378,0.0038,0.0094,1.0668,2.47368
2,10,27,5351,27,61,10582,0.5351,0.0027,0.0061,1.0582,2.25926
2,10,28,5342,10,14,10554,0.5342,0.001,0.0014,1.0554,1.4
2,10,29,5339,7,13,10546,0.5339,0.0007,0.0013,1.0546,1.85714
2,10,30,5338,1,1,10543,0.5338,0.0001,0.0001,1.0543,1
2,10,31,5338,0,0,10543,0.5338,0,0,1.0543,
2,10,32,5338,0,0,10543,0.5338,0,0,1.0543,
2,10,33,5338,0,0,10543,0.5338,0,0,1.0543,
2,10,34,5338,0,0,10543,0.5338,0,0,1.0543,
2,10,35,5338,0,0,10543,0.5338,0,0,1.0543,
2,10,36,5338,0,0,10543,0.5338,0,0,1.0543,
2,10,37,5338,0,0,10543,0.5338,0,0,1.0543,
2,10,38,5338,0,0,10543,0.5338,0,0,1.0543,
2,10,39,5338,0,0,10543,0.5338,0,0,1.0543,
2,10,40,5338,0,0,10543,0.5338,0,0,1.0543,
2,10,41,5338,0,0,10543,0.5338,0,0,1.0543,
2,10,42,5338,0,0,10543,0.5338,0,0,1.0543,
2,10,43,5338,0,0,10543,0.5338,0,0,1.0543,
2,10,44,5338,0,0,10543,0.5338,0,0,1.0543,
2,10,45,5338,0,0,10543,0.5338,0,0,1.0543,
2,10,46,5338,0,0,10543,0.5338,0,0,1.0543,
2,10,47,5338,0,0,10543,0.5338,0,0,1.0543,
2,10,48,5338,0,0,10543,0.5338,0,0,1.0543,
2,10,49,5338,0,0,10543,0.5338,0,0,1.0543,
2,10,50,5338,0,0,10543,0.5338,0,0,1.0543,
2,10,51,5338,0,0,10543,0.5338,0,0,1.0543,
2,10,52,5338,0,0,10543,0.5338,0,0,1.0543,
2,10,53,5338,0,0,10543,0.5338,0,0,1.0543,
2,10,54,5338,0,0,10543,0.5338,0,0,1.0543,
2,10,55,5338,0,0,10543,0.5338,0,0,1.0543,
2,10,56,5338,0,0,10543,0.5338,0,0,1.0543,
2,10,57,5338,0,0,10543,0.5338,0,0,1.0543,
2,10,58,5338,0,0,10543,0.5338,0,0,1.0543,
2,10,59,5338,0,0,10543,0.5338,0,0,1.0543,
2,10,60,5338,0,0,10543,0.5338,0,0,1.0543,
2,10,61,5338,0,0,10543,0.5338,0,0,1.0543,
2,10,62,5338,0,0,10543,0.5338,0,0,1.0543,
2,10,63,5338,0,0,10543,0.5338,0,0,1.0543,
2,10,64,5338,0,0,10543,0.5338,0,0,1.0543,
2,10,65,5338,0,0,10543,0.5338,0,0,1.0543,
2,10,66,5338,0,0,10543,0.5338,0,0,1.0543,
2,10,67,5338,0,0,10543,0.5338,0,0,1.0543,
2,10,68,5338,0,0,10543,0.5338,0,0,1.0543,
2,10,69,5338,0,0,10543,0.5338,0,0,1.0543,
2,10,70,5338,0,0,10543,0.5338,0,0,1.0543,
2,10,71,5338,0,0,10543,0.5338,0,0,1.0543,
2,10,72,5338,0,0,10543,0.5338,0,0,1.0543,
2,10,73,5338,0,0,10543,0.5338,0,0,1.0543,
2,10,74,5338,0,0,10543,0.5338,0,0,1.0543,
2,10,75,5338,0,0,10543,0.5338,0,0,1.0543,
2,10,76,5338,0,0,10543,0.5338,0,0,1.0543,
2,10,77,5338,0,0,10543,0.5338,0,0,1.0543,
2,10,78,5338,0,0,10543,0.5338,0,0,1.0543,
2,10,79,5338,0,0,10543,0.5338,0,0,1.0543,
2,10,80,5338,0,0,10543,0.5338,0,0,1.0543,
2,10,81,5338,0,0,10543,0.5338,0,0,1.0543,
2,10,82,5338,0,0,10543,0.5338,0,0,1.0543,
2,10,83,5338,0,0,10543,0.5338,0,0,1.0543,
2,10,84,5338,0,0,10543,0.5338,0,0,1.0543,
2,10,85,5338,0,0,10543,0.5338,0,0,1.0543,
2,10,86,5338,0,0,10543,0.5338,0,0,1.0543,
2,10,87,5338,0,0,10543,0.5338,0,0,1.0543,
2,10,88,5338,0,0,10543,0.5338,0,0,1.0543,
2,10,89,5338,0,0,10543,0.5338,0,0,1.0543,
2,10,90,5338,0,0,10543,0.5338,0,0,1.0543,
2,10,91,5338,0,0,10543,0.5338,0,0,1.0543,
2,10,92,5338,0,0,10543,0.5338,0,0,1.0543,
2,10,93,5338,0,0,10543,0.5338,0,0,1.0543,
2,10,94,5338,0,0,10543,0.5338,0,0,1.0543,
2,10,95,5338,0,0,10543,0.5338,0,0,1.0543,
2,10,96,5338,0,0,10543,0.5338,0,0,1.0543,
2,10,97,5338,0,0,10543,0.5338,0,0,1.0543,
2,10,98,5338,0,0,10543,0.5338,0,0,1.0543,
2,10,99,5338,0,0,10543,0.5338,0,0,1.0543,
2,10,100,5338,0,0,10543,0.5338,0,0,1.0543,
2,11,0,9980,20,120,29880,0.998,0.002,0.012,2.988,6
2,11,1,9941,24,108,29685,0.9941,0.0024,0.0108,2.9685,4.5
2,11,2,9890,40,160,29432,0.989,0.004,0.016,2.9432,4
2,11,3,9840,41,150,29186,0.984,0.0041,0.015,2.9186,3.65854
2,11,4,9763,57,225,28803,0.9763,0.0057,0.0225,2.8803,3.94737
2,11,5,9704,54,207,28515,0.9704,0.0054,0.0207,2.8515,3.83333
2,11,6,9636,66,242,28186,0.9636,0.0066,0.0242,2.8186,3.66667
2,11,7,9564,72,278,27832,0.9564,0.0072,0.0278,2.7832,3.86111
2,11,8,9447,109,423,27264,0.9447,0.0109,0.0423,2.7264,3.88073
2,11,9,9283,145,556,26478,0.9283,0.0145,0.0556,2.6478,3.83448
2,11,10,9087,161,588,25551,0.9087,0.0161,0.0588,2.5551,3.65217
2,11,11,8882,193,686,24607,0.8882,0.0193,0.0686,2.4607,3.5544
2,11,12,8608,258,929,23337,0.8608,0.0258,0.0929,2.3337,3.60078
2,11,13,8286,301,1031,21893,0.8286,0.0301,0.1031,2.1893,3.42525
2,11,14,7941,312,1007,20405,0.7941,0.0312,0.1007,2.0405,3.22756
2,11,15,7626,296,911,19069,0.7626,0.0296,0.0911,1.9069,3.0777
2,11,16,7315,316,967,17767,0.7315,0.0316,0.0967,1.7767,3.06013
2,11,17,7063,265,731,16784,0.7063,0.0265,0.0731,1.6784,2.75849
2,11,18,6850,243,661,15966,0.685,0.0243,0.0661,1.5966,2.72016
2,11,19,6648,210,555,15175,0.6648,0.021,0.0555,1.5175,2.64286
2,11,20,6507,167,442,14659,0.6507,0.0167,0.0442,1.4659,2.64671
2,11,21,6378,149,420,14167,0.6378,0.0149,0.042,1.4167,2.81879
2,11,22,6289,104,283,13841,0.6289,0.0104,0.0283,1.3841,2.72115
2,11,23,6205,99,258,13535,0.6205,0.0099,0.0258,1.3535,2.60606
2,11,24,6158,64,165,13383,0.6158,0.0064,0.0165,1.3383,2.57812
2,11,25,6105,60,165,13181,0.6105,0.006,0.0165,1.3181,2.75
2,11,26,6054,47,108,12996,0.6054,0.0047,0.0108,1.2996,2.29787
2,11,27,6016,49,125,12855,0.6016,0.0049,0.0125,1.2855,2.55102
2,11,28,5980,48,127,12724,0.598,0.0048,0.0127,1.2724,2.64583
2,11,29,5933,50,130,12550,0.5933,0.005,0.013,1.255,2.6
2,11,30,5896,36,100,12428,0.5896,0.0036,0.01,1.2428,2.77778
2,11,31,5863,28,64,12318,0.5863,0.0028,0.0064,1.2318,2.28571
2,11,32,5839,32,70,12239,0.5839,0.0032,0.007,1.2239,2.1875
2,11,33,5822,20,46,12181,0.5822,0.002,0.0046,1.2181,2.3
2,11,34,5810,13,32,12139,0.581,0.0013,0.0032,1.2139,2.46154
2,11,35,5806,5,15,12128,0.5806,0.0005,0.0015,1.2128,3
2,11,36,5804,3,5,12124,0.5804,0.0003,0.0005,1.2124,1.66667
2,11,37,5803,2,5,12120,0.5803,0.0002,0.0005,1.212,2.5
2,11,38,5801,3,8,12111,0.5801,0.0003,0.0008,1.2111,2.66667
2,11,39,5800,1,0,12108,0.58,0.0001,0,1.2108,0
2,11,40,5800,0,0,12108,0.58,0,0,1.2108,
2,11,41,5800,0,0,12108,0.58,0,0,1.2108,
2,11,42,5800,0,0,12108,0.58,0,0,1.2108,
2,11,43,5800,0,0,12108,0.58,0,0,1.2108,
2,11,44,5800,0,0,12108,0.58,0,0,1.2108,
2,11,45,5800,0,0,12108,0.58,0,0,1.2108,
2,11,46,5800,0,0,12108,0.58,0,0,1.2108,
2,11,47,5800,0,0,12108,0.58,0,0,1.2108,
2,11,48,5800,0,0,12108,0.58,0,0,1.2108,
2,11,49,5800,0,0,12108,0.58,0,0,1.2108,
2,11,50,5800,0,0,12108,0.58,0,0,1.2108,
2,11,51,5800,0,0,12108,0.58,0,0,1.2108,
2,11,52,5800,0,0,12108,0.58,0,0,1.2108,
2,11,53,5800,0,0,12108,0.58,0,0,1.2108,
2,11,54,5800,0,0,12108,0.58,0,0,1.2108,
2,11,55,5800,0,0,12108,0.58,0,0,1.2108,
2,11,56,5800,0,0,12108,0.58,0,0,1.2108,
2,11,57,5800,0,0,12108,0.58,0,0,1.2108,
2,11,58,5800,0,0,12108,0.58,0,0,1.2108,
2,11,59,5800,0,0,12108,0.58,0,0,1.2108,
2,11,60,5800,0,0,12108,0.58,0,0,1.2108,
2,11,61,5800,0,0,12108,0.58,0,0,1.2108,
2,11,62,5800,0,0,12108,0.58,0,0,1.2108,
2,11,63,5800,0,0,12108,0.58,0,0,1.2108,
2,11,64,5800,0,0,12108,0.58,0,0,1.2108,
2,11,65,5800,0,0,12108,0.58,0,0,1.2108,
2,11,66,5800,0,0,12108,0.58,0,0,1.2108,
2,11,67,5800,0,0,12108,0.58,0,0,1.2108,
2,11,68,5800,0,0,12108,0.58,0,0,1.2108,
2,11,69,5800,0,0,12108,0.58,0,0,1.2108,
2,11,70,5800,0,0,12108,0.58,0,0,1.2108,
2,11,71,5800,0,0,12108,0.58,0,0,1.2108,
2,11,72,5800,0,0,12108,0.58,0,0,1.2108,
2,11,73,5800,0,0,12108,0.58,0,0,1.2108,
2,11,74,5800,0,0,12108,0.58,0,0,1.2108,
2,11,75,5800,0,0,12108,0.58,0,0,1.2108,
2,11,76,5800,0,0,12108,0.58,0,0,1.2108,
2,11,77,5800,0,0,12108,0.58,0,0,1.2108,
2,11,78,5800,0,0,12108,0.58,0,0,1.2108,
2,11,79,5800,0,0,12108,0.58,0,0,1.2108,
2,11,80,5800,0,0,12108,0.58,0,0,1.2108,
2,11,81,5800,0,0,12108,0.58,0,0,1.2108,
2,11,82,5800,0,0,12108,0.58,0,0,1.2108,
2,11,83,5800,0,0,12108,0.58,0,0,1.2108,
2,11,84,5800,0,0,12108,0.58,0,0,1.2108,
2,11,85,5800,0,0,12108,0.58,0,0,1.2108,
2,11,86,5800,0,0,12108,0.58,0,0,1.2108,
2,11,87,5800,0,0,12108,0.58,0,0,1.2108,
2,11,88,5800,0,0,12108,0.58,0,0,1.2108,
2,11,89,5800,0,0,12108,0.58,0,0,1.2108,
2,11,90,5800,0,0,12108,0.58,0,0,1.2108,
2,11,91,5800,0,0,12108,0.58,0,0,1.2108,
2,11,92,5800,0,0,12108,0.58,0,0,1.2108,
2,11,93,5800,0,0,12108,0.58,0,0,1.2108,
2,11,94,5800,0,0,12108,0.58,0,0,1.2108,
2,11,95,5800,0,0,12108,0.58,0,0,1.2108,
2,11,96,5800,0,0,12108,0.58,0,0,1.2108,
2,11,97,5800,0,0,12108,0.58,0,0,1.2108,
2,11,98,5800,0,0,12108,0.58,0,0,1.2108,
2,11,99,5800,0,0,12108,0.58,0,0,1.2108,
2,11,100,5800,0,0,12108,0.58,0,0,1.2108,
2,12,0,9980,20,120,29880,0.998,0.002,0.012,2.988,6
2,12,1,9950,24,109,29730,0.995,0.0024,0.0109,2.973,4.54167
2,12,2,9916,29,120,29562,0.9916,0.0029,0.012,2.9562,4.13793
2,12,3,9877,35,141,29368,0.9877,0.0035,0.0141,2.9368,4.02857
2,12,4,9830,44,177,29134,0.983,0.0044,0.0177,2.9134,4.02273
2,12,5,9759,64,250,28784,0.9759,0.0064,0.025,2.8784,3.90625
2,12,6,9669,74,290,28345,0.9669,0.0074,0.029,2.8345,3.91892
2,12,7,9583,85,335,27921,0.9583,0.0085,0.0335,2.7921,3.94118
2,12,8,9424,144,550,27151,0.9424,0.0144,0.055,2.7151,3.81944
2,12,9,9238,167,631,26270,0.9238,0.0167,0.0631,2.627,3.77844
2,12,10,9005,204,761,25165,0.9005,0.0204,0.0761,2.5165,3.73039
2,12,11,8747,237,854,23972,0.8747,0.0237,0.0854,2.3972,3.60338
2,12,12,8443,296,1028,22609,0.8443,0.0296,0.1028,2.2609,3.47297
2,12,13,8112,317,1042,21166,0.8112,0.0317,0.1042,2.1166,3.28707
2,12,14,7750,369,1160,19636,0.775,0.0369,0.116,1.9636,3.14363
2,12,15,7369,381,1196,18043,0.7369,0.0381,0.1196,1.8043,3.13911
2,12,16,7022,339,1011,16651,0.7022,0.0339,0.1011,1.6651,2.9823
2,12,17,6720,281,800,15483,0.672,0.0281,0.08,1.5483,2.84698
2,12,18,6499,253,714,14647,0.6499,0.0253,0.0714,1.4647,2.82213
2,12,19,6289,222,580,13882,0.6289,0.0222,0.058,1.3882,2.61261
2,12,20,6125,195,489,13286,0.6125,0.0195,0.0489,1.3286,2.50769
2,12,21,6011,145,368,12883,0.6011,0.0145,0.0368,1.2883,2.53793
2,12,22,5864,162,413,12350,0.5864,0.0162,0.0413,1.235,2.54938
2,12,23,5755,126,309,11970,0.5755,0.0126,0.0309,1.197,2.45238
2,12,24,5642,121,297,11582,0.5642,0.0121,0.0297,1.1582,2.45455
2,12,25,5546,110,267,11246,0.5546,0.011,0.0267,1.1246,2.42727
2,12,26,5432,120,286,10866,0.5432,0.012,0.0286,1.0866,2.38333
2,12,27,5348,104,228,10593,0.5348,0.0104,0.0228,1.0593,2.19231
2,12,28,5279,90,220,10347,0.5279,0.009,0.022,1.0347,2.44444
2,12,29,5238,55,123,10211,0.5238,0.0055,0.0123,1.0211,2.23636
2,12,30,5195,44,105,10057,0.5195,0.0044,0.0105,1.0057,2.38636
2,12,31,5169,34,82,9971,0.5169,0.0034,0.0082,0.9971,2.41176
2,12,32,5160,20,46,9940,0.516,0.002,0.0046,0.994,2.3
2,12,33,5147,16,34,9907,0.5147,0.0016,0.0034,0.9907,2.125
2,12,34,5135,14,35,9864,0.5135,0.0014,0.0035,0.9864,2.5
2,12,35,5134,7,19,9862,0.5134,0.0007,0.0019,0.9862,2.71429
2,12,36,5133,3,10,9859,0.5133,0.0003,0.001,0.9859,3.33333
2,12,37,5130,3,8,9849,0.513,0.0003,0.0008,0.9849,2.66667
2,12,38,5129,1,3,9846,0.5129,0.0001,0.0003,0.9846,3
2,12,39,5128,1,5,9841,0.5128,0.0001,0.0005,0.9841,5
2,12,40,5128,1,5,9841,0.5128,0.0001,0.0005,0.9841,5
2,12,41,5128,0,0,9841,0.5128,0,0,0.9841,
2,12,42,5128,0,0,9841,0.5128,0,0,0.9841,
2,12,43,5128,0,0,9841,0.5128,0,0,0.9841,
2,12,44,5128,0,0,9841,0.5128,0,0,0.9841,
2,12,45,5128,0,0,9841,0.5128,0,0,0.9841,
2,12,46,5128,0,0,9841,0.5128,0,0,0.9841,
2,12,47,5128,0,0,9841,0.5128,0,0,0.9841,
2,12,48,5128,0,0,9841,0.5128,0,0,0.9841,
2,12,49,5128,0,0,9841,0.5128,0,0,0.9841,
2,12,50,5128,0,0,9841,0.5128,0,0,0.9841,
2,12,51,5128,0,0,9841,0.5128,0,0,0.9841,
2,12,52,5128,0,0,9841,0.5128,0,0,0.9841,
2,12,53,5128,0,0,9841,0.5128,0,0,0.9841,
2,12,54,5128,0,0,9841,0.5128,0,0,0.9841,
2,12,55,5128,0,0,9841,0.5128,0,0,0.9841,
2,12,56,5128,0,0,9841,0.5128,0,0,0.9841,
2,12,57,5128,0,0,9841,0.5128,0,0,0.9841,
2,12,58,5128,0,0,9841,0.5128,0,0,0.9841,
2,12,59,5128,0,0,9841,0.5128,0,0,0.9841,
2,12,60,5128,0,0,9841,0.5128,0,0,0.9841,
2,12,61,5128,0,0,9841,0.5128,0,0,0.9841,
2,12,62,5128,0,0,9841,0.5128,0,0,0.9841,
2,12,63,5128,0,0,9841,0.5128,0,0,0.9841,
2,12,64,5128,0,0,9841,0.5128,0,0,0.9841,
2,12,65,5128,0,0,9841,0.5128,0,0,0.9841,
2,12,66,5128,0,0,9841,0.5128,0,0,0.9841,
2,12,67,5128,0,0,9841,0.5128,0,0,0.9841,
2,12,68,5128,0,0,9841,0.5128,0,0,0.9841,
2,12,69,5128,0,0,9841,0.5128,0,0,0.9841,
2,12,70,5128,0,0,9841,0.5128,0,0,0.9841,
2,12,71,5128,0,0,9841,0.5128,0,0,0.9841,
2,12,72,5128,0,0,9841,0.5128,0,0,0.9841,
2,12,73,5128,0,0,9841,0.5128,0,0,0.9841,
2,12,74,5128,0,0,9841,0.5128,0,0,0.9841,
2,12,75,5128,0,0,9841,0.5128,0,0,0.9841,
2,12,76,5128,0,0,9841,0.5128,0,0,0.9841,
2,12,77,5128,0,0,9841,0.5128,0,0,0.9841,
2,12,78,5128,0,0,9841,0.5128,0,0,0.9841,
2,12,79,5128,0,0,9841,0.5128,0,0,0.9841,
2,12,80,5128,0,0,9841,0.5128,0,0,0.9841,
2,12,81,5128,0,0,9841,0.5128,0,0,0.9841,
2,12,82,5128,0,0,9841,0.5128,0,0,0.9841,
2,12,83,5128,0,0,9841,0.5128,0,0,0.9841,
2,12,84,5128,0,0,9841,0.5128,0,0,0.9841,
2,12,85,5128,0,0,9841,0.5128,0,0,0.9841,
2,12,86,5128,0,0,9841,0.5128,0,0,0.9841,
2,12,87,5128,0,0,9841,0.5128,0,0,0.9841,
2,12,88,5128,0,0,9841,0.5128,0,0,0.9841,
2,12,89,5128,0,0,9841,0.5128,0,0,0.9841,
2,12,90,5128,0,0,9841,0.5128,0,0,0.9841,
2,12,91,5128,0,0,9841,0.5128,0,0,0.9841,
2,12,92,5128,0,0,9841,0.5128,0,0,0.9841,
2,12,93,5128,0,0,9841,0.5128,0,0,0.9841,
2,12,94,5128,0,0,9841,0.5128,0,0,0.9841,
2,12,95,5128,0,0,9841,0.5128,0,0,0.9841,
2,12,96,5128,0,0,9841,0.5128,0,0,0.9841,
2,12,97,5128,0,0,9841,0.5128,0,0,0.9841,
2,12,98,5128,0,0,9841,0.5128,0,0,0.9841,
2,12,99,5128,0,0,9841,0.5128,0,0,0.9841,
2,12,100,5128,0,0,9841,0.5128,0,0,0.9841,
2,13,0,9980,20,120,29880,0.998,0.002,0.012,2.988,6
2,13,1,9944,26,117,29701,0.9944,0.0026,0.0117,2.9701,4.5
2,13,2,9892,49,202,29444,0.9892,0.0049,0.0202,2.9444,4.12245
2,13,3,9806,77,311,29015,0.9806,0.0077,0.0311,2.9015,4.03896
2,13,4,9693,96,367,28468,0.9693,0.0096,0.0367,2.8468,3.82292
2,13,5,9529,151,579,27672,0.9529,0.0151,0.0579,2.7672,3.83444
2,13,6,9346,154,583,26801,0.9346,0.0154,0.0583,2.6801,3.78571
2,13,7,9136,185,683,25807,0.9136,0.0185,0.0683,2.5807,3.69189
2,13,8,8910,208,751,24750,0.891,0.0208,0.0751,2.475,3.61058
2,13,9,8622,260,937,23424,0.8622,0.026,0.0937,2.3424,3.60385
2,13,10,8328,274,965,22103,0.8328,0.0274,0.0965,2.2103,3.5219
2,13,11,8010,310,1068,20703,0.801,0.031,0.1068,2.0703,3.44516
2,13,12,7666,345,1101,19249,0.7666,0.0345,0.1101,1.9249,3.1913
2,13,13,7293,371,1129,17705,0.7293,0.0371,0.1129,1.7705,3.04313
2,13,14,6922,349,1021,16210,0.6922,0.0349,0.1021,1.621,2.9255
2,13,15,6592,345,973,14930,0.6592,0.0345,0.0973,1.493,2.82029
2,13,16,6314,296,804,13895,0.6314,0.0296,0.0804,1.3895,2.71622
2,13,17,6105,234,638,13133,0.6105,0.0234,0.0638,1.3133,2.7265
2,13,18,5913,195,503,12451,0.5913,0.0195,0.0503,1.2451,2.57949
2,13,19,5765,176,435,11922,0.5765,0.0176,0.0435,1.1922,2.47159
2,13,20,5625,139,313,11470,0.5625,0.0139,0.0313,1.147,2.2518
2,13,21,5538,120,273,11179,0.5538,0.012,0.0273,1.1179,2.275
2,13,22,5445,93,194,10879,0.5445,0.0093,0.0194,1.0879,2.08602
2,13,23,5381,68,153,10666,0.5381,0.0068,0.0153,1.0666,2.25
2,13,24,5332,52,112,10507,0.5332,0.0052,0.0112,1.0507,2.15385
2,13,25,5309,28,57,10433,0.5309,0.0028,0.0057,1.0433,2.03571
2,13,26,5280,27,51,10338,0.528,0.0027,0.0051,1.0338,1.88889
2,13,27,5265,19,34,10285,0.5265,0.0019,0.0034,1.0285,1.78947
2,13,28,5253,21,44,10243,0.5253,0.0021,0.0044,1.0243,2.09524
2,13,29,5246,15,31,10223,0.5246,0.0015,0.0031,1.0223,2.06667
2,13,30,5240,7,18,10202,0.524,0.0007,0.0018,1.0202,2.57143
2,13,31,5235,7,17,10185,0.5235,0.0007,0.0017,1.0185,2.42857
2,13,32,5234,3,7,10182,0.5234,0.0003,0.0007,1.0182,2.33333
2,13,33,5228,5,14,10162,0.5228,0.0005,0.0014,1.0162,2.8
2,13,34,5224,3,11,10148,0.5224,0.0003,0.0011,1.0148,3.66667
2,13,35,5224,1,5,10148,0.5224,0.0001,0.0005,1.0148,5
2,13,36,5224,0,0,10148,0.5224,0,0,1.0148,
2,13,37,5224,0,0,10148,0.5224,0,0,1.0148,
2,13,38,5224,0,0,10148,0.5224,0,0,1.0148,
2,13,39,5224,0,0,10148,0.5224,0,0,1.0148,
2,13,40,5224,0,0,10148,0.5224,0,0,1.0148,
2,13,41,5224,0,0,10148,0.5224,0,0,1.0148,
2,13,42,5224,0,0,10148,0.5224,0,0,1.0148,
2,13,43,5224,0,0,10148,0.5224,0,0,1.0148,
2,13,44,5224,0,0,10148,0.5224,0,0,1.0148,
2,13,45,5224,0,0,10148,0.5224,0,0,1.0148,
2,13,46,5224,0,0,10148,0.5224,0,0,1.0148,
2,13,47,5224,0,0,10148,0.5224,0,0,1.0148,
2,13,48,5224,0,0,10148,0.5224,0,0,1.0148,
2,13,49,5224,0,0,10148,0.5224,0,0,1.0148,
2,13,50,5224,0,0,10148,0.5224,0,0,1.0148,
2,13,51,5224,0,0,10148,0.5224,0,0,1.0148,
2,13,52,5224,0,0,10148,0.5224,0,0,1.0148,
2,13,53,5224,0,0,10148,0.5224,0,0,1.0148,
2,13,54,5224,0,0,10148,0.5224,0,0,1.0148,
2,13,55,5224,0,0,10148,0.5224,0,0,1.0148,
2,13,56,5224,0,0,10148,0.5224,0,0,1.0148,
2,13,57,5224,0,0,10148,0.5224,0,0,1.0148,
2,13,58,5224,0,0,10148,0.5224,0,0,1.0148,
2,13,59,5224,0,0,10148,0.5224,0,0,1.0148,
2,13,60,5224,0,0,10148,0.5224,0,0,1.0148,
2,13,61,5224,0,0,10148,0.5224,0,0,1.0148,
2,13,62,5224,0,0,10148,0.5224,0,0,1.0148,
2,13,63,5224,0,0,10148,0.5224,0,0,1.0148,
2,13,64,5224,0,0,10148,0.5224,0,0,1.0148,
2,13,65,5224,0,0,10148,0.5224,0,0,1.0148,
2,13,66,5224,0,0,10148,0.5224,0,0,1.0148,
2,13,67,5224,0,0,10148,0.5224,0,0,1.0148,
2,13,68,5224,0,0,10148,0.5224,0,0,1.0148,
2,13,69,5224,0,0,10148,0.5224,0,0,1.0148,
2,13,70,5224,0,0,10148,0.5224,0,0,1.0148,
2,13,71,5224,0,0,10148,0.5224,0,0,1.0148,
2,13,72,5224,0,0,10148,0.5224,0,0,1.0148,
2,13,73,5224,0,0,10148,0.5224,0,0,1.0148,
2,13,74,5224,0,0,10148,0.5224,0,0,1.0148,
2,13,75,5224,0,0,10148,0.5224,0,0,1.0148,
2,13,76,5224,0,0,10148,0.5224,0,0,1.0148,
2,13,77,5224,0,0,10148,0.5224,0,0,1.0148,
2,13,78,5224,0,0,10148,0.5224,0,0,1.0148,
2,13,79,5224,0,0,10148,0.5224,0,0,1.0148,
2,13,80,5224,0,0,10148,0.5224,0,0,1.0148,
2,13,81,5224,0,0,10148,0.5224,0,0,1.0148,
2,13,82,5224,0,0,10148,0.5224,0,0,1.0148,
2,13,83,5224,0,0,10148,0.5224,0,0,1.0148,
2,13,84,5224,0,0,10148,0.5224,0,0,1.0148,
2,13,85,5224,0,0,10148,0.5224,0,0,1.0148,
2,13,86,5224,0,0,10148,0.5224,0,0,1.0148,
2,13,87,5224,0,0,10148,0.5224,0,0,1.0148,
2,13,88,5224,0,0,10148,0.5224,0,0,1.0148,
2,13,89,5224,0,0,10148,0.5224,0,0,1.0148,
2,13,90,5224,0,0,10148,0.5224,0,0,1.0148,
2,13,91,5224,0,0,10148,0.5224,0,0,1.0148,
2,13,92,5224,0,0,10148,0.5224,0,0,1.0148,
2,13,93,5224,0,0,10148,0.5224,0,0,1.0148,
2,13,94,5224,0,0,10148,0.5224,0,0,1.0148,
2,13,95,5224,0,0,10148,0.5224,0,0,1.0148,
2,13,96,5224,0,0,10148,0.5224,0,0,1.0148,
2,13,97,5224,0,0,10148,0.5224,0,0,1.0148,
2,13,98,5224,0,0,10148,0.5224,0,0,1.0148,
2,13,99,5224,0,0,10148,0.5224,0,0,1.0148,
2,13,100,5224,0,0,10148,0.5224,0,0,1.0148,
2,14,0,9980,20,120,29880,0.998,0.002,0.012,2.988,6
2,14,1,9952,23,105,29740,0.9952,0.0023,0.0105,2.974,4.56522
2,14,2,9914,35,143,29551,0.9914,0.0035,0.0143,2.9551,4.08571
2,14,3,9865,46,188,29306,0.9865,0.0046,0.0188,2.9306,4.08696
2,14,4,9811,52,208,29038,0.9811,0.0052,0.0208,2.9038,4
2,14,5,9723,75,286,28608,0.9723,0.0075,0.0286,2.8608,3.81333
2,14,6,9616,95,372,28088,0.9616,0.0095,0.0372,2.8088,3.91579
2,14,7,9454,141,538,27308,0.9454,0.0141,0.0538,2.7308,3.8156
2,14,8,9253,187,708,26337,0.9253,0.0187,0.0708,2.6337,3.7861
2,14,9,9004,221,808,25172,0.9004,0.0221,0.0808,2.5172,3.65611
2,14,10,8679,293,1032,23673,0.8679,0.0293,0.1032,2.3673,3.52218
2,14,11,8318,350,1232,22038,0.8318,0.035,0.1232,2.2038,3.52
2,14,12,7865,440,1458,20054,0.7865,0.044,0.1458,2.0054,3.31364
2,14,13,7435,421,1307,18276,0.7435,0.0421,0.1307,1.8276,3.10451
2,14,14,7058,384,1140,16764,0.7058,0.0384,0.114,1.6764,2.96875
2,14,15,6702,345,976,15387,0.6702,0.0345,0.0976,1.5387,2.82899
2,14,16,6424,304,789,14347,0.6424,0.0304,0.0789,1.4347,2.59539
2,14,17,6197,261,659,13509,0.6197,0.0261,0.0659,1.3509,2.5249
2,14,18,6001,238,585,12803,0.6001,0.0238,0.0585,1.2803,2.45798
2,14,19,5801,218,558,12076,0.5801,0.0218,0.0558,1.2076,2.55963
2,14,20,5687,149,372,11691,0.5687,0.0149,0.0372,1.1691,2.49664
2,14,21,5571,130,320,11284,0.5571,0.013,0.032,1.1284,2.46154
2,14,22,5501,95,226,11042,0.5501,0.0095,0.0226,1.1042,2.37895
2,14,23,5422,80,196,10762,0.5422,0.008,0.0196,1.0762,2.45
2,14,24,5366,68,166,10570,0.5366,0.0068,0.0166,1.057,2.44118
2,14,25,5300,59,147,10344,0.53,0.0059,0.0147,1.0344,2.49153
2,14,26,5242,57,128,10152,0.5242,0.0057,0.0128,1.0152,2.24561
2,14,27,5204,39,84,10025,0.5204,0.0039,0.0084,1.0025,2.15385
2,14,28,5189,25,51,9980,0.5189,0.0025,0.0051,0.998,2.04
2,14,29,5179,18,39,9948,0.5179,0.0018,0.0039,0.9948,2.16667
2,14,30,5176,5,6,9942,0.5176,0.0005,0.0006,0.9942,1.2
2,14,31,5176,2,2,9942,0.5176,0.0002,0.0002,0.9942,1
2,14,32,5176,0,0,9942,0.5176,0,0,0.9942,
2,14,33,5176,0,0,9942,0.5176,0,0,0.9942,
2,14,34,5176,0,0,9942,0.5176,0,0,0.9942,
2,14,35,5176,0,0,9942,0.5176,0,0,0.9942,
2,14,36,5176,0,0,9942,0.5176,0,0,0.9942,
2,14,37,5176,0,0,9942,0.5176,0,0,0.9942,
2,14,38,5176,0,0,9942,0.5176,0,0,0.9942,
2,14,39,5176,0,0,9942,0.5176,0,0,0.9942,
2,14,40,5176,0,0,9942,0.5176,0,0,0.9942,
2,14,41,5176,0,0,9942,0.5176,0,0,0.9942,
2,14,42,5176,0,0,9942,0.5176,0,0,0.9942,
2,14,43,5176,0,0,9942,0.5176,0,0,0.9942,
2,14,44,5176,0,0,9942,0.5176,0,0,0.9942,
2,14,45,5176,0,0,9942,0.5176,0,0,0.9942,
2,14,46,5176,0,0,9942,0.5176,0,0,0.9942,
2,14,47,5176,0,0,9942,0.5176,0,0,0.9942,
2,14,48,5176,0,0,9942,0.5176,0,0,0.9942,
2,14,49,5176,0,0,9942,0.5176,0,0,0.9942,
2,14,50,5176,0,0,9942,0.5176,0,0,0.9942,
2,14,51,5176,0,0,9942,0.5176,0,0,0.9942,
2,14,52,5176,0,0,9942,0.5176,0,0,0.9942,
2,14,53,5176,0,0,9942,0.5176,0,0,0.9942,
2,14,54,5176,0,0,9942,0.5176,0,0,0.9942,
2,14,55,5176,0,0,9942,0.5176,0,0,0.9942,
2,14,56,5176,0,0,9942,0.5176,0,0,0.9942,
2,14,57,5176,0,0,9942,0.5176,0,0,0.9942,
2,14,58,5176,0,0,9942,0.5176,0,0,0.9942,
2,14,59,5176,0,0,9942,0.5176,0,0,0.9942,
2,14,60,5176,0,0,9942,0.5176,0,0,0.9942,
2,14,61,5176,0,0,9942,0.5176,0,0,0.9942,
2,14,62,5176,0,0,9942,0.5176,0,0,0.9942,
2,14,63,5176,0,0,9942,0.5176,0,0,0.9942,
2,14,64,5176,0,0,9942,0.5176,0,0,0.9942,
2,14,65,5176,0,0,9942,0.5176,0,0,0.9942,
2,14,66,5176,0,0,9942,0.5176,0,0,0.9942,
2,14,67,5176,0,0,9942,0.5176,0,0,0.9942,
2,14,68,5176,0,0,9942,0.5176,0,0,0.9942,
2,14,69,5176,0,0,9942,0.5176,0,0,0.9942,
2,14,70,5176,0,0,9942,0.5176,0,0,0.9942,
2,14,71,5176,0,0,9942,0.5176,0,0,0.9942,
2,14,72,5176,0,0,9942,0.5176,0,0,0.9942,
2,14,73,5176,0,0,9942,0.5176,0,0,0.9942,
2,14,74,5176,0,0,9942,0.5176,0,0,0.9942,
2,14,75,5176,0,0,9942,0.5176,0,0,0.9942,
2,14,76,5176,0,0,9942,0.5176,0,0,0.9942,
2,14,77,5176,0,0,9942,0.5176,0,0,0.9942,
2,14,78,5176,0,0,9942,0.5176,0,0,0.9942,
2,14,79,5176,0,0,9942,0.5176,0,0,0.9942,
2,14,80,5176,0,0,9942,0.5176,0,0,0.9942,
2,14,81,5176,0,0,9942,0.5176,0,0,0.9942,
2,14,82,5176,0,0,9942,0.5176,0,0,0.9942,
2,14,83,5176,0,0,9942,0.5176,0,0,0.9942,
2,14,84,5176,0,0,9942,0.5176,0,0,0.9942,
2,14,85,5176,0,0,9942,0.5176,0,0,0.9942,
2,14,86,5176,0,0,9942,0.5176,0,0,0.9942,
2,14,87,5176,0,0,9942,0.5176,0,0,0.9942,
2,14,88,5176,0,0,9942,0.5176,0,0,0.9942,
2,14,89,5176,0,0,9942,0.5176,0,0,0.9942,
2,14,90,5176,0,0,9942,0.5176,0,0,0.9942,
2,14,91,5176,0,0,9942,0.5176,0,0,0.9942,
2,14,92,5176,0,0,9942,0.5176,0,0,0.9942,
2,14,93,5176,0,0,9942,0.5176,0,0,0.9942,
2,14,94,5176,0,0,9942,0.5176,0,0,0.9942,
2,14,95,5176,0,0,9942,0.5176,0,0,0.9942,
2,14,96,5176,0,0,9942,0.5176,0,0,0.9942,
2,14,97,5176,0,0,9942,0.5176,0,0,0.9942,
2,14,98,5176,0,0,9942,0.5176,0,0,0.9942,
2,14,99,5176,0,0,9942,0.5176,0,0,0.9942,
2,14,100,5176,0,0,9942,0.5176,0,0,0.9942,
2,15,0,9980,20,120,29880,0.998,0.002,0.012,2.988,6
2,15,1,9958,20,92,29770,0.9958,0.002,0.0092,2.977,4.6
2,15,2,9914,41,166,29552,0.9914,0.0041,0.0166,2.9552,4.04878
2,15,3,9827,74,299,29119,0.9827,0.0074,0.0299,2.9119,4.04054
2,15,4,9716,108,420,28571,0.9716,0.0108,0.042,2.8571,3.88889
2,15,5,9569,139,509,27861,0.9569,0.0139,0.0509,2.7861,3.66187
2,15,6,9420,154,571,27136,0.942,0.0154,0.0571,2.7136,3.70779
2,15,7,9197,207,772,26085,0.9197,0.0207,0.0772,2.6085,3.72947
2,15,8,8949,238,863,24932,0.8949,0.0238,0.0863,2.4932,3.62605
2,15,9,8645,272,973,23530,0.8645,0.0272,0.0973,2.353,3.57721
2,15,10,8314,310,1099,22030,0.8314,0.031,0.1099,2.203,3.54516
2,15,11,7932,347,1116,20384,0.7932,0.0347,0.1116,2.0384,3.21614
2,15,12,7564,368,1122,18847,0.7564,0.0368,0.1122,1.8847,3.04891
2,15,13,7229,350,1085,17441,0.7229,0.035,0.1085,1.7441,3.1
2,15,14,6882,358,1054,16061,0.6882,0.0358,0.1054,1.6061,2.94413
2,15,15,6527,391,1099,14708,0.6527,0.0391,0.1099,1.4708,2.81074
2,15,16,6200,342,917,13471,0.62,0.0342,0.0917,1.3471,2.68129
2,15,17,5922,308,801,12462,0.5922,0.0308,0.0801,1.2462,2.60065
2,15,18,5679,265,628,11647,0.5679,0.0265,0.0628,1.1647,2.36981
2,15,19,5513,196,452,11070,0.5513,0.0196,0.0452,1.107,2.30612
2,15,20,5380,170,380,10621,0.538,0.017,0.038,1.0621,2.23529
2,15,21,5280,129,297,10272,0.528,0.0129,0.0297,1.0272,2.30233
2,15,22,5187,113,246,9970,0.5187,0.0113,0.0246,0.997,2.17699
2,15,23,5105,96,221,9701,0.5105,0.0096,0.0221,0.9701,2.30208
2,15,24,5047,73,152,9521,0.5047,0.0073,0.0152,0.9521,2.08219
2,15,25,5017,49,95,9432,0.5017,0.0049,0.0095,0.9432,1.93878
2,15,26,4998,32,62,9380,0.4998,0.0032,0.0062,0.938,1.9375
2,15,27,4977,26,52,9313,0.4977,0.0026,0.0052,0.9313,2
2,15,28,4954,24,51,9236,0.4954,0.0024,0.0051,0.9236,2.125
2,15,29,4936,22,51,9177,0.4936,0.0022,0.0051,0.9177,2.31818
2,15,30,4925,17,33,9144,0.4925,0.0017,0.0033,0.9144,1.94118
2,15,31,4911,14,33,9096,0.4911,0.0014,0.0033,0.9096,2.35714
2,15,32,4906,8,17,9078,0.4906,0.0008,0.0017,0.9078,2.125
2,15,33,4898,14,28,9053,0.4898,0.0014,0.0028,0.9053,2
2,15,34,4890,8,15,9032,0.489,0.0008,0.0015,0.9032,1.875
2,15,35,4887,7,9,9024,0.4887,0.0007,0.0009,0.9024,1.28571
2,15,36,4883,9,12,9015,0.4883,0.0009,0.0012,0.9015,1.33333
2,15,37,4883,1,0,9015,0.4883,0.0001,0,0.9015,0
2,15,38,4883,0,0,9015,0.4883,0,0,0.9015,
2,15,39,4883,0,0,9015,0.4883,0,0,0.9015,
2,15,40,4883,0,0,9015,0.4883,0,0,0.9015,
2,15,41,4883,0,0,9015,0.4883,0,0,0.9015,
2,15,42,4883,0,0,9015,0.4883,0,0,0.9015,
2,15,43,4883,0,0,9015,0.4883,0,0,0.9015,
2,15,44,4883,0,0,9015,0.4883,0,0,0.9015,
2,15,45,4883,0,0,9015,0.4883,0,0,0.9015,
2,15,46,4883,0,0,9015,0.4883,0,0,0.9015,
2,15,47,4883,0,0,9015,0.4883,0,0,0.9015,
2,15,48,4883,0,0,9015,0.4883,0,0,0.9015,
2,15,49,4883,0,0,9015,0.4883,0,0,0.9015,
2,15,50,4883,0,0,9015,0.4883,0,0,0.9015,
2,15,51,4883,0,0,9015,0.4883,0,0,0.9015,
2,15,52,4883,0,0,9015,0.4883,0,0,0.9015,
2,15,53,4883,0,0,9015,0.4883,0,0,0.9015,
2,15,54,4883,0,0,9015,0.4883,0,0,0.9015,
2,15,55,4883,0,0,9015,0.4883,0,0,0.9015,
2,15,56,4883,0,0,9015,0.4883,0,0,0.9015,
2,15,57,4883,0,0,9015,0.4883,0,0,0.9015,
2,15,58,4883,0,0,9015,0.4883,0,0,0.9015,
2,15,59,4883,0,0,9015,0.4883,0,0,0.9015,
2,15,60,4883,0,0,9015,0.4883,0,0,0.9015,
2,15,61,4883,0,0,9015,0.4883,0,0,0.9015,
2,15,62,4883,0,0,9015,0.4883,0,0,0.9015,
2,15,63,4883,0,0,9015,0.4883,0,0,0.9015,
2,15,64,4883,0,0,9015,0.4883,0,0,0.9015,
2,15,65,4883,0,0,9015,0.4883,0,0,0.9015,
2,15,66,4883,0,0,9015,0.4883,0,0,0.9015,
2,15,67,4883,0,0,9015,0.4883,0,0,0.9015,
2,15,68,4883,0,0,9015,0.4883,0,0,0.9015,
2,15,69,4883,0,0,9015,0.4883,0,0,0.9015,
2,15,70,4883,0,0,9015,0.4883,0,0,0.9015,
2,15,71,4883,0,0,9015,0.4883,0,0,0.9015,
2,15,72,4883,0,0,9015,0.4883,0,0,0.9015,
2,15,73,4883,0,0,9015,0.4883,0,0,0.9015,
2,15,74,4883,0,0,9015,0.4883,0,0,0.9015,
2,15,75,4883,0,0,9015,0.4883,0,0,0.9015,
2,15,76,4883,0,0,9015,0.4883,0,0,0.9015,
2,15,77,4883,0,0,9015,0.4883,0,0,0.9015,
2,15,78,4883,0,0,9015,0.4883,0,0,0.9015,
2,15,79,4883,0,0,9015,0.4883,0,0,0.9015,
2,15,80,4883,0,0,9015,0.4883,0,0,0.9015,
2,15,81,4883,0,0,9015,0.4883,0,0,0.9015,
2,15,82,4883,0,0,9015,0.4883,0,0,0.9015,
2,15,83,4883,0,0,9015,0.4883,0,0,0.9015,
2,15,84,4883,0,0,9015,0.4883,0,0,0.9015,
2,15,85,4883,0,0,9015,0.4883,0,0,0.9015,
2,15,86,4883,0,0,9015,0.4883,0,0,0.9015,
2,15,87,4883,0,0,9015,0.4883,0,0,0.9015,
2,15,88,4883,0,0,9015,0.4883,0,0,0.9015,
2,15,89,4883,0,0,9015,0.4883,0,0,0.9015,
2,15,90,4883,0,0,9015,0.4883,0,0,0.9015,
2,15,91,4883,0,0,9015,0.4883,0,0,0.9015,
2,15,92,4883,0,0,9015,0.4883,0,0,0.9015,
2,15,93,4883,0,0,9015,0.4883,0,0,0.9015,
2,15,94,4883,0,0,9015,0.4883,0,0,0.9015,
2,15,95,4883,0,0,9015,0.4883,0,0,0.9015,
2,15,96,4883,0,0,9015,0.4883,0,0,0.9015,
2,15,97,4883,0,0,9015,0.4883,0,0,0.9015,
2,15,98,4883,0,0,9015,0.4883,0,0,0.9015,
2,15,99,4883,0,0,9015,0.4883,0,0,0.9015,
2,15,100,4883,0,0,9015,0.4883,0,0,0.9015,
2,16,0,9980,20,120,29880,0.998,0.002,0.012,2.988,6
2,16,1,9935,39,169,29656,0.9935,0.0039,0.0169,2.9656,4.33333
2,16,2,9843,70,291,29198,0.9843,0.007,0.0291,2.9198,4.15714
2,16,3,9739,85,351,28684,0.9739,0.0085,0.0351,2.8684,4.12941
2,16,4,9642,94,365,28212,0.9642,0.0094,0.0365,2.8212,3.88298
2,16,5,9516,111,418,27600,0.9516,0.0111,0.0418,2.76,3.76577
2,16,6,9376,146,572,26924,0.9376,0.0146,0.0572,2.6924,3.91781
2,16,7,9160,211,795,25905,0.916,0.0211,0.0795,2.5905,3.76777
2,16,8,8870,279,1018,24544,0.887,0.0279,0.1018,2.4544,3.64875
2,16,9,8532,326,1127,23028,0.8532,0.0326,0.1127,2.3028,3.45706
2,16,10,8172,347,1175,21424,0.8172,0.0347,0.1175,2.1424,3.38617
2,16,11,7754,383,1259,19628,0.7754,0.0383,0.1259,1.9628,3.28721
2,16,12,7348,366,1143,17937,0.7348,0.0366,0.1143,1.7937,3.12295
2,16,13,6945,373,1086,16349,0.6945,0.0373,0.1086,1.6349,2.91153
2,16,14,6567,347,943,14887,0.6567,0.0347,0.0943,1.4887,2.71758
2,16,15,6293,324,823,13888,0.6293,0.0324,0.0823,1.3888,2.54012
2,16,16,6046,281,711,12993,0.6046,0.0281,0.0711,1.2993,2.53025
2,16,17,5848,233,600,12293,0.5848,0.0233,0.06,1.2293,2.57511
2,16,18,5693,171,407,11771,0.5693,0.0171,0.0407,1.1771,2.38012
2,16,19,5589,128,308,11418,0.5589,0.0128,0.0308,1.1418,2.40625
2,16,20,5491,115,297,11074,0.5491,0.0115,0.0297,1.1074,2.58261
2,16,21,5392,98,226,10742,0.5392,0.0098,0.0226,1.0742,2.30612
2,16,22,5328,61,136,10521,0.5328,0.0061,0.0136,1.0521,2.22951
2,16,23,5302,41,92,10432,0.5302,0.0041,0.0092,1.0432,2.2439
2,16,24,5267,37,80,10321,0.5267,0.0037,0.008,1.0321,2.16216
2,16,25,5235,36,81,10217,0.5235,0.0036,0.0081,1.0217,2.25
2,16,26,5212,33,80,10140,0.5212,0.0033,0.008,1.014,2.42424
2,16,27,5188,22,49,10061,0.5188,0.0022,0.0049,1.0061,2.22727
2,16,28,5169,22,46,9996,0.5169,0.0022,0.0046,0.9996,2.09091
2,16,29,5159,17,34,9966,0.5159,0.0017,0.0034,0.9966,2
2,16,30,5148,14,30,9930,0.5148,0.0014,0.003,0.993,2.14286
2,16,31,5145,4,7,9922,0.5145,0.0004,0.0007,0.9922,1.75
2,16,32,5142,5,13,9909,0.5142,0.0005,0.0013,0.9909,2.6
2,16,33,5137,5,11,9894,0.5137,0.0005,0.0011,0.9894,2.2
2,16,34,5136,2,5,9889,0.5136,0.0002,0.0005,0.9889,2.5
2,16,35,5131,3,9,9872,0.5131,0.0003,0.0009,0.9872,3
2,16,36,5130,3,9,9867,0.513,0.0003,0.0009,0.9867,3
2,16,37,5127,1,1,9860,0.5127,0.0001,0.0001,0.986,1
2,16,38,5127,1,1,9860,0.5127,0.0001,0.0001,0.986,1
2,16,39,5127,1,1,9860,0.5127,0.0001,0.0001,0.986,1
2,16,40,5127,0,0,9860,0.5127,0,0,0.986,
2,16,41,5127,0,0,9860,0.5127,0,0,0.986,
2,16,42,5127,0,0,9860,0.5127,0,0,0.986,
2,16,43,5127,0,0,9860,0.5127,0,0,0.986,
2,16,44,5127,0,0,9860,0.5127,0,0,0.986,
2,16,45,5127,0,0,9860,0.5127,0,0,0.986,
2,16,46,5127,0,0,9860,0.5127,0,0,0.986,
2,16,47,5127,0,0,9860,0.5127,0,0,0.986,
2,16,48,5127,0,0,9860,0.5127,0,0,0.986,
2,16,49,5127,0,0,9860,0.5127,0,0,0.986,
2,16,50,5127,0,0,9860,0.5127,0,0,0.986,
2,16,51,5127,0,0,9860,0.5127,0,0,0.986,
2,16,52,5127,0,0,9860,0.5127,0,0,0.986,
2,16,53,5127,0,0,9860,0.5127,0,0,0.986,
2,16,54,5127,0,0,9860,0.5127,0,0,0.986,
2,16,55,5127,0,0,9860,0.5127,0,0,0.986,
2,16,56,5127,0,0,9860,0.5127,0,0,0.986,
2,16,57,5127,0,0,9860,0.5127,0,0,0.986,
2,16,58,5127,0,0,9860,0.5127,0,0,0.986,
2,16,59,5127,0,0,9860,0.5127,0,0,0.986,
2,16,60,5127,0,0,9860,0.5127,0,0,0.986,
2,16,61,5127,0,0,9860,0.5127,0,0,0.986,
2,16,62,5127,0,0,9860,0.5127,0,0,0.986,
2,16,63,5127,0,0,9860,0.5127,0,0,0.986,
2,16,64,5127,0,0,9860,0.5127,0,0,0.986,
2,16,65,5127,0,0,9860,0.5127,0,0,0.986,
2,16,66,5127,0,0,9860,0.5127,0,0,0.986,
2,16,67,5127,0,0,9860,0.5127,0,0,0.986,
2,16,68,5127,0,0,9860,0.5127,0,0,0.986,
2,16,69,5127,0,0,9860,0.5127,0,0,0.986,
2,16,70,5127,0,0,9860,0.5127,0,0,0.986,
2,16,71,5127,0,0,9860,0.5127,0,0,0.986,
2,16,72,5127,0,0,9860,0.5127,0,0,0.986,
2,16,73,5127,0,0,9860,0.5127,0,0,0.986,
2,16,74,5127,0,0,9860,0.5127,0,0,0.986,
2,16,75,5127,0,0,9860,0.5127,0,0,0.986,
2,16,76,5127,0,0,9860,0.5127,0,0,0.986,
2,16,77,5127,0,0,9860,0.5127,0,0,0.986,
2,16,78,5127,0,0,9860,0.5127,0,0,0.986,
2,16,79,5127,0,0,9860,0.5127,0,0,0.986,
2,16,80,5127,0,0,9860,0.5127,0,0,0.986,
2,16,81,5127,0,0,9860,0.5127,0,0,0.986,
2,16,82,5127,0,0,9860,0.5127,0,0,0.986,
2,16,83,5127,0,0,9860,0.5127,0,0,0.986,
2,16,84,5127,0,0,9860,0.5127,0,0,0.986,
2,16,85,5127,0,0,9860,0.5127,0,0,0.986,
2,16,86,5127,0,0,9860,0.5127,0,0,0.986,
2,16,87,5127,0,0,9860,0.5127,0,0,0.986,
2,16,88,5127,0,0,9860,0.5127,0,0,0.986,
2,16,89,5127,0,0,9860,0.5127,0,0,0.986,
2,16,90,5127,0,0,9860,0.5127,0,0,0.986,
2,16,91,5127,0,0,9860,0.5127,0,0,0.986,
2,16,92,5127,0,0,9860,0.5127,0,0,0.986,
2,16,93,5127,0,0,9860,0.5127,0,0,0.986,
2,16,94,5127,0,0,9860,0.5127,0,0,0.986,
2,16,95,5127,0,0,9860,0.5127,0,0,0.986,
2,16,96,5127,0,0,9860,0.5127,0,0,0.986,
2,16,97,5127,0,0,9860,0.5127,0,0,0.986,
2,16,98,5127,0,0,9860,0.5127,0,0,0.986,
2,16,99,5127,0,0,9860,0.5127,0,0,0.986,
2,16,100,5127,0,0,9860,0.5127,0,0,0.986,
2,17,0,9980,20,120,29880,0.998,0.002,0.012,2.988,6
2,17,1,9945,27,121,29705,0.9945,0.0027,0.0121,2.9705,4.48148
2,17,2,9912,23,93,29540,0.9912,0.0023,0.0093,2.954,4.04348
2,17,3,9869,33,134,29327,0.9869,0.0033,0.0134,2.9327,4.06061
2,17,4,9824,38,154,29104,0.9824,0.0038,0.0154,2.9104,4.05263
2,17,5,9780,42,167,28886,0.978,0.0042,0.0167,2.8886,3.97619
2,17,6,9726,50,196,28622,0.9726,0.005,0.0196,2.8622,3.92
2,17,7,9669,45,174,28346,0.9669,0.0045,0.0174,2.8346,3.86667
2,17,8,9622,42,156,28116,0.9622,0.0042,0.0156,2.8116,3.71429
2,17,9,9564,54,205,27833,0.9564,0.0054,0.0205,2.7833,3.7963
2,17,10,9500,63,238,27520,0.95,0.0063,0.0238,2.752,3.77778
2,17,11,9406,86,325,27063,0.9406,0.0086,0.0325,2.7063,3.77907
2,17,12,9275,108,397,26441,0.9275,0.0108,0.0397,2.6441,3.67593
2,17,13,9112,132,485,25676,0.9112,0.0132,0.0485,2.5676,3.67424
2,17,14,8976,128,466,25029,0.8976,0.0128,0.0466,2.5029,3.64062
2,17,15,8814,130,453,24272,0.8814,0.013,0.0453,2.4272,3.48462
2,17,16,8667,147,523,23605,0.8667,0.0147,0.0523,2.3605,3.55782
2,17,17,8477,174,606,22752,0.8477,0.0174,0.0606,2.2752,3.48276
2,17,18,8319,149,476,22067,0.8319,0.0149,0.0476,2.2067,3.19463
2,17,19,8137,185,602,21254,0.8137,0.0185,0.0602,2.1254,3.25405
2,17,20,7931,203,674,20360,0.7931,0.0203,0.0674,2.036,3.3202
2,17,21,7682,249,821,19281,0.7682,0.0249,0.0821,1.9281,3.29719
2,17,22,7421,262,839,18213,0.7421,0.0262,0.0839,1.8213,3.20229
2,17,23,7161,263,782,17187,0.7161,0.0263,0.0782,1.7187,2.97338
2,17,24,6920,270,774,16241,0.692,0.027,0.0774,1.6241,2.86667
2,17,25,6685,248,685,15346,0.6685,0.0248,0.0685,1.5346,2.7621
2,17,26,6493,209,573,14619,0.6493,0.0209,0.0573,1.4619,2.74163
2,17,27,6304,181,495,13921,0.6304,0.0181,0.0495,1.3921,2.73481
2,17,28,6119,168,449,13251,0.6119,0.0168,0.0449,1.3251,2.67262
2,17,29,5965,155,416,12695,0.5965,0.0155,0.0416,1.2695,2.68387
2,17,30,5846,139,310,12304,0.5846,0.0139,0.031,1.2304,2.23022
2,17,31,5767,94,220,12037,0.5767,0.0094,0.022,1.2037,2.34043
2,17,32,5695,78,182,11789,0.5695,0.0078,0.0182,1.1789,2.33333
2,17,33,5664,49,123,11677,0.5664,0.0049,0.0123,1.1677,2.5102
2,17,34,5640,26,60,11606,0.564,0.0026,0.006,1.1606,2.30769
2,17,35,5619,24,51,11535,0.5619,0.0024,0.0051,1.1535,2.125
2,17,36,5607,16,36,11486,0.5607,0.0016,0.0036,1.1486,2.25
2,17,37,5595,13,30,11445,0.5595,0.0013,0.003,1.1445,2.30769
2,17,38,5582,19,38,11407,0.5582,0.0019,0.0038,1.1407,2
2,17,39,5569,17,36,11364,0.5569,0.0017,0.0036,1.1364,2.11765
2,17,40,5556,13,29,11319,0.5556,0.0013,0.0029,1.1319,2.23077
2,17,41,5548,11,26,11288,0.5548,0.0011,0.0026,1.1288,2.36364
2,17,42,5542,8,24,11267,0.5542,0.0008,0.0024,1.1267,3
2,17,43,5538,5,16,11251,0.5538,0.0005,0.0016,1.1251,3.2
2,17,44,5533,5,15,11231,0.5533,0.0005,0.0015,1.1231,3
2,17,45,5532,0,0,11227,0.5532,0,0,1.1227,
2,17,46,5532,0,0,11227,0.5532,0,0,1.1227,
2,17,47,5532,0,0,11227,0.5532,0,0,1.1227,
2,17,48,5532,0,0,11227,0.5532,0,0,1.1227,
2,17,49,5532,0,0,11227,0.5532,0,0,1.1227,
2,17,50,5532,0,0,11227,0.5532,0,0,1.1227,
2,17,51,5532,0,0,11227,0.5532,0,0,1.1227,
2,17,52,5532,0,0,11227,0.5532,0,0,1.1227,
2,17,53,5532,0,0,11227,0.5532,0,0,1.1227,
2,17,54,5532,0,0,11227,0.5532,0,0,1.1227,
2,17,55,5532,0,0,11227,0.5532,0,0,1.1227,
2,17,56,5532,0,0,11227,0.5532,0,0,1.1227,
2,17,57,5532,0,0,11227,0.5532,0,0,1.1227,
2,17,58,5532,0,0,11227,0.5532,0,0,1.1227,
2,17,59,5532,0,0,11227,0.5532,0,0,1.1227,
2,17,60,5532,0,0,11227,0.5532,0,0,1.1227,
2,17,61,5532,0,0,11227,0.5532,0,0,1.1227,
2,17,62,5532,0,0,11227,0.5532,0,0,1.1227,
2,17,63,5532,0,0,11227,0.5532,0,0,1.1227,
2,17,64,5532,0,0,11227,0.5532,0,0,1.1227,
2,17,65,5532,0,0,11227,0.5532,0,0,1.1227,
2,17,66,5532,0,0,11227,0.5532,0,0,1.1227,
2,17,67,5532,0,0,11227,0.5532,0,0,1.1227,
2,17,68,5532,0,0,11227,0.5532,0,0,1.1227,
2,17,69,5532,0,0,11227,0.5532,0,0,1.1227,
2,17,70,5532,0,0,11227,0.5532,0,0,1.1227,
2,17,71,5532,0,0,11227,0.5532,0,0,1.1227,
2,17,72,5532,0,0,11227,0.5532,0,0,1.1227,
2,17,73,5532,0,0,11227,0.5532,0,0,1.1227,
2,17,74,5532,0,0,11227,0.5532,0,0,1.1227,
2,17,75,5532,0,0,11227,0.5532,0,0,1.1227,
2,17,76,5532,0,0,11227,0.5532,0,0,1.1227,
2,17,77,5532,0,0,11227,0.5532,0,0,1.1227,
2,17,78,5532,0,0,11227,0.5532,0,0,1.1227,
2,17,79,5532,0,0,11227,0.5532,0,0,1.1227,
2,17,80,5532,0,0,11227,0.5532,0,0,1.1227,
2,17,81,5532,0,0,11227,0.5532,0,0,1.1227,
2,17,82,5532,0,0,11227,0.5532,0,0,1.1227,
2,17,83,5532,0,0,11227,0.5532,0,0,1.1227,
2,17,84,5532,0,0,11227,0.5532,0,0,1.1227,
2,17,85,5532,0,0,11227,0.5532,0,0,1.1227,
2,17,86,5532,0,0,11227,0.5532,0,0,1.1227,
2,17,87,5532,0,0,11227,0.5532,0,0,1.1227,
2,17,88,5532,0,0,11227,0.5532,0,0,1.1227,
2,17,89,5532,0,0,11227,0.5532,0,0,1.1227,
2,17,90,5532,0,0,11227,0.5532,0,0,1.1227,
2,17,91,5532,0,0,11227,0.5532,0,0,1.1227,
2,17,92,5532,0,0,11227,0.5532,0,0,1.1227,
2,17,93,5532,0,0,11227,0.5532,0,0,1.1227,
2,17,94,5532,0,0,11227,0.5532,0,0,1.1227,
2,17,95,5532,0,0,11227,0.5532,0,0,1.1227,
2,17,96,5532,0,0,11227,0.5532,0,0,1.1227,
2,17,97,5532,0,0,11227,0.5532,0,0,1.1227,
2,17,98,5532,0,0,11227,0.5532,0,0,1.1227,
2,17,99,5532,0,0,11227,0.5532,0,0,1.1227,
2,17,100,5532,0,0,11227,0.5532,0,0,1.1227,
2,18,0,9980,20,120,29880,0.998,0.002,0.012,2.988,6
2,18,1,9943,32,146,29695,0.9943,0.0032,0.0146,2.9695,4.5625
2,18,2,9919,31,127,29576,0.9919,0.0031,0.0127,2.9576,4.09677
2,18,3,9886,28,108,29413,0.9886,0.0028,0.0108,2.9413,3.85714
2,18,4,9857,25,101,29268,0.9857,0.0025,0.0101,2.9268,4.04
2,18,5,9827,21,81,29119,0.9827,0.0021,0.0081,2.9119,3.85714
2,18,6,9792,28,113,28949,0.9792,0.0028,0.0113,2.8949,4.03571
2,18,7,9763,24,92,28805,0.9763,0.0024,0.0092,2.8805,3.83333
2,18,8,9730,19,75,28641,0.973,0.0019,0.0075,2.8641,3.94737
2,18,9,9701,26,101,28498,0.9701,0.0026,0.0101,2.8498,3.88462
2,18,10,9678,20,74,28384,0.9678,0.002,0.0074,2.8384,3.7
2,18,11,9663,10,41,28311,0.9663,0.001,0.0041,2.8311,4.1
2,18,12,9651,11,39,28252,0.9651,0.0011,0.0039,2.8252,3.54545
2,18,13,9636,13,52,28179,0.9636,0.0013,0.0052,2.8179,4
2,18,14,9622,11,43,28111,0.9622,0.0011,0.0043,2.8111,3.90909
2,18,15,9610,13,46,28055,0.961,0.0013,0.0046,2.8055,3.53846
2,18,16,9594,15,58,27978,0.9594,0.0015,0.0058,2.7978,3.86667
2,18,17,9578,15,58,27900,0.9578,0.0015,0.0058,2.79,3.86667
2,18,18,9539,33,126,27711,0.9539,0.0033,0.0126,2.7711,3.81818
2,18,19,9497,37,144,27507,0.9497,0.0037,0.0144,2.7507,3.89189
2,18,20,9439,56,207,27227,0.9439,0.0056,0.0207,2.7227,3.69643
2,18,21,9372,59,222,26906,0.9372,0.0059,0.0222,2.6906,3.76271
2,18,22,9269,81,287,26415,0.9269,0.0081,0.0287,2.6415,3.54321
2,18,23,9153,117,434,25867,0.9153,0.0117,0.0434,2.5867,3.7094
2,18,24,8974,160,575,25021,0.8974,0.016,0.0575,2.5021,3.59375
2,18,25,8745,210,745,23984,0.8745,0.021,0.0745,2.3984,3.54762
2,18,26,8474,258,908,22763,0.8474,0.0258,0.0908,2.2763,3.51938
2,18,27,8119,319,1114,21168,0.8119,0.0319,0.1114,2.1168,3.49216
2,18,28,7735,365,1168,19533,0.7735,0.0365,0.1168,1.9533,3.2
2,18,29,7332,369,1124,17863,0.7332,0.0369,0.1124,1.7863,3.04607
2,18,30,6968,361,1051,16391,0.6968,0.0361,0.1051,1.6391,2.91136
2,18,31,6650,347,980,15174,0.665,0.0347,0.098,1.5174,2.82421
2,18,32,6282,368,983,13811,0.6282,0.0368,0.0983,1.3811,2.6712
2,18,33,5955,363,920,12643,0.5955,0.0363,0.092,1.2643,2.53444
2,18,34,5692,281,650,11749,0.5692,0.0281,0.065,1.1749,2.31317
2,18,35,5510,192,458,11129,0.551,0.0192,0.0458,1.1129,2.38542
2,18,36,5372,150,330,10683,0.5372,0.015,0.033,1.0683,2.2
2,18,37,5254,125,276,10281,0.5254,0.0125,0.0276,1.0281,2.208
2,18,38,5167,106,212,10001,0.5167,0.0106,0.0212,1.0001,2
2,18,39,5115,71,128,9850,0.5115,0.0071,0.0128,0.985,1.80282
2,18,40,5062,55,118,9672,0.5062,0.0055,0.0118,0.9672,2.14545
2,18,41,5028,37,77,9571,0.5028,0.0037,0.0077,0.9571,2.08108
2,18,42,4988,45,95,9440,0.4988,0.0045,0.0095,0.944,2.11111
2,18,43,4969,26,54,9384,0.4969,0.0026,0.0054,0.9384,2.07692
2,18,44,4957,18,45,9341,0.4957,0.0018,0.0045,0.9341,2.5
2,18,45,4943,16,48,9290,0.4943,0.0016,0.0048,0.929,3
2,18,46,4935,14,39,9267,0.4935,0.0014,0.0039,0.9267,2.78571
2,18,47,4923,14,36,9223,0.4923,0.0014,0.0036,0.9223,2.57143
2,18,48,4921,5,13,9218,0.4921,0.0005,0.0013,0.9218,2.6
2,18,49,4918,1,0,9210,0.4918,0.0001,0,0.921,0
2,18,50,4918,1,0,9210,0.4918,0.0001,0,0.921,0
2,18,51,4918,0,0,9210,0.4918,0,0,0.921,
2,18,52,4918,0,0,9210,0.4918,0,0,0.921,
2,18,53,4918,0,0,9210,0.4918,0,0,0.921,
2,18,54,4918,0,0,9210,0.4918,0,0,0.921,
2,18,55,4918,0,0,9210,0.4918,0,0,0.921,
2,18,56,4918,0,0,9210,0.4918,0,0,0.921,
2,18,57,4918,0,0,9210,0.4918,0,0,0.921,
2,18,58,4918,0,0,9210,0.4918,0,0,0.921,
2,18,59,4918,0,0,9210,0.4918,0,0,0.921,
2,18,60,4918,0,0,9210,0.4918,0,0,0.921,
2,18,61,4918,0,0,9210,0.4918,0,0,0.921,
2,18,62,4918,0,0,9210,0.4918,0,0,0.921,
2,18,63,4918,0,0,9210,0.4918,0,0,0.921,
2,18,64,4918,0,0,9210,0.4918,0,0,0.921,
2,18,65,4918,0,0,9210,0.4918,0,0,0.921,
2,18,66,4918,0,0,9210,0.4918,0,0,0.921,
2,18,67,4918,0,0,9210,0.4918,0,0,0.921,
2,18,68,4918,0,0,9210,0.4918,0,0,0.921,
2,18,69,4918,0,0,9210,0.4918,0,0,0.921,
2,18,70,4918,0,0,9210,0.4918,0,0,0.921,
2,18,71,4918,0,0,9210,0.4918,0,0,0.921,
2,18,72,4918,0,0,9210,0.4918,0,0,0.921,
2,18,73,4918,0,0,9210,0.4918,0,0,0.921,
2,18,74,4918,0,0,9210,0.4918,0,0,0.921,
2,18,75,4918,0,0,9210,0.4918,0,0,0.921,
2,18,76,4918,0,0,9210,0.4918,0,0,0.921,
2,18,77,4918,0,0,9210,0.4918,0,0,0.921,
2,18,78,4918,0,0,9210,0.4918,0,0,0.921,
2,18,79,4918,0,0,9210,0.4918,0,0,0.921,
2,18,80,4918,0,0,9210,0.4918,0,0,0.921,
2,18,81,4918,0,0,9210,0.4918,0,0,0.921,
2,18,82,4918,0,0,9210,0.4918,0,0,0.921,
2,18,83,4918,0,0,9210,0.4918,0,0,0.921,
2,18,84,4918,0,0,9210,0.4918,0,0,0.921,
2,18,85,4918,0,0,9210,0.4918,0,0,0.921,
2,18,86,4918,0,0,9210,0.4918,0,0,0.921,
2,18,87,4918,0,0,9210,0.4918,0,0,0.921,
2,18,88,4918,0,0,9210,0.4918,0,0,0.921,
2,18,89,4918,0,0,9210,0.4918,0,0,0.921,
2,18,90,4918,0,0,9210,0.4918,0,0,0.921,
2,18,91,4918,0,0,9210,0.4918,0,0,0.921,
2,18,92,4918,0,0,9210,0.4918,0,0,0.921,
2,18,93,4918,0,0,9210,0.4918,0,0,0.921,
2,18,94,4918,0,0,9210,0.4918,0,0,0.921,
2,18,95,4918,0,0,9210,0.4918,0,0,0.921,
2,18,96,4918,0,0,9210,0.4918,0,0,0.921,
2,18,97,4918,0,0,9210,0.4918,0,0,0.921,
2,18,98,4918,0,0,9210,0.4918,0,0,0.921,
2,18,99,4918,0,0,9210,0.4918,0,0,0.921,
2,18,100,4918,0,0,9210,0.4918,0,0,0.921,
2,19,0,9980,20,120,29880,0.998,0.002,0.012,2.988,6
2,19,1,9952,21,94,29740,0.9952,0.0021,0.0094,2.974,4.47619
2,19,2,9919,24,97,29577,0.9919,0.0024,0.0097,2.9577,4.04167
2,19,3,9881,31,118,29390,0.9881,0.0031,0.0118,2.939,3.80645
2,19,4,9827,49,183,29123,0.9827,0.0049,0.0183,2.9123,3.73469
2,19,5,9754,73,288,28762,0.9754,0.0073,0.0288,2.8762,3.94521
2,19,6,9610,127,491,28060,0.961,0.0127,0.0491,2.806,3.86614
2,19,7,9404,176,666,27066,0.9404,0.0176,0.0666,2.7066,3.78409
2,19,8,9185,215,777,26024,0.9185,0.0215,0.0777,2.6024,3.61395
2,19,9,8939,248,903,24869,0.8939,0.0248,0.0903,2.4869,3.64113
2,19,10,8658,270,930,23589,0.8658,0.027,0.093,2.3589,3.44444
2,19,11,8360,296,983,22257,0.836,0.0296,0.0983,2.2257,3.32095
2,19,12,7974,349,1116,20582,0.7974,0.0349,0.1116,2.0582,3.19771
2,19,13,7658,306,938,19239,0.7658,0.0306,0.0938,1.9239,3.06536
2,19,14,7340,303,909,17930,0.734,0.0303,0.0909,1.793,3
2,19,15,7054,279,843,16758,0.7054,0.0279,0.0843,1.6758,3.02151
2,19,16,6812,248,691,15808,0.6812,0.0248,0.0691,1.5808,2.78629
2,19,17,6610,213,604,15030,0.661,0.0213,0.0604,1.503,2.83568
2,19,18,6416,217,583,14309,0.6416,0.0217,0.0583,1.4309,2.68664
2,19,19,6262,162,423,13756,0.6262,0.0162,0.0423,1.3756,2.61111
2,19,20,6130,153,400,13267,0.613,0.0153,0.04,1.3267,2.61438
2,19,21,6015,124,335,12849,0.6015,0.0124,0.0335,1.2849,2.70161
2,19,22,5921,98,252,12518,0.5921,0.0098,0.0252,1.2518,2.57143
2,19,23,5860,78,186,12303,0.586,0.0078,0.0186,1.2303,2.38462
2,19,24,5802,68,179,12096,0.5802,0.0068,0.0179,1.2096,2.63235
2,19,25,5741,67,163,11897,0.5741,0.0067,0.0163,1.1897,2.43284
2,19,26,5705,50,113,11774,0.5705,0.005,0.0113,1.1774,2.26
2,19,27,5661,44,101,11629,0.5661,0.0044,0.0101,1.1629,2.29545
2,19,28,5629,38,75,11523,0.5629,0.0038,0.0075,1.1523,1.97368
2,19,29,5612,25,59,11456,0.5612,0.0025,0.0059,1.1456,2.36
2,19,30,5604,19,38,11431,0.5604,0.0019,0.0038,1.1431,2
2,19,31,5592,10,22,11387,0.5592,0.001,0.0022,1.1387,2.2
2,19,32,5582,13,33,11352,0.5582,0.0013,0.0033,1.1352,2.53846
2,19,33,5577,5,10,11335,0.5577,0.0005,0.001,1.1335,2
2,19,34,5577,0,0,11335,0.5577,0,0,1.1335,
2,19,35,5577,0,0,11335,0.5577,0,0,1.1335,
2,19,36,5577,0,0,11335,0.5577,0,0,1.1335,
2,19,37,5577,0,0,11335,0.5577,0,0,1.1335,
2,19,38,5577,0,0,11335,0.5577,0,0,1.1335,
2,19,39,5577,0,0,11335,0.5577,0,0,1.1335,
2,19,40,5577,0,0,11335,0.5577,0,0,1.1335,
2,19,41,5577,0,0,11335,0.5577,0,0,1.1335,
2,19,42,5577,0,0,11335,0.5577,0,0,1.1335,
2,19,43,5577,0,0,11335,0.5577,0,0,1.1335,
2,19,44,5577,0,0,11335,0.5577,0,0,1.1335,
2,19,45,5577,0,0,11335,0.5577,0,0,1.1335,
2,19,46,5577,0,0,11335,0.5577,0,0,1.1335,
2,19,47,5577,0,0,11335,0.5577,0,0,1.1335,
2,19,48,5577,0,0,11335,0.5577,0,0,1.1335,
2,19,49,5577,0,0,11335,0.5577,0,0,1.1335,
2,19,50,5577,0,0,11335,0.5577,0,0,1.1335,
2,19,51,5577,0,0,11335,0.5577,0,0,1.1335,
2,19,52,5577,0,0,11335,0.5577,0,0,1.1335,
2,19,53,5577,0,0,11335,0.5577,0,0,1.1335,
2,19,54,5577,0,0,11335,0.5577,0,0,1.1335,
2,19,55,5577,0,0,11335,0.5577,0,0,1.1335,
2,19,56,5577,0,0,11335,0.5577,0,0,1.1335,
2,19,57,5577,0,0,11335,0.5577,0,0,1.1335,
2,19,58,5577,0,0,11335,0.5577,0,0,1.1335,
2,19,59,5577,0,0,11335,0.5577,0,0,1.1335,
2,19,60,5577,0,0,11335,0.5577,0,0,1.1335,
2,19,61,5577,0,0,11335,0.5577,0,0,1.1335,
2,19,62,5577,0,0,11335,0.5577,0,0,1.1335,
2,19,63,5577,0,0,11335,0.5577,0,0,1.1335,
2,19,64,5577,0,0,11335,0.5577,0,0,1.1335,
2,19,65,5577,0,0,11335,0.5577,0,0,1.1335,
2,19,66,5577,0,0,11335,0.5577,0,0,1.1335,
2,19,67,5577,0,0,11335,0.5577,0,0,1.1335,
2,19,68,5577,0,0,11335,0.5577,0,0,1.1335,
2,19,69,5577,0,0,11335,0.5577,0,0,1.1335,
2,19,70,5577,0,0,11335,0.5577,0,0,1.1335,
2,19,71,5577,0,0,11335,0.5577,0,0,1.1335,
2,19,72,5577,0,0,11335,0.5577,0,0,1.1335,
2,19,73,5577,0,0,11335,0.5577,0,0,1.1335,
2,19,74,5577,0,0,11335,0.5577,0,0,1.1335,
2,19,75,5577,0,0,11335,0.5577,0,0,1.1335,
2,19,76,5577,0,0,11335,0.5577,0,0,1.1335,
2,19,77,5577,0,0,11335,0.5577,0,0,1.1335,
2,19,78,5577,0,0,11335,0.5577,0,0,1.1335,
2,19,79,5577,0,0,11335,0.5577,0,0,1.1335,
2,19,80,5577,0,0,11335,0.5577,0,0,1.1335,
2,19,81,5577,0,0,11335,0.5577,0,0,1.1335,
2,19,82,5577,0,0,11335,0.5577,0,0,1.1335,
2,19,83,5577,0,0,11335,0.5577,0,0,1.1335,
2,19,84,5577,0,0,11335,0.5577,0,0,1.1335,
2,19,85,5577,0,0,11335,0.5577,0,0,1.1335,
2,19,86,5577,0,0,11335,0.5577,0,0,1.1335,
2,19,87,5577,0,0,11335,0.5577,0,0,1.1335,
2,19,88,5577,0,0,11335,0.5577,0,0,1.1335,
2,19,89,5577,0,0,11335,0.5577,0,0,1.1335,
2,19,90,5577,0,0,11335,0.5577,0,0,1.1335,
2,19,91,5577,0,0,11335,0.5577,0,0,1.1335,
2,19,92,5577,0,0,11335,0.5577,0,0,1.1335,
2,19,93,5577,0,0,11335,0.5577,0,0,1.1335,
2,19,94,5577,0,0,11335,0.5577,0,0,1.1335,
2,19,95,5577,0,0,11335,0.5577,0,0,1.1335,
2,19,96,5577,0,0,11335,0.5577,0,0,1.1335,
2,19,97,5577,0,0,11335,0.5577,0,0,1.1335,
2,19,98,5577,0,0,11335,0.5577,0,0,1.1335,
2,19,99,5577,0,0,11335,0.5577,0,0,1.1335,
2,19,100,5577,0,0,11335,0.5577,0,0,1.1335,
3,0,0,9980,20,120,29880,0.998,0.002,0.012,2.988,6
3,0,1,9950,18,78,29730,0.995,0.0018,0.0078,2.973,4.33333
3,0,2,9924,23,92,29601,0.9924,0.0023,0.0092,2.9601,4
3,0,3,9903,22,92,29496,0.9903,0.0022,0.0092,2.9496,4.18182
3,0,4,9862,28,114,29292,0.9862,0.0028,0.0114,2.9292,4.07143
3,0,5,9813,47,180,29050,0.9813,0.0047,0.018,2.905,3.82979
3,0,6,9731,76,306,28648,0.9731,0.0076,0.0306,2.8648,4.02632
3,0,7,9617,106,416,28094,0.9617,0.0106,0.0416,2.8094,3.92453
3,0,8,9457,129,497,27323,0.9457,0.0129,0.0497,2.7323,3.85271
3,0,9,9259,186,693,26378,0.9259,0.0186,0.0693,2.6378,3.72581
3,0,10,9026,221,822,25273,0.9026,0.0221,0.0822,2.5273,3.71946
3,0,11,8727,265,966,23904,0.8727,0.0265,0.0966,2.3904,3.64528
3,0,12,8344,341,1183,22172,0.8344,0.0341,0.1183,2.2172,3.46921
3,0,13,7952,376,1233,20474,0.7952,0.0376,0.1233,2.0474,3.27926
3,0,14,7506,409,1283,18585,0.7506,0.0409,0.1283,1.8585,3.13692
3,0,15,7145,398,1173,17118,0.7145,0.0398,0.1173,1.7118,2.94724
3,0,16,6839,327,950,15914,0.6839,0.0327,0.095,1.5914,2.9052
3,0,17,6565,302,841,14864,0.6565,0.0302,0.0841,1.4864,2.78477
3,0,18,6356,215,610,14060,0.6356,0.0215,0.061,1.406,2.83721
3,0,19,6180,192,510,13410,0.618,0.0192,0.051,1.341,2.65625
3,0,20,6000,174,451,12763,0.6,0.0174,0.0451,1.2763,2.59195
3,0,21,5859,138,343,12269,0.5859,0.0138,0.0343,1.2269,2.48551
3,0,22,5750,123,336,11890,0.575,0.0123,0.0336,1.189,2.73171
3,0,23,5664,103,268,11598,0.5664,0.0103,0.0268,1.1598,2.60194
3,0,24,5607,66,149,11412,0.5607,0.0066,0.0149,1.1412,2.25758
3,0,25,5556,48,113,11234,0.5556,0.0048,0.0113,1.1234,2.35417
3,0,26,5523,41,103,11127,0.5523,0.0041,0.0103,1.1127,2.5122
3,0,27,5497,33,74,11047,0.5497,0.0033,0.0074,1.1047,2.24242
3,0,28,5477,24,59,10981,0.5477,0.0024,0.0059,1.0981,2.45833
3,0,29,5470,10,20,10958,0.547,0.001,0.002,1.0958,2
3,0,30,5463,9,19,10936,0.5463,0.0009,0.0019,1.0936,2.11111
3,0,31,5459,4,5,10924,0.5459,0.0004,0.0005,1.0924,1.25
3,0,32,5458,3,5,10921,0.5458,0.0003,0.0005,1.0921,1.66667
3,0,33,5457,2,4,10918,0.5457,0.0002,0.0004,1.0918,2
3,0,34,5456,3,7,10914,0.5456,0.0003,0.0007,1.0914,2.33333
3,0,35,5455,1,0,10909,0.5455,0.0001,0,1.0909,0
3,0,36,5455,1,0,10909,0.5455,0.0001,0,1.0909,0
3,0,37,5455,0,0,10909,0.5455,0,0,1.0909,
3,0,38,5455,0,0,10909,0.5455,0,0,1.0909,
3,0,39,5455,0,0,10909,0.5455,0,0,1.0909,
3,0,40,5455,0,0,10909,0.5455,0,0,1.0909,
3,0,41,5455,0,0,10909,0.5455,0,0,1.0909,
3,0,42,5455,0,0,10909,0.5455,0,0,1.0909,
3,0,43,5455,0,0,10909,0.5455,0,0,1.0909,
3,0,44,5455,0,0,10909,0.5455,0,0,1.0909,
3,0,45,5455,0,0,10909,0.5455,0,0,1.0909,
3,0,46,5455,0,0,10909,0.5455,0,0,1.0909,
3,0,47,5455,0,0,10909,0.5455,0,0,1.0909,
3,0,48,5455,0,0,10909,0.5455,0,0,1.0909,
3,0,49,5455,0,0,10909,0.5455,0,0,1.0909,
3,0,50,5455,0,0,10909,0.5455,0,0,1.0909,
3,0,51,5455,0,0,10909,0.5455,0,0,1.0909,
3,0,52,5455,0,0,10909,0.5455,0,0,1.0909,
3,0,53,5455,0,0,10909,0.5455,0,0,1.0909,
3,0,54,5455,0,0,10909,0.5455,0,0,1.0909,
3,0,55,5455,0,0,10909,0.5455,0,0,1.0909,
3,0,56,5455,0,0,10909,0.5455,0,0,1.0909,
3,0,57,5455,0,0,10909,0.5455,0,0,1.0909,
3,0,58,5455,0,0,10909,0.5455,0,0,1.0909,
3,0,59,5455,0,0,10909,0.5455,0,0,1.0909,
3,0,60,5455,0,0,10909,0.5455,0,0,1.0909,
3,0,61,5455,0,0,10909,0.5455,0,0,1.0909,
3,0,62,5455,0,0,10909,0.5455,0,0,1.0909,
3,0,63,5455,0,0,10909,0.5455,0,0,1.0909,
3,0,64,5455,0,0,10909,0.5455,0,0,1.0909,
3,0,65,5455,0,0,10909,0.5455,0,0,1.0909,
3,0,66,5455,0,0,10909,0.5455,0,0,1.0909,
3,0,67,5455,0,0,10909,0.5455,0,0,1.0909,
3,0,68,5455,0,0,10909,0.5455,0,0,1.0909,
3,0,69,5455,0,0,10909,0.5455,0,0,1.0909,
3,0,70,5455,0,0,10909,0.5455,0,0,1.0909,
3,0,71,5455,0,0,10909,0.5455,0,0,1.0909,
3,0,72,5455,0,0,10909,0.5455,0,0,1.0909,
3,0,73,5455,0,0,10909,0.5455,0,0,1.0909,
3,0,74,5455,0,0,10909,0.5455,0,0,1.0909,
3,0,75,5455,0,0,10909,0.5455,0,0,1.0909,
3,0,76,5455,0,0,10909,0.5455,0,0,1.0909,
3,0,77,5455,0,0,10909,0.5455,0,0,1.0909,
3,0,78,5455,0,0,10909,0.5455,0,0,1.0909,
3,0,79,5455,0,0,10909,0.5455,0,0,1.0909,
3,0,80,5455,0,0,10909,0.5455,0,0,1.0909,
3,0,81,5455,0,0,10909,0.5455,0,0,1.0909,
3,0,82,5455,0,0,10909,0.5455,0,0,1.0909,
3,0,83,5455,0,0,10909,0.5455,0,0,1.0909,
3,0,84,5455,0,0,10909,0.5455,0,0,1.0909,
3,0,85,5455,0,0,10909,0.5455,0,0,1.0909,
3,0,86,5455,0,0,10909,0.5455,0,0,1.0909,
3,0,87,5455,0,0,10909,0.5455,0,0,1.0909,
3,0,88,5455,0,0,10909,0.5455,0,0,1.0909,
3,0,89,5455,0,0,10909,0.5455,0,0,1.0909,
3,0,90,5455,0,0,10909,0.5455,0,0,1.0909,
3,0,91,5455,0,0,10909,0.5455,0,0,1.0909,
3,0,92,5455,0,0,10909,0.5455,0,0,1.0909,
3,0,93,5455,0,0,10909,0.5455,0,0,1.0909,
3,0,94,5455,0,0,10909,0.5455,0,0,1.0909,
3,0,95,5455,0,0,10909,0.5455,0,0,1.0909,
3,0,96,5455,0,0,10909,0.5455,0,0,1.0909,
3,0,97,5455,0,0,10909,0.5455,0,0,1.0909,
3,0,98,5455,0,0,10909,0.5455,0,0,1.0909,
3,0,99,5455,0,0,10909,0.5455,0,0,1.0909,
3,0,100,5455,0,0,10909,0.5455,0,0,1.0909,
3,1,0,9980,20,120,29880,0.998,0.002,0.012,2.988,6
3,1,1,9891,69,297,29435,0.9891,0.0069,0.0297,2.9435,4.30435
3,1,2,9772,96,380,28842,0.9772,0.0096,0.038,2.8842,3.95833
3,1,3,9672,91,353,28356,0.9672,0.0091,0.0353,2.8356,3.87912
3,1,4,9570,95,377,27856,0.957,0.0095,0.0377,2.7856,3.96842
3,1,5,9431,132,512,27184,0.9431,0.0132,0.0512,2.7184,3.87879
3,1,6,9263,147,554,26371,0.9263,0.0147,0.0554,2.6371,3.76871
3,1,7,9091,174,652,25566,0.9091,0.0174,0.0652,2.5566,3.74713
3,1,8,8906,177,636,24708,0.8906,0.0177,0.0636,2.4708,3.59322
3,1,9,8721,184,652,23865,0.8721,0.0184,0.0652,2.3865,3.54348
3,1,10,8473,221,780,22733,0.8473,0.0221,0.078,2.2733,3.52941
3,1,11,8206,271,942,21526,0.8206,0.0271,0.0942,2.1526,3.47601
3,1,12,7928,284,949,20314,0.7928,0.0284,0.0949,2.0314,3.34155
3,1,13,7641,286,913,19095,0.7641,0.0286,0.0913,1.9095,3.19231
3,1,14,7396,242,741,18095,0.7396,0.0242,0.0741,1.8095,3.06198
3,1,15,7107,281,845,16959,0.7107,0.0281,0.0845,1.6959,3.00712
3,1,16,6822,309,889,15849,0.6822,0.0309,0.0889,1.5849,2.87702
3,1,17,6553,283,805,14798,0.6553,0.0283,0.0805,1.4798,2.84452
3,1,18,6311,245,636,13909,0.6311,0.0245,0.0636,1.3909,2.59592
3,1,19,6142,193,509,13283,0.6142,0.0193,0.0509,1.3283,2.63731
3,1,20,6006,146,387,12789,0.6006,0.0146,0.0387,1.2789,2.65068
3,1,21,5874,141,367,12319,0.5874,0.0141,0.0367,1.2319,2.60284
3,1,22,5768,112,294,11926,0.5768,0.0112,0.0294,1.1926,2.625
3,1,23,5680,89,206,11635,0.568,0.0089,0.0206,1.1635,2.31461
3,1,24,5608,83,187,11403,0.5608,0.0083,0.0187,1.1403,2.25301
3,1,25,5547,65,154,11208,0.5547,0.0065,0.0154,1.1208,2.36923
3,1,26,5521,43,92,11120,0.5521,0.0043,0.0092,1.112,2.13953
3,1,27,5491,37,83,11017,0.5491,0.0037,0.0083,1.1017,2.24324
3,1,28,5475,20,42,10966,0.5475,0.002,0.0042,1.0966,2.1
3,1,29,5467,14,33,10936,0.5467,0.0014,0.0033,1.0936,2.35714
3,1,30,5457,13,30,10902,0.5457,0.0013,0.003,1.0902,2.30769
3,1,31,5449,12,21,10879,0.5449,0.0012,0.0021,1.0879,1.75
3,1,32,5446,8,12,10872,0.5446,0.0008,0.0012,1.0872,1.5
3,1,33,5442,5,8,10856,0.5442,0.0005,0.0008,1.0856,1.6
3,1,34,5441,1,0,10852,0.5441,0.0001,0,1.0852,0
3,1,35,5441,1,0,10852,0.5441,0.0001,0,1.0852,0
3,1,36,5441,0,0,10852,0.5441,0,0,1.0852,
3,1,37,5441,0,0,10852,0.5441,0,0,1.0852,
3,1,38,5441,0,0,10852,0.5441,0,0,1.0852,
3,1,39,5441,0,0,10852,0.5441,0,0,1.0852,
3,1,40,5441,0,0,10852,0.5441,0,0,1.0852,
3,1,41,5441,0,0,10852,0.5441,0,0,1.0852,
3,1,42,5441,0,0,10852,0.5441,0,0,1.0852,
3,1,43,5441,0,0,10852,0.5441,0,0,1.0852,
3,1,44,5441,0,0,10852,0.5441,0,0,1.0852,
3,1,45,5441,0,0,10852,0.5441,0,0,1.0852,
3,1,46,5441,0,0,10852,0.5441,0,0,1.0852,
3,1,47,5441,0,0,10852,0.5441,0,0,1.0852,
3,1,48,5441,0,0,10852,0.5441,0,0,1.0852,
3,1,49,5441,0,0,10852,0.5441,0,0,1.0852,
3,1,50,5441,0,0,10852,0.5441,0,0,1.0852,
3,1,51,5441,0,0,10852,0.5441,0,0,1.0852,
3,1,52,5441,0,0,10852,0.5441,0,0,1.0852,
3,1,53,5441,0,0,10852,0.5441,0,0,1.0852,
3,1,54,5441,0,0,10852,0.5441,0,0,1.0852,
3,1,55,5441,0,0,10852,0.5441,0,0,1.0852,
3,1,56,5441,0,0,10852,0.5441,0,0,1.0852,
3,1,57,5441,0,0,10852,0.5441,0,0,1.0852,
3,1,58,5441,0,0,10852,0.5441,0,0,1.0852,
3,1,59,5441,0,0,10852,0.5441,0,0,1.0852,
3,1,60,5441,0,0,10852,0.5441,0,0,1.0852,
3,1,61,5441,0,0,10852,0.5441,0,0,1.0852,
3,1,62,5441,0,0,10852,0.5441,0,0,1.0852,
3,1,63,5441,0,0,10852,0.5441,0,0,1.0852,
3,1,64,5441,0,0,10852,0.5441,0,0,1.0852,
3,1,65,5441,0,0,10852,0.5441,0,0,1.0852,
3,1,66,5441,0,0,10852,0.5441,0,0,1.0852,
3,1,67,5441,0,0,10852,0.5441,0,0,1.0852,
3,1,68,5441,0,0,10852,0.5441,0,0,1.0852,
3,1,69,5441,0,0,10852,0.5441,0,0,1.0852,
3,1,70,5441,0,0,10852,0.5441,0,0,1.0852,
3,1,71,5441,0,0,10852,0.5441,0,0,1.0852,
3,1,72,5441,0,0,10852,0.5441,0,0,1.0852,
3,1,73,5441,0,0,10852,0.5441,0,0,1.0852,
3,1,74,5441,0,0,10852,0.5441,0,0,1.0852,
3,1,75,5441,0,0,10852,0.5441,0,0,1.0852,
3,1,76,5441,0,0,10852,0.5441,0,0,1.0852,
3,1,77,5441,0,0,10852,0.5441,0,0,1.0852,
3,1,78,5441,0,0,10852,0.5441,0,0,1.0852,
3,1,79,5441,0,0,10852,0.5441,0,0,1.0852,
3,1,80,5441,0,0,10852,0.5441,0,0,1.0852,
3,1,81,5441,0,0,10852,0.5441,0,0,1.0852,
3,1,82,5441,0,0,10852,0.5441,0,0,1.0852,
3,1,83,5441,0,0,10852,0.5441,0,0,1.0852,
3,1,84,5441,0,0,10852,0.5441,0,0,1.0852,
3,1,85,5441,0,0,10852,0.5441,0,0,1.0852,
3,1,86,5441,0,0,10852,0.5441,0,0,1.0852,
3,1,87,5441,0,0,10852,0.5441,0,0,1.0852,
3,1,88,5441,0,0,10852,0.5441,0,0,1.0852,
3,1,89,5441,0,0,10852,0.5441,0,0,1.0852,
3,1,90,5441,0,0,10852,0.5441,0,0,1.0852,
3,1,91,5441,0,0,10852,0.5441,0,0,1.0852,
3,1,92,5441,0,0,10852,0.5441,0,0,1.0852,
3,1,93,5441,0,0,10852,0.5441,0,0,1.0852,
3,1,94,5441,0,0,10852,0.5441,0,0,1.0852,
3,1,95,5441,0,0,10852,0.5441,0,0,1.0852,
3,1,96,5441,0,0,10852,0.5441,0,0,1.0852,
3,1,97,5441,0,0,10852,0.5441,0,0,1.0852,
3,1,98,5441,0,0,10852,0.5441,0,0,1.0852,
3,1,99,5441,0,0,10852,0.5441,0,0,1.0852,
3,1,100,5441,0,0,10852,0.5441,0,0,1.0852,
3,2,0,9980,20,118,29881,0.998,0.002,0.0118,2.9881,5.9
3,2,1,9943,34,153,29696,0.9943,0.0034,0.0153,2.9696,4.5
3,2,2,9887,47,196,29417,0.9887,0.0047,0.0196,2.9417,4.17021
3,2,3,9816,66,260,29067,0.9816,0.0066,0.026,2.9067,3.93939
3,2,4,9736,77,297,28677,0.9736,0.0077,0.0297,2.8677,3.85714
3,2,5,9653,71,271,28267,0.9653,0.0071,0.0271,2.8267,3.8169
3,2,6,9574,81,315,27882,0.9574,0.0081,0.0315,2.7882,3.88889
3,2,7,9450,128,513,27278,0.945,0.0128,0.0513,2.7278,4.00781
3,2,8,9237,165,600,26263,0.9237,0.0165,0.06,2.6263,3.63636
3,2,9,8968,222,786,24986,0.8968,0.0222,0.0786,2.4986,3.54054
3,2,10,8695,237,816,23724,0.8695,0.0237,0.0816,2.3724,3.44304
3,2,11,8362,306,1027,22224,0.8362,0.0306,0.1027,2.2224,3.35621
3,2,12,8066,275,892,20918,0.8066,0.0275,0.0892,2.0918,3.24364
3,2,13,7818,253,830,19845,0.7818,0.0253,0.083,1.9845,3.28063
3,2,14,7571,239,752,18835,0.7571,0.0239,0.0752,1.8835,3.14644
3,2,15,7315,254,784,17771,0.7315,0.0254,0.0784,1.7771,3.08661
3,2,16,7042,269,804,16689,0.7042,0.0269,0.0804,1.6689,2.98885
3,2,17,6807,244,690,15789,0.6807,0.0244,0.069,1.5789,2.82787
3,2,18,6584,226,617,14946,0.6584,0.0226,0.0617,1.4946,2.73009
3,2,19,6354,251,651,14090,0.6354,0.0251,0.0651,1.409,2.59363
3,2,20,6127,256,677,13248,0.6127,0.0256,0.0677,1.3248,2.64453
3,2,21,5899,233,596,12438,0.5899,0.0233,0.0596,1.2438,2.55794
3,2,22,5722,201,491,11831,0.5722,0.0201,0.0491,1.1831,2.44279
3,2,23,5573,176,407,11325,0.5573,0.0176,0.0407,1.1325,2.3125
3,2,24,5465,120,277,10962,0.5465,0.012,0.0277,1.0962,2.30833
3,2,25,5385,93,229,10685,0.5385,0.0093,0.0229,1.0685,2.46237
3,2,26,5307,81,201,10434,0.5307,0.0081,0.0201,1.0434,2.48148
3,2,27,5249,64,139,10236,0.5249,0.0064,0.0139,1.0236,2.17188
3,2,28,5204,51,123,10084,0.5204,0.0051,0.0123,1.0084,2.41176
3,2,29,5158,47,112,9935,0.5158,0.0047,0.0112,0.9935,2.38298
3,2,30,5136,29,60,9867,0.5136,0.0029,0.006,0.9867,2.06897
3,2,31,5131,13,22,9853,0.5131,0.0013,0.0022,0.9853,1.69231
3,2,32,5129,5,7,9847,0.5129,0.0005,0.0007,0.9847,1.4
3,2,33,5124,5,14,9829,0.5124,0.0005,0.0014,0.9829,2.8
3,2,34,5115,11,32,9796,0.5115,0.0011,0.0032,0.9796,2.90909
3,2,35,5106,11,28,9764,0.5106,0.0011,0.0028,0.9764,2.54545
3,2,36,5103,5,14,9754,0.5103,0.0005,0.0014,0.9754,2.8
3,2,37,5099,5,14,9739,0.5099,0.0005,0.0014,0.9739,2.8
3,2,38,5095,4,10,9722,0.5095,0.0004,0.001,0.9722,2.5
3,2,39,5093,3,7,9716,0.5093,0.0003,0.0007,0.9716,2.33333
3,2,40,5092,1,4,9712,0.5092,0.0001,0.0004,0.9712,4
3,2,41,5092,0,0,9712,0.5092,0,0,0.9712,
3,2,42,5092,0,0,9712,0.5092,0,0,0.9712,
3,2,43,5092,0,0,9712,0.5092,0,0,0.9712,
3,2,44,5092,0,0,9712,0.5092,0,0,0.9712,
3,2,45,5092,0,0,9712,0.5092,0,0,0.9712,
3,2,46,5092,0,0,9712,0.5092,0,0,0.9712,
3,2,47,5092,0,0,9712,0.5092,0,0,0.9712,
3,2,48,5092,0,0,9712,0.5092,0,0,0.9712,
3,2,49,5092,0,0,9712,0.5092,0,0,0.9712,
3,2,50,5092,0,0,9712,0.5092,0,0,0.9712,
3,2,51,5092,0,0,9712,0.5092,0,0,0.9712,
3,2,52,5092,0,0,9712,0.5092,0,0,0.9712,
3,2,53,5092,0,0,9712,0.5092,0,0,0.9712,
3,2,54,5092,0,0,9712,0.5092,0,0,0.9712,
3,2,55,5092,0,0,9712,0.5092,0,0,0.9712,
3,2,56,5092,0,0,9712,0.5092,0,0,0.9712,
3,2,57,5092,0,0,9712,0.5092,0,0,0.9712,
3,2,58,5092,0,0,9712,0.5092,0,0,0.9712,
3,2,59,5092,0,0,9712,0.5092,0,0,0.9712,
3,2,60,5092,0,0,9712,0.5092,0,0,0.9712,
3,2,61,5092,0,0,9712,0.5092,0,0,0.9712,
3,2,62,5092,0,0,9712,0.5092,0,0,0.9712,
3,2,63,5092,0,0,9712,0.5092,0,0,0.9712,
3,2,64,5092,0,0,9712,0.5092,0,0,0.9712,
3,2,65,5092,0,0,9712,0.5092,0,0,0.9712,
3,2,66,5092,0,0,9712,0.5092,0,0,0.9712,
3,2,67,5092,0,0,9712,0.5092,0,0,0.9712,
3,2,68,5092,0,0,9712,0.5092,0,0,0.9712,
3,2,69,5092,0,0,9712,0.5092,0,0,0.9712,
3,2,70,5092,0,0,9712,0.5092,0,0,0.9712,
3,2,71,5092,0,0,9712,0.5092,0,0,0.9712,
3,2,72,5092,0,0,9712,0.5092,0,0,0.9712,
3,2,73,5092,0,0,9712,0.5092,0,0,0.9712,
3,2,74,5092,0,0,9712,0.5092,0,0,0.9712,
3,2,75,5092,0,0,9712,0.5092,0,0,0.9712,
3,2,76,5092,0,0,9712,0.5092,0,0,0.9712,
3,2,77,5092,0,0,9712,0.5092,0,0,0.9712,
3,2,78,5092,0,0,9712,0.5092,0,0,0.9712,
3,2,79,5092,0,0,9712,0.5092,0,0,0.9712,
3,2,80,5092,0,0,9712,0.5092,0,0,0.9712,
3,2,81,5092,0,0,9712,0.5092,0,0,0.9712,
3,2,82,5092,0,0,9712,0.5092,0,0,0.9712,
3,2,83,5092,0,0,9712,0.5092,0,0,0.9712,
3,2,84,5092,0,0,9712,0.5092,0,0,0.9712,
3,2,85,5092,0,0,9712,0.5092,0,0,0.9712,
3,2,86,5092,0,0,9712,0.5092,0,0,0.9712,
3,2,87,5092,0,0,9712,0.5092,0,0,0.9712,
3,2,88,5092,0,0,9712,0.5092,0,0,0.9712,
3,2,89,5092,0,0,9712,0.5092,0,0,0.9712,
3,2,90,5092,0,0,9712,0.5092,0,0,0.9712,
3,2,91,5092,0,0,9712,0.5092,0,0,0.9712,
3,2,92,5092,0,0,9712,0.5092,0,0,0.9712,
3,2,93,5092,0,0,9712,0.5092,0,0,0.9712,
3,2,94,5092,0,0,9712,0.5092,0,0,0.9712,
3,2,95,5092,0,0,9712,0.5092,0,0,0.9712,
3,2,96,5092,0,0,9712,0.5092,0,0,0.9712,
3,2,97,5092,0,0,9712,0.5092,0,0,0.9712,
3,2,98,5092,0,0,9712,0.5092,0,0,0.9712,
3,2,99,5092,0,0,9712,0.5092,0,0,0.9712,
3,2,100,5092,0,0,9712,0.5092,0,0,0.9712,
3,3,0,9980,20,120,29880,0.998,0.002,0.012,2.988,6
3,3,1,9932,40,182,29640,0.9932,0.004,0.0182,2.964,4.55
3,3,2,9865,62,255,29307,0.9865,0.0062,0.0255,2.9307,4.1129
3,3,3,9738,101,387,28680,0.9738,0.0101,0.0387,2.868,3.83168
3,3,4,9603,139,540,28018,0.9603,0.0139,0.054,2.8018,3.88489
3,3,5,9402,178,695,27036,0.9402,0.0178,0.0695,2.7036,3.90449
3,3,6,9167,194,715,25923,0.9167,0.0194,0.0715,2.5923,3.68557
3,3,7,8862,284,1009,24516,0.8862,0.0284,0.1009,2.4516,3.55282
3,3,8,8437,362,1240,22592,0.8437,0.0362,0.124,2.2592,3.42541
3,3,9,8001,426,1419,20673,0.8001,0.0426,0.1419,2.0673,3.33099
3,3,10,7577,396,1234,18895,0.7577,0.0396,0.1234,1.8895,3.11616
3,3,11,7242,332,971,17549,0.7242,0.0332,0.0971,1.7549,2.9247
3,3,12,6930,332,922,16335,0.693,0.0332,0.0922,1.6335,2.77711
3,3,13,6644,305,879,15209,0.6644,0.0305,0.0879,1.5209,2.88197
3,3,14,6383,256,683,14225,0.6383,0.0256,0.0683,1.4225,2.66797
3,3,15,6194,226,599,13522,0.6194,0.0226,0.0599,1.3522,2.65044
3,3,16,6002,209,544,12819,0.6002,0.0209,0.0544,1.2819,2.60287
3,3,17,5846,155,401,12251,0.5846,0.0155,0.0401,1.2251,2.5871
3,3,18,5726,123,304,11833,0.5726,0.0123,0.0304,1.1833,2.47154
3,3,19,5652,100,238,11583,0.5652,0.01,0.0238,1.1583,2.38
3,3,20,5579,83,192,11347,0.5579,0.0083,0.0192,1.1347,2.31325
3,3,21,5515,66,151,11123,0.5515,0.0066,0.0151,1.1123,2.28788
3,3,22,5451,69,175,10893,0.5451,0.0069,0.0175,1.0893,2.53623
3,3,23,5393,65,153,10700,0.5393,0.0065,0.0153,1.07,2.35385
3,3,24,5339,61,147,10519,0.5339,0.0061,0.0147,1.0519,2.40984
3,3,25,5291,60,145,10362,0.5291,0.006,0.0145,1.0362,2.41667
3,3,26,5253,44,109,10241,0.5253,0.0044,0.0109,1.0241,2.47727
3,3,27,5231,29,68,10173,0.5231,0.0029,0.0068,1.0173,2.34483
3,3,28,5204,30,72,10079,0.5204,0.003,0.0072,1.0079,2.4
3,3,29,5168,36,85,9963,0.5168,0.0036,0.0085,0.9963,2.36111
3,3,30,5154,25,58,9923,0.5154,0.0025,0.0058,0.9923,2.32
3,3,31,5137,17,44,9865,0.5137,0.0017,0.0044,0.9865,2.58824
3,3,32,5133,7,13,9853,0.5133,0.0007,0.0013,0.9853,1.85714
3,3,33,5133,3,2,9853,0.5133,0.0003,0.0002,0.9853,0.666667
3,3,34,5132,4,4,9850,0.5132,0.0004,0.0004,0.985,1
3,3,35,5128,5,6,9839,0.5128,0.0005,0.0006,0.9839,1.2
3,3,36,5128,1,3,9839,0.5128,0.0001,0.0003,0.9839,3
3,3,37,5127,1,2,9836,0.5127,0.0001,0.0002,0.9836,2
3,3,38,5127,1,2,9836,0.5127,0.0001,0.0002,0.9836,2
3,3,39,5127,1,2,9836,0.5127,0.0001,0.0002,0.9836,2
3,3,40,5127,1,2,9836,0.5127,0.0001,0.0002,0.9836,2
3,3,41,5126,2,4,9833,0.5126,0.0002,0.0004,0.9833,2
3,3,42,5126,0,0,9833,0.5126,0,0,0.9833,
3,3,43,5126,0,0,9833,0.5126,0,0,0.9833,
3,3,44,5126,0,0,9833,0.5126,0,0,0.9833,
3,3,45,5126,0,0,9833,0.5126,0,0,0.9833,
3,3,46,5126,0,0,9833,0.5126,0,0,0.9833,
3,3,47,5126,0,0,9833,0.5126,0,0,0.9833,
3,3,48,5126,0,0,9833,0.5126,0,0,0.9833,
3,3,49,5126,0,0,9833,0.5126,0,0,0.9833,
3,3,50,5126,0,0,9833,0.5126,0,0,0.9833,
3,3,51,5126,0,0,9833,0.5126,0,0,0.9833,
3,3,52,5126,0,0,9833,0.5126,0,0,0.9833,
3,3,53,5126,0,0,9833,0.5126,0,0,0.9833,
3,3,54,5126,0,0,9833,0.5126,0,0,0.9833,
3,3,55,5126,0,0,9833,0.5126,0,0,0.9833,
3,3,56,5126,0,0,9833,0.5126,0,0,0.9833,
3,3,57,5126,0,0,9833,0.5126,0,0,0.9833,
3,3,58,5126,0,0,9833,0.5126,0,0,0.9833,
3,3,59,5126,0,0,9833,0.5126,0,0,0.9833,
3,3,60,5126,0,0,9833,0.5126,0,0,0.9833,
3,3,61,5126,0,0,9833,0.5126,0,0,0.9833,
3,3,62,5126,0,0,9833,0.5126,0,0,0.9833,
3,3,63,5126,0,0,9833,0.5126,0,0,0.9833,
3,3,64,5126,0,0,9833,0.5126,0,0,0.9833,
3,3,65,5126,0,0,9833,0.5126,0,0,0.9833,
3,3,66,5126,0,0,9833,0.5126,0,0,0.9833,
3,3,67,5126,0,0,9833,0.5126,0,0,0.9833,
3,3,68,5126,0,0,9833,0.5126,0,0,0.9833,
3,3,69,5126,0,0,9833,0.5126,0,0,0.9833,
3,3,70,5126,0,0,9833,0.5126,0,0,0.9833,
3,3,71,5126,0,0,9833,0.5126,0,0,0.9833,
3,3,72,5126,0,0,9833,0.5126,0,0,0.9833,
3,3,73,5126,0,0,9833,0.5126,0,0,0.9833,
3,3,74,5126,0,0,9833,0.5126,0,0,0.9833,
3,3,75,5126,0,0,9833,0.5126,0,0,0.9833,
3,3,76,5126,0,0,9833,0.5126,0,0,0.9833,
3,3,77,5126,0,0,9833,0.5126,0,0,0.9833,
3,3,78,5126,0,0,9833,0.5126,0,0,0.9833,
3,3,79,5126,0,0,9833,0.5126,0,0,0.9833,
3,3,80,5126,0,0,9833,0.5126,0,0,0.9833,
3,3,81,5126,0,0,9833,0.5126,0,0,0.9833,
3,3,82,5126,0,0,9833,0.5126,0,0,0.9833,
3,3,83,5126,0,0,9833,0.5126,0,0,0.9833,
3,3,84,5126,0,0,9833,0.5126,0,0,0.9833,
3,3,85,5126,0,0,9833,0.5126,0,0,0.9833,
3,3,86,5126,0,0,9833,0.5126,0,0,0.9833,
3,3,87,5126,0,0,9833,0.5126,0,0,0.9833,
3,3,88,5126,0,0,9833,0.5126,0,0,0.9833,
3,3,89,5126,0,0,9833,0.5126,0,0,0.9833,
3,3,90,5126,0,0,9833,0.5126,0,0,0.9833,
3,3,91,5126,0,0,9833,0.5126,0,0,0.9833,
3,3,92,5126,0,0,9833,0.5126,0,0,0.9833,
3,3,93,5126,0,0,9833,0.5126,0,0,0.9833,
3,3,94,5126,0,0,9833,0.5126,0,0,0.9833,
3,3,95,5126,0,0,9833,0.5126,0,0,0.9833,
3,3,96,5126,0,0,9833,0.5126,0,0,0.9833,
3,3,97,5126,0,0,9833,0.5126,0,0,0.9833,
3,3,98,5126,0,0,9833,0.5126,0,0,0.9833,
3,3,99,5126,0,0,9833,0.5126,0,0,0.9833,
3,3,100,5126,0,0,9833,0.5126,0,0,0.9833,
3,4,0,9980,20,120,29880,0.998,0.002,0.012,2.988,6
3,4,1,9947,32,144,29715,0.9947,0.0032,0.0144,2.9715,4.5
3,4,2,9884,54,215,29403,0.9884,0.0054,0.0215,2.9403,3.98148
3,4,3,9784,94,371,28912,0.9784,0.0094,0.0371,2.8912,3.94681
3,4,4,9633,133,505,28173,0.9633,0.0133,0.0505,2.8173,3.79699
3,4,5,9422,187,711,27155,0.9422,0.0187,0.0711,2.7155,3.80214
3,4,6,9173,214,793,25969,0.9173,0.0214,0.0793,2.5969,3.70561
3,4,7,8907,263,937,24733,0.8907,0.0263,0.0937,2.4733,3.56274
3,4,8,8614,270,934,23388,0.8614,0.027,0.0934,2.3388,3.45926
3,4,9,8276,320,1097,21848,0.8276,0.032,0.1097,2.1848,3.42813
3,4,10,7890,330,1103,20159,0.789,0.033,0.1103,2.0159,3.34242
3,4,11,7561,322,1024,18758,0.7561,0.0322,0.1024,1.8758,3.18012
3,4,12,7263,305,921,17561,0.7263,0.0305,0.0921,1.7561,3.01967
3,4,13,7001,268,760,16531,0.7001,0.0268,0.076,1.6531,2.83582
3,4,14,6761,249,708,15592,0.6761,0.0249,0.0708,1.5592,2.84337
3,4,15,6582,191,518,14901,0.6582,0.0191,0.0518,1.4901,2.71204
3,4,16,6460,149,405,14436,0.646,0.0149,0.0405,1.4436,2.71812
3,4,17,6328,141,379,13945,0.6328,0.0141,0.0379,1.3945,2.68794
3,4,18,6217,127,357,13541,0.6217,0.0127,0.0357,1.3541,2.81102
3,4,19,6114,124,332,13161,0.6114,0.0124,0.0332,1.3161,2.67742
3,4,20,6020,103,255,12836,0.602,0.0103,0.0255,1.2836,2.47573
3,4,21,5941,95,250,12550,0.5941,0.0095,0.025,1.255,2.63158
3,4,22,5849,101,242,12220,0.5849,0.0101,0.0242,1.222,2.39604
3,4,23,5781,87,211,11988,0.5781,0.0087,0.0211,1.1988,2.42529
3,4,24,5726,69,166,11799,0.5726,0.0069,0.0166,1.1799,2.4058
3,4,25,5660,66,155,11576,0.566,0.0066,0.0155,1.1576,2.34848
3,4,26,5628,47,103,11473,0.5628,0.0047,0.0103,1.1473,2.19149
3,4,27,5597,36,76,11369,0.5597,0.0036,0.0076,1.1369,2.11111
3,4,28,5580,25,53,11323,0.558,0.0025,0.0053,1.1323,2.12
3,4,29,5572,14,30,11298,0.5572,0.0014,0.003,1.1298,2.14286
3,4,30,5564,13,31,11268,0.5564,0.0013,0.0031,1.1268,2.38462
3,4,31,5559,6,17,11251,0.5559,0.0006,0.0017,1.1251,2.83333
3,4,32,5559,2,5,11251,0.5559,0.0002,0.0005,1.1251,2.5
3,4,33,5559,0,0,11251,0.5559,0,0,1.1251,
3,4,34,5559,0,0,11251,0.5559,0,0,1.1251,
3,4,35,5559,0,0,11251,0.5559,0,0,1.1251,
3,4,36,5559,0,0,11251,0.5559,0,0,1.1251,
3,4,37,5559,0,0,11251,0.5559,0,0,1.1251,
3,4,38,5559,0,0,11251,0.5559,0,0,1.1251,
3,4,39,5559,0,0,11251,0.5559,0,0,1.1251,
3,4,40,5559,0,0,11251,0.5559,0,0,1.1251,
3,4,41,5559,0,0,11251,0.5559,0,0,1.1251,
3,4,42,5559,0,0,11251,0.5559,0,0,1.1251,
3,4,43,5559,0,0,11251,0.5559,0,0,1.1251,
3,4,44,5559,0,0,11251,0.5559,0,0,1.1251,
3,4,45,5559,0,0,11251,0.5559,0,0,1.1251,
3,4,46,5559,0,0,11251,0.5559,0,0,1.1251,
3,4,47,5559,0,0,11251,0.5559,0,0,1.1251,
3,4,48,5559,0,0,11251,0.5559,0,0,1.1251,
3,4,49,5559,0,0,11251,0.5559,0,0,1.1251,
3,4,50,5559,0,0,11251,0.5559,0,0,1.1251,
3,4,51,5559,0,0,11251,0.5559,0,0,1.1251,
3,4,52,5559,0,0,11251,0.5559,0,0,1.1251,
3,4,53,5559,0,0,11251,0.5559,0,0,1.1251,
3,4,54,5559,0,0,11251,0.5559,0,0,1.1251,
3,4,55,5559,0,0,11251,0.5559,0,0,1.1251,
3,4,56,5559,0,0,11251,0.5559,0,0,1.1251,
3,4,57,5559,0,0,11251,0.5559,0,0,1.1251,
3,4,58,5559,0,0,11251,0.5559,0,0,1.1251,
3,4,59,5559,0,0,11251,0.5559,0,0,1.1251,
3,4,60,5559,0,0,11251,0.5559,0,0,1.1251,
3,4,61,5559,0,0,11251,0.5559,0,0,1.1251,
3,4,62,5559,0,0,11251,0.5559,0,0,1.1251,
3,4,63,5559,0,0,11251,0.5559,0,0,1.1251,
3,4,64,5559,0,0,11251,0.5559,0,0,1.1251,
3,4,65,5559,0,0,11251,0.5559,0,0,1.1251,
3,4,66,5559,0,0,11251,0.5559,0,0,1.1251,
3,4,67,5559,0,0,11251,0.5559,0,0,1.1251,
3,4,68,5559,0,0,11251,0.5559,0,0,1.1251,
3,4,69,5559,0,0,11251,0.5559,0,0,1.1251,
3,4,70,5559,0,0,11251,0.5559,0,0,1.1251,
3,4,71,5559,0,0,11251,0.5559,0,0,1.1251,
3,4,72,5559,0,0,11251,0.5559,0,0,1.1251,
3,4,73,5559,0,0,11251,0.5559,0,0,1.1251,
3,4,74,5559,0,0,11251,0.5559,0,0,1.1251,
3,4,75,5559,0,0,11251,0.5559,0,0,1.1251,
3,4,76,5559,0,0,11251,0.5559,0,0,1.1251,
3,4,77,5559,0,0,11251,0.5559,0,0,1.1251,
3,4,78,5559,0,0,11251,0.5559,0,0,1.1251,
3,4,79,5559,0,0,11251,0.5559,0,0,1.1251,
3,4,80,5559,0,0,11251,0.5559,0,0,1.1251,
3,4,81,5559,0,0,11251,0.5559,0,0,1.1251,
3,4,82,5559,0,0,11251,0.5559,0,0,1.1251,
3,4,83,5559,0,0,11251,0.5559,0,0,1.1251,
3,4,84,5559,0,0,11251,0.5559,0,0,1.1251,
3,4,85,5559,0,0,11251,0.5559,0,0,1.1251,
3,4,86,5559,0,0,11251,0.5559,0,0,1.1251,
3,4,87,5559,0,0,11251,0.5559,0,0,1.1251,
3,4,88,5559,0,0,11251,0.5559,0,0,1.1251,
3,4,89,5559,0,0,11251,0.5559,0,0,1.1251,
3,4,90,5559,0,0,11251,0.5559,0,0,1.1251,
3,4,91,5559,0,0,11251,0.5559,0,0,1.1251,
3,4,92,5559,0,0,11251,0.5559,0,0,1.1251,
3,4,93,5559,0,0,11251,0.5559,0,0,1.1251,
3,4,94,5559,0,0,11251,0.5559,0,0,1.1251,
3,4,95,5559,0,0,11251,0.5559,0,0,1.1251,
3,4,96,5559,0,0,11251,0.5559,0,0,1.1251,
3,4,97,5559,0,0,11251,0.5559,0,0,1.1251,
3,4,98,5559,0,0,11251,0.5559,0,0,1.1251,
3,4,99,5559,0,0,11251,0.5559,0,0,1.1251,
3,4,100,5559,0,0,11251,0.5559,0,0,1.1251,
3,5,0,9980,20,120,29880,0.998,0.002,0.012,2.988,6
3,5,1,9945,31,134,29706,0.9945,0.0031,0.0134,2.9706,4.32258
3,5,2,9921,27,113,29586,0.9921,0.0027,0.0113,2.9586,4.18519
3,5,3,9867,44,173,29318,0.9867,0.0044,0.0173,2.9318,3.93182
3,5,4,9791,60,237,28942,0.9791,0.006,0.0237,2.8942,3.95
3,5,5,9737,45,163,28683,0.9737,0.0045,0.0163,2.8683,3.62222
3,5,6,9669,58,216,28354,0.9669,0.0058,0.0216,2.8354,3.72414
3,5,7,9614,63,236,28089,0.9614,0.0063,0.0236,2.8089,3.74603
3,5,8,9522,79,301,27646,0.9522,0.0079,0.0301,2.7646,3.81013
3,5,9,9430,77,291,27204,0.943,0.0077,0.0291,2.7204,3.77922
3,5,10,9345,73,279,26801,0.9345,0.0073,0.0279,2.6801,3.82192
3,5,11,9248,91,354,26338,0.9248,0.0091,0.0354,2.6338,3.89011
3,5,12,9110,126,462,25690,0.911,0.0126,0.0462,2.569,3.66667
3,5,13,8934,159,591,24871,0.8934,0.0159,0.0591,2.4871,3.71698
3,5,14,8697,209,739,23784,0.8697,0.0209,0.0739,2.3784,3.53589
3,5,15,8420,270,958,22523,0.842,0.027,0.0958,2.2523,3.54815
3,5,16,8108,301,983,21168,0.8108,0.0301,0.0983,2.1168,3.26578
3,5,17,7734,355,1159,19548,0.7734,0.0355,0.1159,1.9548,3.26479
3,5,18,7333,361,1067,17901,0.7333,0.0361,0.1067,1.7901,2.95568
3,5,19,6985,344,961,16531,0.6985,0.0344,0.0961,1.6531,2.7936
3,5,20,6702,301,869,15401,0.6702,0.0301,0.0869,1.5401,2.88704
3,5,21,6435,285,806,14380,0.6435,0.0285,0.0806,1.438,2.82807
3,5,22,6164,252,688,13392,0.6164,0.0252,0.0688,1.3392,2.73016
3,5,23,5990,198,482,12775,0.599,0.0198,0.0482,1.2775,2.43434
3,5,24,5846,158,382,12288,0.5846,0.0158,0.0382,1.2288,2.41772
3,5,25,5746,120,279,11934,0.5746,0.012,0.0279,1.1934,2.325
3,5,26,5655,97,237,11638,0.5655,0.0097,0.0237,1.1638,2.4433
3,5,27,5574,90,221,11367,0.5574,0.009,0.0221,1.1367,2.45556
3,5,28,5531,59,139,11226,0.5531,0.0059,0.0139,1.1226,2.35593
3,5,29,5486,51,114,11079,0.5486,0.0051,0.0114,1.1079,2.23529
3,5,30,5453,41,88,10971,0.5453,0.0041,0.0088,1.0971,2.14634
3,5,31,5427,28,70,10881,0.5427,0.0028,0.007,1.0881,2.5
3,5,32,5408,25,58,10813,0.5408,0.0025,0.0058,1.0813,2.32
3,5,33,5393,14,35,10766,0.5393,0.0014,0.0035,1.0766,2.5
3,5,34,5385,13,34,10738,0.5385,0.0013,0.0034,1.0738,2.61538
3,5,35,5380,5,13,10722,0.538,0.0005,0.0013,1.0722,2.6
3,5,36,5373,5,13,10699,0.5373,0.0005,0.0013,1.0699,2.6
3,5,37,5368,5,12,10681,0.5368,0.0005,0.0012,1.0681,2.4
3,5,38,5363,6,19,10662,0.5363,0.0006,0.0019,1.0662,3.16667
3,5,39,5355,7,17,10637,0.5355,0.0007,0.0017,1.0637,2.42857
3,5,40,5349,7,14,10619,0.5349,0.0007,0.0014,1.0619,2
3,5,41,5346,8,15,10611,0.5346,0.0008,0.0015,1.0611,1.875
3,5,42,5343,4,10,10601,0.5343,0.0004,0.001,1.0601,2.5
3,5,43,5341,4,10,10593,0.5341,0.0004,0.001,1.0593,2.5
3,5,44,5336,6,13,10578,0.5336,0.0006,0.0013,1.0578,2.16667
3,5,45,5335,3,3,10576,0.5335,0.0003,0.0003,1.0576,1
3,5,46,5334,3,4,10572,0.5334,0.0003,0.0004,1.0572,1.33333
3,5,47,5334,2,0,10572,0.5334,0.0002,0,1.0572,0
3,5,48,5334,1,0,10572,0.5334,0.0001,0,1.0572,0
3,5,49,5334,0,0,10572,0.5334,0,0,1.0572,
3,5,50,5334,0,0,10572,0.5334,0,0,1.0572,
3,5,51,5334,0,0,10572,0.5334,0,0,1.0572,
3,5,52,5334,0,0,10572,0.5334,0,0,1.0572,
3,5,53,5334,0,0,10572,0.5334,0,0,1.0572,
3,5,54,5334,0,0,10572,0.5334,0,0,1.0572,
3,5,55,5334,0,0,10572,0.5334,0,0,1.0572,
3,5,56,5334,0,0,10572,0.5334,0,0,1.0572,
3,5,57,5334,0,0,10572,0.5334,0,0,1.0572,
3,5,58,5334,0,0,10572,0.5334,0,0,1.0572,
3,5,59,5334,0,0,10572,0.5334,0,0,1.0572,
3,5,60,5334,0,0,10572,0.5334,0,0,1.0572,
3,5,61,5334,0,0,10572,0.5334,0,0,1.0572,
3,5,62,5334,0,0,10572,0.5334,0,0,1.0572,
3,5,63,5334,0,0,10572,0.5334,0,0,1.0572,
3,5,64,5334,0,0,10572,0.5334,0,0,1.0572,
3,5,65,5334,0,0,10572,0.5334,0,0,1.0572,
3,5,66,5334,0,0,10572,0.5334,0,0,1.0572,
3,5,67,5334,0,0,10572,0.5334,0,0,1.0572,
3,5,68,5334,0,0,10572,0.5334,0,0,1.0572,
3,5,69,5334,0,0,10572,0.5334,0,0,1.0572,
3,5,70,5334,0,0,10572,0.5334,0,0,1.0572,
3,5,71,5334,0,0,10572,0.5334,0,0,1.0572,
3,5,72,5334,0,0,10572,0.5334,0,0,1.0572,
3,5,73,5334,0,0,10572,0.5334,0,0,1.0572,
3,5,74,5334,0,0,10572,0.5334,0,0,1.0572,
3,5,75,5334,0,0,10572,0.5334,0,0,1.0572,
3,5,76,5334,0,0,10572,0.5334,0,0,1.0572,
3,5,77,5334,0,0,10572,0.5334,0,0,1.0572,
3,5,78,5334,0,0,10572,0.5334,0,0,1.0572,
3,5,79,5334,0,0,10572,0.5334,0,0,1.0572,
3,5,80,5334,0,0,10572,0.5334,0,0,1.0572,
3,5,81,5334,0,0,10572,0.5334,0,0,1.0572,
3,5,82,5334,0,0,10572,0.5334,0,0,1.0572,
3,5,83,5334,0,0,10572,0.5334,0,0,1.0572,
3,5,84,5334,0,0,10572,0.5334,0,0,1.0572,
3,5,85,5334,0,0,10572,0.5334,0,0,1.0572,
3,5,86,5334,0,0,10572,0.5334,0,0,1.0572,
3,5,87,5334,0,0,10572,0.5334,0,0,1.0572,
3,5,88,5334,0,0,10572,0.5334,0,0,1.0572,
3,5,89,5334,0,0,10572,0.5334,0,0,1.0572,
3,5,90,5334,0,0,10572,0.5334,0,0,1.0572,
3,5,91,5334,0,0,10572,0.5334,0,0,1.0572,
3,5,92,5334,0,0,10572,0.5334,0,0,1.0572,
3,5,93,5334,0,0,10572,0.5334,0,0,1.0572,
3,5,94,5334,0,0,10572,0.5334,0,0,1.0572,
3,5,95,5334,0,0,10572,0.5334,0,0,1.0572,
3,5,96,5334,0,0,10572,0.5334,0,0,1.0572,
3,5,97,5334,0,0,10572,0.5334,0,0,1.0572,
3,5,98,5334,0,0,10572,0.5334,0,0,1.0572,
3,5,99,5334,0,0,10572,0.5334,0,0,1.0572,
3,5,100,5334,0,0,10572,0.5334,0,0,1.0572,
3,6,0,9980,20,120,29880,0.998,0.002,0.012,2.988,6
3,6,1,9956,19,84,29760,0.9956,0.0019,0.0084,2.976,4.42105
3,6,2,9906,50,196,29513,0.9906,0.005,0.0196,2.9513,3.92
3,6,3,9802,82,322,28998,0.9802,0.0082,0.0322,2.8998,3.92683
3,6,4,9729,75,295,28638,0.9729,0.0075,0.0295,2.8638,3.93333
3,6,5,9635,77,289,28180,0.9635,0.0077,0.0289,2.818,3.75325
3,6,6,9502,126,483,27531,0.9502,0.0126,0.0483,2.7531,3.83333
3,6,7,9300,188,703,26561,0.93,0.0188,0.0703,2.6561,3.73936
3,6,8,9021,269,985,25238,0.9021,0.0269,0.0985,2.5238,3.66171
3,6,9,8652,363,1277,23534,0.8652,0.0363,0.1277,2.3534,3.51791
3,6,10,8188,437,1460,21460,0.8188,0.0437,0.146,2.146,3.34096
3,6,11,7702,458,1478,19363,0.7702,0.0458,0.1478,1.9363,3.22707
3,6,12,7173,492,1488,17195,0.7173,0.0492,0.1488,1.7195,3.02439
3,6,13,6644,526,1484,15139,0.6644,0.0526,0.1484,1.5139,2.82129
3,6,14,6185,472,1227,13443,0.6185,0.0472,0.1227,1.3443,2.59958
3,6,15,5856,360,893,12266,0.5856,0.036,0.0893,1.2266,2.48056
3,6,16,5600,274,657,11359,0.56,0.0274,0.0657,1.1359,2.39781
3,6,17,5458,181,412,10882,0.5458,0.0181,0.0412,1.0882,2.27624
3,6,18,5356,125,292,10549,0.5356,0.0125,0.0292,1.0549,2.336
3,6,19,5286,88,197,10325,0.5286,0.0088,0.0197,1.0325,2.23864
3,6,20,5245,54,112,10190,0.5245,0.0054,0.0112,1.019,2.07407
3,6,21,5205,44,89,10072,0.5205,0.0044,0.0089,1.0072,2.02273
3,6,22,5175,33,79,9973,0.5175,0.0033,0.0079,0.9973,2.39394
3,6,23,5164,13,35,9941,0.5164,0.0013,0.0035,0.9941,2.69231
3,6,24,5161,5,11,9934,0.5161,0.0005,0.0011,0.9934,2.2
3,6,25,5156,5,12,9920,0.5156,0.0005,0.0012,0.992,2.4
3,6,26,5155,2,6,9916,0.5155,0.0002,0.0006,0.9916,3
3,6,27,5152,3,7,9907,0.5152,0.0003,0.0007,0.9907,2.33333
3,6,28,5151,1,2,9902,0.5151,0.0001,0.0002,0.9902,2
3,6,29,5151,0,0,9902,0.5151,0,0,0.9902,
3,6,30,5151,0,0,9902,0.5151,0,0,0.9902,
3,6,31,5151,0,0,9902,0.5151,0,0,0.9902,
3,6,32,5151,0,0,9902,0.5151,0,0,0.9902,
3,6,33,5151,0,0,9902,0.5151,0,0,0.9902,
3,6,34,5151,0,0,9902,0.5151,0,0,0.9902,
3,6,35,5151,0,0,9902,0.5151,0,0,0.9902,
3,6,36,5151,0,0,9902,0.5151,0,0,0.9902,
3,6,37,5151,0,0,9902,0.5151,0,0,0.9902,
3,6,38,5151,0,0,9902,0.5151,0,0,0.9902,
3,6,39,5151,0,0,9902,0.5151,0,0,0.9902,
3,6,40,5151,0,0,9902,0.5151,0,0,0.9902,
3,6,41,5151,0,0,9902,0.5151,0,0,0.9902,
3,6,42,5151,0,0,9902,0.5151,0,0,0.9902,
3,6,43,5151,0,0,9902,0.5151,0,0,0.9902,
3,6,44,5151,0,0,9902,0.5151,0,0,0.9902,
3,6,45,5151,0,0,9902,0.5151,0,0,0.9902,
3,6,46,5151,0,0,9902,0.5151,0,0,0.9902,
3,6,47,5151,0,0,9902,0.5151,0,0,0.9902,
3,6,48,5151,0,0,9902,0.5151,0,0,0.9902,
3,6,49,5151,0,0,9902,0.5151,0,0,0.9902,
3,6,50,5151,0,0,9902,0.5151,0,0,0.9902,
3,6,51,5151,0,0,9902,0.5151,0,0,0.9902,
3,6,52,5151,0,0,9902,0.5151,0,0,0.9902,
3,6,53,5151,0,0,9902,0.5151,0,0,0.9902,
3,6,54,5151,0,0,9902,0.5151,0,0,0.9902,
3,6,55,5151,0,0,9902,0.5151,0,0,0.9902,
3,6,56,5151,0,0,9902,0.5151,0,0,0.9902,
3,6,57,5151,0,0,9902,0.5151,0,0,0.9902,
3,6,58,5151,0,0,9902,0.5151,0,0,0.9902,
3,6,59,5151,0,0,9902,0.5151,0,0,0.9902,
3,6,60,5151,0,0,9902,0.5151,0,0,0.9902,
3,6,61,5151,0,0,9902,0.5151,0,0,0.9902,
3,6,62,5151,0,0,9902,0.5151,0,0,0.9902,
3,6,63,5151,0,0,9902,0.5151,0,0,0.9902,
3,6,64,5151,0,0,9902,0.5151,0,0,0.9902,
3,6,65,5151,0,0,9902,0.5151,0,0,0.9902,
3,6,66,5151,0,0,9902,0.5151,0,0,0.9902,
3,6,67,5151,0,0,9902,0.5151,0,0,0.9902,
3,6,68,5151,0,0,9902,0.5151,0,0,0.9902,
3,6,69,5151,0,0,9902,0.5151,0,0,0.9902,
3,6,70,5151,0,0,9902,0.5151,0,0,0.9902,
3,6,71,5151,0,0,9902,0.5151,0,0,0.9902,
3,6,72,5151,0,0,9902,0.5151,0,0,0.9902,
3,6,73,5151,0,0,9902,0.5151,0,0,0.9902,
3,6,74,5151,0,0,9902,0.5151,0,0,0.9902,
3,6,75,5151,0,0,9902,0.5151,0,0,0.9902,
3,6,76,5151,0,0,9902,0.5151,0,0,0.9902,
3,6,77,5151,0,0,9902,0.5151,0,0,0.9902,
3,6,78,5151,0,0,9902,0.5151,0,0,0.9902,
3,6,79,5151,0,0,9902,0.5151,0,0,0.9902,
3,6,80,5151,0,0,9902,0.5151,0,0,0.9902,
3,6,81,5151,0,0,9902,0.5151,0,0,0.9902,
3,6,82,5151,0,0,9902,0.5151,0,0,0.9902,
3,6,83,5151,0,0,9902,0.5151,0,0,0.9902,
3,6,84,5151,0,0,9902,0.5151,0,0,0.9902,
3,6,85,5151,0,0,9902,0.5151,0,0,0.9902,
3,6,86,5151,0,0,9902,0.5151,0,0,0.9902,
3,6,87,5151,0,0,9902,0.5151,0,0,0.9902,
3,6,88,5151,0,0,9902,0.5151,0,0,0.9902,
3,6,89,5151,0,0,9902,0.5151,0,0,0.9902,
3,6,90,5151,0,0,9902,0.5151,0,0,0.9902,
3,6,91,5151,0,0,9902,0.5151,0,0,0.9902,
3,6,92,5151,0,0,9902,0.5151,0,0,0.9902,
3,6,93,5151,0,0,9902,0.5151,0,0,0.9902,
3,6,94,5151,0,0,9902,0.5151,0,0,0.9902,
3,6,95,5151,0,0,9902,0.5151,0,0,0.9902,
3,6,96,5151,0,0,9902,0.5151,0,0,0.9902,
3,6,97,5151,0,0,9902,0.5151,0,0,0.9902,
3,6,98,5151,0,0,9902,0.5151,0,0,0.9902,
3,6,99,5151,0,0,9902,0.5151,0,0,0.9902,
3,6,100,5151,0,0,9902,0.5151,0,0,0.9902,
3,7,0,9980,20,120,29880,0.998,0.002,0.012,2.988,6
3,7,1,9955,21,97,29755,0.9955,0.0021,0.0097,2.9755,4.61905
3,7,2,9915,31,131,29556,0.9915,0.0031,0.0131,2.9556,4.22581
3,7,3,9864,46,192,29302,0.9864,0.0046,0.0192,2.9302,4.17391
3,7,4,9814,47,188,29054,0.9814,0.0047,0.0188,2.9054,4
3,7,5,9732,67,276,28647,0.9732,0.0067,0.0276,2.8647,4.1194
3,7,6,9636,80,327,28177,0.9636,0.008,0.0327,2.8177,4.0875
3,7,7,9517,99,394,27597,0.9517,0.0099,0.0394,2.7597,3.9798
3,7,8,9388,108,401,26973,0.9388,0.0108,0.0401,2.6973,3.71296
3,7,9,9248,124,458,26311,0.9248,0.0124,0.0458,2.6311,3.69355
3,7,10,9098,140,494,25611,0.9098,0.014,0.0494,2.5611,3.52857
3,7,11,8950,155,546,24908,0.895,0.0155,0.0546,2.4908,3.52258
3,7,12,8706,216,778,23774,0.8706,0.0216,0.0778,2.3774,3.60185
3,7,13,8425,276,962,22498,0.8425,0.0276,0.0962,2.2498,3.48551
3,7,14,8070,336,1146,20928,0.807,0.0336,0.1146,2.0928,3.41071
3,7,15,7733,343,1118,19508,0.7733,0.0343,0.1118,1.9508,3.25948
3,7,16,7410,322,990,18170,0.741,0.0322,0.099,1.817,3.07453
3,7,17,7114,286,850,16975,0.7114,0.0286,0.085,1.6975,2.97203
3,7,18,6858,278,810,15985,0.6858,0.0278,0.081,1.5985,2.91367
3,7,19,6632,242,681,15102,0.6632,0.0242,0.0681,1.5102,2.81405
3,7,20,6427,214,564,14339,0.6427,0.0214,0.0564,1.4339,2.63551
3,7,21,6261,190,485,13715,0.6261,0.019,0.0485,1.3715,2.55263
3,7,22,6097,177,449,13111,0.6097,0.0177,0.0449,1.3111,2.53672
3,7,23,5978,150,361,12711,0.5978,0.015,0.0361,1.2711,2.40667
3,7,24,5838,131,306,12218,0.5838,0.0131,0.0306,1.2218,2.33588
3,7,25,5747,108,278,11898,0.5747,0.0108,0.0278,1.1898,2.57407
3,7,26,5682,77,188,11682,0.5682,0.0077,0.0188,1.1682,2.44156
3,7,27,5619,69,155,11471,0.5619,0.0069,0.0155,1.1471,2.24638
3,7,28,5553,77,176,11257,0.5553,0.0077,0.0176,1.1257,2.28571
3,7,29,5506,61,131,11098,0.5506,0.0061,0.0131,1.1098,2.14754
3,7,30,5472,46,95,10987,0.5472,0.0046,0.0095,1.0987,2.06522
3,7,31,5433,46,112,10863,0.5433,0.0046,0.0112,1.0863,2.43478
3,7,32,5390,43,101,10711,0.539,0.0043,0.0101,1.0711,2.34884
3,7,33,5366,30,77,10625,0.5366,0.003,0.0077,1.0625,2.56667
3,7,34,5344,22,63,10553,0.5344,0.0022,0.0063,1.0553,2.86364
3,7,35,5337,6,15,10530,0.5337,0.0006,0.0015,1.053,2.5
3,7,36,5337,2,4,10530,0.5337,0.0002,0.0004,1.053,2
3,7,37,5337,1,1,10530,0.5337,0.0001,0.0001,1.053,1
3,7,38,5337,0,0,10530,0.5337,0,0,1.053,
3,7,39,5337,0,0,10530,0.5337,0,0,1.053,
3,7,40,5337,0,0,10530,0.5337,0,0,1.053,
3,7,41,5337,0,0,10530,0.5337,0,0,1.053,
3,7,42,5337,0,0,10530,0.5337,0,0,1.053,
3,7,43,5337,0,0,10530,0.5337,0,0,1.053,
3,7,44,5337,0,0,10530,0.5337,0,0,1.053,
3,7,45,5337,0,0,10530,0.5337,0,0,1.053,
3,7,46,5337,0,0,10530,0.5337,0,0,1.053,
3,7,47,5337,0,0,10530,0.5337,0,0,1.053,
3,7,48,5337,0,0,10530,0.5337,0,0,1.053,
3,7,49,5337,0,0,10530,0.5337,0,0,1.053,
3,7,50,5337,0,0,10530,0.5337,0,0,1.053,
3,7,51,5337,0,0,10530,0.5337,0,0,1.053,
3,7,52,5337,0,0,10530,0.5337,0,0,1.053,
3,7,53,5337,0,0,10530,0.5337,0,0,1.053,
3,7,54,5337,0,0,10530,0.5337,0,0,1.053,
3,7,55,5337,0,0,10530,0.5337,0,0,1.053,
3,7,56,5337,0,0,10530,0.5337,0,0,1.053,
3,7,57,5337,0,0,10530,0.5337,0,0,1.053,
3,7,58,5337,0,0,10530,0.5337,0,0,1.053,
3,7,59,5337,0,0,10530,0.5337,0,0,1.053,
3,7,60,5337,0,0,10530,0.5337,0,0,1.053,
3,7,61,5337,0,0,10530,0.5337,0,0,1.053,
3,7,62,5337,0,0,10530,0.5337,0,0,1.053,
3,7,63,5337,0,0,10530,0.5337,0,0,1.053,
3,7,64,5337,0,0,10530,0.5337,0,0,1.053,
3,7,65,5337,0,0,10530,0.5337,0,0,1.053,
3,7,66,5337,0,0,10530,0.5337,0,0,1.053,
3,7,67,5337,0,0,10530,0.5337,0,0,1.053,
3,7,68,5337,0,0,10530,0.5337,0,0,1.053,
3,7,69,5337,0,0,10530,0.5337,0,0,1.053,
3,7,70,5337,0,0,10530,0.5337,0,0,1.053,
3,7,71,5337,0,0,10530,0.5337,0,0,1.053,
3,7,72,5337,0,0,10530,0.5337,0,0,1.053,
3,7,73,5337,0,0,10530,0.5337,0,0,1.053,
3,7,74,5337,0,0,10530,0.5337,0,0,1.053,
3,7,75,5337,0,0,10530,0.5337,0,0,1.053,
3,7,76,5337,0,0,10530,0.5337,0,0,1.053,
3,7,77,5337,0,0,10530,0.5337,0,0,1.053,
3,7,78,5337,0,0,10530,0.5337,0,0,1.053,
3,7,79,5337,0,0,10530,0.5337,0,0,1.053,
3,7,80,5337,0,0,10530,0.5337,0,0,1.053,
3,7,81,5337,0,0,10530,0.5337,0,0,1.053,
3,7,82,5337,0,0,10530,0.5337,0,0,1.053,
3,7,83,5337,0,0,10530,0.5337,0,0,1.053,
3,7,84,5337,0,0,10530,0.5337,0,0,1.053,
3,7,85,5337,0,0,10530,0.5337,0,0,1.053,
3,7,86,5337,0,0,10530,0.5337,0,0,1.053,
3,7,87,5337,0,0,10530,0.5337,0,0,1.053,
3,7,88,5337,0,0,10530,0.5337,0,0,1.053,
3,7,89,5337,0,0,10530,0.5337,0,0,1.053,
3,7,90,5337,0,0,10530,0.5337,0,0,1.053,
3,7,91,5337,0,0,10530,0.5337,0,0,1.053,
3,7,92,5337,0,0,10530,0.5337,0,0,1.053,
3,7,93,5337,0,0,10530,0.5337,0,0,1.053,
3,7,94,5337,0,0,10530,0.5337,0,0,1.053,
3,7,95,5337,0,0,10530,0.5337,0,0,1.053,
3,7,96,5337,0,0,10530,0.5337,0,0,1.053,
3,7,97,5337,0,0,10530,0.5337,0,0,1.053,
3,7,98,5337,0,0,10530,0.5337,0,0,1.053,
3,7,99,5337,0,0,10530,0.5337,0,0,1.053,
3,7,100,5337,0,0,10530,0.5337,0,0,1.053,
3,8,0,9980,20,120,29880,0.998,0.002,0.012,2.988,6
3,8,1,9950,25,109,29732,0.995,0.0025,0.0109,2.9732,4.36
3,8,2,9915,26,110,29557,0.9915,0.0026,0.011,2.9557,4.23077
3,8,3,9868,36,139,29324,0.9868,0.0036,0.0139,2.9324,3.86111
3,8,4,9833,39,151,29151,0.9833,0.0039,0.0151,2.9151,3.87179
3,8,5,9782,52,193,28898,0.9782,0.0052,0.0193,2.8898,3.71154
3,8,6,9710,56,217,28549,0.971,0.0056,0.0217,2.8549,3.875
3,8,7,9641,59,227,28212,0.9641,0.0059,0.0227,2.8212,3.84746
3,8,8,9561,76,291,27825,0.9561,0.0076,0.0291,2.7825,3.82895
3,8,9,9417,121,455,27125,0.9417,0.0121,0.0455,2.7125,3.76033
3,8,10,9284,127,474,26500,0.9284,0.0127,0.0474,2.65,3.73228
3,8,11,9124,149,554,25737,0.9124,0.0149,0.0554,2.5737,3.71812
3,8,12,8940,166,581,24888,0.894,0.0166,0.0581,2.4888,3.5
3,8,13,8762,163,571,24086,0.8762,0.0163,0.0571,2.4086,3.50307
3,8,14,8538,181,635,23055,0.8538,0.0181,0.0635,2.3055,3.50829
3,8,15,8358,189,634,22259,0.8358,0.0189,0.0634,2.2259,3.3545
3,8,16,8137,221,765,21262,0.8137,0.0221,0.0765,2.1262,3.46154
3,8,17,7886,241,794,20168,0.7886,0.0241,0.0794,2.0168,3.29461
3,8,18,7548,303,1002,18734,0.7548,0.0303,0.1002,1.8734,3.30693
3,8,19,7143,382,1164,17083,0.7143,0.0382,0.1164,1.7083,3.04712
3,8,20,6718,433,1275,15409,0.6718,0.0433,0.1275,1.5409,2.94457
3,8,21,6333,391,1046,13987,0.6333,0.0391,0.1046,1.3987,2.67519
3,8,22,6052,322,794,12996,0.6052,0.0322,0.0794,1.2996,2.46584
3,8,23,5848,250,631,12273,0.5848,0.025,0.0631,1.2273,2.524
3,8,24,5670,209,519,11663,0.567,0.0209,0.0519,1.1663,2.48325
3,8,25,5528,163,404,11181,0.5528,0.0163,0.0404,1.1181,2.47853
3,8,26,5411,134,319,10793,0.5411,0.0134,0.0319,1.0793,2.3806
3,8,27,5328,99,220,10516,0.5328,0.0099,0.022,1.0516,2.22222
3,8,28,5271,69,169,10328,0.5271,0.0069,0.0169,1.0328,2.44928
3,8,29,5211,63,128,10138,0.5211,0.0063,0.0128,1.0138,2.03175
3,8,30,5171,46,96,10017,0.5171,0.0046,0.0096,1.0017,2.08696
3,8,31,5149,25,52,9942,0.5149,0.0025,0.0052,0.9942,2.08
3,8,32,5131,18,49,9878,0.5131,0.0018,0.0049,0.9878,2.72222
3,8,33,5116,19,44,9834,0.5116,0.0019,0.0044,0.9834,2.31579
3,8,34,5104,16,34,9798,0.5104,0.0016,0.0034,0.9798,2.125
3,8,35,5096,12,30,9776,0.5096,0.0012,0.003,0.9776,2.5
3,8,36,5086,15,33,9744,0.5086,0.0015,0.0033,0.9744,2.2
3,8,37,5074,15,33,9707,0.5074,0.0015,0.0033,0.9707,2.2
3,8,38,5060,16,39,9662,0.506,0.0016,0.0039,0.9662,2.4375
3,8,39,5052,10,25,9639,0.5052,0.001,0.0025,0.9639,2.5
3,8,40,5043,11,28,9608,0.5043,0.0011,0.0028,0.9608,2.54545
3,8,41,5034,8,15,9583,0.5034,0.0008,0.0015,0.9583,1.875
3,8,42,5031,4,5,9577,0.5031,0.0004,0.0005,0.9577,1.25
3,8,43,5031,1,0,9577,0.5031,0.0001,0,0.9577,0
3,8,44,5031,1,0,9577,0.5031,0.0001,0,0.9577,0
3,8,45,5031,1,0,9577,0.5031,0.0001,0,0.9577,0
3,8,46,5031,0,0,9577,0.5031,0,0,0.9577,
3,8,47,5031,0,0,9577,0.5031,0,0,0.9577,
3,8,48,5031,0,0,9577,0.5031,0,0,0.9577,
3,8,49,5031,0,0,9577,0.5031,0,0,0.9577,
3,8,50,5031,0,0,9577,0.5031,0,0,0.9577,
3,8,51,5031,0,0,9577,0.5031,0,0,0.9577,
3,8,52,5031,0,0,9577,0.5031,0,0,0.9577,
3,8,53,5031,0,0,9577,0.5031,0,0,0.9577,
3,8,54,5031,0,0,9577,0.5031,0,0,0.9577,
3,8,55,5031,0,0,9577,0.5031,0,0,0.9577,
3,8,56,5031,0,0,9577,0.5031,0,0,0.9577,
3,8,57,5031,0,0,9577,0.5031,0,0,0.9577,
3,8,58,5031,0,0,9577,0.5031,0,0,0.9577,
3,8,59,5031,0,0,9577,0.5031,0,0,0.9577,
3,8,60,5031,0,0,9577,0.5031,0,0,0.9577,
3,8,61,5031,0,0,9577,0.5031,0,0,0.9577,
3,8,62,5031,0,0,9577,0.5031,0,0,0.9577,
3,8,63,5031,0,0,9577,0.5031,0,0,0.9577,
3,8,64,5031,0,0,9577,0.5031,0,0,0.9577,
3,8,65,5031,0,0,9577,0.5031,0,0,0.9577,
3,8,66,5031,0,0,9577,0.5031,0,0,0.9577,
3,8,67,5031,0,0,9577,0.5031,0,0,0.9577,
3,8,68,5031,0,0,9577,0.5031,0,0,0.9577,
3,8,69,5031,0,0,9577,0.5031,0,0,0.9577,
3,8,70,5031,0,0,9577,0.5031,0,0,0.9577,
3,8,71,5031,0,0,9577,0.5031,0,0,0.9577,
3,8,72,5031,0,0,9577,0.5031,0,0,0.9577,
3,8,73,5031,0,0,9577,0.5031,0,0,0.9577,
3,8,74,5031,0,0,9577,0.5031,0,0,0.9577,
3,8,75,5031,0,0,9577,0.5031,0,0,0.9577,
3,8,76,5031,0,0,9577,0.5031,0,0,0.9577,
3,8,77,5031,0,0,9577,0.5031,0,0,0.9577,
3,8,78,5031,0,0,9577,0.5031,0,0,0.9577,
3,8,79,5031,0,0,9577,0.5031,0,0,0.9577,
3,8,80,5031,0,0,9577,0.5031,0,0,0.9577,
3,8,81,5031,0,0,9577,0.5031,0,0,0.9577,
3,8,82,5031,0,0,9577,0.5031,0,0,0.9577,
3,8,83,5031,0,0,9577,0.5031,0,0,0.9577,
3,8,84,5031,0,0,9577,0.5031,0,0,0.9577,
3,8,85,5031,0,0,9577,0.5031,0,0,0.9577,
3,8,86,5031,0,0,9577,0.5031,0,0,0.9577,
3,8,87,5031,0,0,9577,0.5031,0,0,0.9577,
3,8,88,5031,0,0,9577,0.5031,0,0,0.9577,
3,8,89,5031,0,0,9577,0.5031,0,0,0.9577,
3,8,90,5031,0,0,9577,0.5031,0,0,0.9577,
3,8,91,5031,0,0,9577,0.5031,0,0,0.9577,
3,8,92,5031,0,0,9577,0.5031,0,0,0.9577,
3,8,93,5031,0,0,9577,0.5031,0,0,0.9577,
3,8,94,5031,0,0,9577,0.5031,0,0,0.9577,
3,8,95,5031,0,0,9577,0.5031,0,0,0.9577,
3,8,96,5031,0,0,9577,0.5031,0,0,0.9577,
3,8,97,5031,0,0,9577,0.5031,0,0,0.9577,
3,8,98,5031,0,0,9577,0.5031,0,0,0.9577,
3,8,99,5031,0,0,9577,0.5031,0,0,0.9577,
3,8,100,5031,0,0,9577,0.5031,0,0,0.9577,
3,9,0,9980,20,120,29880,0.998,0.002,0.012,2.988,6
3,9,1,9923,40,167,29598,0.9923,0.004,0.0167,2.9598,4.175
3,9,2,9849,58,241,29229,0.9849,0.0058,0.0241,2.9229,4.15517
3,9,3,9745,101,394,28719,0.9745,0.0101,0.0394,2.8719,3.90099
3,9,4,9601,126,481,28015,0.9601,0.0126,0.0481,2.8015,3.81746
3,9,5,9434,145,544,27206,0.9434,0.0145,0.0544,2.7206,3.75172
3,9,6,9284,143,554,26484,0.9284,0.0143,0.0554,2.6484,3.87413
3,9,7,9080,175,647,25519,0.908,0.0175,0.0647,2.5519,3.69714
3,9,8,8878,174,615,24587,0.8878,0.0174,0.0615,2.4587,3.53448
3,9,9,8659,204,715,23585,0.8659,0.0204,0.0715,2.3585,3.5049
3,9,10,8418,236,817,22484,0.8418,0.0236,0.0817,2.2484,3.46186
3,9,11,8122,278,961,21180,0.8122,0.0278,0.0961,2.118,3.45683
3,9,12,7842,280,907,20003,0.7842,0.028,0.0907,2.0003,3.23929
3,9,13,7590,244,765,18950,0.759,0.0244,0.0765,1.895,3.13525
3,9,14,7353,251,758,17985,0.7353,0.0251,0.0758,1.7985,3.01992
3,9,15,7127,213,616,17076,0.7127,0.0213,0.0616,1.7076,2.89202
3,9,16,6938,191,511,16346,0.6938,0.0191,0.0511,1.6346,2.67539
3,9,17,6775,175,483,15704,0.6775,0.0175,0.0483,1.5704,2.76
3,9,18,6649,138,373,15229,0.6649,0.0138,0.0373,1.5229,2.7029
3,9,19,6544,105,278,14824,0.6544,0.0105,0.0278,1.4824,2.64762
3,9,20,6471,86,231,14564,0.6471,0.0086,0.0231,1.4564,2.68605
3,9,21,6393,73,190,14284,0.6393,0.0073,0.019,1.4284,2.60274
3,9,22,6339,62,156,14087,0.6339,0.0062,0.0156,1.4087,2.51613
3,9,23,6304,33,96,13955,0.6304,0.0033,0.0096,1.3955,2.90909
3,9,24,6280,30,76,13868,0.628,0.003,0.0076,1.3868,2.53333
3,9,25,6257,26,69,13786,0.6257,0.0026,0.0069,1.3786,2.65385
3,9,26,6217,29,93,13625,0.6217,0.0029,0.0093,1.3625,3.2069
3,9,27,6201,17,53,13565,0.6201,0.0017,0.0053,1.3565,3.11765
3,9,28,6174,25,63,13473,0.6174,0.0025,0.0063,1.3473,2.52
3,9,29,6150,25,67,13385,0.615,0.0025,0.0067,1.3385,2.68
3,9,30,6129,27,73,13307,0.6129,0.0027,0.0073,1.3307,2.7037
3,9,31,6110,20,55,13236,0.611,0.002,0.0055,1.3236,2.75
3,9,32,6098,13,33,13193,0.6098,0.0013,0.0033,1.3193,2.53846
3,9,33,6087,9,23,13154,0.6087,0.0009,0.0023,1.3154,2.55556
3,9,34,6084,6,18,13145,0.6084,0.0006,0.0018,1.3145,3
3,9,35,6078,4,8,13126,0.6078,0.0004,0.0008,1.3126,2
3,9,36,6074,7,22,13108,0.6074,0.0007,0.0022,1.3108,3.14286
3,9,37,6068,6,14,13086,0.6068,0.0006,0.0014,1.3086,2.33333
3,9,38,6064,5,14,13072,0.6064,0.0005,0.0014,1.3072,2.8
3,9,39,6057,5,13,13049,0.6057,0.0005,0.0013,1.3049,2.6
3,9,40,6055,3,7,13041,0.6055,0.0003,0.0007,1.3041,2.33333
3,9,41,6050,4,7,13025,0.605,0.0004,0.0007,1.3025,1.75
3,9,42,6050,0,0,13025,0.605,0,0,1.3025,
3,9,43,6050,0,0,13025,0.605,0,0,1.3025,
3,9,44,6050,0,0,13025,0.605,0,0,1.3025,
3,9,45,6050,0,0,13025,0.605,0,0,1.3025,
3,9,46,6050,0,0,13025,0.605,0,0,1.3025,
3,9,47,6050,0,0,13025,0.605,0,0,1.3025,
3,9,48,6050,0,0,13025,0.605,0,0,1.3025,
3,9,49,6050,0,0,13025,0.605,0,0,1.3025,
3,9,50,6050,0,0,13025,0.605,0,0,1.3025,
3,9,51,6050,0,0,13025,0.605,0,0,1.3025,
3,9,52,6050,0,0,13025,0.605,0,0,1.3025,
3,9,53,6050,0,0,13025,0.605,0,0,1.3025,
3,9,54,6050,0,0,13025,0.605,0,0,1.3025,
3,9,55,6050,0,0,13025,0.605,0,0,1.3025,
3,9,56,6050,0,0,13025,0.605,0,0,1.3025,
3,9,57,6050,0,0,13025,0.605,0,0,1.3025,
3,9,58,6050,0,0,13025,0.605,0,0,1.3025,
3,9,59,6050,0,0,13025,0.605,0,0,1.3025,
3,9,60,6050,0,0,13025,0.605,0,0,1.3025,
3,9,61,6050,0,0,13025,0.605,0,0,1.3025,
3,9,62,6050,0,0,13025,0.605,0,0,1.3025,
3,9,63,6050,0,0,13025,0.605,0,0,1.3025,
3,9,64,6050,0,0,13025,0.605,0,0,1.3025,
3,9,65,6050,0,0,13025,0.605,0,0,1.3025,
3,9,66,6050,0,0,13025,0.605,0,0,1.3025,
3,9,67,6050,0,0,13025,0.605,0,0,1.3025,
3,9,68,6050,0,0,13025,0.605,0,0,1.3025,
3,9,69,6050,0,0,13025,0.605,0,0,1.3025,
3,9,70,6050,0,0,13025,0.605,0,0,1.3025,
3,9,71,6050,0,0,13025,0.605,0,0,1.3025,
3,9,72,6050,0,0,13025,0.605,0,0,1.3025,
3,9,73,6050,0,0,13025,0.605,0,0,1.3025,
3,9,74,6050,0,0,13025,0.605,0,0,1.3025,
3,9,75,6050,0,0,13025,0.605,0,0,1.3025,
3,9,76,6050,0,0,13025,0.605,0,0,1.3025,
3,9,77,6050,0,0,13025,0.605,0,0,1.3025,
3,9,78,6050,0,0,13025,0.605,0,0,1.3025,
3,9,79,6050,0,0,13025,0.605,0,0,1.3025,
3,9,80,6050,0,0,13025,0.605,0,0,1.3025,
3,9,81,6050,0,0,13025,0.605,0,0,1.3025,
3,9,82,6050,0,0,13025,0.605,0,0,1.3025,
3,9,83,6050,0,0,13025,0.605,0,0,1.3025,
3,9,84,6050,0,0,13025,0.605,0,0,1.3025,
3,9,85,6050,0,0,13025,0.605,0,0,1.3025,
3,9,86,6050,0,0,13025,0.605,0,0,1.3025,
3,9,87,6050,0,0,13025,0.605,0,0,1.3025,
3,9,88,6050,0,0,13025,0.605,0,0,1.3025,
3,9,89,6050,0,0,13025,0.605,0,0,1.3025,
3,9,90,6050,0,0,13025,0.605,0,0,1.3025,
3,9,91,6050,0,0,13025,0.605,0,0,1.3025,
3,9,92,6050,0,0,13025,0.605,0,0,1.3025,
3,9,93,6050,0,0,13025,0.605,0,0,1.3025,
3,9,94,6050,0,0,13025,0.605,0,0,1.3025,
3,9,95,6050,0,0,13025,0.605,0,0,1.3025,
3,9,96,6050,0,0,13025,0.605,0,0,1.3025,
3,9,97,6050,0,0,13025,0.605,0,0,1.3025,
3,9,98,6050,0,0,13025,0.605,0,0,1.3025,
3,9,99,6050,0,0,13025,0.605,0,0,1.3025,
3,9,100,6050,0,0,13025,0.605,0,0,1.3025,
3,10,0,9980,20,120,29880,0.998,0.002,0.012,2.988,6
3,10,1,9955,19,84,29756,0.9955,0.0019,0.0084,2.9756,4.42105
3,10,2,9934,15,58,29651,0.9934,0.0015,0.0058,2.9651,3.86667
3,10,3,9924,11,38,29601,0.9924,0.0011,0.0038,2.9601,3.45455
3,10,4,9902,18,70,29492,0.9902,0.0018,0.007,2.9492,3.88889
3,10,5,9868,33,129,29324,0.9868,0.0033,0.0129,2.9324,3.90909
3,10,6,9827,34,136,29120,0.9827,0.0034,0.0136,2.912,4
3,10,7,9782,34,137,28897,0.9782,0.0034,0.0137,2.8897,4.02941
3,10,8,9697,73,286,28478,0.9697,0.0073,0.0286,2.8478,3.91781
3,10,9,9587,103,401,27939,0.9587,0.0103,0.0401,2.7939,3.8932
3,10,10,9428,140,535,27173,0.9428,0.014,0.0535,2.7173,3.82143
3,10,11,9235,181,679,26239,0.9235,0.0181,0.0679,2.6239,3.75138
3,10,12,9012,194,726,25191,0.9012,0.0194,0.0726,2.5191,3.74227
3,10,13,8774,210,765,24077,0.8774,0.021,0.0765,2.4077,3.64286
3,10,14,8514,245,881,22886,0.8514,0.0245,0.0881,2.2886,3.59592
3,10,15,8239,263,905,21679,0.8239,0.0263,0.0905,2.1679,3.44106
3,10,16,7900,319,1080,20200,0.79,0.0319,0.108,2.02,3.38558
3,10,17,7529,342,1097,18638,0.7529,0.0342,0.1097,1.8638,3.2076
3,10,18,7202,320,936,17321,0.7202,0.032,0.0936,1.7321,2.925
3,10,19,6919,288,860,16160,0.6919,0.0288,0.086,1.616,2.98611
3,10,20,6647,274,747,15166,0.6647,0.0274,0.0747,1.5166,2.72628
3,10,21,6401,264,718,14241,0.6401,0.0264,0.0718,1.4241,2.7197
3,10,22,6171,244,664,13385,0.6171,0.0244,0.0664,1.3385,2.72131
3,10,23,6005,180,467,12777,0.6005,0.018,0.0467,1.2777,2.59444
3,10,24,5862,166,418,12259,0.5862,0.0166,0.0418,1.2259,2.51807
3,10,25,5762,113,262,11927,0.5762,0.0113,0.0262,1.1927,2.31858
3,10,26,5678,96,241,11631,0.5678,0.0096,0.0241,1.1631,2.51042
3,10,27,5604,94,217,11407,0.5604,0.0094,0.0217,1.1407,2.30851
3,10,28,5550,61,152,11217,0.555,0.0061,0.0152,1.1217,2.4918
3,10,29,5504,45,103,11060,0.5504,0.0045,0.0103,1.106,2.28889
3,10,30,5476,36,79,10966,0.5476,0.0036,0.0079,1.0966,2.19444
3,10,31,5452,25,59,10890,0.5452,0.0025,0.0059,1.089,2.36
3,10,32,5417,33,79,10772,0.5417,0.0033,0.0079,1.0772,2.39394
3,10,33,5400,26,60,10716,0.54,0.0026,0.006,1.0716,2.30769
3,10,34,5380,22,52,10649,0.538,0.0022,0.0052,1.0649,2.36364
3,10,35,5365,15,31,10597,0.5365,0.0015,0.0031,1.0597,2.06667
3,10,36,5348,13,24,10537,0.5348,0.0013,0.0024,1.0537,1.84615
3,10,37,5343,6,13,10522,0.5343,0.0006,0.0013,1.0522,2.16667
3,10,38,5338,6,18,10504,0.5338,0.0006,0.0018,1.0504,3
3,10,39,5330,8,25,10474,0.533,0.0008,0.0025,1.0474,3.125
3,10,40,5326,9,25,10460,0.5326,0.0009,0.0025,1.046,2.77778
3,10,41,5321,5,15,10445,0.5321,0.0005,0.0015,1.0445,3
3,10,42,5319,4,11,10439,0.5319,0.0004,0.0011,1.0439,2.75
3,10,43,5312,4,8,10415,0.5312,0.0004,0.0008,1.0415,2
3,10,44,5309,2,5,10404,0.5309,0.0002,0.0005,1.0404,2.5
3,10,45,5305,5,10,10393,0.5305,0.0005,0.001,1.0393,2
3,10,46,5303,2,3,10386,0.5303,0.0002,0.0003,1.0386,1.5
3,10,47,5303,1,2,10386,0.5303,0.0001,0.0002,1.0386,2
3,10,48,5301,3,8,10378,0.5301,0.0003,0.0008,1.0378,2.66667
3,10,49,5297,2,6,10366,0.5297,0.0002,0.0006,1.0366,3
3,10,50,5297,0,0,10366,0.5297,0,0,1.0366,
3,10,51,5297,0,0,10366,0.5297,0,0,1.0366,
3,10,52,5297,0,0,10366,0.5297,0,0,1.0366,
3,10,53,5297,0,0,10366,0.5297,0,0,1.0366,
3,10,54,5297,0,0,10366,0.5297,0,0,1.0366,
3,10,55,5297,0,0,10366,0.5297,0,0,1.0366,
3,10,56,5297,0,0,10366,0.5297,0,0,1.0366,
3,10,57,5297,0,0,10366,0.5297,0,0,1.0366,
3,10,58,5297,0,0,10366,0.5297,0,0,1.0366,
3,10,59,5297,0,0,10366,0.5297,0,0,1.0366,
3,10,60,5297,0,0,10366,0.5297,0,0,1.0366,
3,10,61,5297,0,0,10366,0.5297,0,0,1.0366,
3,10,62,5297,0,0,10366,0.5297,0,0,1.0366,
3,10,63,5297,0,0,10366,0.5297,0,0,1.0366,
3,10,64,5297,0,0,10366,0.5297,0,0,1.0366,
3,10,65,5297,0,0,10366,0.5297,0,0,1.0366,
3,10,66,5297,0,0,10366,0.5297,0,0,1.0366,
3,10,67,5297,0,0,10366,0.5297,0,0,1.0366,
3,10,68,5297,0,0,10366,0.5297,0,0,1.0366,
3,10,69,5297,0,0,10366,0.5297,0,0,1.0366,
3,10,70,5297,0,0,10366,0.5297,0,0,1.0366,
3,10,71,5297,0,0,10366,0.5297,0,0,1.0366,
3,10,72,5297,0,0,10366,0.5297,0,0,1.0366,
3,10,73,5297,0,0,10366,0.5297,0,0,1.0366,
3,10,74,5297,0,0,10366,0.5297,0,0,1.0366,
3,10,75,5297,0,0,10366,0.5297,0,0,1.0366,
3,10,76,5297,0,0,10366,0.5297,0,0,1.0366,
3,10,77,5297,0,0,10366,0.5297,0,0,1.0366,
3,10,78,5297,0,0,10366,0.5297,0,0,1.0366,
3,10,79,5297,0,0,10366,0.5297,0,0,1.0366,
3,10,80,5297,0,0,10366,0.5297,0,0,1.0366,
3,10,81,5297,0,0,10366,0.5297,0,0,1.0366,
3,10,82,5297,0,0,10366,0.5297,0,0,1.0366,
3,10,83,5297,0,0,10366,0.5297,0,0,1.0366,
3,10,84,5297,0,0,10366,0.5297,0,0,1.0366,
3,10,85,5297,0,0,10366,0.5297,0,0,1.0366,
3,10,86,5297,0,0,10366,0.5297,0,0,1.0366,
3,10,87,5297,0,0,10366,0.5297,0,0,1.0366,
3,10,88,5297,0,0,10366,0.5297,0,0,1.0366,
3,10,89,5297,0,0,10366,0.5297,0,0,1.0366,
3,10,90,5297,0,0,10366,0.5297,0,0,1.0366,
3,10,91,5297,0,0,10366,0.5297,0,0,1.0366,
3,10,92,5297,0,0,10366,0.5297,0,0,1.0366,
3,10,93,5297,0,0,10366,0.5297,0,0,1.0366,
3,10,94,5297,0,0,10366,0.5297,0,0,1.0366,
3,10,95,5297,0,0,10366,0.5297,0,0,1.0366,
3,10,96,5297,0,0,10366,0.5297,0,0,1.0366,
3,10,97,5297,0,0,10366,0.5297,0,0,1.0366,
3,10,98,5297,0,0,10366,0.5297,0,0,1.0366,
3,10,99,5297,0,0,10366,0.5297,0,0,1.0366,
3,10,100,5297,0,0,10366,0.5297,0,0,1.0366,
3,11,0,9980,20,120,29880,0.998,0.002,0.012,2.988,6
3,11,1,9947,31,139,29716,0.9947,0.0031,0.0139,2.9716,4.48387
3,11,2,9926,15,61,29611,0.9926,0.0015,0.0061,2.9611,4.06667
3,11,3,9905,20,82,29507,0.9905,0.002,0.0082,2.9507,4.1
3,11,4,9887,12,45,29418,0.9887,0.0012,0.0045,2.9418,3.75
3,11,5,9872,19,75,29343,0.9872,0.0019,0.0075,2.9343,3.94737
3,11,6,9840,27,102,29184,0.984,0.0027,0.0102,2.9184,3.77778
3,11,7,9796,38,144,28965,0.9796,0.0038,0.0144,2.8965,3.78947
3,11,8,9753,40,154,28753,0.9753,0.004,0.0154,2.8753,3.85
3,11,9,9704,43,175,28510,0.9704,0.0043,0.0175,2.851,4.06977
3,11,10,9626,63,243,28128,0.9626,0.0063,0.0243,2.8128,3.85714
3,11,11,9540,69,262,27717,0.954,0.0069,0.0262,2.7717,3.7971
3,11,12,9447,88,326,27268,0.9447,0.0088,0.0326,2.7268,3.70455
3,11,13,9364,75,278,26879,0.9364,0.0075,0.0278,2.6879,3.70667
3,11,14,9277,84,307,26462,0.9277,0.0084,0.0307,2.6462,3.65476
3,11,15,9129,136,505,25759,0.9129,0.0136,0.0505,2.5759,3.71324
3,11,16,8955,156,560,24953,0.8955,0.0156,0.056,2.4953,3.58974
3,11,17,8739,183,657,23955,0.8739,0.0183,0.0657,2.3955,3.59016
3,11,18,8471,212,752,22745,0.8471,0.0212,0.0752,2.2745,3.54717
3,11,19,8197,247,823,21516,0.8197,0.0247,0.0823,2.1516,3.33198
3,11,20,7897,277,907,20233,0.7897,0.0277,0.0907,2.0233,3.27437
3,11,21,7615,278,869,19049,0.7615,0.0278,0.0869,1.9049,3.1259
3,11,22,7375,239,734,18070,0.7375,0.0239,0.0734,1.807,3.07113
3,11,23,7109,266,813,17005,0.7109,0.0266,0.0813,1.7005,3.05639
3,11,24,6889,214,616,16158,0.6889,0.0214,0.0616,1.6158,2.8785
3,11,25,6683,217,625,15351,0.6683,0.0217,0.0625,1.5351,2.88018
3,11,26,6503,196,544,14655,0.6503,0.0196,0.0544,1.4655,2.77551
3,11,27,6367,154,404,14165,0.6367,0.0154,0.0404,1.4165,2.62338
3,11,28,6251,121,297,13736,0.6251,0.0121,0.0297,1.3736,2.45455
3,11,29,6148,104,279,13368,0.6148,0.0104,0.0279,1.3368,2.68269
3,11,30,6066,98,249,13088,0.6066,0.0098,0.0249,1.3088,2.54082
3,11,31,5973,107,278,12752,0.5973,0.0107,0.0278,1.2752,2.59813
3,11,32,5892,95,241,12470,0.5892,0.0095,0.0241,1.247,2.53684
3,11,33,5810,89,235,12167,0.581,0.0089,0.0235,1.2167,2.64045
3,11,34,5758,60,147,11996,0.5758,0.006,0.0147,1.1996,2.45
3,11,35,5705,52,119,11811,0.5705,0.0052,0.0119,1.1811,2.28846
3,11,36,5692,23,63,11768,0.5692,0.0023,0.0063,1.1768,2.73913
3,11,37,5677,22,56,11714,0.5677,0.0022,0.0056,1.1714,2.54545
3,11,38,5665,18,42,11675,0.5665,0.0018,0.0042,1.1675,2.33333
3,11,39,5649,16,42,11613,0.5649,0.0016,0.0042,1.1613,2.625
3,11,40,5638,12,33,11574,0.5638,0.0012,0.0033,1.1574,2.75
3,11,41,5632,5,7,11555,0.5632,0.0005,0.0007,1.1555,1.4
3,11,42,5628,7,14,11541,0.5628,0.0007,0.0014,1.1541,2
3,11,43,5626,6,13,11536,0.5626,0.0006,0.0013,1.1536,2.16667
3,11,44,5621,2,3,11519,0.5621,0.0002,0.0003,1.1519,1.5
3,11,45,5621,0,0,11519,0.5621,0,0,1.1519,
3,11,46,5621,0,0,11519,0.5621,0,0,1.1519,
3,11,47,5621,0,0,11519,0.5621,0,0,1.1519,
3,11,48,5621,0,0,11519,0.5621,0,0,1.1519,
3,11,49,5621,0,0,11519,0.5621,0,0,1.1519,
3,11,50,5621,0,0,11519,0.5621,0,0,1.1519,
3,11,51,5621,0,0,11519,0.5621,0,0,1.1519,
3,11,52,5621,0,0,11519,0.5621,0,0,1.1519,
3,11,53,5621,0,0,11519,0.5621,0,0,1.1519,
3,11,54,5621,0,0,11519,0.5621,0,0,1.1519,
3,11,55,5621,0,0,11519,0.5621,0,0,1.1519,
3,11,56,5621,0,0,11519,0.5621,0,0,1.1519,
3,11,57,5621,0,0,11519,0.5621,0,0,1.1519,
3,11,58,5621,0,0,11519,0.5621,0,0,1.1519,
3,11,59,5621,0,0,11519,0.5621,0,0,1.1519,
3,11,60,5621,0,0,11519,0.5621,0,0,1.1519,
3,11,61,5621,0,0,11519,0.5621,0,0,1.1519,
3,11,62,5621,0,0,11519,0.5621,0,0,1.1519,
3,11,63,5621,0,0,11519,0.5621,0,0,1.1519,
3,11,64,5621,0,0,11519,0.5621,0,0,1.1519,
3,11,65,5621,0,0,11519,0.5621,0,0,1.1519,
3,11,66,5621,0,0,11519,0.5621,0,0,1.1519,
3,11,67,5621,0,0,11519,0.5621,0,0,1.1519,
3,11,68,5621,0,0,11519,0.5621,0,0,1.1519,
3,11,69,5621,0,0,11519,0.5621,0,0,1.1519,
3,11,70,5621,0,0,11519,0.5621,0,0,1.1519,
3,11,71,5621,0,0,11519,0.5621,0,0,1.1519,
3,11,72,5621,0,0,11519,0.5621,0,0,1.1519,
3,11,73,5621,0,0,11519,0.5621,0,0,1.1519,
3,11,74,5621,0,0,11519,0.5621,0,0,1.1519,
3,11,75,5621,0,0,11519,0.5621,0,0,1.1519,
3,11,76,5621,0,0,11519,0.5621,0,0,1.1519,
3,11,77,5621,0,0,11519,0.5621,0,0,1.1519,
3,11,78,5621,0,0,11519,0.5621,0,0,1.1519,
3,11,79,5621,0,0,11519,0.5621,0,0,1.1519,
3,11,80,5621,0,0,11519,0.5621,0,0,1.1519,
3,11,81,5621,0,0,11519,0.5621,0,0,1.1519,
3,11,82,5621,0,0,11519,0.5621,0,0,1.1519,
3,11,83,5621,0,0,11519,0.5621,0,0,1.1519,
3,11,84,5621,0,0,11519,0.5621,0,0,1.1519,
3,11,85,5621,0,0,11519,0.5621,0,0,1.1519,
3,11,86,5621,0,0,11519,0.5621,0,0,1.1519,
3,11,87,5621,0,0,11519,0.5621,0,0,1.1519,
3,11,88,5621,0,0,11519,0.5621,0,0,1.1519,
3,11,89,5621,0,0,11519,0.5621,0,0,1.1519,
3,11,90,5621,0,0,11519,0.5621,0,0,1.1519,
3,11,91,5621,0,0,11519,0.5621,0,0,1.1519,
3,11,92,5621,0,0,11519,0.5621,0,0,1.1519,
3,11,93,5621,0,0,11519,0.5621,0,0,1.1519,
3,11,94,5621,0,0,11519,0.5621,0,0,1.1519,
3,11,95,5621,0,0,11519,0.5621,0,0,1.1519,
3,11,96,5621,0,0,11519,0.5621,0,0,1.1519,
3,11,97,5621,0,0,11519,0.5621,0,0,1.1519,
3,11,98,5621,0,0,11519,0.5621,0,0,1.1519,
3,11,99,5621,0,0,11519,0.5621,0,0,1.1519,
3,11,100,5621,0,0,11519,0.5621,0,0,1.1519,
3,12,0,9980,20,120,29880,0.998,0.002,0.012,2.988,6
3,12,1,9943,26,117,29696,0.9943,0.0026,0.0117,2.9696,4.5
3,12,2,9897,44,187,29468,0.9897,0.0044,0.0187,2.9468,4.25
3,12,3,9853,45,185,29248,0.9853,0.0045,0.0185,2.9248,4.11111
3,12,4,9780,66,260,28888,0.978,0.0066,0.026,2.8888,3.93939
3,12,5,9698,75,293,28482,0.9698,0.0075,0.0293,2.8482,3.90667
3,12,6,9561,117,451,27815,0.9561,0.0117,0.0451,2.7815,3.8547
3,12,7,9386,141,518,26973,0.9386,0.0141,0.0518,2.6973,3.67376
3,12,8,9187,168,616,26023,0.9187,0.0168,0.0616,2.6023,3.66667
3,12,9,8955,206,730,24943,0.8955,0.0206,0.073,2.4943,3.54369
3,12,10,8765,198,687,24075,0.8765,0.0198,0.0687,2.4075,3.4697
3,12,11,8547,228,817,23086,0.8547,0.0228,0.0817,2.3086,3.58333
3,12,12,8286,250,863,21934,0.8286,0.025,0.0863,2.1934,3.452
3,12,13,7977,290,940,20599,0.7977,0.029,0.094,2.0599,3.24138
3,12,14,7660,313,957,19282,0.766,0.0313,0.0957,1.9282,3.05751
3,12,15,7326,306,912,17898,0.7326,0.0306,0.0912,1.7898,2.98039
3,12,16,7096,253,746,16963,0.7096,0.0253,0.0746,1.6963,2.94862
3,12,17,6857,238,687,16029,0.6857,0.0238,0.0687,1.6029,2.88655
3,12,18,6632,222,644,15136,0.6632,0.0222,0.0644,1.5136,2.9009
3,12,19,6409,243,661,14278,0.6409,0.0243,0.0661,1.4278,2.72016
3,12,20,6210,203,547,13552,0.621,0.0203,0.0547,1.3552,2.69458
3,12,21,6039,195,502,12942,0.6039,0.0195,0.0502,1.2942,2.57436
3,12,22,5878,197,503,12376,0.5878,0.0197,0.0503,1.2376,2.5533
3,12,23,5739,164,394,11905,0.5739,0.0164,0.0394,1.1905,2.40244
3,12,24,5621,149,341,11513,0.5621,0.0149,0.0341,1.1513,2.28859
3,12,25,5484,152,351,11045,0.5484,0.0152,0.0351,1.1045,2.30921
3,12,26,5378,114,249,10682,0.5378,0.0114,0.0249,1.0682,2.18421
3,12,27,5285,96,218,10373,0.5285,0.0096,0.0218,1.0373,2.27083
3,12,28,5228,65,144,10178,0.5228,0.0065,0.0144,1.0178,2.21538
3,12,29,5179,60,142,10013,0.5179,0.006,0.0142,1.0013,2.36667
3,12,30,5133,54,122,9861,0.5133,0.0054,0.0122,0.9861,2.25926
3,12,31,5101,37,71,9768,0.5101,0.0037,0.0071,0.9768,1.91892
3,12,32,5078,34,74,9690,0.5078,0.0034,0.0074,0.969,2.17647
3,12,33,5067,25,56,9660,0.5067,0.0025,0.0056,0.966,2.24
3,12,34,5058,13,29,9629,0.5058,0.0013,0.0029,0.9629,2.23077
3,12,35,5050,6,15,9604,0.505,0.0006,0.0015,0.9604,2.5
3,12,36,5047,5,9,9595,0.5047,0.0005,0.0009,0.9595,1.8
3,12,37,5047,1,3,9595,0.5047,0.0001,0.0003,0.9595,3
3,12,38,5043,3,5,9583,0.5043,0.0003,0.0005,0.9583,1.66667
3,12,39,5043,1,2,9583,0.5043,0.0001,0.0002,0.9583,2
3,12,40,5040,2,4,9573,0.504,0.0002,0.0004,0.9573,2
3,12,41,5036,5,12,9560,0.5036,0.0005,0.0012,0.956,2.4
3,12,42,5036,1,2,9560,0.5036,0.0001,0.0002,0.956,2
3,12,43,5036,1,2,9560,0.5036,0.0001,0.0002,0.956,2
3,12,44,5036,0,0,9560,0.5036,0,0,0.956,
3,12,45,5036,0,0,9560,0.5036,0,0,0.956,
3,12,46,5036,0,0,9560,0.5036,0,0,0.956,
3,12,47,5036,0,0,9560,0.5036,0,0,0.956,
3,12,48,5036,0,0,9560,0.5036,0,0,0.956,
3,12,49,5036,0,0,9560,0.5036,0,0,0.956,
3,12,50,5036,0,0,9560,0.5036,0,0,0.956,
3,12,51,5036,0,0,9560,0.5036,0,0,0.956,
3,12,52,5036,0,0,9560,0.5036,0,0,0.956,
3,12,53,5036,0,0,9560,0.5036,0,0,0.956,
3,12,54,5036,0,0,9560,0.5036,0,0,0.956,
3,12,55,5036,0,0,9560,0.5036,0,0,0.956,
3,12,56,5036,0,0,9560,0.5036,0,0,0.956,
3,12,57,5036,0,0,9560,0.5036,0,0,0.956,
3,12,58,5036,0,0,9560,0.5036,0,0,0.956,
3,12,59,5036,0,0,9560,0.5036,0,0,0.956,
3,12,60,5036,0,0,9560,0.5036,0,0,0.956,
3,12,61,5036,0,0,9560,0.5036,0,0,0.956,
3,12,62,5036,0,0,9560,0.5036,0,0,0.956,
3,12,63,5036,0,0,9560,0.5036,0,0,0.956,
3,12,64,5036,0,0,9560,0.5036,0,0,0.956,
3,12,65,5036,0,0,9560,0.5036,0,0,0.956,
3,12,66,5036,0,0,9560,0.5036,0,0,0.956,
3,12,67,5036,0,0,9560,0.5036,0,0,0.956,
3,12,68,5036,0,0,9560,0.5036,0,0,0.956,
3,12,69,5036,0,0,9560,0.5036,0,0,0.956,
3,12,70,5036,0,0,9560,0.5036,0,0,0.956,
3,12,71,5036,0,0,9560,0.5036,0,0,0.956,
3,12,72,5036,0,0,9560,0.5036,0,0,0.956,
3,12,73,5036,0,0,9560,0.5036,0,0,0.956,
3,12,74,5036,0,0,9560,0.5036,0,0,0.956,
3,12,75,5036,0,0,9560,0.5036,0,0,0.956,
3,12,76,5036,0,0,9560,0.5036,0,0,0.956,
3,12,77,5036,0,0,9560,0.5036,0,0,0.956,
3,12,78,5036,0,0,9560,0.5036,0,0,0.956,
3,12,79,5036,0,0,9560,0.5036,0,0,0.956,
3,12,80,5036,0,0,9560,0.5036,0,0,0.956,
3,12,81,5036,0,0,9560,0.5036,0,0,0.956,
3,12,82,5036,0,0,9560,0.5036,0,0,0.956,
3,12,83,5036,0,0,9560,0.5036,0,0,0.956,
3,12,84,5036,0,0,9560,0.5036,0,0,0.956,
3,12,85,5036,0,0,9560,0.5036,0,0,0.956,
3,12,86,5036,0,0,9560,0.5036,0,0,0.956,
3,12,87,5036,0,0,9560,0.5036,0,0,0.956,
3,12,88,5036,0,0,9560,0.5036,0,0,0.956,
3,12,89,5036,0,0,9560,0.5036,0,0,0.956,
3,12,90,5036,0,0,9560,0.5036,0,0,0.956,
3,12,91,5036,0,0,9560,0.5036,0,0,0.956,
3,12,92,5036,0,0,9560,0.5036,0,0,0.956,
3,12,93,5036,0,0,9560,0.5036,0,0,0.956,
3,12,94,5036,0,0,9560,0.5036,0,0,0.956,
3,12,95,5036,0,0,9560,0.5036,0,0,0.956,
3,12,96,5036,0,0,9560,0.5036,0,0,0.956,
3,12,97,5036,0,0,9560,0.5036,0,0,0.956,
3,12,98,5036,0,0,9560,0.5036,0,0,0.956,
3,12,99,5036,0,0,9560,0.5036,0,0,0.956,
3,12,100,5036,0,0,9560,0.5036,0,0,0.956,
3,13,0,9980,20,120,29880,0.998,0.002,0.012,2.988,6
3,13,1,9949,24,105,29726,0.9949,0.0024,0.0105,2.9726,4.375
3,13,2,9910,37,146,29531,0.991,0.0037,0.0146,2.9531,3.94595
3,13,3,9858,48,186,29276,0.9858,0.0048,0.0186,2.9276,3.875
3,13,4,9764,77,305,28811,0.9764,0.0077,0.0305,2.8811,3.96104
3,13,5,9659,101,397,28294,0.9659,0.0101,0.0397,2.8294,3.93069
3,13,6,9500,132,510,27525,0.95,0.0132,0.051,2.7525,3.86364
3,13,7,9296,185,694,26556,0.9296,0.0185,0.0694,2.6556,3.75135
3,13,8,9061,199,742,25436,0.9061,0.0199,0.0742,2.5436,3.72864
3,13,9,8801,242,859,24239,0.8801,0.0242,0.0859,2.4239,3.54959
3,13,10,8464,290,1004,22705,0.8464,0.029,0.1004,2.2705,3.46207
3,13,11,8148,291,964,21325,0.8148,0.0291,0.0964,2.1325,3.31271
3,13,12,7868,302,976,20118,0.7868,0.0302,0.0976,2.0118,3.23179
3,13,13,7528,321,1034,18685,0.7528,0.0321,0.1034,1.8685,3.22118
3,13,14,7186,323,1006,17268,0.7186,0.0323,0.1006,1.7268,3.11455
3,13,15,6869,312,931,16017,0.6869,0.0312,0.0931,1.6017,2.98397
3,13,16,6565,312,849,14841,0.6565,0.0312,0.0849,1.4841,2.72115
3,13,17,6297,252,671,13833,0.6297,0.0252,0.0671,1.3833,2.6627
3,13,18,6101,236,661,13121,0.6101,0.0236,0.0661,1.3121,2.80085
3,13,19,5920,212,536,12474,0.592,0.0212,0.0536,1.2474,2.5283
3,13,20,5763,181,459,11922,0.5763,0.0181,0.0459,1.1922,2.53591
3,13,21,5643,116,260,11528,0.5643,0.0116,0.026,1.1528,2.24138
3,13,22,5566,88,211,11265,0.5566,0.0088,0.0211,1.1265,2.39773
3,13,23,5506,74,162,11074,0.5506,0.0074,0.0162,1.1074,2.18919
3,13,24,5458,63,135,10916,0.5458,0.0063,0.0135,1.0916,2.14286
3,13,25,5401,67,153,10727,0.5401,0.0067,0.0153,1.0727,2.28358
3,13,26,5346,59,144,10533,0.5346,0.0059,0.0144,1.0533,2.44068
3,13,27,5305,47,101,10402,0.5305,0.0047,0.0101,1.0402,2.14894
3,13,28,5278,34,84,10306,0.5278,0.0034,0.0084,1.0306,2.47059
3,13,29,5258,27,58,10234,0.5258,0.0027,0.0058,1.0234,2.14815
3,13,30,5241,20,43,10180,0.5241,0.002,0.0043,1.018,2.15
3,13,31,5231,10,27,10147,0.5231,0.001,0.0027,1.0147,2.7
3,13,32,5224,6,18,10123,0.5224,0.0006,0.0018,1.0123,3
3,13,33,5221,4,7,10117,0.5221,0.0004,0.0007,1.0117,1.75
3,13,34,5220,2,2,10116,0.522,0.0002,0.0002,1.0116,1
3,13,35,5220,0,0,10116,0.522,0,0,1.0116,
3,13,36,5220,0,0,10116,0.522,0,0,1.0116,
3,13,37,5220,0,0,10116,0.522,0,0,1.0116,
3,13,38,5220,0,0,10116,0.522,0,0,1.0116,
3,13,39,5220,0,0,10116,0.522,0,0,1.0116,
3,13,40,5220,0,0,10116,0.522,0,0,1.0116,
3,13,41,5220,0,0,10116,0.522,0,0,1.0116,
3,13,42,5220,0,0,10116,0.522,0,0,1.0116,
3,13,43,5220,0,0,10116,0.522,0,0,1.0116,
3,13,44,5220,0,0,10116,0.522,0,0,1.0116,
3,13,45,5220,0,0,10116,0.522,0,0,1.0116,
3,13,46,5220,0,0,10116,0.522,0,0,1.0116,
3,13,47,5220,0,0,10116,0.522,0,0,1.0116,
3,13,48,5220,0,0,10116,0.522,0,0,1.0116,
3,13,49,5220,0,0,10116,0.522,0,0,1.0116,
3,13,50,5220,0,0,10116,0.522,0,0,1.0116,
3,13,51,5220,0,0,10116,0.522,0,0,1.0116,
3,13,52,5220,0,0,10116,0.522,0,0,1.0116,
3,13,53,5220,0,0,10116,0.522,0,0,1.0116,
3,13,54,5220,0,0,10116,0.522,0,0,1.0116,
3,13,55,5220,0,0,10116,0.522,0,0,1.0116,
3,13,56,5220,0,0,10116,0.522,0,0,1.0116,
3,13,57,5220,0,0,10116,0.522,0,0,1.0116,
3,13,58,5220,0,0,10116,0.522,0,0,1.0116,
3,13,59,5220,0,0,10116,0.522,0,0,1.0116,
3,13,60,5220,0,0,10116,0.522,0,0,1.0116,
3,13,61,5220,0,0,10116,0.522,0,0,1.0116,
3,13,62,5220,0,0,10116,0.522,0,0,1.0116,
3,13,63,5220,0,0,10116,0.522,0,0,1.0116,
3,13,64,5220,0,0,10116,0.522,0,0,1.0116,
3,13,65,5220,0,0,10116,0.522,0,0,1.0116,
3,13,66,5220,0,0,10116,0.522,0,0,1.0116,
3,13,67,5220,0,0,10116,0.522,0,0,1.0116,
3,13,68,5220,0,0,10116,0.522,0,0,1.0116,
3,13,69,5220,0,0,10116,0.522,0,0,1.0116,
3,13,70,5220,0,0,10116,0.522,0,0,1.0116,
3,13,71,5220,0,0,10116,0.522,0,0,1.0116,
3,13,72,5220,0,0,10116,0.522,0,0,1.0116,
3,13,73,5220,0,0,10116,0.522,0,0,1.0116,
3,13,74,5220,0,0,10116,0.522,0,0,1.0116,
3,13,75,5220,0,0,10116,0.522,0,0,1.0116,
3,13,76,5220,0,0,10116,0.522,0,0,1.0116,
3,13,77,5220,0,0,10116,0.522,0,0,1.0116,
3,13,78,5220,0,0,10116,0.522,0,0,1.0116,
3,13,79,5220,0,0,10116,0.522,0,0,1.0116,
3,13,80,5220,0,0,10116,0.522,0,0,1.0116,
3,13,81,5220,0,0,10116,0.522,0,0,1.0116,
3,13,82,5220,0,0,10116,0.522,0,0,1.0116,
3,13,83,5220,0,0,10116,0.522,0,0,1.0116,
3,13,84,5220,0,0,10116,0.522,0,0,1.0116,
3,13,85,5220,0,0,10116,0.522,0,0,1.0116,
3,13,86,5220,0,0,10116,0.522,0,0,1.0116,
3,13,87,5220,0,0,10116,0.522,0,0,1.0116,
3,13,88,5220,0,0,10116,0.522,0,0,1.0116,
3,13,89,5220,0,0,10116,0.522,0,0,1.0116,
3,13,90,5220,0,0,10116,0.522,0,0,1.0116,
3,13,91,5220,0,0,10116,0.522,0,0,1.0116,
3,13,92,5220,0,0,10116,0.522,0,0,1.0116,
3,13,93,5220,0,0,10116,0.522,0,0,1.0116,
3,13,94,5220,0,0,10116,0.522,0,0,1.0116,
3,13,95,5220,0,0,10116,0.522,0,0,1.0116,
3,13,96,5220,0,0,10116,0.522,0,0,1.0116,
3,13,97,5220,0,0,10116,0.522,0,0,1.0116,
3,13,98,5220,0,0,10116,0.522,0,0,1.0116,
3,13,99,5220,0,0,10116,0.522,0,0,1.0116,
3,13,100,5220,0,0,10116,0.522,0,0,1.0116,
3,14,0,9980,20,120,29880,0.998,0.002,0.012,2.988,6
3,14,1,9937,38,166,29666,0.9937,0.0038,0.0166,2.9666,4.36842
3,14,2,9867,49,208,29318,0.9867,0.0049,0.0208,2.9318,4.2449
3,14,3,9779,85,345,28882,0.9779,0.0085,0.0345,2.8882,4.05882
3,14,4,9614,125,495,28069,0.9614,0.0125,0.0495,2.8069,3.96
3,14,5,9397,203,789,27019,0.9397,0.0203,0.0789,2.7019,3.8867
3,14,6,9068,303,1128,25478,0.9068,0.0303,0.1128,2.5478,3.72277
3,14,7,8633,383,1387,23453,0.8633,0.0383,0.1387,2.3453,3.62141
3,14,8,8140,422,1446,21257,0.814,0.0422,0.1446,2.1257,3.42654
3,14,9,7698,446,1396,19370,0.7698,0.0446,0.1396,1.937,3.13004
3,14,10,7277,448,1380,17636,0.7277,0.0448,0.138,1.7636,3.08036
3,14,11,6840,447,1338,15876,0.684,0.0447,0.1338,1.5876,2.99329
3,14,12,6467,399,1064,14492,0.6467,0.0399,0.1064,1.4492,2.66667
3,14,13,6155,326,858,13315,0.6155,0.0326,0.0858,1.3315,2.6319
3,14,14,5897,292,728,12406,0.5897,0.0292,0.0728,1.2406,2.49315
3,14,15,5670,264,632,11628,0.567,0.0264,0.0632,1.1628,2.39394
3,14,16,5485,208,488,10990,0.5485,0.0208,0.0488,1.099,2.34615
3,14,17,5377,128,287,10651,0.5377,0.0128,0.0287,1.0651,2.24219
3,14,18,5295,105,223,10378,0.5295,0.0105,0.0223,1.0378,2.12381
3,14,19,5235,73,165,10188,0.5235,0.0073,0.0165,1.0188,2.26027
3,14,20,5179,56,128,10002,0.5179,0.0056,0.0128,1.0002,2.28571
3,14,21,5148,45,103,9910,0.5148,0.0045,0.0103,0.991,2.28889
3,14,22,5123,32,77,9822,0.5123,0.0032,0.0077,0.9822,2.40625
3,14,23,5096,33,81,9733,0.5096,0.0033,0.0081,0.9733,2.45455
3,14,24,5071,27,63,9652,0.5071,0.0027,0.0063,0.9652,2.33333
3,14,25,5060,16,44,9611,0.506,0.0016,0.0044,0.9611,2.75
3,14,26,5052,9,25,9583,0.5052,0.0009,0.0025,0.9583,2.77778
3,14,27,5045,5,10,9567,0.5045,0.0005,0.001,0.9567,2
3,14,28,5039,6,13,9546,0.5039,0.0006,0.0013,0.9546,2.16667
3,14,29,5036,4,4,9539,0.5036,0.0004,0.0004,0.9539,1
3,14,30,5036,2,3,9539,0.5036,0.0002,0.0003,0.9539,1.5
3,14,31,5034,3,3,9534,0.5034,0.0003,0.0003,0.9534,1
3,14,32,5034,0,0,9534,0.5034,0,0,0.9534,
3,14,33,5034,0,0,9534,0.5034,0,0,0.9534,
3,14,34,5034,0,0,9534,0.5034,0,0,0.9534,
3,14,35,5034,0,0,9534,0.5034,0,0,0.9534,
3,14,36,5034,0,0,9534,0.5034,0,0,0.9534,
3,14,37,5034,0,0,9534,0.5034,0,0,0.9534,
3,14,38,5034,0,0,9534,0.5034,0,0,0.9534,
3,14,39,5034,0,0,9534,0.5034,0,0,0.9534,
3,14,40,5034,0,0,9534,0.5034,0,0,0.9534,
3,14,41,5034,0,0,9534,0.5034,0,0,0.9534,
3,14,42,5034,0,0,9534,0.5034,0,0,0.9534,
3,14,43,5034,0,0,9534,0.5034,0,0,0.9534,
3,14,44,5034,0,0,9534,0.5034,0,0,0.9534,
3,14,45,5034,0,0,9534,0.5034,0,0,0.9534,
3,14,46,5034,0,0,9534,0.5034,0,0,0.9534,
3,14,47,5034,0,0,9534,0.5034,0,0,0.9534,
3,14,48,5034,0,0,9534,0.5034,0,0,0.9534,
3,14,49,5034,0,0,9534,0.5034,0,0,0.9534,
3,14,50,5034,0,0,9534,0.5034,0,0,0.9534,
3,14,51,5034,0,0,9534,0.5034,0,0,0.9534,
3,14,52,5034,0,0,9534,0.5034,0,0,0.9534,
3,14,53,5034,0,0,9534,0.5034,0,0,0.9534,
3,14,54,5034,0,0,9534,0.5034,0,0,0.9534,
3,14,55,5034,0,0,9534,0.5034,0,0,0.9534,
3,14,56,5034,0,0,9534,0.5034,0,0,0.9534,
3,14,57,5034,0,0,9534,0.5034,0,0,0.9534,
3,14,58,5034,0,0,9534,0.5034,0,0,0.9534,
3,14,59,5034,0,0,9534,0.5034,0,0,0.9534,
3,14,60,5034,0,0,9534,0.5034,0,0,0.9534,
3,14,61,5034,0,0,9534,0.5034,0,0,0.9534,
3,14,62,5034,0,0,9534,0.5034,0,0,0.9534,
3,14,63,5034,0,0,9534,0.5034,0,0,0.9534,
3,14,64,5034,0,0,9534,0.5034,0,0,0.9534,
3,14,65,5034,0,0,9534,0.5034,0,0,0.9534,
3,14,66,5034,0,0,9534,0.5034,0,0,0.9534,
3,14,67,5034,0,0,9534,0.5034,0,0,0.9534,
3,14,68,5034,0,0,9534,0.5034,0,0,0.9534,
3,14,69,5034,0,0,9534,0.5034,0,0,0.9534,
3,14,70,5034,0,0,9534,0.5034,0,0,0.9534,
3,14,71,5034,0,0,9534,0.5034,0,0,0.9534,
3,14,72,5034,0,0,9534,0.5034,0,0,0.9534,
3,14,73,5034,0,0,9534,0.5034,0,0,0.9534,
3,14,74,5034,0,0,9534,0.5034,0,0,0.9534,
3,14,75,5034,0,0,9534,0.5034,0,0,0.9534,
3,14,76,5034,0,0,9534,0.5034,0,0,0.9534,
3,14,77,5034,0,0,9534,0.5034,0,0,0.9534,
3,14,78,5034,0,0,9534,0.5034,0,0,0.9534,
3,14,79,5034,0,0,9534,0.5034,0,0,0.9534,
3,14,80,5034,0,0,9534,0.5034,0,0,0.9534,
3,14,81,5034,0,0,9534,0.5034,0,0,0.9534,
3,14,82,5034,0,0,9534,0.5034,0,0,0.9534,
3,14,83,5034,0,0,9534,0.5034,0,0,0.9534,
3,14,84,5034,0,0,9534,0.5034,0,0,0.9534,
3,14,85,5034,0,0,9534,0.5034,0,0,0.9534,
3,14,86,5034,0,0,9534,0.5034,0,0,0.9534,
3,14,87,5034,0,0,9534,0.5034,0,0,0.9534,
3,14,88,5034,0,0,9534,0.5034,0,0,0.9534,
3,14,89,5034,0,0,9534,0.5034,0,0,0.9534,
3,14,90,5034,0,0,9534,0.5034,0,0,0.9534,
3,14,91,5034,0,0,9534,0.5034,0,0,0.9534,
3,14,92,5034,0,0,9534,0.5034,0,0,0.9534,
3,14,93,5034,0,0,9534,0.5034,0,0,0.9534,
3,14,94,5034,0,0,9534,0.5034,0,0,0.9534,
3,14,95,5034,0,0,9534,0.5034,0,0,0.9534,
3,14,96,5034,0,0,9534,0.5034,0,0,0.9534,
3,14,97,5034,0,0,9534,0.5034,0,0,0.9534,
3,14,98,5034,0,0,9534,0.5034,0,0,0.9534,
3,14,99,5034,0,0,9534,0.5034,0,0,0.9534,
3,14,100,5034,0,0,9534,0.5034,0,0,0.9534,
3,15,0,9980,20,120,29880,0.998,0.002,0.012,2.988,6
3,15,1,9933,35,148,29648,0.9933,0.0035,0.0148,2.9648,4.22857
3,15,2,9891,39,160,29439,0.9891,0.0039,0.016,2.9439,4.10256
3,15,3,9833,59,239,29151,0.9833,0.0059,0.0239,2.9151,4.05085
3,15,4,9746,83,326,28722,0.9746,0.0083,0.0326,2.8722,3.92771
3,15,5,9597,120,475,27997,0.9597,0.012,0.0475,2.7997,3.95833
3,15,6,9447,133,507,27278,0.9447,0.0133,0.0507,2.7278,3.81203
3,15,7,9266,176,656,26415,0.9266,0.0176,0.0656,2.6415,3.72727
3,15,8,9075,198,737,25508,0.9075,0.0198,0.0737,2.5508,3.72222
3,15,9,8826,221,786,24356,0.8826,0.0221,0.0786,2.4356,3.55656
3,15,10,8545,270,933,23079,0.8545,0.027,0.0933,2.3079,3.45556
3,15,11,8253,304,1050,21762,0.8253,0.0304,0.105,2.1762,3.45395
3,15,12,7916,303,1004,20302,0.7916,0.0303,0.1004,2.0302,3.31353
3,15,13,7595,322,1017,18944,0.7595,0.0322,0.1017,1.8944,3.15839
3,15,14,7261,336,1021,17584,0.7261,0.0336,0.1021,1.7584,3.03869
3,15,15,6892,353,1018,16140,0.6892,0.0353,0.1018,1.614,2.88385
3,15,16,6582,337,956,14918,0.6582,0.0337,0.0956,1.4918,2.8368
3,15,17,6273,319,874,13765,0.6273,0.0319,0.0874,1.3765,2.73981
3,15,18,6031,263,688,12903,0.6031,0.0263,0.0688,1.2903,2.61597
3,15,19,5834,227,595,12212,0.5834,0.0227,0.0595,1.2212,2.62115
3,15,20,5693,169,404,11737,0.5693,0.0169,0.0404,1.1737,2.39053
3,15,21,5585,139,336,11368,0.5585,0.0139,0.0336,1.1368,2.41727
3,15,22,5498,114,261,11103,0.5498,0.0114,0.0261,1.1103,2.28947
3,15,23,5422,101,228,10853,0.5422,0.0101,0.0228,1.0853,2.25743
3,15,24,5357,79,183,10624,0.5357,0.0079,0.0183,1.0624,2.31646
3,15,25,5307,52,122,10451,0.5307,0.0052,0.0122,1.0451,2.34615
3,15,26,5266,53,118,10328,0.5266,0.0053,0.0118,1.0328,2.22642
3,15,27,5234,40,96,10228,0.5234,0.004,0.0096,1.0228,2.4
3,15,28,5198,38,81,10112,0.5198,0.0038,0.0081,1.0112,2.13158
3,15,29,5177,32,66,10046,0.5177,0.0032,0.0066,1.0046,2.0625
3,15,30,5165,15,28,10008,0.5165,0.0015,0.0028,1.0008,1.86667
3,15,31,5156,10,18,9976,0.5156,0.001,0.0018,0.9976,1.8
3,15,32,5150,4,12,9956,0.515,0.0004,0.0012,0.9956,3
3,15,33,5147,6,16,9947,0.5147,0.0006,0.0016,0.9947,2.66667
3,15,34,5141,6,18,9926,0.5141,0.0006,0.0018,0.9926,3
3,15,35,5134,6,15,9903,0.5134,0.0006,0.0015,0.9903,2.5
3,15,36,5127,7,22,9876,0.5127,0.0007,0.0022,0.9876,3.14286
3,15,37,5126,4,11,9872,0.5126,0.0004,0.0011,0.9872,2.75
3,15,38,5121,3,6,9859,0.5121,0.0003,0.0006,0.9859,2
3,15,39,5119,4,11,9851,0.5119,0.0004,0.0011,0.9851,2.75
3,15,40,5116,3,8,9842,0.5116,0.0003,0.0008,0.9842,2.66667
3,15,41,5115,1,3,9837,0.5115,0.0001,0.0003,0.9837,3
3,15,42,5115,0,0,9837,0.5115,0,0,0.9837,
3,15,43,5115,0,0,9837,0.5115,0,0,0.9837,
3,15,44,5115,0,0,9837,0.5115,0,0,0.9837,
3,15,45,5115,0,0,9837,0.5115,0,0,0.9837,
3,15,46,5115,0,0,9837,0.5115,0,0,0.9837,
3,15,47,5115,0,0,9837,0.5115,0,0,0.9837,
3,15,48,5115,0,0,9837,0.5115,0,0,0.9837,
3,15,49,5115,0,0,9837,0.5115,0,0,0.9837,
3,15,50,5115,0,0,9837,0.5115,0,0,0.9837,
3,15,51,5115,0,0,9837,0.5115,0,0,0.9837,
3,15,52,5115,0,0,9837,0.5115,0,0,0.9837,
3,15,53,5115,0,0,9837,0.5115,0,0,0.9837,
3,15,54,5115,0,0,9837,0.5115,0,0,0.9837,
3,15,55,5115,0,0,9837,0.5115,0,0,0.9837,
3,15,56,5115,0,0,9837,0.5115,0,0,0.9837,
3,15,57,5115,0,0,9837,0.5115,0,0,0.9837,
3,15,58,5115,0,0,9837,0.5115,0,0,0.9837,
3,15,59,5115,0,0,9837,0.5115,0,0,0.9837,
3,15,60,5115,0,0,9837,0.5115,0,0,0.9837,
3,15,61,5115,0,0,9837,0.5115,0,0,0.9837,
3,15,62,5115,0,0,9837,0.5115,0,0,0.9837,
3,15,63,5115,0,0,9837,0.5115,0,0,0.9837,
3,15,64,5115,0,0,9837,0.5115,0,0,0.9837,
3,15,65,5115,0,0,9837,0.5115,0,0,0.9837,
3,15,66,5115,0,0,9837,0.5115,0,0,0.9837,
3,15,67,5115,0,0,9837,0.5115,0,0,0.9837,
3,15,68,5115,0,0,9837,0.5115,0,0,0.9837,
3,15,69,5115,0,0,9837,0.5115,0,0,0.9837,
3,15,70,5115,0,0,9837,0.5115,0,0,0.9837,
3,15,71,5115,0,0,9837,0.5115,0,0,0.9837,
3,15,72,5115,0,0,9837,0.5115,0,0,0.9837,
3,15,73,5115,0,0,9837,0.5115,0,0,0.9837,
3,15,74,5115,0,0,9837,0.5115,0,0,0.9837,
3,15,75,5115,0,0,9837,0.5115,0,0,0.9837,
3,15,76,5115,0,0,9837,0.5115,0,0,0.9837,
3,15,77,5115,0,0,9837,0.5115,0,0,0.9837,
3,15,78,5115,0,0,9837,0.5115,0,0,0.9837,
3,15,79,5115,0,0,9837,0.5115,0,0,0.9837,
3,15,80,5115,0,0,9837,0.5115,0,0,0.9837,
3,15,81,5115,0,0,9837,0.5115,0,0,0.9837,
3,15,82,5115,0,0,9837,0.5115,0,0,0.9837,
3,15,83,5115,0,0,9837,0.5115,0,0,0.9837,
3,15,84,5115,0,0,9837,0.5115,0,0,0.9837,
3,15,85,5115,0,0,9837,0.5115,0,0,0.9837,
3,15,86,5115,0,0,9837,0.5115,0,0,0.9837,
3,15,87,5115,0,0,9837,0.5115,0,0,0.9837,
3,15,88,5115,0,0,9837,0.5115,0,0,0.9837,
3,15,89,5115,0,0,9837,0.5115,0,0,0.9837,
3,15,90,5115,0,0,9837,0.5115,0,0,0.9837,
3,15,91,5115,0,0,9837,0.5115,0,0,0.9837,
3,15,92,5115,0,0,9837,0.5115,0,0,0.9837,
3,15,93,5115,0,0,9837,0.5115,0,0,0.9837,
3,15,94,5115,0,0,9837,0.5115,0,0,0.9837,
3,15,95,5115,0,0,9837,0.5115,0,0,0.9837,
3,15,96,5115,0,0,9837,0.5115,0,0,0.9837,
3,15,97,5115,0,0,9837,0.5115,0,0,0.9837,
3,15,98,5115,0,0,9837,0.5115,0,0,0.9837,
3,15,99,5115,0,0,9837,0.5115,0,0,0.9837,
3,15,100,5115,0,0,9837,0.5115,0,0,0.9837,
3,16,0,9980,20,120,29880,0.998,0.002,0.012,2.988,6
3,16,1,9911,49,208,29537,0.9911,0.0049,0.0208,2.9537,4.2449
3,16,2,9868,48,206,29324,0.9868,0.0048,0.0206,2.9324,4.29167
3,16,3,9770,87,337,28847,0.977,0.0087,0.0337,2.8847,3.87356
3,16,4,9649,105,408,28254,0.9649,0.0105,0.0408,2.8254,3.88571
3,16,5,9506,143,550,27562,0.9506,0.0143,0.055,2.7562,3.84615
3,16,6,9322,160,585,26684,0.9322,0.016,0.0585,2.6684,3.65625
3,16,7,9095,210,779,25615,0.9095,0.021,0.0779,2.5615,3.70952
3,16,8,8759,317,1146,24045,0.8759,0.0317,0.1146,2.4045,3.61514
3,16,9,8345,355,1218,22171,0.8345,0.0355,0.1218,2.2171,3.43099
3,16,10,7908,399,1269,20315,0.7908,0.0399,0.1269,2.0315,3.18045
3,16,11,7420,447,1390,18278,0.742,0.0447,0.139,1.8278,3.10962
3,16,12,6970,437,1265,16480,0.697,0.0437,0.1265,1.648,2.89474
3,16,13,6592,427,1220,15001,0.6592,0.0427,0.122,1.5001,2.85714
3,16,14,6195,403,1098,13514,0.6195,0.0403,0.1098,1.3514,2.72457
3,16,15,5835,371,936,12253,0.5835,0.0371,0.0936,1.2253,2.52291
3,16,16,5601,252,623,11437,0.5601,0.0252,0.0623,1.1437,2.47222
3,16,17,5445,190,458,10898,0.5445,0.019,0.0458,1.0898,2.41053
3,16,18,5313,158,366,10457,0.5313,0.0158,0.0366,1.0457,2.31646
3,16,19,5200,123,285,10090,0.52,0.0123,0.0285,1.009,2.31707
3,16,20,5127,86,206,9854,0.5127,0.0086,0.0206,0.9854,2.39535
3,16,21,5057,75,171,9641,0.5057,0.0075,0.0171,0.9641,2.28
3,16,22,5005,57,129,9477,0.5005,0.0057,0.0129,0.9477,2.26316
3,16,23,4981,30,59,9410,0.4981,0.003,0.0059,0.941,1.96667
3,16,24,4963,24,47,9358,0.4963,0.0024,0.0047,0.9358,1.95833
3,16,25,4949,14,30,9310,0.4949,0.0014,0.003,0.931,2.14286
3,16,26,4936,17,34,9276,0.4936,0.0017,0.0034,0.9276,2
3,16,27,4932,5,13,9262,0.4932,0.0005,0.0013,0.9262,2.6
3,16,28,4932,1,3,9262,0.4932,0.0001,0.0003,0.9262,3
3,16,29,4932,1,3,9262,0.4932,0.0001,0.0003,0.9262,3
3,16,30,4932,0,0,9262,0.4932,0,0,0.9262,
3,16,31,4932,0,0,9262,0.4932,0,0,0.9262,
3,16,32,4932,0,0,9262,0.4932,0,0,0.9262,
3,16,33,4932,0,0,9262,0.4932,0,0,0.9262,
3,16,34,4932,0,0,9262,0.4932,0,0,0.9262,
3,16,35,4932,0,0,9262,0.4932,0,0,0.9262,
3,16,36,4932,0,0,9262,0.4932,0,0,0.9262,
3,16,37,4932,0,0,9262,0.4932,0,0,0.9262,
3,16,38,4932,0,0,9262,0.4932,0,0,0.9262,
3,16,39,4932,0,0,9262,0.4932,0,0,0.9262,
3,16,40,4932,0,0,9262,0.4932,0,0,0.9262,
3,16,41,4932,0,0,9262,0.4932,0,0,0.9262,
3,16,42,4932,0,0,9262,0.4932,0,0,0.9262,
3,16,43,4932,0,0,9262,0.4932,0,0,0.9262,
3,16,44,4932,0,0,9262,0.4932,0,0,0.9262,
3,16,45,4932,0,0,9262,0.4932,0,0,0.9262,
3,16,46,4932,0,0,9262,0.4932,0,0,0.9262,
3,16,47,4932,0,0,9262,0.4932,0,0,0.9262,
3,16,48,4932,0,0,9262,0.4932,0,0,0.9262,
3,16,49,4932,0,0,9262,0.4932,0,0,0.9262,
3,16,50,4932,0,0,9262,0.4932,0,0,0.9262,
3,16,51,4932,0,0,9262,0.4932,0,0,0.9262,
3,16,52,4932,0,0,9262,0.4932,0,0,0.9262,
3,16,53,4932,0,0,9262,0.4932,0,0,0.9262,
3,16,54,4932,0,0,9262,0.4932,0,0,0.9262,
3,16,55,4932,0,0,9262,0.4932,0,0,0.9262,
3,16,56,4932,0,0,9262,0.4932,0,0,0.9262,
3,16,57,4932,0,0,9262,0.4932,0,0,0.9262,
3,16,58,4932,0,0,9262,0.4932,0,0,0.9262,
3,16,59,4932,0,0,9262,0.4932,0,0,0.9262,
3,16,60,4932,0,0,9262,0.4932,0,0,0.9262,
3,16,61,4932,0,0,9262,0.4932,0,0,0.9262,
3,16,62,4932,0,0,9262,0.4932,0,0,0.9262,
3,16,63,4932,0,0,9262,0.4932,0,0,0.9262,
3,16,64,4932,0,0,9262,0.4932,0,0,0.9262,
3,16,65,4932,0,0,9262,0.4932,0,0,0.9262,
3,16,66,4932,0,0,9262,0.4932,0,0,0.9262,
3,16,67,4932,0,0,9262,0.4932,0,0,0.9262,
3,16,68,4932,0,0,9262,0.4932,0,0,0.9262,
3,16,69,4932,0,0,9262,0.4932,0,0,0.9262,
3,16,70,4932,0,0,9262,0.4932,0,0,0.9262,
3,16,71,4932,0,0,9262,0.4932,0,0,0.9262,
3,16,72,4932,0,0,9262,0.4932,0,0,0.9262,
3,16,73,4932,0,0,9262,0.4932,0,0,0.9262,
3,16,74,4932,0,0,9262,0.4932,0,0,0.9262,
3,16,75,4932,0,0,9262,0.4932,0,0,0.9262,
3,16,76,4932,0,0,9262,0.4932,0,0,0.9262,
3,16,77,4932,0,0,9262,0.4932,0,0,0.9262,
3,16,78,4932,0,0,9262,0.4932,0,0,0.9262,
3,16,79,4932,0,0,9262,0.4932,0,0,0.9262,
3,16,80,4932,0,0,9262,0.4932,0,0,0.9262,
3,16,81,4932,0,0,9262,0.4932,0,0,0.9262,
3,16,82,4932,0,0,9262,0.4932,0,0,0.9262,
3,16,83,4932,0,0,9262,0.4932,0,0,0.9262,
3,16,84,4932,0,0,9262,0.4932,0,0,0.9262,
3,16,85,4932,0,0,9262,0.4932,0,0,0.9262,
3,16,86,4932,0,0,9262,0.4932,0,0,0.9262,
3,16,87,4932,0,0,9262,0.4932,0,0,0.9262,
3,16,88,4932,0,0,9262,0.4932,0,0,0.9262,
3,16,89,4932,0,0,9262,0.4932,0,0,0.9262,
3,16,90,4932,0,0,9262,0.4932,0,0,0.9262,
3,16,91,4932,0,0,9262,0.4932,0,0,0.9262,
3,16,92,4932,0,0,9262,0.4932,0,0,0.9262,
3,16,93,4932,0,0,9262,0.4932,0,0,0.9262,
3,16,94,4932,0,0,9262,0.4932,0,0,0.9262,
3,16,95,4932,0,0,9262,0.4932,0,0,0.9262,
3,16,96,4932,0,0,9262,0.4932,0,0,0.9262,
3,16,97,4932,0,0,9262,0.4932,0,0,0.9262,
3,16,98,4932,0,0,9262,0.4932,0,0,0.9262,
3,16,99,4932,0,0,9262,0.4932,0,0,0.9262,
3,16,100,4932,0,0,9262,0.4932,0,0,0.9262,
3,17,0,9980,20,120,29880,0.998,0.002,0.012,2.988,6
3,17,1,9955,18,82,29756,0.9955,0.0018,0.0082,2.9756,4.55556
3,17,2,9925,21,84,29608,0.9925,0.0021,0.0084,2.9608,4
3,17,3,9889,29,112,29429,0.9889,0.0029,0.0112,2.9429,3.86207
3,17,4,9842,43,169,29197,0.9842,0.0043,0.0169,2.9197,3.93023
3,17,5,9770,63,248,28838,0.977,0.0063,0.0248,2.8838,3.93651
3,17,6,9668,93,359,28338,0.9668,0.0093,0.0359,2.8338,3.86022
3,17,7,9546,124,471,27740,0.9546,0.0124,0.0471,2.774,3.79839
3,17,8,9366,176,660,26868,0.9366,0.0176,0.066,2.6868,3.75
3,17,9,9160,189,718,25880,0.916,0.0189,0.0718,2.588,3.79894
3,17,10,8923,206,754,24776,0.8923,0.0206,0.0754,2.4776,3.66019
3,17,11,8669,244,873,23622,0.8669,0.0244,0.0873,2.3622,3.57787
3,17,12,8386,280,958,22343,0.8386,0.028,0.0958,2.2343,3.42143
3,17,13,8053,315,1037,20892,0.8053,0.0315,0.1037,2.0892,3.29206
3,17,14,7677,359,1133,19301,0.7677,0.0359,0.1133,1.9301,3.15599
3,17,15,7268,378,1160,17607,0.7268,0.0378,0.116,1.7607,3.06878
3,17,16,6944,336,996,16316,0.6944,0.0336,0.0996,1.6316,2.96429
3,17,17,6690,270,748,15347,0.669,0.027,0.0748,1.5347,2.77037
3,17,18,6429,298,802,14347,0.6429,0.0298,0.0802,1.4347,2.69128
3,17,19,6215,244,628,13554,0.6215,0.0244,0.0628,1.3554,2.57377
3,17,20,6011,221,573,12837,0.6011,0.0221,0.0573,1.2837,2.59276
3,17,21,5830,189,488,12208,0.583,0.0189,0.0488,1.2208,2.58201
3,17,22,5666,177,452,11615,0.5666,0.0177,0.0452,1.1615,2.55367
3,17,23,5513,173,403,11095,0.5513,0.0173,0.0403,1.1095,2.32948
3,17,24,5384,151,336,10666,0.5384,0.0151,0.0336,1.0666,2.22517
3,17,25,5292,110,238,10364,0.5292,0.011,0.0238,1.0364,2.16364
3,17,26,5238,66,160,10179,0.5238,0.0066,0.016,1.0179,2.42424
3,17,27,5200,50,117,10057,0.52,0.005,0.0117,1.0057,2.34
3,17,28,5166,40,103,9945,0.5166,0.004,0.0103,0.9945,2.575
3,17,29,5135,37,88,9852,0.5135,0.0037,0.0088,0.9852,2.37838
3,17,30,5097,50,122,9723,0.5097,0.005,0.0122,0.9723,2.44
3,17,31,5057,45,101,9607,0.5057,0.0045,0.0101,0.9607,2.24444
3,17,32,5023,36,76,9495,0.5023,0.0036,0.0076,0.9495,2.11111
3,17,33,5008,23,49,9455,0.5008,0.0023,0.0049,0.9455,2.13043
3,17,34,4997,15,29,9420,0.4997,0.0015,0.0029,0.942,1.93333
3,17,35,4987,13,33,9386,0.4987,0.0013,0.0033,0.9386,2.53846
3,17,36,4976,12,27,9353,0.4976,0.0012,0.0027,0.9353,2.25
3,17,37,4966,12,24,9323,0.4966,0.0012,0.0024,0.9323,2
3,17,38,4961,7,12,9306,0.4961,0.0007,0.0012,0.9306,1.71429
3,17,39,4959,1,2,9299,0.4959,0.0001,0.0002,0.9299,2
3,17,40,4958,2,4,9296,0.4958,0.0002,0.0004,0.9296,2
3,17,41,4958,0,0,9296,0.4958,0,0,0.9296,
3,17,42,4958,0,0,9296,0.4958,0,0,0.9296,
3,17,43,4958,0,0,9296,0.4958,0,0,0.9296,
3,17,44,4958,0,0,9296,0.4958,0,0,0.9296,
3,17,45,4958,0,0,9296,0.4958,0,0,0.9296,
3,17,46,4958,0,0,9296,0.4958,0,0,0.9296,
3,17,47,4958,0,0,9296,0.4958,0,0,0.9296,
3,17,48,4958,0,0,9296,0.4958,0,0,0.9296,
3,17,49,4958,0,0,9296,0.4958,0,0,0.9296,
3,17,50,4958,0,0,9296,0.4958,0,0,0.9296,
3,17,51,4958,0,0,9296,0.4958,0,0,0.9296,
3,17,52,4958,0,0,9296,0.4958,0,0,0.9296,
3,17,53,4958,0,0,9296,0.4958,0,0,0.9296,
3,17,54,4958,0,0,9296,0.4958,0,0,0.9296,
3,17,55,4958,0,0,9296,0.4958,0,0,0.9296,
3,17,56,4958,0,0,9296,0.4958,0,0,0.9296,
3,17,57,4958,0,0,9296,0.4958,0,0,0.9296,
3,17,58,4958,0,0,9296,0.4958,0,0,0.9296,
3,17,59,4958,0,0,9296,0.4958,0,0,0.9296,
3,17,60,4958,0,0,9296,0.4958,0,0,0.9296,
3,17,61,4958,0,0,9296,0.4958,0,0,0.9296,
3,17,62,4958,0,0,9296,0.4958,0,0,0.9296,
3,17,63,4958,0,0,9296,0.4958,0,0,0.9296,
3,17,64,4958,0,0,9296,0.4958,0,0,0.9296,
3,17,65,4958,0,0,9296,0.4958,0,0,0.9296,
3,17,66,4958,0,0,9296,0.4958,0,0,0.9296,
3,17,67,4958,0,0,9296,0.4958,0,0,0.9296,
3,17,68,4958,0,0,9296,0.4958,0,0,0.9296,
3,17,69,4958,0,0,9296,0.4958,0,0,0.9296,
3,17,70,4958,0,0,9296,0.4958,0,0,0.9296,
3,17,71,4958,0,0,9296,0.4958,0,0,0.9296,
3,17,72,4958,0,0,9296,0.4958,0,0,0.9296,
3,17,73,4958,0,0,9296,0.4958,0,0,0.9296,
3,17,74,4958,0,0,9296,0.4958,0,0,0.9296,
3,17,75,4958,0,0,9296,0.4958,0,0,0.9296,
3,17,76,4958,0,0,9296,0.4958,0,0,0.9296,
3,17,77,4958,0,0,9296,0.4958,0,0,0.9296,
3,17,78,4958,0,0,9296,0.4958,0,0,0.9296,
3,17,79,4958,0,0,9296,0.4958,0,0,0.9296,
3,17,80,4958,0,0,9296,0.4958,0,0,0.9296,
3,17,81,4958,0,0,9296,0.4958,0,0,0.9296,
3,17,82,4958,0,0,9296,0.4958,0,0,0.9296,
3,17,83,4958,0,0,9296,0.4958,0,0,0.9296,
3,17,84,4958,0,0,9296,0.4958,0,0,0.9296,
3,17,85,4958,0,0,9296,0.4958,0,0,0.9296,
3,17,86,4958,0,0,9296,0.4958,0,0,0.9296,
3,17,87,4958,0,0,9296,0.4958,0,0,0.9296,
3,17,88,4958,0,0,9296,0.4958,0,0,0.9296,
3,17,89,4958,0,0,9296,0.4958,0,0,0.9296,
3,17,90,4958,0,0,9296,0.4958,0,0,0.9296,
3,17,91,4958,0,0,9296,0.4958,0,0,0.9296,
3,17,92,4958,0,0,9296,0.4958,0,0,0.9296,
3,17,93,4958,0,0,9296,0.4958,0,0,0.9296,
3,17,94,4958,0,0,9296,0.4958,0,0,0.9296,
3,17,95,4958,0,0,9296,0.4958,0,0,0.9296,
3,17,96,4958,0,0,9296,0.4958,0,0,0.9296,
3,17,97,4958,0,0,9296,0.4958,0,0,0.9296,
3,17,98,4958,0,0,9296,0.4958,0,0,0.9296,
3,17,99,4958,0,0,9296,0.4958,0,0,0.9296,
3,17,100,4958,0,0,9296,0.4958,0,0,0.9296,
3,18,0,9980,20,120,29880,0.998,0.002,0.012,2.988,6
3,18,1,9931,37,159,29637,0.9931,0.0037,0.0159,2.9637,4.2973
3,18,2,9868,62,249,29322,0.9868,0.0062,0.0249,2.9322,4.01613
3,18,3,9779,82,318,28887,0.9779,0.0082,0.0318,2.8887,3.87805
3,18,4,9657,110,419,28286,0.9657,0.011,0.0419,2.8286,3.80909
3,18,5,9536,113,427,27692,0.9536,0.0113,0.0427,2.7692,3.77876
3,18,6,9352,156,579,26800,0.9352,0.0156,0.0579,2.68,3.71154
3,18,7,9137,208,772,25775,0.9137,0.0208,0.0772,2.5775,3.71154
3,18,8,8904,234,837,24690,0.8904,0.0234,0.0837,2.469,3.57692
3,18,9,8598,300,1059,23283,0.8598,0.03,0.1059,2.3283,3.53
3,18,10,8284,316,1064,21889,0.8284,0.0316,0.1064,2.1889,3.36709
3,18,11,7912,339,1100,20301,0.7912,0.0339,0.11,2.0301,3.24484
3,18,12,7515,371,1177,18628,0.7515,0.0371,0.1177,1.8628,3.17251
3,18,13,7105,388,1178,16963,0.7105,0.0388,0.1178,1.6963,3.03608
3,18,14,6777,358,1037,15672,0.6777,0.0358,0.1037,1.5672,2.89665
3,18,15,6442,312,848,14411,0.6442,0.0312,0.0848,1.4411,2.71795
3,18,16,6199,273,740,13498,0.6199,0.0273,0.074,1.3498,2.71062
3,18,17,5994,220,528,12784,0.5994,0.022,0.0528,1.2784,2.4
3,18,18,5863,170,424,12337,0.5863,0.017,0.0424,1.2337,2.49412
3,18,19,5738,155,390,11891,0.5738,0.0155,0.039,1.1891,2.51613
3,18,20,5613,134,300,11489,0.5613,0.0134,0.03,1.1489,2.23881
3,18,21,5520,118,264,11170,0.552,0.0118,0.0264,1.117,2.23729
3,18,22,5435,92,222,10868,0.5435,0.0092,0.0222,1.0868,2.41304
3,18,23,5376,69,160,10672,0.5376,0.0069,0.016,1.0672,2.31884
3,18,24,5342,42,96,10555,0.5342,0.0042,0.0096,1.0555,2.28571
3,18,25,5314,43,107,10458,0.5314,0.0043,0.0107,1.0458,2.48837
3,18,26,5299,26,57,10409,0.5299,0.0026,0.0057,1.0409,2.19231
3,18,27,5282,27,59,10350,0.5282,0.0027,0.0059,1.035,2.18519
3,18,28,5277,10,18,10335,0.5277,0.001,0.0018,1.0335,1.8
3,18,29,5275,5,10,10329,0.5275,0.0005,0.001,1.0329,2
3,18,30,5275,1,1,10329,0.5275,0.0001,0.0001,1.0329,1
3,18,31,5275,1,1,10329,0.5275,0.0001,0.0001,1.0329,1
3,18,32,5275,1,1,10329,0.5275,0.0001,0.0001,1.0329,1
3,18,33,5275,1,1,10329,0.5275,0.0001,0.0001,1.0329,1
3,18,34,5275,0,0,10329,0.5275,0,0,1.0329,
3,18,35,5275,0,0,10329,0.5275,0,0,1.0329,
3,18,36,5275,0,0,10329,0.5275,0,0,1.0329,
3,18,37,5275,0,0,10329,0.5275,0,0,1.0329,
3,18,38,5275,0,0,10329,0.5275,0,0,1.0329,
3,18,39,5275,0,0,10329,0.5275,0,0,1.0329,
3,18,40,5275,0,0,10329,0.5275,0,0,1.0329,
3,18,41,5275,0,0,10329,0.5275,0,0,1.0329,
3,18,42,5275,0,0,10329,0.5275,0,0,1.0329,
3,18,43,5275,0,0,10329,0.5275,0,0,1.0329,
3,18,44,5275,0,0,10329,0.5275,0,0,1.0329,
3,18,45,5275,0,0,10329,0.5275,0,0,1.0329,
3,18,46,5275,0,0,10329,0.5275,0,0,1.0329,
3,18,47,5275,0,0,10329,0.5275,0,0,1.0329,
3,18,48,5275,0,0,10329,0.5275,0,0,1.0329,
3,18,49,5275,0,0,10329,0.5275,0,0,1.0329,
3,18,50,5275,0,0,10329,0.5275,0,0,1.0329,
3,18,51,5275,0,0,10329,0.5275,0,0,1.0329,
3,18,52,5275,0,0,10329,0.5275,0,0,1.0329,
3,18,53,5275,0,0,10329,0.5275,0,0,1.0329,
3,18,54,5275,0,0,10329,0.5275,0,0,1.0329,
3,18,55,5275,0,0,10329,0.5275,0,0,1.0329,
3,18,56,5275,0,0,10329,0.5275,0,0,1.0329,
3,18,57,5275,0,0,10329,0.5275,0,0,1.0329,
3,18,58,5275,0,0,10329,0.5275,0,0,1.0329,
3,18,59,5275,0,0,10329,0.5275,0,0,1.0329,
3,18,60,5275,0,0,10329,0.5275,0,0,1.0329,
3,18,61,5275,0,0,10329,0.5275,0,0,1.0329,
3,18,62,5275,0,0,10329,0.5275,0,0,1.0329,
3,18,63,5275,0,0,10329,0.5275,0,0,1.0329,
3,18,64,5275,0,0,10329,0.5275,0,0,1.0329,
3,18,65,5275,0,0,10329,0.5275,0,0,1.0329,
3,18,66,5275,0,0,10329,0.5275,0,0,1.0329,
3,18,67,5275,0,0,10329,0.5275,0,0,1.0329,
3,18,68,5275,0,0,10329,0.5275,0,0,1.0329,
3,18,69,5275,0,0,10329,0.5275,0,0,1.0329,
3,18,70,5275,0,0,10329,0.5275,0,0,1.0329,
3,18,71,5275,0,0,10329,0.5275,0,0,1.0329,
3,18,72,5275,0,0,10329,0.5275,0,0,1.0329,
3,18,73,5275,0,0,10329,0.5275,0,0,1.0329,
3,18,74,5275,0,0,10329,0.5275,0,0,1.0329,
3,18,75,5275,0,0,10329,0.5275,0,0,1.0329,
3,18,76,5275,0,0,10329,0.5275,0,0,1.0329,
3,18,77,5275,0,0,10329,0.5275,0,0,1.0329,
3,18,78,5275,0,0,10329,0.5275,0,0,1.0329,
3,18,79,5275,0,0,10329,0.5275,0,0,1.0329,
3,18,80,5275,0,0,10329,0.5275,0,0,1.0329,
3,18,81,5275,0,0,10329,0.5275,0,0,1.0329,
3,18,82,5275,0,0,10329,0.5275,0,0,1.0329,
3,18,83,5275,0,0,10329,0.5275,0,0,1.0329,
3,18,84,5275,0,0,10329,0.5275,0,0,1.0329,
3,18,85,5275,0,0,10329,0.5275,0,0,1.0329,
3,18,86,5275,0,0,10329,0.5275,0,0,1.0329,
3,18,87,5275,0,0,10329,0.5275,0,0,1.0329,
3,18,88,5275,0,0,10329,0.5275,0,0,1.0329,
3,18,89,5275,0,0,10329,0.5275,0,0,1.0329,
3,18,90,5275,0,0,10329,0.5275,0,0,1.0329,
3,18,91,5275,0,0,10329,0.5275,0,0,1.0329,
3,18,92,5275,0,0,10329,0.5275,0,0,1.0329,
3,18,93,5275,0,0,10329,0.5275,0,0,1.0329,
3,18,94,5275,0,0,10329,0.5275,0,0,1.0329,
3,18,95,5275,0,0,10329,0.5275,0,0,1.0329,
3,18,96,5275,0,0,10329,0.5275,0,0,1.0329,
3,18,97,5275,0,0,10329,0.5275,0,0,1.0329,
3,18,98,5275,0,0,10329,0.5275,0,0,1.0329,
3,18,99,5275,0,0,10329,0.5275,0,0,1.0329,
3,18,100,5275,0,0,10329,0.5275,0,0,1.0329,
3,19,0,9980,20,120,29880,0.998,0.002,0.012,2.988,6
3,19,1,9928,39,172,29621,0.9928,0.0039,0.0172,2.9621,4.41026
3,19,2,9876,48,198,29363,0.9876,0.0048,0.0198,2.9363,4.125
3,19,3,9817,55,219,29071,0.9817,0.0055,0.0219,2.9071,3.98182
3,19,4,9733,66,268,28658,0.9733,0.0066,0.0268,2.8658,4.06061
3,19,5,9623,94,361,28119,0.9623,0.0094,0.0361,2.8119,3.84043
3,19,6,9492,114,428,27482,0.9492,0.0114,0.0428,2.7482,3.75439
3,19,7,9353,124,461,26828,0.9353,0.0124,0.0461,2.6828,3.71774
3,19,8,9172,168,632,25966,0.9172,0.0168,0.0632,2.5966,3.7619
3,19,9,8949,222,820,24917,0.8949,0.0222,0.082,2.4917,3.69369
3,19,10,8634,288,1014,23471,0.8634,0.0288,0.1014,2.3471,3.52083
3,19,11,8283,331,1120,21911,0.8283,0.0331,0.112,2.1911,3.38369
3,19,12,7912,360,1181,20298,0.7912,0.036,0.1181,2.0298,3.28056
3,19,13,7545,337,1056,18753,0.7545,0.0337,0.1056,1.8753,3.13353
3,19,14,7195,350,1045,17324,0.7195,0.035,0.1045,1.7324,2.98571
3,19,15,6827,401,1131,15900,0.6827,0.0401,0.1131,1.59,2.82045
3,19,16,6487,345,958,14583,0.6487,0.0345,0.0958,1.4583,2.77681
3,19,17,6145,351,947,13299,0.6145,0.0351,0.0947,1.3299,2.69801
3,19,18,5869,249,609,12325,0.5869,0.0249,0.0609,1.2325,2.44578
3,19,19,5704,191,449,11758,0.5704,0.0191,0.0449,1.1758,2.35079
3,19,20,5570,152,380,11309,0.557,0.0152,0.038,1.1309,2.5
3,19,21,5470,123,289,10987,0.547,0.0123,0.0289,1.0987,2.34959
3,19,22,5370,99,229,10661,0.537,0.0099,0.0229,1.0661,2.31313
3,19,23,5303,74,161,10457,0.5303,0.0074,0.0161,1.0457,2.17568
3,19,24,5254,57,123,10299,0.5254,0.0057,0.0123,1.0299,2.15789
3,19,25,5214,47,92,10183,0.5214,0.0047,0.0092,1.0183,1.95745
3,19,26,5205,24,43,10154,0.5205,0.0024,0.0043,1.0154,1.79167
3,19,27,5195,14,19,10127,0.5195,0.0014,0.0019,1.0127,1.35714
3,19,28,5192,5,5,10119,0.5192,0.0005,0.0005,1.0119,1
3,19,29,5190,5,5,10114,0.519,0.0005,0.0005,1.0114,1
3,19,30,5189,5,4,10111,0.5189,0.0005,0.0004,1.0111,0.8
3,19,31,5189,3,3,10111,0.5189,0.0003,0.0003,1.0111,1
3,19,32,5189,1,0,10111,0.5189,0.0001,0,1.0111,0
3,19,33,5189,0,0,10111,0.5189,0,0,1.0111,
3,19,34,5189,0,0,10111,0.5189,0,0,1.0111,
3,19,35,5189,0,0,10111,0.5189,0,0,1.0111,
3,19,36,5189,0,0,10111,0.5189,0,0,1.0111,
3,19,37,5189,0,0,10111,0.5189,0,0,1.0111,
3,19,38,5189,0,0,10111,0.5189,0,0,1.0111,
3,19,39,5189,0,0,10111,0.5189,0,0,1.0111,
3,19,40,5189,0,0,10111,0.5189,0,0,1.0111,
3,19,41,5189,0,0,10111,0.5189,0,0,1.0111,
3,19,42,5189,0,0,10111,0.5189,0,0,1.0111,
3,19,43,5189,0,0,10111,0.5189,0,0,1.0111,
3,19,44,5189,0,0,10111,0.5189,0,0,1.0111,
3,19,45,5189,0,0,10111,0.5189,0,0,1.0111,
3,19,46,5189,0,0,10111,0.5189,0,0,1.0111,
3,19,47,5189,0,0,10111,0.5189,0,0,1.0111,
3,19,48,5189,0,0,10111,0.5189,0,0,1.0111,
3,19,49,5189,0,0,10111,0.5189,0,0,1.0111,
3,19,50,5189,0,0,10111,0.5189,0,0,1.0111,
3,19,51,5189,0,0,10111,0.5189,0,0,1.0111,
3,19,52,5189,0,0,10111,0.5189,0,0,1.0111,
3,19,53,5189,0,0,10111,0.5189,0,0,1.0111,
3,19,54,5189,0,0,10111,0.5189,0,0,1.0111,
3,19,55,5189,0,0,10111,0.5189,0,0,1.0111,
3,19,56,5189,0,0,10111,0.5189,0,0,1.0111,
3,19,57,5189,0,0,10111,0.5189,0,0,1.0111,
3,19,58,5189,0,0,10111,0.5189,0,0,1.0111,
3,19,59,5189,0,0,10111,0.5189,0,0,1.0111,
3,19,60,5189,0,0,10111,0.5189,0,0,1.0111,
3,19,61,5189,0,0,10111,0.5189,0,0,1.0111,
3,19,62,5189,0,0,10111,0.5189,0,0,1.0111,
3,19,63,5189,0,0,10111,0.5189,0,0,1.0111,
3,19,64,5189,0,0,10111,0.5189,0,0,1.0111,
3,19,65,5189,0,0,10111,0.5189,0,0,1.0111,
3,19,66,5189,0,0,10111,0.5189,0,0,1.0111,
3,19,67,5189,0,0,10111,0.5189,0,0,1.0111,
3,19,68,5189,0,0,10111,0.5189,0,0,1.0111,
3,19,69,5189,0,0,10111,0.5189,0,0,1.0111,
3,19,70,5189,0,0,10111,0.5189,0,0,1.0111,
3,19,71,5189,0,0,10111,0.5189,0,0,1.0111,
3,19,72,5189,0,0,10111,0.5189,0,0,1.0111,
3,19,73,5189,0,0,10111,0.5189,0,0,1.0111,
3,19,74,5189,0,0,10111,0.5189,0,0,1.0111,
3,19,75,5189,0,0,10111,0.5189,0,0,1.0111,
3,19,76,5189,0,0,10111,0.5189,0,0,1.0111,
3,19,77,5189,0,0,10111,0.5189,0,0,1.0111,
3,19,78,5189,0,0,10111,0.5189,0,0,1.0111,
3,19,79,5189,0,0,10111,0.5189,0,0,1.0111,
3,19,80,5189,0,0,10111,0.5189,0,0,1.0111,
3,19,81,5189,0,0,10111,0.5189,0,0,1.0111,
3,19,82,5189,0,0,10111,0.5189,0,0,1.0111,
3,19,83,5189,0,0,10111,0.5189,0,0,1.0111,
3,19,84,5189,0,0,10111,0.5189,0,0,1.0111,
3,19,85,5189,0,0,10111,0.5189,0,0,1.0111,
3,19,86,5189,0,0,10111,0.5189,0,0,1.0111,
3,19,87,5189,0,0,10111,0.5189,0,0,1.0111,
3,19,88,5189,0,0,10111,0.5189,0,0,1.0111,
3,19,89,5189,0,0,10111,0.5189,0,0,1.0111,
3,19,90,5189,0,0,10111,0.5189,0,0,1.0111,
3,19,91,5189,0,0,10111,0.5189,0,0,1.0111,
3,19,92,5189,0,0,10111,0.5189,0,0,1.0111,
3,19,93,5189,0,0,10111,0.5189,0,0,1.0111,
3,19,94,5189,0,0,10111,0.5189,0,0,1.0111,
3,19,95,5189,0,0,10111,0.5189,0,0,1.0111,
3,19,96,5189,0,0,10111,0.5189,0,0,1.0111,
3,19,97,5189,0,0,10111,0.5189,0,0,1.0111,
3,19,98,5189,0,0,10111,0.5189,0,0,1.0111,
3,19,99,5189,0,0,10111,0.5189,0,0,1.0111,
3,19,100,5189,0,0,10111,0.5189,0,0,1.0111,
4,0,0,9980,20,120,29880,0.998,0.002,0.012,2.988,6
4,0,1,9945,25,116,29705,0.9945,0.0025,0.0116,2.9705,4.64
4,0,2,9883,50,208,29396,0.9883,0.005,0.0208,2.9396,4.16
4,0,3,9807,72,289,29022,0.9807,0.0072,0.0289,2.9022,4.01389
4,0,4,9704,92,353,28522,0.9704,0.0092,0.0353,2.8522,3.83696
4,0,5,9586,105,396,27948,0.9586,0.0105,0.0396,2.7948,3.77143
4,0,6,9412,154,588,27108,0.9412,0.0154,0.0588,2.7108,3.81818
4,0,7,9188,195,722,26045,0.9188,0.0195,0.0722,2.6045,3.70256
4,0,8,8876,270,1001,24575,0.8876,0.027,0.1001,2.4575,3.70741
4,0,9,8493,362,1262,22843,0.8493,0.0362,0.1262,2.2843,3.48619
4,0,10,8113,394,1319,21150,0.8113,0.0394,0.1319,2.115,3.34772
4,0,11,7673,423,1360,19279,0.7673,0.0423,0.136,1.9279,3.21513
4,0,12,7226,428,1347,17428,0.7226,0.0428,0.1347,1.7428,3.1472
4,0,13,6806,425,1284,15741,0.6806,0.0425,0.1284,1.5741,3.02118
4,0,14,6429,408,1134,14306,0.6429,0.0408,0.1134,1.4306,2.77941
4,0,15,6118,366,995,13186,0.6118,0.0366,0.0995,1.3186,2.71858
4,0,16,5778,345,872,11983,0.5778,0.0345,0.0872,1.1983,2.52754
4,0,17,5507,311,724,11064,0.5507,0.0311,0.0724,1.1064,2.32797
4,0,18,5306,230,521,10400,0.5306,0.023,0.0521,1.04,2.26522
4,0,19,5160,164,349,9947,0.516,0.0164,0.0349,0.9947,2.12805
4,0,20,5058,143,313,9612,0.5058,0.0143,0.0313,0.9612,2.18881
4,0,21,4954,120,284,9270,0.4954,0.012,0.0284,0.927,2.36667
4,0,22,4876,86,184,9025,0.4876,0.0086,0.0184,0.9025,2.13953
4,0,23,4818,60,123,8851,0.4818,0.006,0.0123,0.8851,2.05
4,0,24,4773,54,117,8721,0.4773,0.0054,0.0117,0.8721,2.16667
4,0,25,4757,28,61,8673,0.4757,0.0028,0.0061,0.8673,2.17857
4,0,26,4734,26,53,8601,0.4734,0.0026,0.0053,0.8601,2.03846
4,0,27,4729,8,16,8586,0.4729,0.0008,0.0016,0.8586,2
4,0,28,4727,1,2,8579,0.4727,0.0001,0.0002,0.8579,2
4,0,29,4727,0,0,8579,0.4727,0,0,0.8579,
4,0,30,4727,0,0,8579,0.4727,0,0,0.8579,
4,0,31,4727,0,0,8579,0.4727,0,0,0.8579,
4,0,32,4727,0,0,8579,0.4727,0,0,0.8579,
4,0,33,4727,0,0,8579,0.4727,0,0,0.8579,
4,0,34,4727,0,0,8579,0.4727,0,0,0.8579,
4,0,35,4727,0,0,8579,0.4727,0,0,0.8579,
4,0,36,4727,0,0,8579,0.4727,0,0,0.8579,
4,0,37,4727,0,0,8579,0.4727,0,0,0.8579,
4,0,38,4727,0,0,8579,0.4727,0,0,0.8579,
4,0,39,4727,0,0,8579,0.4727,0,0,0.8579,
4,0,40,4727,0,0,8579,0.4727,0,0,0.8579,
4,0,41,4727,0,0,8579,0.4727,0,0,0.8579,
4,0,42,4727,0,0,8579,0.4727,0,0,0.8579,
4,0,43,4727,0,0,8579,0.4727,0,0,0.8579,
4,0,44,4727,0,0,8579,0.4727,0,0,0.8579,
4,0,45,4727,0,0,8579,0.4727,0,0,0.8579,
4,0,46,4727,0,0,8579,0.4727,0,0,0.8579,
4,0,47,4727,0,0,8579,0.4727,0,0,0.8579,
4,0,48,4727,0,0,8579,0.4727,0,0,0.8579,
4,0,49,4727,0,0,8579,0.4727,0,0,0.8579,
4,0,50,4727,0,0,8579,0.4727,0,0,0.8579,
4,0,51,4727,0,0,8579,0.4727,0,0,0.8579,
4,0,52,4727,0,0,8579,0.4727,0,0,0.8579,
4,0,53,4727,0,0,8579,0.4727,0,0,0.8579,
4,0,54,4727,0,0,8579,0.4727,0,0,0.8579,
4,0,55,4727,0,0,8579,0.4727,0,0,0.8579,
4,0,56,4727,0,0,8579,0.4727,0,0,0.8579,
4,0,57,4727,0,0,8579,0.4727,0,0,0.8579,
4,0,58,4727,0,0,8579,0.4727,0,0,0.8579,
4,0,59,4727,0,0,8579,0.4727,0,0,0.8579,
4,0,60,4727,0,0,8579,0.4727,0,0,0.8579,
4,0,61,4727,0,0,8579,0.4727,0,0,0.8579,
4,0,62,4727,0,0,8579,0.4727,0,0,0.8579,
4,0,63,4727,0,0,8579,0.4727,0,0,0.8579,
4,0,64,4727,0,0,8579,0.4727,0,0,0.8579,
4,0,65,4727,0,0,8579,0.4727,0,0,0.8579,
4,0,66,4727,0,0,8579,0.4727,0,0,0.8579,
4,0,67,4727,0,0,8579,0.4727,0,0,0.8579,
4,0,68,4727,0,0,8579,0.4727,0,0,0.8579,
4,0,69,4727,0,0,8579,0.4727,0,0,0.8579,
4,0,70,4727,0,0,8579,0.4727,0,0,0.8579,
4,0,71,4727,0,0,8579,0.4727,0,0,0.8579,
4,0,72,4727,0,0,8579,0.4727,0,0,0.8579,
4,0,73,4727,0,0,8579,0.4727,0,0,0.8579,
4,0,74,4727,0,0,8579,0.4727,0,0,0.8579,
4,0,75,4727,0,0,8579,0.4727,0,0,0.8579,
4,0,76,4727,0,0,8579,0.4727,0,0,0.8579,
4,0,77,4727,0,0,8579,0.4727,0,0,0.8579,
4,0,78,4727,0,0,8579,0.4727,0,0,0.8579,
4,0,79,4727,0,0,8579,0.4727,0,0,0.8579,
4,0,80,4727,0,0,8579,0.4727,0,0,0.8579,
4,0,81,4727,0,0,8579,0.4727,0,0,0.8579,
4,0,82,4727,0,0,8579,0.4727,0,0,0.8579,
4,0,83,4727,0,0,8579,0.4727,0,0,0.8579,
4,0,84,4727,0,0,8579,0.4727,0,0,0.8579,
4,0,85,4727,0,0,8579,0.4727,0,0,0.8579,
4,0,86,4727,0,0,8579,0.4727,0,0,0.8579,
4,0,87,4727,0,0,8579,0.4727,0,0,0.8579,
4,0,88,4727,0,0,8579,0.4727,0,0,0.8579,
4,0,89,4727,0,0,8579,0.4727,0,0,0.8579,
4,0,90,4727,0,0,8579,0.4727,0,0,0.8579,
4,0,91,4727,0,0,8579,0.4727,0,0,0.8579,
4,0,92,4727,0,0,8579,0.4727,0,0,0.8579,
4,0,93,4727,0,0,8579,0.4727,0,0,0.8579,
4,0,94,4727,0,0,8579,0.4727,0,0,0.8579,
4,0,95,4727,0,0,8579,0.4727,0,0,0.8579,
4,0,96,4727,0,0,8579,0.4727,0,0,0.8579,
4,0,97,4727,0,0,8579,0.4727,0,0,0.8579,
4,0,98,4727,0,0,8579,0.4727,0,0,0.8579,
4,0,99,4727,0,0,8579,0.4727,0,0,0.8579,
4,0,100,4727,0,0,8579,0.4727,0,0,0.8579,
4,1,0,9980,20,120,29880,0.998,0.002,0.012,2.988,6
4,1,1,9915,58,252,29555,0.9915,0.0058,0.0252,2.9555,4.34483
4,1,2,9793,101,415,28950,0.9793,0.0101,0.0415,2.895,4.10891
4,1,3,9615,152,611,28071,0.9615,0.0152,0.0611,2.8071,4.01974
4,1,4,9390,204,781,26990,0.939,0.0204,0.0781,2.699,3.82843
4,1,5,9125,255,968,25715,0.9125,0.0255,0.0968,2.5715,3.79608
4,1,6,8746,336,1211,23958,0.8746,0.0336,0.1211,2.3958,3.60417
4,1,7,8348,353,1246,22145,0.8348,0.0353,0.1246,2.2145,3.52975
4,1,8,7891,429,1394,20167,0.7891,0.0429,0.1394,2.0167,3.24942
4,1,9,7466,409,1256,18373,0.7466,0.0409,0.1256,1.8373,3.0709
4,1,10,7090,371,1122,16849,0.709,0.0371,0.1122,1.6849,3.02426
4,1,11,6774,341,992,15625,0.6774,0.0341,0.0992,1.5625,2.90909
4,1,12,6465,315,860,14473,0.6465,0.0315,0.086,1.4473,2.73016
4,1,13,6196,272,713,13468,0.6196,0.0272,0.0713,1.3468,2.62132
4,1,14,5980,212,561,12673,0.598,0.0212,0.0561,1.2673,2.64623
4,1,15,5806,185,453,12072,0.5806,0.0185,0.0453,1.2072,2.44865
4,1,16,5675,154,368,11627,0.5675,0.0154,0.0368,1.1627,2.38961
4,1,17,5540,149,338,11191,0.554,0.0149,0.0338,1.1191,2.26846
4,1,18,5443,124,294,10857,0.5443,0.0124,0.0294,1.0857,2.37097
4,1,19,5364,94,223,10601,0.5364,0.0094,0.0223,1.0601,2.37234
4,1,20,5280,93,223,10326,0.528,0.0093,0.0223,1.0326,2.39785
4,1,21,5210,93,211,10100,0.521,0.0093,0.0211,1.01,2.26882
4,1,22,5156,70,170,9915,0.5156,0.007,0.017,0.9915,2.42857
4,1,23,5112,53,118,9783,0.5112,0.0053,0.0118,0.9783,2.22642
4,1,24,5068,38,75,9646,0.5068,0.0038,0.0075,0.9646,1.97368
4,1,25,5029,39,82,9524,0.5029,0.0039,0.0082,0.9524,2.10256
4,1,26,5010,27,63,9462,0.501,0.0027,0.0063,0.9462,2.33333
4,1,27,4987,24,52,9387,0.4987,0.0024,0.0052,0.9387,2.16667
4,1,28,4969,21,48,9332,0.4969,0.0021,0.0048,0.9332,2.28571
4,1,29,4954,23,48,9283,0.4954,0.0023,0.0048,0.9283,2.08696
4,1,30,4946,12,25,9257,0.4946,0.0012,0.0025,0.9257,2.08333
4,1,31,4933,8,21,9210,0.4933,0.0008,0.0021,0.921,2.625
4,1,32,4931,2,8,9205,0.4931,0.0002,0.0008,0.9205,4
4,1,33,4926,5,14,9189,0.4926,0.0005,0.0014,0.9189,2.8
4,1,34,4921,5,14,9172,0.4921,0.0005,0.0014,0.9172,2.8
4,1,35,4919,3,9,9166,0.4919,0.0003,0.0009,0.9166,3
4,1,36,4916,1,2,9156,0.4916,0.0001,0.0002,0.9156,2
4,1,37,4916,0,0,9156,0.4916,0,0,0.9156,
4,1,38,4916,0,0,9156,0.4916,0,0,0.9156,
4,1,39,4916,0,0,9156,0.4916,0,0,0.9156,
4,1,40,4916,0,0,9156,0.4916,0,0,0.9156,
4,1,41,4916,0,0,9156,0.4916,0,0,0.9156,
4,1,42,4916,0,0,9156,0.4916,0,0,0.9156,
4,1,43,4916,0,0,9156,0.4916,0,0,0.9156,
4,1,44,4916,0,0,9156,0.4916,0,0,0.9156,
4,1,45,4916,0,0,9156,0.4916,0,0,0.9156,
4,1,46,4916,0,0,9156,0.4916,0,0,0.9156,
4,1,47,4916,0,0,9156,0.4916,0,0,0.9156,
4,1,48,4916,0,0,9156,0.4916,0,0,0.9156,
4,1,49,4916,0,0,9156,0.4916,0,0,0.9156,
4,1,50,4916,0,0,9156,0.4916,0,0,0.9156,
4,1,51,4916,0,0,9156,0.4916,0,0,0.9156,
4,1,52,4916,0,0,9156,0.4916,0,0,0.9156,
4,1,53,4916,0,0,9156,0.4916,0,0,0.9156,
4,1,54,4916,0,0,9156,0.4916,0,0,0.9156,
4,1,55,4916,0,0,9156,0.4916,0,0,0.9156,
4,1,56,4916,0,0,9156,0.4916,0,0,0.9156,
4,1,57,4916,0,0,9156,0.4916,0,0,0.9156,
4,1,58,4916,0,0,9156,0.4916,0,0,0.9156,
4,1,59,4916,0,0,9156,0.4916,0,0,0.9156,
4,1,60,4916,0,0,9156,0.4916,0,0,0.9156,
4,1,61,4916,0,0,9156,0.4916,0,0,0.9156,
4,1,62,4916,0,0,9156,0.4916,0,0,0.9156,
4,1,63,4916,0,0,9156,0.4916,0,0,0.9156,
4,1,64,4916,0,0,9156,0.4916,0,0,0.9156,
4,1,65,4916,0,0,9156,0.4916,0,0,0.9156,
4,1,66,4916,0,0,9156,0.4916,0,0,0.9156,
4,1,67,4916,0,0,9156,0.4916,0,0,0.9156,
4,1,68,4916,0,0,9156,0.4916,0,0,0.9156,
4,1,69,4916,0,0,9156,0.4916,0,0,0.9156,
4,1,70,4916,0,0,9156,0.4916,0,0,0.9156,
4,1,71,4916,0,0,9156,0.4916,0,0,0.9156,
4,1,72,4916,0,0,9156,0.4916,0,0,0.9156,
4,1,73,4916,0,0,9156,0.4916,0,0,0.9156,
4,1,74,4916,0,0,9156,0.4916,0,0,0.9156,
4,1,75,4916,0,0,9156,0.4916,0,0,0.9156,
4,1,76,4916,0,0,9156,0.4916,0,0,0.9156,
4,1,77,4916,0,0,9156,0.4916,0,0,0.9156,
4,1,78,4916,0,0,9156,0.4916,0,0,0.9156,
4,1,79,4916,0,0,9156,0.4916,0,0,0.9156,
4,1,80,4916,0,0,9156,0.4916,0,0,0.9156,
4,1,81,4916,0,0,9156,0.4916,0,0,0.9156,
4,1,82,4916,0,0,9156,0.4916,0,0,0.9156,
4,1,83,4916,0,0,9156,0.4916,0,0,0.9156,
4,1,84,4916,0,0,9156,0.4916,0,0,0.9156,
4,1,85,4916,0,0,9156,0.4916,0,0,0.9156,
4,1,86,4916,0,0,9156,0.4916,0,0,0.9156,
4,1,87,4916,0,0,9156,0.4916,0,0,0.9156,
4,1,88,4916,0,0,9156,0.4916,0,0,0.9156,
4,1,89,4916,0,0,9156,0.4916,0,0,0.9156,
4,1,90,4916,0,0,9156,0.4916,0,0,0.9156,
4,1,91,4916,0,0,9156,0.4916,0,0,0.9156,
4,1,92,4916,0,0,9156,0.4916,0,0,0.9156,
4,1,93,4916,0,0,9156,0.4916,0,0,0.9156,
4,1,94,4916,0,0,9156,0.4916,0,0,0.9156,
4,1,95,4916,0,0,9156,0.4916,0,0,0.9156,
4,1,96,4916,0,0,9156,0.4916,0,0,0.9156,
4,1,97,4916,0,0,9156,0.4916,0,0,0.9156,
4,1,98,4916,0,0,9156,0.4916,0,0,0.9156,
4,1,99,4916,0,0,9156,0.4916,0,0,0.9156,
4,1,100,4916,0,0,9156,0.4916,0,0,0.9156,
4,2,0,9980,20,120,29880,0.998,0.002,0.012,2.988,6
4,2,1,9929,38,171,29626,0.9929,0.0038,0.0171,2.9626,4.5
4,2,2,9839,67,271,29178,0.9839,0.0067,0.0271,2.9178,4.04478
4,2,3,9723,101,381,28615,0.9723,0.0101,0.0381,2.8615,3.77228
4,2,4,9615,104,392,28093,0.9615,0.0104,0.0392,2.8093,3.76923
4,2,5,9395,188,715,27029,0.9395,0.0188,0.0715,2.7029,3.80319
4,2,6,9181,190,699,26013,0.9181,0.019,0.0699,2.6013,3.67895
4,2,7,8940,233,860,24881,0.894,0.0233,0.086,2.4881,3.69099
4,2,8,8669,256,922,23628,0.8669,0.0256,0.0922,2.3628,3.60156
4,2,9,8356,309,1079,22226,0.8356,0.0309,0.1079,2.2226,3.49191
4,2,10,7970,380,1299,20529,0.797,0.038,0.1299,2.0529,3.41842
4,2,11,7551,428,1364,18770,0.7551,0.0428,0.1364,1.877,3.18692
4,2,12,7126,442,1321,17056,0.7126,0.0442,0.1321,1.7056,2.98869
4,2,13,6696,424,1191,15402,0.6696,0.0424,0.1191,1.5402,2.80896
4,2,14,6339,348,906,14086,0.6339,0.0348,0.0906,1.4086,2.60345
4,2,15,6023,332,844,12938,0.6023,0.0332,0.0844,1.2938,2.54217
4,2,16,5786,252,622,12113,0.5786,0.0252,0.0622,1.2113,2.46825
4,2,17,5605,194,446,11472,0.5605,0.0194,0.0446,1.1472,2.29897
4,2,18,5479,153,361,11036,0.5479,0.0153,0.0361,1.1036,2.35948
4,2,19,5364,133,307,10662,0.5364,0.0133,0.0307,1.0662,2.30827
4,2,20,5305,81,169,10475,0.5305,0.0081,0.0169,1.0475,2.08642
4,2,21,5247,78,169,10291,0.5247,0.0078,0.0169,1.0291,2.16667
4,2,22,5195,60,138,10128,0.5195,0.006,0.0138,1.0128,2.3
4,2,23,5141,59,137,9949,0.5141,0.0059,0.0137,0.9949,2.32203
4,2,24,5104,42,97,9837,0.5104,0.0042,0.0097,0.9837,2.30952
4,2,25,5081,33,69,9762,0.5081,0.0033,0.0069,0.9762,2.09091
4,2,26,5054,33,69,9671,0.5054,0.0033,0.0069,0.9671,2.09091
4,2,27,5036,24,54,9609,0.5036,0.0024,0.0054,0.9609,2.25
4,2,28,5013,23,48,9540,0.5013,0.0023,0.0048,0.954,2.08696
4,2,29,5000,19,35,9501,0.5,0.0019,0.0035,0.9501,1.84211
4,2,30,4988,11,22,9458,0.4988,0.0011,0.0022,0.9458,2
4,2,31,4985,5,10,9448,0.4985,0.0005,0.001,0.9448,2
4,2,32,4981,5,9,9436,0.4981,0.0005,0.0009,0.9436,1.8
4,2,33,4978,3,9,9425,0.4978,0.0003,0.0009,0.9425,3
4,2,34,4978,1,2,9425,0.4978,0.0001,0.0002,0.9425,2
4,2,35,4977,0,0,9421,0.4977,0,0,0.9421,
4,2,36,4977,0,0,9421,0.4977,0,0,0.9421,
4,2,37,4977,0,0,9421,0.4977,0,0,0.9421,
4,2,38,4977,0,0,9421,0.4977,0,0,0.9421,
4,2,39,4977,0,0,9421,0.4977,0,0,0.9421,
4,2,40,4977,0,0,9421,0.4977,0,0,0.9421,
4,2,41,4977,0,0,9421,0.4977,0,0,0.9421,
4,2,42,4977,0,0,9421,0.4977,0,0,0.9421,
4,2,43,4977,0,0,9421,0.4977,0,0,0.9421,
4,2,44,4977,0,0,9421,0.4977,0,0,0.9421,
4,2,45,4977,0,0,9421,0.4977,0,0,0.9421,
4,2,46,4977,0,0,9421,0.4977,0,0,0.9421,
4,2,47,4977,0,0,9421,0.4977,0,0,0.9421,
4,2,48,4977,0,0,9421,0.4977,0,0,0.9421,
4,2,49,4977,0,0,9421,0.4977,0,0,0.9421,
4,2,50,4977,0,0,9421,0.4977,0,0,0.9421,
4,2,51,4977,0,0,9421,0.4977,0,0,0.9421,
4,2,52,4977,0,0,9421,0.4977,0,0,0.9421,
4,2,53,4977,0,0,9421,0.4977,0,0,0.9421,
4,2,54,4977,0,0,9421,0.4977,0,0,0.9421,
4,2,55,4977,0,0,9421,0.4977,0,0,0.9421,
4,2,56,4977,0,0,9421,0.4977,0,0,0.9421,
4,2,57,4977,0,0,9421,0.4977,0,0,0.9421,
4,2,58,4977,0,0,9421,0.4977,0,0,0.9421,
4,2,59,4977,0,0,9421,0.4977,0,0,0.9421,
4,2,60,4977,0,0,9421,0.4977,0,0,0.9421,
4,2,61,4977,0,0,9421,0.4977,0,0,0.9421,
4,2,62,4977,0,0,9421,0.4977,0,0,0.9421,
4,2,63,4977,0,0,9421,0.4977,0,0,0.9421,
4,2,64,4977,0,0,9421,0.4977,0,0,0.9421,
4,2,65,4977,0,0,9421,0.4977,0,0,0.9421,
4,2,66,4977,0,0,9421,0.4977,0,0,0.9421,
4,2,67,4977,0,0,9421,0.4977,0,0,0.9421,
4,2,68,4977,0,0,9421,0.4977,0,0,0.9421,
4,2,69,4977,0,0,9421,0.4977,0,0,0.9421,
4,2,70,4977,0,0,9421,0.4977,0,0,0.9421,
4,2,71,4977,0,0,9421,0.4977,0,0,0.9421,
4,2,72,4977,0,0,9421,0.4977,0,0,0.9421,
4,2,73,4977,0,0,9421,0.4977,0,0,0.9421,
4,2,74,4977,0,0,9421,0.4977,0,0,0.9421,
4,2,75,4977,0,0,9421,0.4977,0,0,0.9421,
4,2,76,4977,0,0,9421,0.4977,0,0,0.9421,
4,2,77,4977,0,0,9421,0.4977,0,0,0.9421,
4,2,78,4977,0,0,9421,0.4977,0,0,0.9421,
4,2,79,4977,0,0,9421,0.4977,0,0,0.9421,
4,2,80,4977,0,0,9421,0.4977,0,0,0.9421,
4,2,81,4977,0,0,9421,0.4977,0,0,0.9421,
4,2,82,4977,0,0,9421,0.4977,0,0,0.9421,
4,2,83,4977,0,0,9421,0.4977,0,0,0.9421,
4,2,84,4977,0,0,9421,0.4977,0,0,0.9421,
4,2,85,4977,0,0,9421,0.4977,0,0,0.9421,
4,2,86,4977,0,0,9421,0.4977,0,0,0.9421,
4,2,87,4977,0,0,9421,0.4977,0,0,0.9421,
4,2,88,4977,0,0,9421,0.4977,0,0,0.9421,
4,2,89,4977,0,0,9421,0.4977,0,0,0.9421,
4,2,90,4977,0,0,9421,0.4977,0,0,0.9421,
4,2,91,4977,0,0,9421,0.4977,0,0,0.9421,
4,2,92,4977,0,0,9421,0.4977,0,0,0.9421,
4,2,93,4977,0,0,9421,0.4977,0,0,0.9421,
4,2,94,4977,0,0,9421,0.4977,0,0,0.9421,
4,2,95,4977,0,0,9421,0.4977,0,0,0.9421,
4,2,96,4977,0,0,9421,0.4977,0,0,0.9421,
4,2,97,4977,0,0,9421,0.4977,0,0,0.9421,
4,2,98,4977,0,0,9421,0.4977,0,0,0.9421,
4,2,99,4977,0,0,9421,0.4977,0,0,0.9421,
4,2,100,4977,0,0,9421,0.4977,0,0,0.9421,
4,3,0,9980,20,120,29880,0.998,0.002,0.012,2.988,6
4,3,1,9941,32,143,29685,0.9941,0.0032,0.0143,2.9685,4.46875
4,3,2,9894,40,158,29451,0.9894,0.004,0.0158,2.9451,3.95
4,3,3,9851,41,162,29239,0.9851,0.0041,0.0162,2.9239,3.95122
4,3,4,9786,62,255,28918,0.9786,0.0062,0.0255,2.8918,4.1129
4,3,5,9668,96,370,28342,0.9668,0.0096,0.037,2.8342,3.85417
4,3,6,9548,99,383,27756,0.9548,0.0099,0.0383,2.7756,3.86869
4,3,7,9390,144,555,26995,0.939,0.0144,0.0555,2.6995,3.85417
4,3,8,9187,177,687,26017,0.9187,0.0177,0.0687,2.6017,3.88136
4,3,9,8984,189,708,25055,0.8984,0.0189,0.0708,2.5055,3.74603
4,3,10,8740,207,764,23925,0.874,0.0207,0.0764,2.3925,3.69082
4,3,11,8531,199,686,22985,0.8531,0.0199,0.0686,2.2985,3.44724
4,3,12,8286,206,678,21903,0.8286,0.0206,0.0678,2.1903,3.29126
4,3,13,8086,195,640,21020,0.8086,0.0195,0.064,2.102,3.28205
4,3,14,7836,257,829,19948,0.7836,0.0257,0.0829,1.9948,3.22568
4,3,15,7540,284,903,18695,0.754,0.0284,0.0903,1.8695,3.17958
4,3,16,7252,273,850,17502,0.7252,0.0273,0.085,1.7502,3.11355
4,3,17,6959,295,879,16346,0.6959,0.0295,0.0879,1.6346,2.97966
4,3,18,6735,250,710,15474,0.6735,0.025,0.071,1.5474,2.84
4,3,19,6519,224,618,14657,0.6519,0.0224,0.0618,1.4657,2.75893
4,3,20,6319,201,551,13910,0.6319,0.0201,0.0551,1.391,2.74129
4,3,21,6149,190,506,13287,0.6149,0.019,0.0506,1.3287,2.66316
4,3,22,5985,157,437,12668,0.5985,0.0157,0.0437,1.2668,2.78344
4,3,23,5882,119,305,12307,0.5882,0.0119,0.0305,1.2307,2.56303
4,3,24,5790,99,246,12003,0.579,0.0099,0.0246,1.2003,2.48485
4,3,25,5718,94,225,11769,0.5718,0.0094,0.0225,1.1769,2.39362
4,3,26,5663,70,163,11577,0.5663,0.007,0.0163,1.1577,2.32857
4,3,27,5614,56,135,11410,0.5614,0.0056,0.0135,1.141,2.41071
4,3,28,5585,41,94,11314,0.5585,0.0041,0.0094,1.1314,2.29268
4,3,29,5552,33,83,11203,0.5552,0.0033,0.0083,1.1203,2.51515
4,3,30,5520,36,80,11107,0.552,0.0036,0.008,1.1107,2.22222
4,3,31,5491,33,82,11006,0.5491,0.0033,0.0082,1.1006,2.48485
4,3,32,5471,22,54,10937,0.5471,0.0022,0.0054,1.0937,2.45455
4,3,33,5451,25,64,10864,0.5451,0.0025,0.0064,1.0864,2.56
4,3,34,5427,22,47,10782,0.5427,0.0022,0.0047,1.0782,2.13636
4,3,35,5420,8,15,10759,0.542,0.0008,0.0015,1.0759,1.875
4,3,36,5418,8,13,10755,0.5418,0.0008,0.0013,1.0755,1.625
4,3,37,5414,10,18,10742,0.5414,0.001,0.0018,1.0742,1.8
4,3,38,5411,2,7,10730,0.5411,0.0002,0.0007,1.073,3.5
4,3,39,5411,0,0,10730,0.5411,0,0,1.073,
4,3,40,5411,0,0,10730,0.5411,0,0,1.073,
4,3,41,5411,0,0,10730,0.5411,0,0,1.073,
4,3,42,5411,0,0,10730,0.5411,0,0,1.073,
4,3,43,5411,0,0,10730,0.5411,0,0,1.073,
4,3,44,5411,0,0,10730,0.5411,0,0,1.073,
4,3,45,5411,0,0,10730,0.5411,0,0,1.073,
4,3,46,5411,0,0,10730,0.5411,0,0,1.073,
4,3,47,5411,0,0,10730,0.5411,0,0,1.073,
4,3,48,5411,0,0,10730,0.5411,0,0,1.073,
4,3,49,5411,0,0,10730,0.5411,0,0,1.073,
4,3,50,5411,0,0,10730,0.5411,0,0,1.073,
4,3,51,5411,0,0,10730,0.5411,0,0,1.073,
4,3,52,5411,0,0,10730,0.5411,0,0,1.073,
4,3,53,5411,0,0,10730,0.5411,0,0,1.073,
4,3,54,5411,0,0,10730,0.5411,0,0,1.073,
4,3,55,5411,0,0,10730,0.5411,0,0,1.073,
4,3,56,5411,0,0,10730,0.5411,0,0,1.073,
4,3,57,5411,0,0,10730,0.5411,0,0,1.073,
4,3,58,5411,0,0,10730,0.5411,0,0,1.073,
4,3,59,5411,0,0,10730,0.5411,0,0,1.073,
4,3,60,5411,0,0,10730,0.5411,0,0,1.073,
4,3,61,5411,0,0,10730,0.5411,0,0,1.073,
4,3,62,5411,0,0,10730,0.5411,0,0,1.073,
4,3,63,5411,0,0,10730,0.5411,0,0,1.073,
4,3,64,5411,0,0,10730,0.5411,0,0,1.073,
4,3,65,5411,0,0,10730,0.5411,0,0,1.073,
4,3,66,5411,0,0,10730,0.5411,0,0,1.073,
4,3,67,5411,0,0,10730,0.5411,0,0,1.073,
4,3,68,5411,0,0,10730,0.5411,0,0,1.073,
4,3,69,5411,0,0,10730,0.5411,0,0,1.073,
4,3,70,5411,0,0,10730,0.5411,0,0,1.073,
4,3,71,5411,0,0,10730,0.5411,0,0,1.073,
4,3,72,5411,0,0,10730,0.5411,0,0,1.073,
4,3,73,5411,0,0,10730,0.5411,0,0,1.073,
4,3,74,5411,0,0,10730,0.5411,0,0,1.073,
4,3,75,5411,0,0,10730,0.5411,0,0,1.073,
4,3,76,5411,0,0,10730,0.5411,0,0,1.073,
4,3,77,5411,0,0,10730,0.5411,0,0,1.073,
4,3,78,5411,0,0,10730,0.5411,0,0,1.073,
4,3,79,5411,0,0,10730,0.5411,0,0,1.073,
4,3,80,5411,0,0,10730,0.5411,0,0,1.073,
4,3,81,5411,0,0,10730,0.5411,0,0,1.073,
4,3,82,5411,0,0,10730,0.5411,0,0,1.073,
4,3,83,5411,0,0,10730,0.5411,0,0,1.073,
4,3,84,5411,0,0,10730,0.5411,0,0,1.073,
4,3,85,5411,0,0,10730,0.5411,0,0,1.073,
4,3,86,5411,0,0,10730,0.5411,0,0,1.073,
4,3,87,5411,0,0,10730,0.5411,0,0,1.073,
4,3,88,5411,0,0,10730,0.5411,0,0,1.073,
4,3,89,5411,0,0,10730,0.5411,0,0,1.073,
4,3,90,5411,0,0,10730,0.5411,0,0,1.073,
4,3,91,5411,0,0,10730,0.5411,0,0,1.073,
4,3,92,5411,0,0,10730,0.5411,0,0,1.073,
4,3,93,5411,0,0,10730,0.5411,0,0,1.073,
4,3,94,5411,0,0,10730,0.5411,0,0,1.073,
4,3,95,5411,0,0,10730,0.5411,0,0,1.073,
4,3,96,5411,0,0,10730,0.5411,0,0,1.073,
4,3,97,5411,0,0,10730,0.5411,0,0,1.073,
4,3,98,5411,0,0,10730,0.5411,0,0,1.073,
4,3,99,5411,0,0,10730,0.5411,0,0,1.073,
4,3,100,5411,0,0,10730,0.5411,0,0,1.073,
4,4,0,9980,20,120,29880,0.998,0.002,0.012,2.988,6
4,4,1,9925,44,179,29610,0.9925,0.0044,0.0179,2.961,4.06818
4,4,2,9857,50,193,29275,0.9857,0.005,0.0193,2.9275,3.86
4,4,3,9787,66,265,28926,0.9787,0.0066,0.0265,2.8926,4.01515
4,4,4,9686,98,392,28435,0.9686,0.0098,0.0392,2.8435,4
4,4,5,9503,155,607,27537,0.9503,0.0155,0.0607,2.7537,3.91613
4,4,6,9234,239,889,26251,0.9234,0.0239,0.0889,2.6251,3.71967
4,4,7,8933,279,1016,24847,0.8933,0.0279,0.1016,2.4847,3.64158
4,4,8,8606,305,1101,23351,0.8606,0.0305,0.1101,2.3351,3.60984
4,4,9,8151,401,1347,21337,0.8151,0.0401,0.1347,2.1337,3.3591
4,4,10,7779,381,1247,19734,0.7779,0.0381,0.1247,1.9734,3.27297
4,4,11,7342,432,1311,17925,0.7342,0.0432,0.1311,1.7925,3.03472
4,4,12,6986,388,1146,16499,0.6986,0.0388,0.1146,1.6499,2.95361
4,4,13,6615,380,1112,15030,0.6615,0.038,0.1112,1.503,2.92632
4,4,14,6239,383,1037,13634,0.6239,0.0383,0.1037,1.3634,2.70757
4,4,15,5934,333,869,12529,0.5934,0.0333,0.0869,1.2529,2.60961
4,4,16,5719,238,595,11796,0.5719,0.0238,0.0595,1.1796,2.5
4,4,17,5571,160,389,11297,0.5571,0.016,0.0389,1.1297,2.43125
4,4,18,5464,120,282,10947,0.5464,0.012,0.0282,1.0947,2.35
4,4,19,5379,104,224,10677,0.5379,0.0104,0.0224,1.0677,2.15385
4,4,20,5316,74,172,10473,0.5316,0.0074,0.0172,1.0473,2.32432
4,4,21,5281,44,95,10359,0.5281,0.0044,0.0095,1.0359,2.15909
4,4,22,5256,25,48,10290,0.5256,0.0025,0.0048,1.029,1.92
4,4,23,5242,20,43,10242,0.5242,0.002,0.0043,1.0242,2.15
4,4,24,5234,14,30,10217,0.5234,0.0014,0.003,1.0217,2.14286
4,4,25,5224,11,25,10186,0.5224,0.0011,0.0025,1.0186,2.27273
4,4,26,5218,5,11,10164,0.5218,0.0005,0.0011,1.0164,2.2
4,4,27,5216,4,9,10156,0.5216,0.0004,0.0009,1.0156,2.25
4,4,28,5216,1,4,10156,0.5216,0.0001,0.0004,1.0156,4
4,4,29,5211,3,6,10138,0.5211,0.0003,0.0006,1.0138,2
4,4,30,5211,0,0,10138,0.5211,0,0,1.0138,
4,4,31,5211,0,0,10138,0.5211,0,0,1.0138,
4,4,32,5211,0,0,10138,0.5211,0,0,1.0138,
4,4,33,5211,0,0,10138,0.5211,0,0,1.0138,
4,4,34,5211,0,0,10138,0.5211,0,0,1.0138,
4,4,35,5211,0,0,10138,0.5211,0,0,1.0138,
4,4,36,5211,0,0,10138,0.5211,0,0,1.0138,
4,4,37,5211,0,0,10138,0.5211,0,0,1.0138,
4,4,38,5211,0,0,10138,0.5211,0,0,1.0138,
4,4,39,5211,0,0,10138,0.5211,0,0,1.0138,
4,4,40,5211,0,0,10138,0.5211,0,0,1.0138,
4,4,41,5211,0,0,10138,0.5211,0,0,1.0138,
4,4,42,5211,0,0,10138,0.5211,0,0,1.0138,
4,4,43,5211,0,0,10138,0.5211,0,0,1.0138,
4,4,44,5211,0,0,10138,0.5211,0,0,1.0138,
4,4,45,5211,0,0,10138,0.5211,0,0,1.0138,
4,4,46,5211,0,0,10138,0.5211,0,0,1.0138,
4,4,47,5211,0,0,10138,0.5211,0,0,1.0138,
4,4,48,5211,0,0,10138,0.5211,0,0,1.0138,
4,4,49,5211,0,0,10138,0.5211,0,0,1.0138,
4,4,50,5211,0,0,10138,0.5211,0,0,1.0138,
4,4,51,5211,0,0,10138,0.5211,0,0,1.0138,
4,4,52,5211,0,0,10138,0.5211,0,0,1.0138,
4,4,53,5211,0,0,10138,0.5211,0,0,1.0138,
4,4,54,5211,0,0,10138,0.5211,0,0,1.0138,
4,4,55,5211,0,0,10138,0.5211,0,0,1.0138,
4,4,56,5211,0,0,10138,0.5211,0,0,1.0138,
4,4,57,5211,0,0,10138,0.5211,0,0,1.0138,
4,4,58,5211,0,0,10138,0.5211,0,0,1.0138,
4,4,59,5211,0,0,10138,0.5211,0,0,1.0138,
4,4,60,5211,0,0,10138,0.5211,0,0,1.0138,
4,4,61,5211,0,0,10138,0.5211,0,0,1.0138,
4,4,62,5211,0,0,10138,0.5211,0,0,1.0138,
4,4,63,5211,0,0,10138,0.5211,0,0,1.0138,
4,4,64,5211,0,0,10138,0.5211,0,0,1.0138,
4,4,65,5211,0,0,10138,0.5211,0,0,1.0138,
4,4,66,5211,0,0,10138,0.5211,0,0,1.0138,
4,4,67,5211,0,0,10138,0.5211,0,0,1.0138,
4,4,68,5211,0,0,10138,0.5211,0,0,1.0138,
4,4,69,5211,0,0,10138,0.5211,0,0,1.0138,
4,4,70,5211,0,0,10138,0.5211,0,0,1.0138,
4,4,71,5211,0,0,10138,0.5211,0,0,1.0138,
4,4,72,5211,0,0,10138,0.5211,0,0,1.0138,
4,4,73,5211,0,0,10138,0.5211,0,0,1.0138,
4,4,74,5211,0,0,10138,0.5211,0,0,1.0138,
4,4,75,5211,0,0,10138,0.5211,0,0,1.0138,
4,4,76,5211,0,0,10138,0.5211,0,0,1.0138,
4,4,77,5211,0,0,10138,0.5211,0,0,1.0138,
4,4,78,5211,0,0,10138,0.5211,0,0,1.0138,
4,4,79,5211,0,0,10138,0.5211,0,0,1.0138,
4,4,80,5211,0,0,10138,0.5211,0,0,1.0138,
4,4,81,5211,0,0,10138,0.5211,0,0,1.0138,
4,4,82,5211,0,0,10138,0.5211,0,0,1.0138,
4,4,83,5211,0,0,10138,0.5211,0,0,1.0138,
4,4,84,5211,0,0,10138,0.5211,0,0,1.0138,
4,4,85,5211,0,0,10138,0.5211,0,0,1.0138,
4,4,86,5211,0,0,10138,0.5211,0,0,1.0138,
4,4,87,5211,0,0,10138,0.5211,0,0,1.0138,
4,4,88,5211,0,0,10138,0.5211,0,0,1.0138,
4,4,89,5211,0,0,10138,0.5211,0,0,1.0138,
4,4,90,5211,0,0,10138,0.5211,0,0,1.0138,
4,4,91,5211,0,0,10138,0.5211,0,0,1.0138,
4,4,92,5211,0,0,10138,0.5211,0,0,1.0138,
4,4,93,5211,0,0,10138,0.5211,0,0,1.0138,
4,4,94,5211,0,0,10138,0.5211,0,0,1.0138,
4,4,95,5211,0,0,10138,0.5211,0,0,1.0138,
4,4,96,5211,0,0,10138,0.5211,0,0,1.0138,
4,4,97,5211,0,0,10138,0.5211,0,0,1.0138,
4,4,98,5211,0,0,10138,0.5211,0,0,1.0138,
4,4,99,5211,0,0,10138,0.5211,0,0,1.0138,
4,4,100,5211,0,0,10138,0.5211,0,0,1.0138,
4,5,0,9980,20,120,29880,0.998,0.002,0.012,2.988,6
4,5,1,9914,53,226,29554,0.9914,0.0053,0.0226,2.9554,4.26415
4,5,2,9797,103,414,28977,0.9797,0.0103,0.0414,2.8977,4.01942
4,5,3,9654,127,496,28276,0.9654,0.0127,0.0496,2.8276,3.90551
4,5,4,9474,163,633,27396,0.9474,0.0163,0.0633,2.7396,3.88344
4,5,5,9204,251,936,26103,0.9204,0.0251,0.0936,2.6103,3.72908
4,5,6,8872,316,1139,24546,0.8872,0.0316,0.1139,2.4546,3.60443
4,5,7,8485,373,1314,22789,0.8485,0.0373,0.1314,2.2789,3.52279
4,5,8,8024,415,1372,20751,0.8024,0.0415,0.1372,2.0751,3.30602
4,5,9,7578,446,1406,18881,0.7578,0.0446,0.1406,1.8881,3.15247
4,5,10,7123,486,1453,17021,0.7123,0.0486,0.1453,1.7021,2.98971
4,5,11,6648,500,1400,15164,0.6648,0.05,0.14,1.5164,2.8
4,5,12,6215,458,1217,13572,0.6215,0.0458,0.1217,1.3572,2.65721
4,5,13,5844,407,1008,12274,0.5844,0.0407,0.1008,1.2274,2.47666
4,5,14,5555,337,811,11278,0.5555,0.0337,0.0811,1.1278,2.40653
4,5,15,5325,275,652,10503,0.5325,0.0275,0.0652,1.0503,2.37091
4,5,16,5151,210,485,9950,0.5151,0.021,0.0485,0.995,2.30952
4,5,17,5042,135,311,9610,0.5042,0.0135,0.0311,0.961,2.3037
4,5,18,4961,98,221,9352,0.4961,0.0098,0.0221,0.9352,2.2551
4,5,19,4886,87,197,9124,0.4886,0.0087,0.0197,0.9124,2.26437
4,5,20,4827,70,158,8929,0.4827,0.007,0.0158,0.8929,2.25714
4,5,21,4777,64,130,8784,0.4777,0.0064,0.013,0.8784,2.03125
4,5,22,4754,37,72,8708,0.4754,0.0037,0.0072,0.8708,1.94595
4,5,23,4734,24,49,8648,0.4734,0.0024,0.0049,0.8648,2.04167
4,5,24,4723,16,30,8616,0.4723,0.0016,0.003,0.8616,1.875
4,5,25,4714,7,15,8585,0.4714,0.0007,0.0015,0.8585,2.14286
4,5,26,4712,2,7,8578,0.4712,0.0002,0.0007,0.8578,3.5
4,5,27,4708,3,6,8567,0.4708,0.0003,0.0006,0.8567,2
4,5,28,4708,0,0,8567,0.4708,0,0,0.8567,
4,5,29,4708,0,0,8567,0.4708,0,0,0.8567,
4,5,30,4708,0,0,8567,0.4708,0,0,0.8567,
4,5,31,4708,0,0,8567,0.4708,0,0,0.8567,
4,5,32,4708,0,0,8567,0.4708,0,0,0.8567,
4,5,33,4708,0,0,8567,0.4708,0,0,0.8567,
4,5,34,4708,0,0,8567,0.4708,0,0,0.8567,
4,5,35,4708,0,0,8567,0.4708,0,0,0.8567,
4,5,36,4708,0,0,8567,0.4708,0,0,0.8567,
4,5,37,4708,0,0,8567,0.4708,0,0,0.8567,
4,5,38,4708,0,0,8567,0.4708,0,0,0.8567,
4,5,39,4708,0,0,8567,0.4708,0,0,0.8567,
4,5,40,4708,0,0,8567,0.4708,0,0,0.8567,
4,5,41,4708,0,0,8567,0.4708,0,0,0.8567,
4,5,42,4708,0,0,8567,0.4708,0,0,0.8567,
4,5,43,4708,0,0,8567,0.4708,0,0,0.8567,
4,5,44,4708,0,0,8567,0.4708,0,0,0.8567,
4,5,45,4708,0,0,8567,0.4708,0,0,0.8567,
4,5,46,4708,0,0,8567,0.4708,0,0,0.8567,
4,5,47,4708,0,0,8567,0.4708,0,0,0.8567,
4,5,48,4708,0,0,8567,0.4708,0,0,0.8567,
4,5,49,4708,0,0,8567,0.4708,0,0,0.8567,
4,5,50,4708,0,0,8567,0.4708,0,0,0.8567,
4,5,51,4708,0,0,8567,0.4708,0,0,0.8567,
4,5,52,4708,0,0,8567,0.4708,0,0,0.8567,
4,5,53,4708,0,0,8567,0.4708,0,0,0.8567,
4,5,54,4708,0,0,8567,0.4708,0,0,0.8567,
4,5,55,4708,0,0,8567,0.4708,0,0,0.8567,
4,5,56,4708,0,0,8567,0.4708,0,0,0.8567,
4,5,57,4708,0,0,8567,0.4708,0,0,0.8567,
4,5,58,4708,0,0,8567,0.4708,0,0,0.8567,
4,5,59,4708,0,0,8567,0.4708,0,0,0.8567,
4,5,60,4708,0,0,8567,0.4708,0,0,0.8567,
4,5,61,4708,0,0,8567,0.4708,0,0,0.8567,
4,5,62,4708,0,0,8567,0.4708,0,0,0.8567,
4,5,63,4708,0,0,8567,0.4708,0,0,0.8567,
4,5,64,4708,0,0,8567,0.4708,0,0,0.8567,
4,5,65,4708,0,0,8567,0.4708,0,0,0.8567,
4,5,66,4708,0,0,8567,0.4708,0,0,0.8567,
4,5,67,4708,0,0,8567,0.4708,0,0,0.8567,
4,5,68,4708,0,0,8567,0.4708,0,0,0.8567,
4,5,69,4708,0,0,8567,0.4708,0,0,0.8567,
4,5,70,4708,0,0,8567,0.4708,0,0,0.8567,
4,5,71,4708,0,0,8567,0.4708,0,0,0.8567,
4,5,72,4708,0,0,8567,0.4708,0,0,0.8567,
4,5,73,4708,0,0,8567,0.4708,0,0,0.8567,
4,5,74,4708,0,0,8567,0.4708,0,0,0.8567,
4,5,75,4708,0,0,8567,0.4708,0,0,0.8567,
4,5,76,4708,0,0,8567,0.4708,0,0,0.8567,
4,5,77,4708,0,0,8567,0.4708,0,0,0.8567,
4,5,78,4708,0,0,8567,0.4708,0,0,0.8567,
4,5,79,4708,0,0,8567,0.4708,0,0,0.8567,
4,5,80,4708,0,0,8567,0.4708,0,0,0.8567,
4,5,81,4708,0,0,8567,0.4708,0,0,0.8567,
4,5,82,4708,0,0,8567,0.4708,0,0,0.8567,
4,5,83,4708,0,0,8567,0.4708,0,0,0.8567,
4,5,84,4708,0,0,8567,0.4708,0,0,0.8567,
4,5,85,4708,0,0,8567,0.4708,0,0,0.8567,
4,5,86,4708,0,0,8567,0.4708,0,0,0.8567,
4,5,87,4708,0,0,8567,0.4708,0,0,0.8567,
4,5,88,4708,0,0,8567,0.4708,0,0,0.8567,
4,5,89,4708,0,0,8567,0.4708,0,0,0.8567,
4,5,90,4708,0,0,8567,0.4708,0,0,0.8567,
4,5,91,4708,0,0,8567,0.4708,0,0,0.8567,
4,5,92,4708,0,0,8567,0.4708,0,0,0.8567,
4,5,93,4708,0,0,8567,0.4708,0,0,0.8567,
4,5,94,4708,0,0,8567,0.4708,0,0,0.8567,
4,5,95,4708,0,0,8567,0.4708,0,0,0.8567,
4,5,96,4708,0,0,8567,0.4708,0,0,0.8567,
4,5,97,4708,0,0,8567,0.4708,0,0,0.8567,
4,5,98,4708,0,0,8567,0.4708,0,0,0.8567,
4,5,99,4708,0,0,8567,0.4708,0,0,0.8567,
4,5,100,4708,0,0,8567,0.4708,0,0,0.8567,
4,6,0,9980,20,120,29880,0.998,0.002,0.012,2.988,6
4,6,1,9932,39,175,29640,0.9932,0.0039,0.0175,2.964,4.48718
4,6,2,9879,53,224,29377,0.9879,0.0053,0.0224,2.9377,4.22642
4,6,3,9800,65,255,28984,0.98,0.0065,0.0255,2.8984,3.92308
4,6,4,9696,88,338,28477,0.9696,0.0088,0.0338,2.8477,3.84091
4,6,5,9607,95,372,28040,0.9607,0.0095,0.0372,2.804,3.91579
4,6,6,9495,94,371,27498,0.9495,0.0094,0.0371,2.7498,3.94681
4,6,7,9379,114,430,26949,0.9379,0.0114,0.043,2.6949,3.77193
4,6,8,9249,119,441,26339,0.9249,0.0119,0.0441,2.6339,3.70588
4,6,9,9042,190,714,25363,0.9042,0.019,0.0714,2.5363,3.75789
4,6,10,8792,236,859,24195,0.8792,0.0236,0.0859,2.4195,3.63983
4,6,11,8497,271,940,22848,0.8497,0.0271,0.094,2.2848,3.46863
4,6,12,8200,284,923,21531,0.82,0.0284,0.0923,2.1531,3.25
4,6,13,7903,280,956,20237,0.7903,0.028,0.0956,2.0237,3.41429
4,6,14,7528,358,1168,18630,0.7528,0.0358,0.1168,1.863,3.26257
4,6,15,7202,328,1018,17294,0.7202,0.0328,0.1018,1.7294,3.10366
4,6,16,6875,325,962,15989,0.6875,0.0325,0.0962,1.5989,2.96
4,6,17,6573,307,845,14833,0.6573,0.0307,0.0845,1.4833,2.75244
4,6,18,6273,316,819,13716,0.6273,0.0316,0.0819,1.3716,2.59177
4,6,19,6042,253,634,12877,0.6042,0.0253,0.0634,1.2877,2.50593
4,6,20,5856,200,501,12218,0.5856,0.02,0.0501,1.2218,2.505
4,6,21,5700,157,382,11667,0.57,0.0157,0.0382,1.1667,2.43312
4,6,22,5613,104,239,11362,0.5613,0.0104,0.0239,1.1362,2.29808
4,6,23,5539,86,186,11119,0.5539,0.0086,0.0186,1.1119,2.16279
4,6,24,5499,50,109,10994,0.5499,0.005,0.0109,1.0994,2.18
4,6,25,5459,46,104,10858,0.5459,0.0046,0.0104,1.0858,2.26087
4,6,26,5440,29,69,10795,0.544,0.0029,0.0069,1.0795,2.37931
4,6,27,5417,27,73,10715,0.5417,0.0027,0.0073,1.0715,2.7037
4,6,28,5401,17,41,10655,0.5401,0.0017,0.0041,1.0655,2.41176
4,6,29,5393,10,25,10627,0.5393,0.001,0.0025,1.0627,2.5
4,6,30,5387,9,18,10607,0.5387,0.0009,0.0018,1.0607,2
4,6,31,5384,7,16,10598,0.5384,0.0007,0.0016,1.0598,2.28571
4,6,32,5380,2,4,10582,0.538,0.0002,0.0004,1.0582,2
4,6,33,5380,0,0,10582,0.538,0,0,1.0582,
4,6,34,5380,0,0,10582,0.538,0,0,1.0582,
4,6,35,5380,0,0,10582,0.538,0,0,1.0582,
4,6,36,5380,0,0,10582,0.538,0,0,1.0582,
4,6,37,5380,0,0,10582,0.538,0,0,1.0582,
4,6,38,5380,0,0,10582,0.538,0,0,1.0582,
4,6,39,5380,0,0,10582,0.538,0,0,1.0582,
4,6,40,5380,0,0,10582,0.538,0,0,1.0582,
4,6,41,5380,0,0,10582,0.538,0,0,1.0582,
4,6,42,5380,0,0,10582,0.538,0,0,1.0582,
4,6,43,5380,0,0,10582,0.538,0,0,1.0582,
4,6,44,5380,0,0,10582,0.538,0,0,1.0582,
4,6,45,5380,0,0,10582,0.538,0,0,1.0582,
4,6,46,5380,0,0,10582,0.538,0,0,1.0582,
4,6,47,5380,0,0,10582,0.538,0,0,1.0582,
4,6,48,5380,0,0,10582,0.538,0,0,1.0582,
4,6,49,5380,0,0,10582,0.538,0,0,1.0582,
4,6,50,5380,0,0,10582,0.538,0,0,1.0582,
4,6,51,5380,0,0,10582,0.538,0,0,1.0582,
4,6,52,5380,0,0,10582,0.538,0,0,1.0582,
4,6,53,5380,0,0,10582,0.538,0,0,1.0582,
4,6,54,5380,0,0,10582,0.538,0,0,1.0582,
4,6,55,5380,0,0,10582,0.538,0,0,1.0582,
4,6,56,5380,0,0,10582,0.538,0,0,1.0582,
4,6,57,5380,0,0,10582,0.538,0,0,1.0582,
4,6,58,5380,0,0,10582,0.538,0,0,1.0582,
4,6,59,5380,0,0,10582,0.538,0,0,1.0582,
4,6,60,5380,0,0,10582,0.538,0,0,1.0582,
4,6,61,5380,0,0,10582,0.538,0,0,1.0582,
4,6,62,5380,0,0,10582,0.538,0,0,1.0582,
4,6,63,5380,0,0,10582,0.538,0,0,1.0582,
4,6,64,5380,0,0,10582,0.538,0,0,1.0582,
4,6,65,5380,0,0,10582,0.538,0,0,1.0582,
4,6,66,5380,0,0,10582,0.538,0,0,1.0582,
4,6,67,5380,0,0,10582,0.538,0,0,1.0582,
4,6,68,5380,0,0,10582,0.538,0,0,1.0582,
4,6,69,5380,0,0,10582,0.538,0,0,1.0582,
4,6,70,5380,0,0,10582,0.538,0,0,1.0582,
4,6,71,5380,0,0,10582,0.538,0,0,1.0582,
4,6,72,5380,0,0,10582,0.538,0,0,1.0582,
4,6,73,5380,0,0,10582,0.538,0,0,1.0582,
4,6,74,5380,0,0,10582,0.538,0,0,1.0582,
4,6,75,5380,0,0,10582,0.538,0,0,1.0582,
4,6,76,5380,0,0,10582,0.538,0,0,1.0582,
4,6,77,5380,0,0,10582,0.538,0,0,1.0582,
4,6,78,5380,0,0,10582,0.538,0,0,1.0582,
4,6,79,5380,0,0,10582,0.538,0,0,1.0582,
4,6,80,5380,0,0,10582,0.538,0,0,1.0582,
4,6,81,5380,0,0,10582,0.538,0,0,1.0582,
4,6,82,5380,0,0,10582,0.538,0,0,1.0582,
4,6,83,5380,0,0,10582,0.538,0,0,1.0582,
4,6,84,5380,0,0,10582,0.538,0,0,1.0582,
4,6,85,5380,0,0,10582,0.538,0,0,1.0582,
4,6,86,5380,0,0,10582,0.538,0,0,1.0582,
4,6,87,5380,0,0,10582,0.538,0,0,1.0582,
4,6,88,5380,0,0,10582,0.538,0,0,1.0582,
4,6,89,5380,0,0,10582,0.538,0,0,1.0582,
4,6,90,5380,0,0,10582,0.538,0,0,1.0582,
4,6,91,5380,0,0,10582,0.538,0,0,1.0582,
4,6,92,5380,0,0,10582,0.538,0,0,1.0582,
4,6,93,5380,0,0,10582,0.538,0,0,1.0582,
4,6,94,5380,0,0,10582,0.538,0,0,1.0582,
4,6,95,5380,0,0,10582,0.538,0,0,1.0582,
4,6,96,5380,0,0,10582,0.538,0,0,1.0582,
4,6,97,5380,0,0,10582,0.538,0,0,1.0582,
4,6,98,5380,0,0,10582,0.538,0,0,1.0582,
4,6,99,5380,0,0,10582,0.538,0,0,1.0582,
4,6,100,5380,0,0,10582,0.538,0,0,1.0582,
4,7,0,9980,20,120,29880,0.998,0.002,0.012,2.988,6
4,7,1,9922,38,167,29592,0.9922,0.0038,0.0167,2.9592,4.39474
4,7,2,9837,72,290,29173,0.9837,0.0072,0.029,2.9173,4.02778
4,7,3,9732,99,379,28654,0.9732,0.0099,0.0379,2.8654,3.82828
4,7,4,9588,120,445,27953,0.9588,0.012,0.0445,2.7953,3.70833
4,7,5,9419,164,609,27135,0.9419,0.0164,0.0609,2.7135,3.71341
4,7,6,9257,149,555,26351,0.9257,0.0149,0.0555,2.6351,3.72483
4,7,7,9026,205,756,25273,0.9026,0.0205,0.0756,2.5273,3.6878
4,7,8,8792,231,850,24199,0.8792,0.0231,0.085,2.4199,3.67965
4,7,9,8495,268,959,22850,0.8495,0.0268,0.0959,2.285,3.57836
4,7,10,8214,266,887,21622,0.8214,0.0266,0.0887,2.1622,3.33459
4,7,11,7933,270,871,20403,0.7933,0.027,0.0871,2.0403,3.22593
4,7,12,7625,287,914,19083,0.7625,0.0287,0.0914,1.9083,3.18467
4,7,13,7359,267,830,17966,0.7359,0.0267,0.083,1.7966,3.10861
4,7,14,7133,254,745,17045,0.7133,0.0254,0.0745,1.7045,2.93307
4,7,15,6899,255,716,16117,0.6899,0.0255,0.0716,1.6117,2.80784
4,7,16,6693,225,646,15314,0.6693,0.0225,0.0646,1.5314,2.87111
4,7,17,6522,184,508,14675,0.6522,0.0184,0.0508,1.4675,2.76087
4,7,18,6361,173,466,14082,0.6361,0.0173,0.0466,1.4082,2.69364
4,7,19,6248,133,353,13659,0.6248,0.0133,0.0353,1.3659,2.65414
4,7,20,6151,121,307,13315,0.6151,0.0121,0.0307,1.3315,2.53719
4,7,21,6049,102,273,12946,0.6049,0.0102,0.0273,1.2946,2.67647
4,7,22,5969,109,290,12651,0.5969,0.0109,0.029,1.2651,2.66055
4,7,23,5905,77,202,12424,0.5905,0.0077,0.0202,1.2424,2.62338
4,7,24,5846,68,188,12207,0.5846,0.0068,0.0188,1.2207,2.76471
4,7,25,5810,42,98,12087,0.581,0.0042,0.0098,1.2087,2.33333
4,7,26,5790,20,43,12013,0.579,0.002,0.0043,1.2013,2.15
4,7,27,5783,11,30,11985,0.5783,0.0011,0.003,1.1985,2.72727
4,7,28,5777,11,29,11962,0.5777,0.0011,0.0029,1.1962,2.63636
4,7,29,5774,4,10,11955,0.5774,0.0004,0.001,1.1955,2.5
4,7,30,5774,0,0,11955,0.5774,0,0,1.1955,
4,7,31,5774,0,0,11955,0.5774,0,0,1.1955,
4,7,32,5774,0,0,11955,0.5774,0,0,1.1955,
4,7,33,5774,0,0,11955,0.5774,0,0,1.1955,
4,7,34,5774,0,0,11955,0.5774,0,0,1.1955,
4,7,35,5774,0,0,11955,0.5774,0,0,1.1955,
4,7,36,5774,0,0,11955,0.5774,0,0,1.1955,
4,7,37,5774,0,0,11955,0.5774,0,0,1.1955,
4,7,38,5774,0,0,11955,0.5774,0,0,1.1955,
4,7,39,5774,0,0,11955,0.5774,0,0,1.1955,
4,7,40,5774,0,0,11955,0.5774,0,0,1.1955,
4,7,41,5774,0,0,11955,0.5774,0,0,1.1955,
4,7,42,5774,0,0,11955,0.5774,0,0,1.1955,
4,7,43,5774,0,0,11955,0.5774,0,0,1.1955,
4,7,44,5774,0,0,11955,0.5774,0,0,1.1955,
4,7,45,5774,0,0,11955,0.5774,0,0,1.1955,
4,7,46,5774,0,0,11955,0.5774,0,0,1.1955,
4,7,47,5774,0,0,11955,0.5774,0,0,1.1955,
4,7,48,5774,0,0,11955,0.5774,0,0,1.1955,
4,7,49,5774,0,0,11955,0.5774,0,0,1.1955,
4,7,50,5774,0,0,11955,0.5774,0,0,1.1955,
4,7,51,5774,0,0,11955,0.5774,0,0,1.1955,
4,7,52,5774,0,0,11955,0.5774,0,0,1.1955,
4,7,53,5774,0,0,11955,0.5774,0,0,1.1955,
4,7,54,5774,0,0,11955,0.5774,0,0,1.1955,
4,7,55,5774,0,0,11955,0.5774,0,0,1.1955,
4,7,56,5774,0,0,11955,0.5774,0,0,1.1955,
4,7,57,5774,0,0,11955,0.5774,0,0,1.1955,
4,7,58,5774,0,0,11955,0.5774,0,0,1.1955,
4,7,59,5774,0,0,11955,0.5774,0,0,1.1955,
4,7,60,5774,0,0,11955,0.5774,0,0,1.1955,
4,7,61,5774,0,0,11955,0.5774,0,0,1.1955,
4,7,62,5774,0,0,11955,0.5774,0,0,1.1955,
4,7,63,5774,0,0,11955,0.5774,0,0,1.1955,
4,7,64,5774,0,0,11955,0.5774,0,0,1.1955,
4,7,65,5774,0,0,11955,0.5774,0,0,1.1955,
4,7,66,5774,0,0,11955,0.5774,0,0,1.1955,
4,7,67,5774,0,0,11955,0.5774,0,0,1.1955,
4,7,68,5774,0,0,11955,0.5774,0,0,1.1955,
4,7,69,5774,0,0,11955,0.5774,0,0,1.1955,
4,7,70,5774,0,0,11955,0.5774,0,0,1.1955,
4,7,71,5774,0,0,11955,0.5774,0,0,1.1955,
4,7,72,5774,0,0,11955,0.5774,0,0,1.1955,
4,7,73,5774,0,0,11955,0.5774,0,0,1.1955,
4,7,74,5774,0,0,11955,0.5774,0,0,1.1955,
4,7,75,5774,0,0,11955,0.5774,0,0,1.1955,
4,7,76,5774,0,0,11955,0.5774,0,0,1.1955,
4,7,77,5774,0,0,11955,0.5774,0,0,1.1955,
4,7,78,5774,0,0,11955,0.5774,0,0,1.1955,
4,7,79,5774,0,0,11955,0.5774,0,0,1.1955,
4,7,80,5774,0,0,11955,0.5774,0,0,1.1955,
4,7,81,5774,0,0,11955,0.5774,0,0,1.1955,
4,7,82,5774,0,0,11955,0.5774,0,0,1.1955,
4,7,83,5774,0,0,11955,0.5774,0,0,1.1955,
4,7,84,5774,0,0,11955,0.5774,0,0,1.1955,
4,7,85,5774,0,0,11955,0.5774,0,0,1.1955,
4,7,86,5774,0,0,11955,0.5774,0,0,1.1955,
4,7,87,5774,0,0,11955,0.5774,0,0,1.1955,
4,7,88,5774,0,0,11955,0.5774,0,0,1.1955,
4,7,89,5774,0,0,11955,0.5774,0,0,1.1955,
4,7,90,5774,0,0,11955,0.5774,0,0,1.1955,
4,7,91,5774,0,0,11955,0.5774,0,0,1.1955,
4,7,92,5774,0,0,11955,0.5774,0,0,1.1955,
4,7,93,5774,0,0,11955,0.5774,0,0,1.1955,
4,7,94,5774,0,0,11955,0.5774,0,0,1.1955,
4,7,95,5774,0,0,11955,0.5774,0,0,1.1955,
4,7,96,5774,0,0,11955,0.5774,0,0,1.1955,
4,7,97,5774,0,0,11955,0.5774,0,0,1.1955,
4,7,98,5774,0,0,11955,0.5774,0,0,1.1955,
4,7,99,5774,0,0,11955,0.5774,0,0,1.1955,
4,7,100,5774,0,0,11955,0.5774,0,0,1.1955,
4,8,0,9980,20,120,29880,0.998,0.002,0.012,2.988,6
4,8,1,9946,33,148,29712,0.9946,0.0033,0.0148,2.9712,4.48485
4,8,2,9883,54,222,29402,0.9883,0.0054,0.0222,2.9402,4.11111
4,8,3,9809,70,291,29035,0.9809,0.007,0.0291,2.9035,4.15714
4,8,4,9690,114,450,28451,0.969,0.0114,0.045,2.8451,3.94737
4,8,5,9539,131,493,27713,0.9539,0.0131,0.0493,2.7713,3.76336
4,8,6,9391,140,520,27000,0.9391,0.014,0.052,2.7,3.71429
4,8,7,9222,143,529,26187,0.9222,0.0143,0.0529,2.6187,3.6993
4,8,8,9009,183,680,25193,0.9009,0.0183,0.068,2.5193,3.71585
4,8,9,8797,203,722,24208,0.8797,0.0203,0.0722,2.4208,3.55665
4,8,10,8550,263,909,23084,0.855,0.0263,0.0909,2.3084,3.45627
4,8,11,8267,260,892,21829,0.8267,0.026,0.0892,2.1829,3.43077
4,8,12,8021,240,827,20736,0.8021,0.024,0.0827,2.0736,3.44583
4,8,13,7775,244,807,19672,0.7775,0.0244,0.0807,1.9672,3.30738
4,8,14,7479,268,854,18431,0.7479,0.0268,0.0854,1.8431,3.18657
4,8,15,7204,268,790,17319,0.7204,0.0268,0.079,1.7319,2.94776
4,8,16,6962,262,784,16361,0.6962,0.0262,0.0784,1.6361,2.99237
4,8,17,6676,278,791,15268,0.6676,0.0278,0.0791,1.5268,2.84532
4,8,18,6425,266,709,14348,0.6425,0.0266,0.0709,1.4348,2.66541
4,8,19,6207,236,604,13560,0.6207,0.0236,0.0604,1.356,2.55932
4,8,20,5992,242,625,12777,0.5992,0.0242,0.0625,1.2777,2.58264
4,8,21,5815,208,506,12167,0.5815,0.0208,0.0506,1.2167,2.43269
4,8,22,5674,163,394,11663,0.5674,0.0163,0.0394,1.1663,2.41718
4,8,23,5559,119,299,11256,0.5559,0.0119,0.0299,1.1256,2.51261
4,8,24,5464,103,244,10940,0.5464,0.0103,0.0244,1.094,2.36893
4,8,25,5380,91,217,10652,0.538,0.0091,0.0217,1.0652,2.38462
4,8,26,5318,75,187,10443,0.5318,0.0075,0.0187,1.0443,2.49333
4,8,27,5260,58,144,10237,0.526,0.0058,0.0144,1.0237,2.48276
4,8,28,5214,60,149,10083,0.5214,0.006,0.0149,1.0083,2.48333
4,8,29,5162,63,152,9900,0.5162,0.0063,0.0152,0.99,2.4127
4,8,30,5136,36,87,9815,0.5136,0.0036,0.0087,0.9815,2.41667
4,8,31,5114,24,57,9742,0.5114,0.0024,0.0057,0.9742,2.375
4,8,32,5104,11,22,9714,0.5104,0.0011,0.0022,0.9714,2
4,8,33,5096,6,10,9691,0.5096,0.0006,0.001,0.9691,1.66667
4,8,34,5096,2,2,9691,0.5096,0.0002,0.0002,0.9691,1
4,8,35,5096,0,0,9691,0.5096,0,0,0.9691,
4,8,36,5096,0,0,9691,0.5096,0,0,0.9691,
4,8,37,5096,0,0,9691,0.5096,0,0,0.9691,
4,8,38,5096,0,0,9691,0.5096,0,0,0.9691,
4,8,39,5096,0,0,9691,0.5096,0,0,0.9691,
4,8,40,5096,0,0,9691,0.5096,0,0,0.9691,
4,8,41,5096,0,0,9691,0.5096,0,0,0.9691,
4,8,42,5096,0,0,9691,0.5096,0,0,0.9691,
4,8,43,5096,0,0,9691,0.5096,0,0,0.9691,
4,8,44,5096,0,0,9691,0.5096,0,0,0.9691,
4,8,45,5096,0,0,9691,0.5096,0,0,0.9691,
4,8,46,5096,0,0,9691,0.5096,0,0,0.9691,
4,8,47,5096,0,0,9691,0.5096,0,0,0.9691,
4,8,48,5096,0,0,9691,0.5096,0,0,0.9691,
4,8,49,5096,0,0,9691,0.5096,0,0,0.9691,
4,8,50,5096,0,0,9691,0.5096,0,0,0.9691,
4,8,51,5096,0,0,9691,0.5096,0,0,0.9691,
4,8,52,5096,0,0,9691,0.5096,0,0,0.9691,
4,8,53,5096,0,0,9691,0.5096,0,0,0.9691,
4,8,54,5096,0,0,9691,0.5096,0,0,0.9691,
4,8,55,5096,0,0,9691,0.5096,0,0,0.9691,
4,8,56,5096,0,0,9691,0.5096,0,0,0.9691,
4,8,57,5096,0,0,9691,0.5096,0,0,0.9691,
4,8,58,5096,0,0,9691,0.5096,0,0,0.9691,
4,8,59,5096,0,0,9691,0.5096,0,0,0.9691,
4,8,60,5096,0,0,9691,0.5096,0,0,0.9691,
4,8,61,5096,0,0,9691,0.5096,0,0,0.9691,
4,8,62,5096,0,0,9691,0.5096,0,0,0.9691,
4,8,63,5096,0,0,9691,0.5096,0,0,0.9691,
4,8,64,5096,0,0,9691,0.5096,0,0,0.9691,
4,8,65,5096,0,0,9691,0.5096,0,0,0.9691,
4,8,66,5096,0,0,9691,0.5096,0,0,0.9691,
4,8,67,5096,0,0,9691,0.5096,0,0,0.9691,
4,8,68,5096,0,0,9691,0.5096,0,0,0.9691,
4,8,69,5096,0,0,9691,0.5096,0,0,0.9691,
4,8,70,5096,0,0,9691,0.5096,0,0,0.9691,
4,8,71,5096,0,0,9691,0.5096,0,0,0.9691,
4,8,72,5096,0,0,9691,0.5096,0,0,0.9691,
4,8,73,5096,0,0,9691,0.5096,0,0,0.9691,
4,8,74,5096,0,0,9691,0.5096,0,0,0.9691,
4,8,75,5096,0,0,9691,0.5096,0,0,0.9691,
4,8,76,5096,0,0,9691,0.5096,0,0,0.9691,
4,8,77,5096,0,0,9691,0.5096,0,0,0.9691,
4,8,78,5096,0,0,9691,0.5096,0,0,0.9691,
4,8,79,5096,0,0,9691,0.5096,0,0,0.9691,
4,8,80,5096,0,0,9691,0.5096,0,0,0.9691,
4,8,81,5096,0,0,9691,0.5096,0,0,0.9691,
4,8,82,5096,0,0,9691,0.5096,0,0,0.9691,
4,8,83,5096,0,0,9691,0.5096,0,0,0.9691,
4,8,84,5096,0,0,9691,0.5096,0,0,0.9691,
4,8,85,5096,0,0,9691,0.5096,0,0,0.9691,
4,8,86,5096,0,0,9691,0.5096,0,0,0.9691,
4,8,87,5096,0,0,9691,0.5096,0,0,0.9691,
4,8,88,5096,0,0,9691,0.5096,0,0,0.9691,
4,8,89,5096,0,0,9691,0.5096,0,0,0.9691,
4,8,90,5096,0,0,9691,0.5096,0,0,0.9691,
4,8,91,5096,0,0,9691,0.5096,0,0,0.9691,
4,8,92,5096,0,0,9691,0.5096,0,0,0.9691,
4,8,93,5096,0,0,9691,0.5096,0,0,0.9691,
4,8,94,5096,0,0,9691,0.5096,0,0,0.9691,
4,8,95,5096,0,0,9691,0.5096,0,0,0.9691,
4,8,96,5096,0,0,9691,0.5096,0,0,0.9691,
4,8,97,5096,0,0,9691,0.5096,0,0,0.9691,
4,8,98,5096,0,0,9691,0.5096,0,0,0.9691,
4,8,99,5096,0,0,9691,0.5096,0,0,0.9691,
4,8,100,5096,0,0,9691,0.5096,0,0,0.9691,
4,9,0,9980,20,118,29881,0.998,0.002,0.0118,2.9881,5.9
4,9,1,9947,32,138,29716,0.9947,0.0032,0.0138,2.9716,4.3125
4,9,2,9909,35,148,29527,0.9909,0.0035,0.0148,2.9527,4.22857
4,9,3,9870,30,119,29335,0.987,0.003,0.0119,2.9335,3.96667
4,9,4,9825,42,159,29111,0.9825,0.0042,0.0159,2.9111,3.78571
4,9,5,9771,54,215,28845,0.9771,0.0054,0.0215,2.8845,3.98148
4,9,6,9714,55,220,28565,0.9714,0.0055,0.022,2.8565,4
4,9,7,9655,58,215,28278,0.9655,0.0058,0.0215,2.8278,3.7069
4,9,8,9570,81,304,27858,0.957,0.0081,0.0304,2.7858,3.75309
4,9,9,9447,109,431,27259,0.9447,0.0109,0.0431,2.7259,3.95413
4,9,10,9223,187,703,26191,0.9223,0.0187,0.0703,2.6191,3.75936
4,9,11,9000,211,788,25130,0.9,0.0211,0.0788,2.513,3.7346
4,9,12,8734,253,919,23903,0.8734,0.0253,0.0919,2.3903,3.63241
4,9,13,8389,326,1114,22368,0.8389,0.0326,0.1114,2.2368,3.41718
4,9,14,8034,334,1108,20822,0.8034,0.0334,0.1108,2.0822,3.31737
4,9,15,7641,385,1261,19145,0.7641,0.0385,0.1261,1.9145,3.27532
4,9,16,7155,463,1390,17166,0.7155,0.0463,0.139,1.7166,3.00216
4,9,17,6646,504,1412,15172,0.6646,0.0504,0.1412,1.5172,2.80159
4,9,18,6245,436,1149,13681,0.6245,0.0436,0.1149,1.3681,2.63532
4,9,19,5921,367,922,12503,0.5921,0.0367,0.0922,1.2503,2.51226
4,9,20,5654,313,773,11590,0.5654,0.0313,0.0773,1.159,2.46965
4,9,21,5427,271,637,10855,0.5427,0.0271,0.0637,1.0855,2.35055
4,9,22,5241,217,490,10236,0.5241,0.0217,0.049,1.0236,2.25806
4,9,23,5122,151,344,9866,0.5122,0.0151,0.0344,0.9866,2.27815
4,9,24,5035,111,244,9581,0.5035,0.0111,0.0244,0.9581,2.1982
4,9,25,4949,90,181,9317,0.4949,0.009,0.0181,0.9317,2.01111
4,9,26,4920,53,98,9229,0.492,0.0053,0.0098,0.9229,1.84906
4,9,27,4901,26,54,9168,0.4901,0.0026,0.0054,0.9168,2.07692
4,9,28,4891,18,35,9139,0.4891,0.0018,0.0035,0.9139,1.94444
4,9,29,4879,14,28,9101,0.4879,0.0014,0.0028,0.9101,2
4,9,30,4867,13,37,9056,0.4867,0.0013,0.0037,0.9056,2.84615
4,9,31,4856,10,23,9023,0.4856,0.001,0.0023,0.9023,2.3
4,9,32,4852,6,12,9012,0.4852,0.0006,0.0012,0.9012,2
4,9,33,4852,2,2,9012,0.4852,0.0002,0.0002,0.9012,1
4,9,34,4851,0,0,9008,0.4851,0,0,0.9008,
4,9,35,4851,0,0,9008,0.4851,0,0,0.9008,
4,9,36,4851,0,0,9008,0.4851,0,0,0.9008,
4,9,37,4851,0,0,9008,0.4851,0,0,0.9008,
4,9,38,4851,0,0,9008,0.4851,0,0,0.9008,
4,9,39,4851,0,0,9008,0.4851,0,0,0.9008,
4,9,40,4851,0,0,9008,0.4851,0,0,0.9008,
4,9,41,4851,0,0,9008,0.4851,0,0,0.9008,
4,9,42,4851,0,0,9008,0.4851,0,0,0.9008,
4,9,43,4851,0,0,9008,0.4851,0,0,0.9008,
4,9,44,4851,0,0,9008,0.4851,0,0,0.9008,
4,9,45,4851,0,0,9008,0.4851,0,0,0.9008,
4,9,46,4851,0,0,9008,0.4851,0,0,0.9008,
4,9,47,4851,0,0,9008,0.4851,0,0,0.9008,
4,9,48,4851,0,0,9008,0.4851,0,0,0.9008,
4,9,49,4851,0,0,9008,0.4851,0,0,0.9008,
4,9,50,4851,0,0,9008,0.4851,0,0,0.9008,
4,9,51,4851,0,0,9008,0.4851,0,0,0.9008,
4,9,52,4851,0,0,9008,0.4851,0,0,0.9008,
4,9,53,4851,0,0,9008,0.4851,0,0,0.9008,
4,9,54,4851,0,0,9008,0.4851,0,0,0.9008,
4,9,55,4851,0,0,9008,0.4851,0,0,0.9008,
4,9,56,4851,0,0,9008,0.4851,0,0,0.9008,
4,9,57,4851,0,0,9008,0.4851,0,0,0.9008,
4,9,58,4851,0,0,9008,0.4851,0,0,0.9008,
4,9,59,4851,0,0,9008,0.4851,0,0,0.9008,
4,9,60,4851,0,0,9008,0.4851,0,0,0.9008,
4,9,61,4851,0,0,9008,0.4851,0,0,0.9008,
4,9,62,4851,0,0,9008,0.4851,0,0,0.9008,
4,9,63,4851,0,0,9008,0.4851,0,0,0.9008,
4,9,64,4851,0,0,9008,0.4851,0,0,0.9008,
4,9,65,4851,0,0,9008,0.4851,0,0,0.9008,
4,9,66,4851,0,0,9008,0.4851,0,0,0.9008,
4,9,67,4851,0,0,9008,0.4851,0,0,0.9008,
4,9,68,4851,0,0,9008,0.4851,0,0,0.9008,
4,9,69,4851,0,0,9008,0.4851,0,0,0.9008,
4,9,70,4851,0,0,9008,0.4851,0,0,0.9008,
4,9,71,4851,0,0,9008,0.4851,0,0,0.9008,
4,9,72,4851,0,0,9008,0.4851,0,0,0.9008,
4,9,73,4851,0,0,9008,0.4851,0,0,0.9008,
4,9,74,4851,0,0,9008,0.4851,0,0,0.9008,
4,9,75,4851,0,0,9008,0.4851,0,0,0.9008,
4,9,76,4851,0,0,9008,0.4851,0,0,0.9008,
4,9,77,4851,0,0,9008,0.4851,0,0,0.9008,
4,9,78,4851,0,0,9008,0.4851,0,0,0.9008,
4,9,79,4851,0,0,9008,0.4851,0,0,0.9008,
4,9,80,4851,0,0,9008,0.4851,0,0,0.9008,
4,9,81,4851,0,0,9008,0.4851,0,0,0.9008,
4,9,82,4851,0,0,9008,0.4851,0,0,0.9008,
4,9,83,4851,0,0,9008,0.4851,0,0,0.9008,
4,9,84,4851,0,0,9008,0.4851,0,0,0.9008,
4,9,85,4851,0,0,9008,0.4851,0,0,0.9008,
4,9,86,4851,0,0,9008,0.4851,0,0,0.9008,
4,9,87,4851,0,0,9008,0.4851,0,0,0.9008,
4,9,88,4851,0,0,9008,0.4851,0,0,0.9008,
4,9,89,4851,0,0,9008,0.4851,0,0,0.9008,
4,9,90,4851,0,0,9008,0.4851,0,0,0.9008,
4,9,91,4851,0,0,9008,0.4851,0,0,0.9008,
4,9,92,4851,0,0,9008,0.4851,0,0,0.9008,
4,9,93,4851,0,0,9008,0.4851,0,0,0.9008,
4,9,94,4851,0,0,9008,0.4851,0,0,0.9008,
4,9,95,4851,0,0,9008,0.4851,0,0,0.9008,
4,9,96,4851,0,0,9008,0.4851,0,0,0.9008,
4,9,97,4851,0,0,9008,0.4851,0,0,0.9008,
4,9,98,4851,0,0,9008,0.4851,0,0,0.9008,
4,9,99,4851,0,0,9008,0.4851,0,0,0.9008,
4,9,100,4851,0,0,9008,0.4851,0,0,0.9008,
4,10,0,9980,20,120,29880,0.998,0.002,0.012,2.988,6
4,10,1,9915,60,258,29556,0.9915,0.006,0.0258,2.9556,4.3
4,10,2,9859,55,224,29283,0.9859,0.0055,0.0224,2.9283,4.07273
4,10,3,9787,69,272,28928,0.9787,0.0069,0.0272,2.8928,3.94203
4,10,4,9683,86,337,28418,0.9683,0.0086,0.0337,2.8418,3.9186
4,10,5,9560,107,406,27818,0.956,0.0107,0.0406,2.7818,3.79439
4,10,6,9406,134,500,27066,0.9406,0.0134,0.05,2.7066,3.73134
4,10,7,9223,165,610,26194,0.9223,0.0165,0.061,2.6194,3.69697
4,10,8,8970,237,851,25013,0.897,0.0237,0.0851,2.5013,3.59072
4,10,9,8712,227,796,23819,0.8712,0.0227,0.0796,2.3819,3.50661
4,10,10,8370,298,1004,22282,0.837,0.0298,0.1004,2.2282,3.36913
4,10,11,8061,301,985,20962,0.8061,0.0301,0.0985,2.0962,3.27243
4,10,12,7718,330,1049,19498,0.7718,0.033,0.1049,1.9498,3.17879
4,10,13,7367,370,1104,18056,0.7367,0.037,0.1104,1.8056,2.98378
4,10,14,7003,366,1042,16612,0.7003,0.0366,0.1042,1.6612,2.84699
4,10,15,6672,356,988,15333,0.6672,0.0356,0.0988,1.5333,2.77528
4,10,16,6387,324,890,14260,0.6387,0.0324,0.089,1.426,2.74691
4,10,17,6125,285,759,13308,0.6125,0.0285,0.0759,1.3308,2.66316
4,10,18,5864,272,703,12364,0.5864,0.0272,0.0703,1.2364,2.58456
4,10,19,5674,216,522,11698,0.5674,0.0216,0.0522,1.1698,2.41667
4,10,20,5563,148,318,11334,0.5563,0.0148,0.0318,1.1334,2.14865
4,10,21,5492,91,189,11100,0.5492,0.0091,0.0189,1.11,2.07692
4,10,22,5442,72,184,10923,0.5442,0.0072,0.0184,1.0923,2.55556
4,10,23,5391,58,122,10752,0.5391,0.0058,0.0122,1.0752,2.10345
4,10,24,5362,42,102,10646,0.5362,0.0042,0.0102,1.0646,2.42857
4,10,25,5320,38,90,10502,0.532,0.0038,0.009,1.0502,2.36842
4,10,26,5299,25,59,10428,0.5299,0.0025,0.0059,1.0428,2.36
4,10,27,5286,18,38,10384,0.5286,0.0018,0.0038,1.0384,2.11111
4,10,28,5283,15,28,10376,0.5283,0.0015,0.0028,1.0376,1.86667
4,10,29,5280,9,19,10364,0.528,0.0009,0.0019,1.0364,2.11111
4,10,30,5271,12,27,10334,0.5271,0.0012,0.0027,1.0334,2.25
4,10,31,5262,7,13,10311,0.5262,0.0007,0.0013,1.0311,1.85714
4,10,32,5260,6,15,10303,0.526,0.0006,0.0015,1.0303,2.5
4,10,33,5254,6,14,10279,0.5254,0.0006,0.0014,1.0279,2.33333
4,10,34,5253,1,3,10277,0.5253,0.0001,0.0003,1.0277,3
4,10,35,5252,0,0,10274,0.5252,0,0,1.0274,
4,10,36,5252,0,0,10274,0.5252,0,0,1.0274,
4,10,37,5252,0,0,10274,0.5252,0,0,1.0274,
4,10,38,5252,0,0,10274,0.5252,0,0,1.0274,
4,10,39,5252,0,0,10274,0.5252,0,0,1.0274,
4,10,40,5252,0,0,10274,0.5252,0,0,1.0274,
4,10,41,5252,0,0,10274,0.5252,0,0,1.0274,
4,10,42,5252,0,0,10274,0.5252,0,0,1.0274,
4,10,43,5252,0,0,10274,0.5252,0,0,1.0274,
4,10,44,5252,0,0,10274,0.5252,0,0,1.0274,
4,10,45,5252,0,0,10274,0.5252,0,0,1.0274,
4,10,46,5252,0,0,10274,0.5252,0,0,1.0274,
4,10,47,5252,0,0,10274,0.5252,0,0,1.0274,
4,10,48,5252,0,0,10274,0.5252,0,0,1.0274,
4,10,49,5252,0,0,10274,0.5252,0,0,1.0274,
4,10,50,5252,0,0,10274,0.5252,0,0,1.0274,
4,10,51,5252,0,0,10274,0.5252,0,0,1.0274,
4,10,52,5252,0,0,10274,0.5252,0,0,1.0274,
4,10,53,5252,0,0,10274,0.5252,0,0,1.0274,
4,10,54,5252,0,0,10274,0.5252,0,0,1.0274,
4,10,55,5252,0,0,10274,0.5252,0,0,1.0274,
4,10,56,5252,0,0,10274,0.5252,0,0,1.0274,
4,10,57,5252,0,0,10274,0.5252,0,0,1.0274,
4,10,58,5252,0,0,10274,0.5252,0,0,1.0274,
4,10,59,5252,0,0,10274,0.5252,0,0,1.0274,
4,10,60,5252,0,0,10274,0.5252,0,0,1.0274,
4,10,61,5252,0,0,10274,0.5252,0,0,1.0274,
4,10,62,5252,0,0,10274,0.5252,0,0,1.0274,
4,10,63,5252,0,0,10274,0.5252,0,0,1.0274,
4,10,64,5252,0,0,10274,0.5252,0,0,1.0274,
4,10,65,5252,0,0,10274,0.5252,0,0,1.0274,
4,10,66,5252,0,0,10274,0.5252,0,0,1.0274,
4,10,67,5252,0,0,10274,0.5252,0,0,1.0274,
4,10,68,5252,0,0,10274,0.5252,0,0,1.0274,
4,10,69,5252,0,0,10274,0.5252,0,0,1.0274,
4,10,70,5252,0,0,10274,0.5252,0,0,1.0274,
4,10,71,5252,0,0,10274,0.5252,0,0,1.0274,
4,10,72,5252,0,0,10274,0.5252,0,0,1.0274,
4,10,73,5252,0,0,10274,0.5252,0,0,1.0274,
4,10,74,5252,0,0,10274,0.5252,0,0,1.0274,
4,10,75,5252,0,0,10274,0.5252,0,0,1.0274,
4,10,76,5252,0,0,10274,0.5252,0,0,1.0274,
4,10,77,5252,0,0,10274,0.5252,0,0,1.0274,
4,10,78,5252,0,0,10274,0.5252,0,0,1.0274,
4,10,79,5252,0,0,10274,0.5252,0,0,1.0274,
4,10,80,5252,0,0,10274,0.5252,0,0,1.0274,
4,10,81,5252,0,0,10274,0.5252,0,0,1.0274,
4,10,82,5252,0,0,10274,0.5252,0,0,1.0274,
4,10,83,5252,0,0,10274,0.5252,0,0,1.0274,
4,10,84,5252,0,0,10274,0.5252,0,0,1.0274,
4,10,85,5252,0,0,10274,0.5252,0,0,1.0274,
4,10,86,5252,0,0,10274,0.5252,0,0,1.0274,
4,10,87,5252,0,0,10274,0.5252,0,0,1.0274,
4,10,88,5252,0,0,10274,0.5252,0,0,1.0274,
4,10,89,5252,0,0,10274,0.5252,0,0,1.0274,
4,10,90,5252,0,0,10274,0.5252,0,0,1.0274,
4,10,91,5252,0,0,10274,0.5252,0,0,1.0274,
4,10,92,5252,0,0,10274,0.5252,0,0,1.0274,
4,10,93,5252,0,0,10274,0.5252,0,0,1.0274,
4,10,94,5252,0,0,10274,0.5252,0,0,1.0274,
4,10,95,5252,0,0,10274,0.5252,0,0,1.0274,
4,10,96,5252,0,0,10274,0.5252,0,0,1.0274,
4,10,97,5252,0,0,10274,0.5252,0,0,1.0274,
4,10,98,5252,0,0,10274,0.5252,0,0,1.0274,
4,10,99,5252,0,0,10274,0.5252,0,0,1.0274,
4,10,100,5252,0,0,10274,0.5252,0,0,1.0274,
4,11,0,9980,20,120,29880,0.998,0.002,0.012,2.988,6
4,11,1,9920,51,227,29582,0.992,0.0051,0.0227,2.9582,4.45098
4,11,2,9828,77,300,29125,0.9828,0.0077,0.03,2.9125,3.8961
4,11,3,9752,70,273,28750,0.9752,0.007,0.0273,2.875,3.9
4,11,4,9664,75,289,28320,0.9664,0.0075,0.0289,2.832,3.85333
4,11,5,9601,61,232,28012,0.9601,0.0061,0.0232,2.8012,3.80328
4,11,6,9509,78,297,27570,0.9509,0.0078,0.0297,2.757,3.80769
4,11,7,9382,102,383,26964,0.9382,0.0102,0.0383,2.6964,3.7549
4,11,8,9267,120,438,26421,0.9267,0.012,0.0438,2.6421,3.65
4,11,9,9109,140,501,25678,0.9109,0.014,0.0501,2.5678,3.57857
4,11,10,8939,158,566,24891,0.8939,0.0158,0.0566,2.4891,3.58228
4,11,11,8723,191,679,23900,0.8723,0.0191,0.0679,2.39,3.55497
4,11,12,8511,212,732,22952,0.8511,0.0212,0.0732,2.2952,3.45283
4,11,13,8304,205,692,22043,0.8304,0.0205,0.0692,2.2043,3.37561
4,11,14,8062,238,790,20971,0.8062,0.0238,0.079,2.0971,3.31933
4,11,15,7741,290,923,19608,0.7741,0.029,0.0923,1.9608,3.18276
4,11,16,7422,302,938,18283,0.7422,0.0302,0.0938,1.8283,3.10596
4,11,17,7150,279,835,17188,0.715,0.0279,0.0835,1.7188,2.99283
4,11,18,6877,263,748,16117,0.6877,0.0263,0.0748,1.6117,2.84411
4,11,19,6664,256,728,15301,0.6664,0.0256,0.0728,1.5301,2.84375
4,11,20,6452,237,686,14477,0.6452,0.0237,0.0686,1.4477,2.89451
4,11,21,6268,208,575,13806,0.6268,0.0208,0.0575,1.3806,2.76442
4,11,22,6104,174,455,13213,0.6104,0.0174,0.0455,1.3213,2.61494
4,11,23,5979,154,380,12792,0.5979,0.0154,0.038,1.2792,2.46753
4,11,24,5862,134,338,12373,0.5862,0.0134,0.0338,1.2373,2.52239
4,11,25,5745,130,320,11982,0.5745,0.013,0.032,1.1982,2.46154
4,11,26,5665,95,248,11708,0.5665,0.0095,0.0248,1.1708,2.61053
4,11,27,5603,63,152,11506,0.5603,0.0063,0.0152,1.1506,2.4127
4,11,28,5552,67,156,11334,0.5552,0.0067,0.0156,1.1334,2.32836
4,11,29,5504,50,129,11162,0.5504,0.005,0.0129,1.1162,2.58
4,11,30,5453,47,111,10986,0.5453,0.0047,0.0111,1.0986,2.3617
4,11,31,5409,39,103,10835,0.5409,0.0039,0.0103,1.0835,2.64103
4,11,32,5380,34,90,10734,0.538,0.0034,0.009,1.0734,2.64706
4,11,33,5356,30,81,10655,0.5356,0.003,0.0081,1.0655,2.7
4,11,34,5326,38,94,10554,0.5326,0.0038,0.0094,1.0554,2.47368
4,11,35,5287,48,100,10426,0.5287,0.0048,0.01,1.0426,2.08333
4,11,36,5266,31,71,10357,0.5266,0.0031,0.0071,1.0357,2.29032
4,11,37,5250,20,56,10303,0.525,0.002,0.0056,1.0303,2.8
4,11,38,5230,23,51,10242,0.523,0.0023,0.0051,1.0242,2.21739
4,11,39,5208,27,63,10173,0.5208,0.0027,0.0063,1.0173,2.33333
4,11,40,5173,30,77,10059,0.5173,0.003,0.0077,1.0059,2.56667
4,11,41,5154,18,49,9997,0.5154,0.0018,0.0049,0.9997,2.72222
4,11,42,5143,14,40,9962,0.5143,0.0014,0.004,0.9962,2.85714
4,11,43,5119,20,46,9882,0.5119,0.002,0.0046,0.9882,2.3
4,11,44,5109,17,43,9849,0.5109,0.0017,0.0043,0.9849,2.52941
4,11,45,5084,22,42,9769,0.5084,0.0022,0.0042,0.9769,1.90909
4,11,46,5072,14,30,9730,0.5072,0.0014,0.003,0.973,2.14286
4,11,47,5068,6,13,9716,0.5068,0.0006,0.0013,0.9716,2.16667
4,11,48,5063,9,20,9700,0.5063,0.0009,0.002,0.97,2.22222
4,11,49,5050,13,36,9655,0.505,0.0013,0.0036,0.9655,2.76923
4,11,50,5036,12,28,9610,0.5036,0.0012,0.0028,0.961,2.33333
4,11,51,5033,6,10,9603,0.5033,0.0006,0.001,0.9603,1.66667
4,11,52,5033,1,0,9603,0.5033,0.0001,0,0.9603,0
4,11,53,5033,0,0,9603,0.5033,0,0,0.9603,
4,11,54,5033,0,0,9603,0.5033,0,0,0.9603,
4,11,55,5033,0,0,9603,0.5033,0,0,0.9603,
4,11,56,5033,0,0,9603,0.5033,0,0,0.9603,
4,11,57,5033,0,0,9603,0.5033,0,0,0.9603,
4,11,58,5033,0,0,9603,0.5033,0,0,0.9603,
4,11,59,5033,0,0,9603,0.5033,0,0,0.9603,
4,11,60,5033,0,0,9603,0.5033,0,0,0.9603,
4,11,61,5033,0,0,9603,0.5033,0,0,0.9603,
4,11,62,5033,0,0,9603,0.5033,0,0,0.9603,
4,11,63,5033,0,0,9603,0.5033,0,0,0.9603,
4,11,64,5033,0,0,9603,0.5033,0,0,0.9603,
4,11,65,5033,0,0,9603,0.5033,0,0,0.9603,
4,11,66,5033,0,0,9603,0.5033,0,0,0.9603,
4,11,67,5033,0,0,9603,0.5033,0,0,0.9603,
4,11,68,5033,0,0,9603,0.5033,0,0,0.9603,
4,11,69,5033,0,0,9603,0.5033,0,0,0.9603,
4,11,70,5033,0,0,9603,0.5033,0,0,0.9603,
4,11,71,5033,0,0,9603,0.5033,0,0,0.9603,
4,11,72,5033,0,0,9603,0.5033,0,0,0.9603,
4,11,73,5033,0,0,9603,0.5033,0,0,0.9603,
4,11,74,5033,0,0,9603,0.5033,0,0,0.9603,
4,11,75,5033,0,0,9603,0.5033,0,0,0.9603,
4,11,76,5033,0,0,9603,0.5033,0,0,0.9603,
4,11,77,5033,0,0,9603,0.5033,0,0,0.9603,
4,11,78,5033,0,0,9603,0.5033,0,0,0.9603,
4,11,79,5033,0,0,9603,0.5033,0,0,0.9603,
4,11,80,5033,0,0,9603,0.5033,0,0,0.9603,
4,11,81,5033,0,0,9603,0.5033,0,0,0.9603,
4,11,82,5033,0,0,9603,0.5033,0,0,0.9603,
4,11,83,5033,0,0,9603,0.5033,0,0,0.9603,
4,11,84,5033,0,0,9603,0.5033,0,0,0.9603,
4,11,85,5033,0,0,9603,0.5033,0,0,0.9603,
4,11,86,5033,0,0,9603,0.5033,0,0,0.9603,
4,11,87,5033,0,0,9603,0.5033,0,0,0.9603,
4,11,88,5033,0,0,9603,0.5033,0,0,0.9603,
4,11,89,5033,0,0,9603,0.5033,0,0,0.9603,
4,11,90,5033,0,0,9603,0.5033,0,0,0.9603,
4,11,91,5033,0,0,9603,0.5033,0,0,0.9603,
4,11,92,5033,0,0,9603,0.5033,0,0,0.9603,
4,11,93,5033,0,0,9603,0.5033,0,0,0.9603,
4,11,94,5033,0,0,9603,0.5033,0,0,0.9603,
4,11,95,5033,0,0,9603,0.5033,0,0,0.9603,
4,11,96,5033,0,0,9603,0.5033,0,0,0.9603,
4,11,97,5033,0,0,9603,0.5033,0,0,0.9603,
4,11,98,5033,0,0,9603,0.5033,0,0,0.9603,
4,11,99,5033,0,0,9603,0.5033,0,0,0.9603,
4,11,100,5033,0,0,9603,0.5033,0,0,0.9603,
4,12,0,9980,20,120,29880,0.998,0.002,0.012,2.988,6
4,12,1,9937,33,147,29665,0.9937,0.0033,0.0147,2.9665,4.45455
4,12,2,9874,56,227,29351,0.9874,0.0056,0.0227,2.9351,4.05357
4,12,3,9787,77,304,28922,0.9787,0.0077,0.0304,2.8922,3.94805
4,12,4,9672,104,411,28358,0.9672,0.0104,0.0411,2.8358,3.95192
4,12,5,9475,154,570,27408,0.9475,0.0154,0.057,2.7408,3.7013
4,12,6,9264,219,814,26394,0.9264,0.0219,0.0814,2.6394,3.71689
4,12,7,8980,272,974,25070,0.898,0.0272,0.0974,2.507,3.58088
4,12,8,8679,284,993,23681,0.8679,0.0284,0.0993,2.3681,3.49648
4,12,9,8366,312,1069,22268,0.8366,0.0312,0.1069,2.2268,3.42628
4,12,10,8002,354,1200,20657,0.8002,0.0354,0.12,2.0657,3.38983
4,12,11,7595,350,1124,18932,0.7595,0.035,0.1124,1.8932,3.21143
4,12,12,7266,327,1007,17573,0.7266,0.0327,0.1007,1.7573,3.07951
4,12,13,6959,323,943,16329,0.6959,0.0323,0.0943,1.6329,2.9195
4,12,14,6670,285,774,15252,0.667,0.0285,0.0774,1.5252,2.71579
4,12,15,6464,241,627,14480,0.6464,0.0241,0.0627,1.448,2.60166
4,12,16,6271,198,515,13753,0.6271,0.0198,0.0515,1.3753,2.60101
4,12,17,6079,201,525,13043,0.6079,0.0201,0.0525,1.3043,2.61194
4,12,18,5928,158,386,12505,0.5928,0.0158,0.0386,1.2505,2.44304
4,12,19,5818,134,340,12121,0.5818,0.0134,0.034,1.2121,2.53731
4,12,20,5718,123,295,11782,0.5718,0.0123,0.0295,1.1782,2.39837
4,12,21,5632,88,222,11472,0.5632,0.0088,0.0222,1.1472,2.52273
4,12,22,5570,64,153,11261,0.557,0.0064,0.0153,1.1261,2.39062
4,12,23,5526,62,147,11118,0.5526,0.0062,0.0147,1.1118,2.37097
4,12,24,5479,44,94,10964,0.5479,0.0044,0.0094,1.0964,2.13636
4,12,25,5428,51,120,10785,0.5428,0.0051,0.012,1.0785,2.35294
4,12,26,5393,37,91,10671,0.5393,0.0037,0.0091,1.0671,2.45946
4,12,27,5383,15,25,10643,0.5383,0.0015,0.0025,1.0643,1.66667
4,12,28,5379,6,10,10635,0.5379,0.0006,0.001,1.0635,1.66667
4,12,29,5379,0,0,10635,0.5379,0,0,1.0635,
4,12,30,5379,0,0,10635,0.5379,0,0,1.0635,
4,12,31,5379,0,0,10635,0.5379,0,0,1.0635,
4,12,32,5379,0,0,10635,0.5379,0,0,1.0635,
4,12,33,5379,0,0,10635,0.5379,0,0,1.0635,
4,12,34,5379,0,0,10635,0.5379,0,0,1.0635,
4,12,35,5379,0,0,10635,0.5379,0,0,1.0635,
4,12,36,5379,0,0,10635,0.5379,0,0,1.0635,
4,12,37,5379,0,0,10635,0.5379,0,0,1.0635,
4,12,38,5379,0,0,10635,0.5379,0,0,1.0635,
4,12,39,5379,0,0,10635,0.5379,0,0,1.0635,
4,12,40,5379,0,0,10635,0.5379,0,0,1.0635,
4,12,41,5379,0,0,10635,0.5379,0,0,1.0635,
4,12,42,5379,0,0,10635,0.5379,0,0,1.0635,
4,12,43,5379,0,0,10635,0.5379,0,0,1.0635,
4,12,44,5379,0,0,10635,0.5379,0,0,1.0635,
4,12,45,5379,0,0,10635,0.5379,0,0,1.0635,
4,12,46,5379,0,0,10635,0.5379,0,0,1.0635,
4,12,47,5379,0,0,10635,0.5379,0,0,1.0635,
4,12,48,5379,0,0,10635,0.5379,0,0,1.0635,
4,12,49,5379,0,0,10635,0.5379,0,0,1.0635,
4,12,50,5379,0,0,10635,0.5379,0,0,1.0635,
4,12,51,5379,0,0,10635,0.5379,0,0,1.0635,
4,12,52,5379,0,0,10635,0.5379,0,0,1.0635,
4,12,53,5379,0,0,10635,0.5379,0,0,1.0635,
4,12,54,5379,0,0,10635,0.5379,0,0,1.0635,
4,12,55,5379,0,0,10635,0.5379,0,0,1.0635,
4,12,56,5379,0,0,10635,0.5379,0,0,1.0635,
4,12,57,5379,0,0,10635,0.5379,0,0,1.0635,
4,12,58,5379,0,0,10635,0.5379,0,0,1.0635,
4,12,59,5379,0,0,10635,0.5379,0,0,1.0635,
4,12,60,5379,0,0,10635,0.5379,0,0,1.0635,
4,12,61,5379,0,0,10635,0.5379,0,0,1.0635,
4,12,62,5379,0,0,10635,0.5379,0,0,1.0635,
4,12,63,5379,0,0,10635,0.5379,0,0,1.0635,
4,12,64,5379,0,0,10635,0.5379,0,0,1.0635,
4,12,65,5379,0,0,10635,0.5379,0,0,1.0635,
4,12,66,5379,0,0,10635,0.5379,0,0,1.0635,
4,12,67,5379,0,0,10635,0.5379,0,0,1.0635,
4,12,68,5379,0,0,10635,0.5379,0,0,1.0635,
4,12,69,5379,0,0,10635,0.5379,0,0,1.0635,
4,12,70,5379,0,0,10635,0.5379,0,0,1.0635,
4,12,71,5379,0,0,10635,0.5379,0,0,1.0635,
4,12,72,5379,0,0,10635,0.5379,0,0,1.0635,
4,12,73,5379,0,0,10635,0.5379,0,0,1.0635,
4,12,74,5379,0,0,10635,0.5379,0,0,1.0635,
4,12,75,5379,0,0,10635,0.5379,0,0,1.0635,
4,12,76,5379,0,0,10635,0.5379,0,0,1.0635,
4,12,77,5379,0,0,10635,0.5379,0,0,1.0635,
4,12,78,5379,0,0,10635,0.5379,0,0,1.0635,
4,12,79,5379,0,0,10635,0.5379,0,0,1.0635,
4,12,80,5379,0,0,10635,0.5379,0,0,1.0635,
4,12,81,5379,0,0,10635,0.5379,0,0,1.0635,
4,12,82,5379,0,0,10635,0.5379,0,0,1.0635,
4,12,83,5379,0,0,10635,0.5379,0,0,1.0635,
4,12,84,5379,0,0,10635,0.5379,0,0,1.0635,
4,12,85,5379,0,0,10635,0.5379,0,0,1.0635,
4,12,86,5379,0,0,10635,0.5379,0,0,1.0635,
4,12,87,5379,0,0,10635,0.5379,0,0,1.0635,
4,12,88,5379,0,0,10635,0.5379,0,0,1.0635,
4,12,89,5379,0,0,10635,0.5379,0,0,1.0635,
4,12,90,5379,0,0,10635,0.5379,0,0,1.0635,
4,12,91,5379,0,0,10635,0.5379,0,0,1.0635,
4,12,92,5379,0,0,10635,0.5379,0,0,1.0635,
4,12,93,5379,0,0,10635,0.5379,0,0,1.0635,
4,12,94,5379,0,0,10635,0.5379,0,0,1.0635,
4,12,95,5379,0,0,10635,0.5379,0,0,1.0635,
4,12,96,5379,0,0,10635,0.5379,0,0,1.0635,
4,12,97,5379,0,0,10635,0.5379,0,0,1.0635,
4,12,98,5379,0,0,10635,0.5379,0,0,1.0635,
4,12,99,5379,0,0,10635,0.5379,0,0,1.0635,
4,12,100,5379,0,0,10635,0.5379,0,0,1.0635,
4,13,0,9980,20,120,29880,0.998,0.002,0.012,2.988,6
4,13,1,9958,21,100,29770,0.9958,0.0021,0.01,2.977,4.7619
4,13,2,9918,32,131,29570,0.9918,0.0032,0.0131,2.957,4.09375
4,13,3,9892,26,102,29440,0.9892,0.0026,0.0102,2.944,3.92308
4,13,4,9861,34,132,29285,0.9861,0.0034,0.0132,2.9285,3.88235
4,13,5,9817,42,160,29067,0.9817,0.0042,0.016,2.9067,3.80952
4,13,6,9767,46,184,28821,0.9767,0.0046,0.0184,2.8821,4
4,13,7,9694,71,280,28460,0.9694,0.0071,0.028,2.846,3.94366
4,13,8,9593,99,387,27966,0.9593,0.0099,0.0387,2.7966,3.90909
4,13,9,9434,125,468,27197,0.9434,0.0125,0.0468,2.7197,3.744
4,13,10,9278,132,508,26441,0.9278,0.0132,0.0508,2.6441,3.84848
4,13,11,9139,123,445,25794,0.9139,0.0123,0.0445,2.5794,3.61789
4,13,12,8950,174,648,24899,0.895,0.0174,0.0648,2.4899,3.72414
4,13,13,8730,207,727,23891,0.873,0.0207,0.0727,2.3891,3.51208
4,13,14,8504,207,710,22855,0.8504,0.0207,0.071,2.2855,3.42995
4,13,15,8267,205,674,21810,0.8267,0.0205,0.0674,2.181,3.2878
4,13,16,8052,223,718,20869,0.8052,0.0223,0.0718,2.0869,3.21973
4,13,17,7812,227,705,19863,0.7812,0.0227,0.0705,1.9863,3.10573
4,13,18,7574,243,753,18882,0.7574,0.0243,0.0753,1.8882,3.09877
4,13,19,7312,263,831,17787,0.7312,0.0263,0.0831,1.7787,3.1597
4,13,20,6995,296,890,16525,0.6995,0.0296,0.089,1.6525,3.00676
4,13,21,6752,270,762,15594,0.6752,0.027,0.0762,1.5594,2.82222
4,13,22,6514,240,678,14677,0.6514,0.024,0.0678,1.4677,2.825
4,13,23,6319,212,554,13953,0.6319,0.0212,0.0554,1.3953,2.61321
4,13,24,6153,196,503,13361,0.6153,0.0196,0.0503,1.3361,2.56633
4,13,25,6000,164,420,12803,0.6,0.0164,0.042,1.2803,2.56098
4,13,26,5905,117,309,12471,0.5905,0.0117,0.0309,1.2471,2.64103
4,13,27,5822,105,277,12193,0.5822,0.0105,0.0277,1.2193,2.6381
4,13,28,5740,77,217,11904,0.574,0.0077,0.0217,1.1904,2.81818
4,13,29,5675,78,186,11685,0.5675,0.0078,0.0186,1.1685,2.38462
4,13,30,5632,51,129,11531,0.5632,0.0051,0.0129,1.1531,2.52941
4,13,31,5592,36,81,11393,0.5592,0.0036,0.0081,1.1393,2.25
4,13,32,5552,45,103,11270,0.5552,0.0045,0.0103,1.127,2.28889
4,13,33,5523,37,96,11167,0.5523,0.0037,0.0096,1.1167,2.59459
4,13,34,5485,39,97,11042,0.5485,0.0039,0.0097,1.1042,2.48718
4,13,35,5466,28,64,10982,0.5466,0.0028,0.0064,1.0982,2.28571
4,13,36,5454,16,41,10937,0.5454,0.0016,0.0041,1.0937,2.5625
4,13,37,5441,14,35,10890,0.5441,0.0014,0.0035,1.089,2.5
4,13,38,5433,8,24,10858,0.5433,0.0008,0.0024,1.0858,3
4,13,39,5413,18,41,10795,0.5413,0.0018,0.0041,1.0795,2.27778
4,13,40,5401,10,23,10760,0.5401,0.001,0.0023,1.076,2.3
4,13,41,5389,11,27,10720,0.5389,0.0011,0.0027,1.072,2.45455
4,13,42,5379,13,35,10688,0.5379,0.0013,0.0035,1.0688,2.69231
4,13,43,5368,8,19,10644,0.5368,0.0008,0.0019,1.0644,2.375
4,13,44,5363,7,15,10629,0.5363,0.0007,0.0015,1.0629,2.14286
4,13,45,5353,10,22,10596,0.5353,0.001,0.0022,1.0596,2.2
4,13,46,5347,3,4,10576,0.5347,0.0003,0.0004,1.0576,1.33333
4,13,47,5342,8,19,10556,0.5342,0.0008,0.0019,1.0556,2.375
4,13,48,5340,2,5,10552,0.534,0.0002,0.0005,1.0552,2.5
4,13,49,5340,1,2,10552,0.534,0.0001,0.0002,1.0552,2
4,13,50,5340,0,0,10552,0.534,0,0,1.0552,
4,13,51,5340,0,0,10552,0.534,0,0,1.0552,
4,13,52,5340,0,0,10552,0.534,0,0,1.0552,
4,13,53,5340,0,0,10552,0.534,0,0,1.0552,
4,13,54,5340,0,0,10552,0.534,0,0,1.0552,
4,13,55,5340,0,0,10552,0.534,0,0,1.0552,
4,13,56,5340,0,0,10552,0.534,0,0,1.0552,
4,13,57,5340,0,0,10552,0.534,0,0,1.0552,
4,13,58,5340,0,0,10552,0.534,0,0,1.0552,
4,13,59,5340,0,0,10552,0.534,0,0,1.0552,
4,13,60,5340,0,0,10552,0.534,0,0,1.0552,
4,13,61,5340,0,0,10552,0.534,0,0,1.0552,
4,13,62,5340,0,0,10552,0.534,0,0,1.0552,
4,13,63,5340,0,0,10552,0.534,0,0,1.0552,
4,13,64,5340,0,0,10552,0.534,0,0,1.0552,
4,13,65,5340,0,0,10552,0.534,0,0,1.0552,
4,13,66,5340,0,0,10552,0.534,0,0,1.0552,
4,13,67,5340,0,0,10552,0.534,0,0,1.0552,
4,13,68,5340,0,0,10552,0.534,0,0,1.0552,
4,13,69,5340,0,0,10552,0.534,0,0,1.0552,
4,13,70,5340,0,0,10552,0.534,0,0,1.0552,
4,13,71,5340,0,0,10552,0.534,0,0,1.0552,
4,13,72,5340,0,0,10552,0.534,0,0,1.0552,
4,13,73,5340,0,0,10552,0.534,0,0,1.0552,
4,13,74,5340,0,0,10552,0.534,0,0,1.0552,
4,13,75,5340,0,0,10552,0.534,0,0,1.0552,
4,13,76,5340,0,0,10552,0.534,0,0,1.0552,
4,13,77,5340,0,0,10552,0.534,0,0,1.0552,
4,13,78,5340,0,0,10552,0.534,0,0,1.0552,
4,13,79,5340,0,0,10552,0.534,0,0,1.0552,
4,13,80,5340,0,0,10552,0.534,0,0,1.0552,
4,13,81,5340,0,0,10552,0.534,0,0,1.0552,
4,13,82,5340,0,0,10552,0.534,0,0,1.0552,
4,13,83,5340,0,0,10552,0.534,0,0,1.0552,
4,13,84,5340,0,0,10552,0.534,0,0,1.0552,
4,13,85,5340,0,0,10552,0.534,0,0,1.0552,
4,13,86,5340,0,0,10552,0.534,0,0,1.0552,
4,13,87,5340,0,0,10552,0.534,0,0,1.0552,
4,13,88,5340,0,0,10552,0.534,0,0,1.0552,
4,13,89,5340,0,0,10552,0.534,0,0,1.0552,
4,13,90,5340,0,0,10552,0.534,0,0,1.0552,
4,13,91,5340,0,0,10552,0.534,0,0,1.0552,
4,13,92,5340,0,0,10552,0.534,0,0,1.0552,
4,13,93,5340,0,0,10552,0.534,0,0,1.0552,
4,13,94,5340,0,0,10552,0.534,0,0,1.0552,
4,13,95,5340,0,0,10552,0.534,0,0,1.0552,
4,13,96,5340,0,0,10552,0.534,0,0,1.0552,
4,13,97,5340,0,0,10552,0.534,0,0,1.0552,
4,13,98,5340,0,0,10552,0.534,0,0,1.0552,
4,13,99,5340,0,0,10552,0.534,0,0,1.0552,
4,13,100,5340,0,0,10552,0.534,0,0,1.0552,
4,14,0,9980,20,118,29881,0.998,0.002,0.0118,2.9881,5.9
4,14,1,9927,39,168,29616,0.9927,0.0039,0.0168,2.9616,4.30769
4,14,2,9868,54,222,29324,0.9868,0.0054,0.0222,2.9324,4.11111
4,14,3,9795,64,254,28963,0.9795,0.0064,0.0254,2.8963,3.96875
4,14,4,9700,90,354,28496,0.97,0.009,0.0354,2.8496,3.93333
4,14,5,9559,126,500,27805,0.9559,0.0126,0.05,2.7805,3.96825
4,14,6,9350,195,743,26800,0.935,0.0195,0.0743,2.68,3.81026
4,14,7,9035,284,1032,25292,0.9035,0.0284,0.1032,2.5292,3.6338
4,14,8,8657,360,1272,23541,0.8657,0.036,0.1272,2.3541,3.53333
4,14,9,8220,397,1358,21580,0.822,0.0397,0.1358,2.158,3.42065
4,14,10,7756,449,1432,19589,0.7756,0.0449,0.1432,1.9589,3.18931
4,14,11,7271,489,1516,17595,0.7271,0.0489,0.1516,1.7595,3.1002
4,14,12,6799,471,1384,15719,0.6799,0.0471,0.1384,1.5719,2.93843
4,14,13,6375,442,1226,14141,0.6375,0.0442,0.1226,1.4141,2.77376
4,14,14,5973,412,1094,12658,0.5973,0.0412,0.1094,1.2658,2.65534
4,14,15,5634,370,932,11496,0.5634,0.037,0.0932,1.1496,2.51892
4,14,16,5370,307,710,10616,0.537,0.0307,0.071,1.0616,2.3127
4,14,17,5177,231,531,9977,0.5177,0.0231,0.0531,0.9977,2.2987
4,14,18,5018,187,402,9476,0.5018,0.0187,0.0402,0.9476,2.14973
4,14,19,4899,134,294,9092,0.4899,0.0134,0.0294,0.9092,2.19403
4,14,20,4825,94,219,8861,0.4825,0.0094,0.0219,0.8861,2.32979
4,14,21,4775,68,156,8707,0.4775,0.0068,0.0156,0.8707,2.29412
4,14,22,4727,55,120,8567,0.4727,0.0055,0.012,0.8567,2.18182
4,14,23,4676,67,135,8416,0.4676,0.0067,0.0135,0.8416,2.01493
4,14,24,4643,44,73,8322,0.4643,0.0044,0.0073,0.8322,1.65909
4,14,25,4622,28,52,8250,0.4622,0.0028,0.0052,0.825,1.85714
4,14,26,4602,26,54,8190,0.4602,0.0026,0.0054,0.819,2.07692
4,14,27,4577,22,46,8112,0.4577,0.0022,0.0046,0.8112,2.09091
4,14,28,4554,27,51,8042,0.4554,0.0027,0.0051,0.8042,1.88889
4,14,29,4545,12,22,8013,0.4545,0.0012,0.0022,0.8013,1.83333
4,14,30,4538,11,22,7991,0.4538,0.0011,0.0022,0.7991,2
4,14,31,4535,6,7,7981,0.4535,0.0006,0.0007,0.7981,1.16667
4,14,32,4531,3,5,7965,0.4531,0.0003,0.0005,0.7965,1.66667
4,14,33,4531,2,4,7965,0.4531,0.0002,0.0004,0.7965,2
4,14,34,4527,3,7,7952,0.4527,0.0003,0.0007,0.7952,2.33333
4,14,35,4523,4,8,7939,0.4523,0.0004,0.0008,0.7939,2
4,14,36,4522,1,2,7936,0.4522,0.0001,0.0002,0.7936,2
4,14,37,4520,2,3,7930,0.452,0.0002,0.0003,0.793,1.5
4,14,38,4514,4,8,7912,0.4514,0.0004,0.0008,0.7912,2
4,14,39,4513,1,2,7910,0.4513,0.0001,0.0002,0.791,2
4,14,40,4513,0,0,7910,0.4513,0,0,0.791,
4,14,41,4513,0,0,7910,0.4513,0,0,0.791,
4,14,42,4513,0,0,7910,0.4513,0,0,0.791,
4,14,43,4513,0,0,7910,0.4513,0,0,0.791,
4,14,44,4513,0,0,7910,0.4513,0,0,0.791,
4,14,45,4513,0,0,7910,0.4513,0,0,0.791,
4,14,46,4513,0,0,7910,0.4513,0,0,0.791,
4,14,47,4513,0,0,7910,0.4513,0,0,0.791,
4,14,48,4513,0,0,7910,0.4513,0,0,0.791,
4,14,49,4513,0,0,7910,0.4513,0,0,0.791,
4,14,50,4513,0,0,7910,0.4513,0,0,0.791,
4,14,51,4513,0,0,7910,0.4513,0,0,0.791,
4,14,52,4513,0,0,7910,0.4513,0,0,0.791,
4,14,53,4513,0,0,7910,0.4513,0,0,0.791,
4,14,54,4513,0,0,7910,0.4513,0,0,0.791,
4,14,55,4513,0,0,7910,0.4513,0,0,0.791,
4,14,56,4513,0,0,7910,0.4513,0,0,0.791,
4,14,57,4513,0,0,7910,0.4513,0,0,0.791,
4,14,58,4513,0,0,7910,0.4513,0,0,0.791,
4,14,59,4513,0,0,7910,0.4513,0,0,0.791,
4,14,60,4513,0,0,7910,0.4513,0,0,0.791,
4,14,61,4513,0,0,7910,0.4513,0,0,0.791,
4,14,62,4513,0,0,7910,0.4513,0,0,0.791,
4,14,63,4513,0,0,7910,0.4513,0,0,0.791,
4,14,64,4513,0,0,7910,0.4513,0,0,0.791,
4,14,65,4513,0,0,7910,0.4513,0,0,0.791,
4,14,66,4513,0,0,7910,0.4513,0,0,0.791,
4,14,67,4513,0,0,7910,0.4513,0,0,0.791,
4,14,68,4513,0,0,7910,0.4513,0,0,0.791,
4,14,69,4513,0,0,7910,0.4513,0,0,0.791,
4,14,70,4513,0,0,7910,0.4513,0,0,0.791,
4,14,71,4513,0,0,7910,0.4513,0,0,0.791,
4,14,72,4513,0,0,7910,0.4513,0,0,0.791,
4,14,73,4513,0,0,7910,0.4513,0,0,0.791,
4,14,74,4513,0,0,7910,0.4513,0,0,0.791,
4,14,75,4513,0,0,7910,0.4513,0,0,0.791,
4,14,76,4513,0,0,7910,0.4513,0,0,0.791,
4,14,77,4513,0,0,7910,0.4513,0,0,0.791,
4,14,78,4513,0,0,7910,0.4513,0,0,0.791,
4,14,79,4513,0,0,7910,0.4513,0,0,0.791,
4,14,80,4513,0,0,7910,0.4513,0,0,0.791,
4,14,81,4513,0,0,7910,0.4513,0,0,0.791,
4,14,82,4513,0,0,7910,0.4513,0,0,0.791,
4,14,83,4513,0,0,7910,0.4513,0,0,0.791,
4,14,84,4513,0,0,7910,0.4513,0,0,0.791,
4,14,85,4513,0,0,7910,0.4513,0,0,0.791,
4,14,86,4513,0,0,7910,0.4513,0,0,0.791,
4,14,87,4513,0,0,7910,0.4513,0,0,0.791,
4,14,88,4513,0,0,7910,0.4513,0,0,0.791,
4,14,89,4513,0,0,7910,0.4513,0,0,0.791,
4,14,90,4513,0,0,7910,0.4513,0,0,0.791,
4,14,91,4513,0,0,7910,0.4513,0,0,0.791,
4,14,92,4513,0,0,7910,0.4513,0,0,0.791,
4,14,93,4513,0,0,7910,0.4513,0,0,0.791,
4,14,94,4513,0,0,7910,0.4513,0,0,0.791,
4,14,95,4513,0,0,7910,0.4513,0,0,0.791,
4,14,96,4513,0,0,7910,0.4513,0,0,0.791,
4,14,97,4513,0,0,7910,0.4513,0,0,0.791,
4,14,98,4513,0,0,7910,0.4513,0,0,0.791,
4,14,99,4513,0,0,7910,0.4513,0,0,0.791,
4,14,100,4513,0,0,7910,0.4513,0,0,0.791,
4,15,0,9980,20,120,29880,0.998,0.002,0.012,2.988,6
4,15,1,9940,34,148,29680,0.994,0.0034,0.0148,2.968,4.35294
4,15,2,9893,45,178,29447,0.9893,0.0045,0.0178,2.9447,3.95556
4,15,3,9823,56,227,29101,0.9823,0.0056,0.0227,2.9101,4.05357
4,15,4,9738,65,254,28679,0.9738,0.0065,0.0254,2.8679,3.90769
4,15,5,9599,114,426,27997,0.9599,0.0114,0.0426,2.7997,3.73684
4,15,6,9425,138,519,27150,0.9425,0.0138,0.0519,2.715,3.76087
4,15,7,9241,160,580,26282,0.9241,0.016,0.058,2.6282,3.625
4,15,8,9058,175,655,25425,0.9058,0.0175,0.0655,2.5425,3.74286
4,15,9,8813,215,796,24281,0.8813,0.0215,0.0796,2.4281,3.70233
4,15,10,8546,258,917,23081,0.8546,0.0258,0.0917,2.3081,3.55426
4,15,11,8266,258,870,21839,0.8266,0.0258,0.087,2.1839,3.37209
4,15,12,7955,303,1000,20491,0.7955,0.0303,0.1,2.0491,3.30033
4,15,13,7601,345,1100,18995,0.7601,0.0345,0.11,1.8995,3.18841
4,15,14,7273,327,1003,17645,0.7273,0.0327,0.1003,1.7645,3.06728
4,15,15,6971,311,908,16448,0.6971,0.0311,0.0908,1.6448,2.91961
4,15,16,6686,300,849,15341,0.6686,0.03,0.0849,1.5341,2.83
4,15,17,6413,285,765,14316,0.6413,0.0285,0.0765,1.4316,2.68421
4,15,18,6190,246,659,13487,0.619,0.0246,0.0659,1.3487,2.67886
4,15,19,5999,198,500,12799,0.5999,0.0198,0.05,1.2799,2.52525
4,15,20,5867,139,362,12334,0.5867,0.0139,0.0362,1.2334,2.60432
4,15,21,5747,135,332,11902,0.5747,0.0135,0.0332,1.1902,2.45926
4,15,22,5632,111,272,11517,0.5632,0.0111,0.0272,1.1517,2.45045
4,15,23,5568,83,205,11293,0.5568,0.0083,0.0205,1.1293,2.46988
4,15,24,5513,60,138,11100,0.5513,0.006,0.0138,1.11,2.3
4,15,25,5473,48,119,10959,0.5473,0.0048,0.0119,1.0959,2.47917
4,15,26,5432,34,92,10818,0.5432,0.0034,0.0092,1.0818,2.70588
4,15,27,5403,30,76,10720,0.5403,0.003,0.0076,1.072,2.53333
4,15,28,5381,21,51,10647,0.5381,0.0021,0.0051,1.0647,2.42857
4,15,29,5362,23,53,10581,0.5362,0.0023,0.0053,1.0581,2.30435
4,15,30,5349,13,32,10533,0.5349,0.0013,0.0032,1.0533,2.46154
4,15,31,5339,15,37,10495,0.5339,0.0015,0.0037,1.0495,2.46667
4,15,32,5323,20,47,10441,0.5323,0.002,0.0047,1.0441,2.35
4,15,33,5307,17,48,10392,0.5307,0.0017,0.0048,1.0392,2.82353
4,15,34,5297,11,30,10356,0.5297,0.0011,0.003,1.0356,2.72727
4,15,35,5289,7,15,10329,0.5289,0.0007,0.0015,1.0329,2.14286
4,15,36,5285,7,11,10319,0.5285,0.0007,0.0011,1.0319,1.57143
4,15,37,5283,4,3,10309,0.5283,0.0004,0.0003,1.0309,0.75
4,15,38,5283,2,2,10309,0.5283,0.0002,0.0002,1.0309,1
4,15,39,5282,3,6,10304,0.5282,0.0003,0.0006,1.0304,2
4,15,40,5279,2,6,10293,0.5279,0.0002,0.0006,1.0293,3
4,15,41,5277,2,5,10285,0.5277,0.0002,0.0005,1.0285,2.5
4,15,42,5272,4,8,10273,0.5272,0.0004,0.0008,1.0273,2
4,15,43,5268,2,2,10264,0.5268,0.0002,0.0002,1.0264,1
4,15,44,5268,2,2,10264,0.5268,0.0002,0.0002,1.0264,1
4,15,45,5268,0,0,10264,0.5268,0,0,1.0264,
4,15,46,5268,0,0,10264,0.5268,0,0,1.0264,
4,15,47,5268,0,0,10264,0.5268,0,0,1.0264,
4,15,48,5268,0,0,10264,0.5268,0,0,1.0264,
4,15,49,5268,0,0,10264,0.5268,0,0,1.0264,
4,15,50,5268,0,0,10264,0.5268,0,0,1.0264,
4,15,51,5268,0,0,10264,0.5268,0,0,1.0264,
4,15,52,5268,0,0,10264,0.5268,0,0,1.0264,
4,15,53,5268,0,0,10264,0.5268,0,0,1.0264,
4,15,54,5268,0,0,10264,0.5268,0,0,1.0264,
4,15,55,5268,0,0,10264,0.5268,0,0,1.0264,
4,15,56,5268,0,0,10264,0.5268,0,0,1.0264,
4,15,57,5268,0,0,10264,0.5268,0,0,1.0264,
4,15,58,5268,0,0,10264,0.5268,0,0,1.0264,
4,15,59,5268,0,0,10264,0.5268,0,0,1.0264,
4,15,60,5268,0,0,10264,0.5268,0,0,1.0264,
4,15,61,5268,0,0,10264,0.5268,0,0,1.0264,
4,15,62,5268,0,0,10264,0.5268,0,0,1.0264,
4,15,63,5268,0,0,10264,0.5268,0,0,1.0264,
4,15,64,5268,0,0,10264,0.5268,0,0,1.0264,
4,15,65,5268,0,0,10264,0.5268,0,0,1.0264,
4,15,66,5268,0,0,10264,0.5268,0,0,1.0264,
4,15,67,5268,0,0,10264,0.5268,0,0,1.0264,
4,15,68,5268,0,0,10264,0.5268,0,0,1.0264,
4,15,69,5268,0,0,10264,0.5268,0,0,1.0264,
4,15,70,5268,0,0,10264,0.5268,0,0,1.0264,
4,15,71,5268,0,0,10264,0.5268,0,0,1.0264,
4,15,72,5268,0,0,10264,0.5268,0,0,1.0264,
4,15,73,5268,0,0,10264,0.5268,0,0,1.0264,
4,15,74,5268,0,0,10264,0.5268,0,0,1.0264,
4,15,75,5268,0,0,10264,0.5268,0,0,1.0264,
4,15,76,5268,0,0,10264,0.5268,0,0,1.0264,
4,15,77,5268,0,0,10264,0.5268,0,0,1.0264,
4,15,78,5268,0,0,10264,0.5268,0,0,1.0264,
4,15,79,5268,0,0,10264,0.5268,0,0,1.0264,
4,15,80,5268,0,0,10264,0.5268,0,0,1.0264,
4,15,81,5268,0,0,10264,0.5268,0,0,1.0264,
4,15,82,5268,0,0,10264,0.5268,0,0,1.0264,
4,15,83,5268,0,0,10264,0.5268,0,0,1.0264,
4,15,84,5268,0,0,10264,0.5268,0,0,1.0264,
4,15,85,5268,0,0,10264,0.5268,0,0,1.0264,
4,15,86,5268,0,0,10264,0.5268,0,0,1.0264,
4,15,87,5268,0,0,10264,0.5268,0,0,1.0264,
4,15,88,5268,0,0,10264,0.5268,0,0,1.0264,
4,15,89,5268,0,0,10264,0.5268,0,0,1.0264,
4,15,90,5268,0,0,10264,0.5268,0,0,1.0264,
4,15,91,5268,0,0,10264,0.5268,0,0,1.0264,
4,15,92,5268,0,0,10264,0.5268,0,0,1.0264,
4,15,93,5268,0,0,10264,0.5268,0,0,1.0264,
4,15,94,5268,0,0,10264,0.5268,0,0,1.0264,
4,15,95,5268,0,0,10264,0.5268,0,0,1.0264,
4,15,96,5268,0,0,10264,0.5268,0,0,1.0264,
4,15,97,5268,0,0,10264,0.5268,0,0,1.0264,
4,15,98,5268,0,0,10264,0.5268,0,0,1.0264,
4,15,99,5268,0,0,10264,0.5268,0,0,1.0264,
4,15,100,5268,0,0,10264,0.5268,0,0,1.0264,
4,16,0,9980,20,120,29880,0.998,0.002,0.012,2.988,6
4,16,1,9919,57,245,29576,0.9919,0.0057,0.0245,2.9576,4.29825
4,16,2,9839,75,301,29180,0.9839,0.0075,0.0301,2.918,4.01333
4,16,3,9764,62,242,28811,0.9764,0.0062,0.0242,2.8811,3.90323
4,16,4,9676,85,334,28382,0.9676,0.0085,0.0334,2.8382,3.92941
4,16,5,9557,99,385,27803,0.9557,0.0099,0.0385,2.7803,3.88889
4,16,6,9415,137,512,27117,0.9415,0.0137,0.0512,2.7117,3.73723
4,16,7,9248,160,605,26319,0.9248,0.016,0.0605,2.6319,3.78125
4,16,8,9025,211,772,25275,0.9025,0.0211,0.0772,2.5275,3.65877
4,16,9,8731,262,937,23908,0.8731,0.0262,0.0937,2.3908,3.57634
4,16,10,8396,310,1051,22431,0.8396,0.031,0.1051,2.2431,3.39032
4,16,11,8079,327,1094,21043,0.8079,0.0327,0.1094,2.1043,3.34557
4,16,12,7709,348,1117,19436,0.7709,0.0348,0.1117,1.9436,3.20977
4,16,13,7349,352,1044,17959,0.7349,0.0352,0.1044,1.7959,2.96591
4,16,14,7021,333,927,16648,0.7021,0.0333,0.0927,1.6648,2.78378
4,16,15,6745,304,844,15558,0.6745,0.0304,0.0844,1.5558,2.77632
4,16,16,6395,364,982,14239,0.6395,0.0364,0.0982,1.4239,2.6978
4,16,17,6109,303,795,13212,0.6109,0.0303,0.0795,1.3212,2.62376
4,16,18,5909,233,572,12520,0.5909,0.0233,0.0572,1.252,2.45494
4,16,19,5763,166,421,12016,0.5763,0.0166,0.0421,1.2016,2.53614
4,16,20,5637,136,318,11587,0.5637,0.0136,0.0318,1.1587,2.33824
4,16,21,5519,131,304,11202,0.5519,0.0131,0.0304,1.1202,2.32061
4,16,22,5427,103,238,10886,0.5427,0.0103,0.0238,1.0886,2.31068
4,16,23,5369,72,161,10698,0.5369,0.0072,0.0161,1.0698,2.23611
4,16,24,5315,53,112,10520,0.5315,0.0053,0.0112,1.052,2.11321
4,16,25,5273,44,103,10383,0.5273,0.0044,0.0103,1.0383,2.34091
4,16,26,5222,59,122,10220,0.5222,0.0059,0.0122,1.022,2.0678
4,16,27,5187,41,81,10105,0.5187,0.0041,0.0081,1.0105,1.97561
4,16,28,5162,27,57,10020,0.5162,0.0027,0.0057,1.002,2.11111
4,16,29,5143,21,42,9956,0.5143,0.0021,0.0042,0.9956,2
4,16,30,5140,13,27,9945,0.514,0.0013,0.0027,0.9945,2.07692
4,16,31,5132,6,9,9921,0.5132,0.0006,0.0009,0.9921,1.5
4,16,32,5131,2,3,9917,0.5131,0.0002,0.0003,0.9917,1.5
4,16,33,5131,0,0,9917,0.5131,0,0,0.9917,
4,16,34,5131,0,0,9917,0.5131,0,0,0.9917,
4,16,35,5131,0,0,9917,0.5131,0,0,0.9917,
4,16,36,5131,0,0,9917,0.5131,0,0,0.9917,
4,16,37,5131,0,0,9917,0.5131,0,0,0.9917,
4,16,38,5131,0,0,9917,0.5131,0,0,0.9917,
4,16,39,5131,0,0,9917,0.5131,0,0,0.9917,
4,16,40,5131,0,0,9917,0.5131,0,0,0.9917,
4,16,41,5131,0,0,9917,0.5131,0,0,0.9917,
4,16,42,5131,0,0,9917,0.5131,0,0,0.9917,
4,16,43,5131,0,0,9917,0.5131,0,0,0.9917,
4,16,44,5131,0,0,9917,0.5131,0,0,0.9917,
4,16,45,5131,0,0,9917,0.5131,0,0,0.9917,
4,16,46,5131,0,0,9917,0.5131,0,0,0.9917,
4,16,47,5131,0,0,9917,0.5131,0,0,0.9917,
4,16,48,5131,0,0,9917,0.5131,0,0,0.9917,
4,16,49,5131,0,0,9917,0.5131,0,0,0.9917,
4,16,50,5131,0,0,9917,0.5131,0,0,0.9917,
4,16,51,5131,0,0,9917,0.5131,0,0,0.9917,
4,16,52,5131,0,0,9917,0.5131,0,0,0.9917,
4,16,53,5131,0,0,9917,0.5131,0,0,0.9917,
4,16,54,5131,0,0,9917,0.5131,0,0,0.9917,
4,16,55,5131,0,0,9917,0.5131,0,0,0.9917,
4,16,56,5131,0,0,9917,0.5131,0,0,0.9917,
4,16,57,5131,0,0,9917,0.5131,0,0,0.9917,
4,16,58,5131,0,0,9917,0.5131,0,0,0.9917,
4,16,59,5131,0,0,9917,0.5131,0,0,0.9917,
4,16,60,5131,0,0,9917,0.5131,0,0,0.9917,
4,16,61,5131,0,0,9917,0.5131,0,0,0.9917,
4,16,62,5131,0,0,9917,0.5131,0,0,0.9917,
4,16,63,5131,0,0,9917,0.5131,0,0,0.9917,
4,16,64,5131,0,0,9917,0.5131,0,0,0.9917,
4,16,65,5131,0,0,9917,0.5131,0,0,0.9917,
4,16,66,5131,0,0,9917,0.5131,0,0,0.9917,
4,16,67,5131,0,0,9917,0.5131,0,0,0.9917,
4,16,68,5131,0,0,9917,0.5131,0,0,0.9917,
4,16,69,5131,0,0,9917,0.5131,0,0,0.9917,
4,16,70,5131,0,0,9917,0.5131,0,0,0.9917,
4,16,71,5131,0,0,9917,0.5131,0,0,0.9917,
4,16,72,5131,0,0,9917,0.5131,0,0,0.9917,
4,16,73,5131,0,0,9917,0.5131,0,0,0.9917,
4,16,74,5131,0,0,9917,0.5131,0,0,0.9917,
4,16,75,5131,0,0,9917,0.5131,0,0,0.9917,
4,16,76,5131,0,0,9917,0.5131,0,0,0.9917,
4,16,77,5131,0,0,9917,0.5131,0,0,0.9917,
4,16,78,5131,0,0,9917,0.5131,0,0,0.9917,
4,16,79,5131,0,0,9917,0.5131,0,0,0.9917,
4,16,80,5131,0,0,9917,0.5131,0,0,0.9917,
4,16,81,5131,0,0,9917,0.5131,0,0,0.9917,
4,16,82,5131,0,0,9917,0.5131,0,0,0.9917,
4,16,83,5131,0,0,9917,0.5131,0,0,0.9917,
4,16,84,5131,0,0,9917,0.5131,0,0,0.9917,
4,16,85,5131,0,0,9917,0.5131,0,0,0.9917,
4,16,86,5131,0,0,9917,0.5131,0,0,0.9917,
4,16,87,5131,0,0,9917,0.5131,0,0,0.9917,
4,16,88,5131,0,0,9917,0.5131,0,0,0.9917,
4,16,89,5131,0,0,9917,0.5131,0,0,0.9917,
4,16,90,5131,0,0,9917,0.5131,0,0,0.9917,
4,16,91,5131,0,0,9917,0.5131,0,0,0.9917,
4,16,92,5131,0,0,9917,0.5131,0,0,0.9917,
4,16,93,5131,0,0,9917,0.5131,0,0,0.9917,
4,16,94,5131,0,0,9917,0.5131,0,0,0.9917,
4,16,95,5131,0,0,9917,0.5131,0,0,0.9917,
4,16,96,5131,0,0,9917,0.5131,0,0,0.9917,
4,16,97,5131,0,0,9917,0.5131,0,0,0.9917,
4,16,98,5131,0,0,9917,0.5131,0,0,0.9917,
4,16,99,5131,0,0,9917,0.5131,0,0,0.9917,
4,16,100,5131,0,0,9917,0.5131,0,0,0.9917,
4,17,0,9980,20,120,29880,0.998,0.002,0.012,2.988,6
4,17,1,9936,37,164,29660,0.9936,0.0037,0.0164,2.966,4.43243
4,17,2,9885,47,182,29408,0.9885,0.0047,0.0182,2.9408,3.87234
4,17,3,9832,41,168,29147,0.9832,0.0041,0.0168,2.9147,4.09756
4,17,4,9765,56,222,28815,0.9765,0.0056,0.0222,2.8815,3.96429
4,17,5,9685,73,294,28423,0.9685,0.0073,0.0294,2.8423,4.0274
4,17,6,9564,109,430,27830,0.9564,0.0109,0.043,2.783,3.94495
4,17,7,9418,128,470,27130,0.9418,0.0128,0.047,2.713,3.67188
4,17,8,9291,128,478,26522,0.9291,0.0128,0.0478,2.6522,3.73438
4,17,9,9134,136,510,25781,0.9134,0.0136,0.051,2.5781,3.75
4,17,10,8987,141,513,25083,0.8987,0.0141,0.0513,2.5083,3.6383
4,17,11,8788,174,632,24160,0.8788,0.0174,0.0632,2.416,3.63218
4,17,12,8562,203,728,23126,0.8562,0.0203,0.0728,2.3126,3.58621
4,17,13,8325,216,749,22062,0.8325,0.0216,0.0749,2.2062,3.46759
4,17,14,8070,233,826,20924,0.807,0.0233,0.0826,2.0924,3.54506
4,17,15,7797,268,882,19755,0.7797,0.0268,0.0882,1.9755,3.29104
4,17,16,7458,328,1044,18316,0.7458,0.0328,0.1044,1.8316,3.18293
4,17,17,7089,378,1113,16830,0.7089,0.0378,0.1113,1.683,2.94444
4,17,18,6739,360,1017,15473,0.6739,0.036,0.1017,1.5473,2.825
4,17,19,6406,348,944,14232,0.6406,0.0348,0.0944,1.4232,2.71264
4,17,20,6145,295,754,13288,0.6145,0.0295,0.0754,1.3288,2.55593
4,17,21,5962,224,562,12639,0.5962,0.0224,0.0562,1.2639,2.50893
4,17,22,5798,192,458,12058,0.5798,0.0192,0.0458,1.2058,2.38542
4,17,23,5684,155,361,11675,0.5684,0.0155,0.0361,1.1675,2.32903
4,17,24,5594,102,240,11368,0.5594,0.0102,0.024,1.1368,2.35294
4,17,25,5529,82,205,11146,0.5529,0.0082,0.0205,1.1146,2.5
4,17,26,5490,46,107,11022,0.549,0.0046,0.0107,1.1022,2.32609
4,17,27,5454,38,84,10899,0.5454,0.0038,0.0084,1.0899,2.21053
4,17,28,5431,33,78,10815,0.5431,0.0033,0.0078,1.0815,2.36364
4,17,29,5412,19,44,10757,0.5412,0.0019,0.0044,1.0757,2.31579
4,17,30,5404,14,32,10730,0.5404,0.0014,0.0032,1.073,2.28571
4,17,31,5400,6,15,10715,0.54,0.0006,0.0015,1.0715,2.5
4,17,32,5398,2,1,10706,0.5398,0.0002,0.0001,1.0706,0.5
4,17,33,5398,0,0,10706,0.5398,0,0,1.0706,
4,17,34,5398,0,0,10706,0.5398,0,0,1.0706,
4,17,35,5398,0,0,10706,0.5398,0,0,1.0706,
4,17,36,5398,0,0,10706,0.5398,0,0,1.0706,
4,17,37,5398,0,0,10706,0.5398,0,0,1.0706,
4,17,38,5398,0,0,10706,0.5398,0,0,1.0706,
4,17,39,5398,0,0,10706,0.5398,0,0,1.0706,
4,17,40,5398,0,0,10706,0.5398,0,0,1.0706,
4,17,41,5398,0,0,10706,0.5398,0,0,1.0706,
4,17,42,5398,0,0,10706,0.5398,0,0,1.0706,
4,17,43,5398,0,0,10706,0.5398,0,0,1.0706,
4,17,44,5398,0,0,10706,0.5398,0,0,1.0706,
4,17,45,5398,0,0,10706,0.5398,0,0,1.0706,
4,17,46,5398,0,0,10706,0.5398,0,0,1.0706,
4,17,47,5398,0,0,10706,0.5398,0,0,1.0706,
4,17,48,5398,0,0,10706,0.5398,0,0,1.0706,
4,17,49,5398,0,0,10706,0.5398,0,0,1.0706,
4,17,50,5398,0,0,10706,0.5398,0,0,1.0706,
4,17,51,5398,0,0,10706,0.5398,0,0,1.0706,
4,17,52,5398,0,0,10706,0.5398,0,0,1.0706,
4,17,53,5398,0,0,10706,0.5398,0,0,1.0706,
4,17,54,5398,0,0,10706,0.5398,0,0,1.0706,
4,17,55,5398,0,0,10706,0.5398,0,0,1.0706,
4,17,56,5398,0,0,10706,0.5398,0,0,1.0706,
4,17,57,5398,0,0,10706,0.5398,0,0,1.0706,
4,17,58,5398,0,0,10706,0.5398,0,0,1.0706,
4,17,59,5398,0,0,10706,0.5398,0,0,1.0706,
4,17,60,5398,0,0,10706,0.5398,0,0,1.0706,
4,17,61,5398,0,0,10706,0.5398,0,0,1.0706,
4,17,62,5398,0,0,10706,0.5398,0,0,1.0706,
4,17,63,5398,0,0,10706,0.5398,0,0,1.0706,
4,17,64,5398,0,0,10706,0.5398,0,0,1.0706,
4,17,65,5398,0,0,10706,0.5398,0,0,1.0706,
4,17,66,5398,0,0,10706,0.5398,0,0,1.0706,
4,17,67,5398,0,0,10706,0.5398,0,0,1.0706,
4,17,68,5398,0,0,10706,0.5398,0,0,1.0706,
4,17,69,5398,0,0,10706,0.5398,0,0,1.0706,
4,17,70,5398,0,0,10706,0.5398,0,0,1.0706,
4,17,71,5398,0,0,10706,0.5398,0,0,1.0706,
4,17,72,5398,0,0,10706,0.5398,0,0,1.0706,
4,17,73,5398,0,0,10706,0.5398,0,0,1.0706,
4,17,74,5398,0,0,10706,0.5398,0,0,1.0706,
4,17,75,5398,0,0,10706,0.5398,0,0,1.0706,
4,17,76,5398,0,0,10706,0.5398,0,0,1.0706,
4,17,77,5398,0,0,10706,0.5398,0,0,1.0706,
4,17,78,5398,0,0,10706,0.5398,0,0,1.0706,
4,17,79,5398,0,0,10706,0.5398,0,0,1.0706,
4,17,80,5398,0,0,10706,0.5398,0,0,1.0706,
4,17,81,5398,0,0,10706,0.5398,0,0,1.0706,
4,17,82,5398,0,0,10706,0.5398,0,0,1.0706,
4,17,83,5398,0,0,10706,0.5398,0,0,1.0706,
4,17,84,5398,0,0,10706,0.5398,0,0,1.0706,
4,17,85,5398,0,0,10706,0.5398,0,0,1.0706,
4,17,86,5398,0,0,10706,0.5398,0,0,1.0706,
4,17,87,5398,0,0,10706,0.5398,0,0,1.0706,
4,17,88,5398,0,0,10706,0.5398,0,0,1.0706,
4,17,89,5398,0,0,10706,0.5398,0,0,1.0706,
4,17,90,5398,0,0,10706,0.5398,0,0,1.0706,
4,17,91,5398,0,0,10706,0.5398,0,0,1.0706,
4,17,92,5398,0,0,10706,0.5398,0,0,1.0706,
4,17,93,5398,0,0,10706,0.5398,0,0,1.0706,
4,17,94,5398,0,0,10706,0.5398,0,0,1.0706,
4,17,95,5398,0,0,10706,0.5398,0,0,1.0706,
4,17,96,5398,0,0,10706,0.5398,0,0,1.0706,
4,17,97,5398,0,0,10706,0.5398,0,0,1.0706,
4,17,98,5398,0,0,10706,0.5398,0,0,1.0706,
4,17,99,5398,0,0,10706,0.5398,0,0,1.0706,
4,17,100,5398,0,0,10706,0.5398,0,0,1.0706,
4,18,0,9980,20,120,29880,0.998,0.002,0.012,2.988,6
4,18,1,9910,55,230,29536,0.991,0.0055,0.023,2.9536,4.18182
4,18,2,9820,83,329,29092,0.982,0.0083,0.0329,2.9092,3.96386
4,18,3,9710,107,422,28547,0.971,0.0107,0.0422,2.8547,3.94393
4,18,4,9543,154,608,27737,0.9543,0.0154,0.0608,2.7737,3.94805
4,18,5,9328,210,799,26701,0.9328,0.021,0.0799,2.6701,3.80476
4,18,6,8974,307,1153,25016,0.8974,0.0307,0.1153,2.5016,3.7557
4,18,7,8497,414,1440,22836,0.8497,0.0414,0.144,2.2836,3.47826
4,18,8,8022,438,1477,20754,0.8022,0.0438,0.1477,2.0754,3.37215
4,18,9,7523,491,1533,18640,0.7523,0.0491,0.1533,1.864,3.1222
4,18,10,7041,486,1412,16686,0.7041,0.0486,0.1412,1.6686,2.90535
4,18,11,6628,421,1183,15086,0.6628,0.0421,0.1183,1.5086,2.80998
4,18,12,6268,375,984,13742,0.6268,0.0375,0.0984,1.3742,2.624
4,18,13,5903,385,930,12447,0.5903,0.0385,0.093,1.2447,2.41558
4,18,14,5633,317,726,11527,0.5633,0.0317,0.0726,1.1527,2.29022
4,18,15,5423,244,559,10812,0.5423,0.0244,0.0559,1.0812,2.29098
4,18,16,5277,153,345,10316,0.5277,0.0153,0.0345,1.0316,2.2549
4,18,17,5160,137,303,9926,0.516,0.0137,0.0303,0.9926,2.21168
4,18,18,5078,95,213,9660,0.5078,0.0095,0.0213,0.966,2.24211
4,18,19,5015,77,179,9455,0.5015,0.0077,0.0179,0.9455,2.32468
4,18,20,4971,48,110,9309,0.4971,0.0048,0.011,0.9309,2.29167
4,18,21,4939,44,92,9205,0.4939,0.0044,0.0092,0.9205,2.09091
4,18,22,4911,37,76,9122,0.4911,0.0037,0.0076,0.9122,2.05405
4,18,23,4885,23,53,9038,0.4885,0.0023,0.0053,0.9038,2.30435
4,18,24,4857,24,45,8955,0.4857,0.0024,0.0045,0.8955,1.875
4,18,25,4846,14,25,8920,0.4846,0.0014,0.0025,0.892,1.78571
4,18,26,4839,11,24,8893,0.4839,0.0011,0.0024,0.8893,2.18182
4,18,27,4831,11,25,8866,0.4831,0.0011,0.0025,0.8866,2.27273
4,18,28,4829,4,10,8861,0.4829,0.0004,0.001,0.8861,2.5
4,18,29,4823,2,8,8837,0.4823,0.0002,0.0008,0.8837,4
4,18,30,4823,1,5,8837,0.4823,0.0001,0.0005,0.8837,5
4,18,31,4821,2,6,8832,0.4821,0.0002,0.0006,0.8832,3
4,18,32,4818,2,3,8825,0.4818,0.0002,0.0003,0.8825,1.5
4,18,33,4817,3,4,8823,0.4817,0.0003,0.0004,0.8823,1.33333
4,18,34,4815,1,0,8816,0.4815,0.0001,0,0.8816,0
4,18,35,4815,0,0,8816,0.4815,0,0,0.8816,
4,18,36,4815,0,0,8816,0.4815,0,0,0.8816,
4,18,37,4815,0,0,8816,0.4815,0,0,0.8816,
4,18,38,4815,0,0,8816,0.4815,0,0,0.8816,
4,18,39,4815,0,0,8816,0.4815,0,0,0.8816,
4,18,40,4815,0,0,8816,0.4815,0,0,0.8816,
4,18,41,4815,0,0,8816,0.4815,0,0,0.8816,
4,18,42,4815,0,0,8816,0.4815,0,0,0.8816,
4,18,43,4815,0,0,8816,0.4815,0,0,0.8816,
4,18,44,4815,0,0,8816,0.4815,0,0,0.8816,
4,18,45,4815,0,0,8816,0.4815,0,0,0.8816,
4,18,46,4815,0,0,8816,0.4815,0,0,0.8816,
4,18,47,4815,0,0,8816,0.4815,0,0,0.8816,
4,18,48,4815,0,0,8816,0.4815,0,0,0.8816,
4,18,49,4815,0,0,8816,0.4815,0,0,0.8816,
4,18,50,4815,0,0,8816,0.4815,0,0,0.8816,
4,18,51,4815,0,0,8816,0.4815,0,0,0.8816,
4,18,52,4815,0,0,8816,0.4815,0,0,0.8816,
4,18,53,4815,0,0,8816,0.4815,0,0,0.8816,
4,18,54,4815,0,0,8816,0.4815,0,0,0.8816,
4,18,55,4815,0,0,8816,0.4815,0,0,0.8816,
4,18,56,4815,0,0,8816,0.4815,0,0,0.8816,
4,18,57,4815,0,0,8816,0.4815,0,0,0.8816,
4,18,58,4815,0,0,8816,0.4815,0,0,0.8816,
4,18,59,4815,0,0,8816,0.4815,0,0,0.8816,
4,18,60,4815,0,0,8816,0.4815,0,0,0.8816,
4,18,61,4815,0,0,8816,0.4815,0,0,0.8816,
4,18,62,4815,0,0,8816,0.4815,0,0,0.8816,
4,18,63,4815,0,0,8816,0.4815,0,0,0.8816,
4,18,64,4815,0,0,8816,0.4815,0,0,0.8816,
4,18,65,4815,0,0,8816,0.4815,0,0,0.8816,
4,18,66,4815,0,0,8816,0.4815,0,0,0.8816,
4,18,67,4815,0,0,8816,0.4815,0,0,0.8816,
4,18,68,4815,0,0,8816,0.4815,0,0,0.8816,
4,18,69,4815,0,0,8816,0.4815,0,0,0.8816,
4,18,70,4815,0,0,8816,0.4815,0,0,0.8816,
4,18,71,4815,0,0,8816,0.4815,0,0,0.8816,
4,18,72,4815,0,0,8816,0.4815,0,0,0.8816,
4,18,73,4815,0,0,8816,0.4815,0,0,0.8816,
4,18,74,4815,0,0,8816,0.4815,0,0,0.8816,
4,18,75,4815,0,0,8816,0.4815,0,0,0.8816,
4,18,76,4815,0,0,8816,0.4815,0,0,0.8816,
4,18,77,4815,0,0,8816,0.4815,0,0,0.8816,
4,18,78,4815,0,0,8816,0.4815,0,0,0.8816,
4,18,79,4815,0,0,8816,0.4815,0,0,0.8816,
4,18,80,4815,0,0,8816,0.4815,0,0,0.8816,
4,18,81,4815,0,0,8816,0.4815,0,0,0.8816,
4,18,82,4815,0,0,8816,0.4815,0,0,0.8816,
4,18,83,4815,0,0,8816,0.4815,0,0,0.8816,
4,18,84,4815,0,0,8816,0.4815,0,0,0.8816,
4,18,85,4815,0,0,8816,0.4815,0,0,0.8816,
4,18,86,4815,0,0,8816,0.4815,0,0,0.8816,
4,18,87,4815,0,0,8816,0.4815,0,0,0.8816,
4,18,88,4815,0,0,8816,0.4815,0,0,0.8816,
4,18,89,4815,0,0,8816,0.4815,0,0,0.8816,
4,18,90,4815,0,0,8816,0.4815,0,0,0.8816,
4,18,91,4815,0,0,8816,0.4815,0,0,0.8816,
4,18,92,4815,0,0,8816,0.4815,0,0,0.8816,
4,18,93,4815,0,0,8816,0.4815,0,0,0.8816,
4,18,94,4815,0,0,8816,0.4815,0,0,0.8816,
4,18,95,4815,0,0,8816,0.4815,0,0,0.8816,
4,18,96,4815,0,0,8816,0.4815,0,0,0.8816,
4,18,97,4815,0,0,8816,0.4815,0,0,0.8816,
4,18,98,4815,0,0,8816,0.4815,0,0,0.8816,
4,18,99,4815,0,0,8816,0.4815,0,0,0.8816,
4,18,100,4815,0,0,8816,0.4815,0,0,0.8816,
4,19,0,9980,20,118,29881,0.998,0.002,0.0118,2.9881,5.9
4,19,1,9938,34,150,29674,0.9938,0.0034,0.015,2.9674,4.41176
4,19,2,9895,42,165,29462,0.9895,0.0042,0.0165,2.9462,3.92857
4,19,3,9834,52,205,29159,0.9834,0.0052,0.0205,2.9159,3.94231
4,19,4,9765,63,262,28820,0.9765,0.0063,0.0262,2.882,4.15873
4,19,5,9670,84,326,28354,0.967,0.0084,0.0326,2.8354,3.88095
4,19,6,9572,87,340,27878,0.9572,0.0087,0.034,2.7878,3.90805
4,19,7,9436,133,518,27220,0.9436,0.0133,0.0518,2.722,3.89474
4,19,8,9268,174,660,26406,0.9268,0.0174,0.066,2.6406,3.7931
4,19,9,9032,215,800,25288,0.9032,0.0215,0.08,2.5288,3.72093
4,19,10,8799,236,829,24231,0.8799,0.0236,0.0829,2.4231,3.51271
4,19,11,8520,272,943,22959,0.852,0.0272,0.0943,2.2959,3.46691
4,19,12,8200,312,1053,21538,0.82,0.0312,0.1053,2.1538,3.375
4,19,13,7874,324,1049,20123,0.7874,0.0324,0.1049,2.0123,3.23765
4,19,14,7520,347,1087,18644,0.752,0.0347,0.1087,1.8644,3.13256
4,19,15,7163,324,968,17207,0.7163,0.0324,0.0968,1.7207,2.98765
4,19,16,6840,313,887,15925,0.684,0.0313,0.0887,1.5925,2.83387
4,19,17,6589,279,776,14921,0.6589,0.0279,0.0776,1.4921,2.78136
4,19,18,6353,247,649,14046,0.6353,0.0247,0.0649,1.4046,2.62753
4,19,19,6141,216,589,13261,0.6141,0.0216,0.0589,1.3261,2.72685
4,19,20,5955,202,512,12615,0.5955,0.0202,0.0512,1.2615,2.53465
4,19,21,5807,169,389,12120,0.5807,0.0169,0.0389,1.212,2.30178
4,19,22,5715,117,286,11798,0.5715,0.0117,0.0286,1.1798,2.44444
4,19,23,5621,104,250,11466,0.5621,0.0104,0.025,1.1466,2.40385
4,19,24,5537,98,217,11187,0.5537,0.0098,0.0217,1.1187,2.21429
4,19,25,5475,75,159,10988,0.5475,0.0075,0.0159,1.0988,2.12
4,19,26,5443,51,103,10889,0.5443,0.0051,0.0103,1.0889,2.01961
4,19,27,5405,36,86,10758,0.5405,0.0036,0.0086,1.0758,2.38889
4,19,28,5375,28,67,10651,0.5375,0.0028,0.0067,1.0651,2.39286
4,19,29,5352,22,47,10578,0.5352,0.0022,0.0047,1.0578,2.13636
4,19,30,5338,16,38,10528,0.5338,0.0016,0.0038,1.0528,2.375
4,19,31,5333,4,8,10510,0.5333,0.0004,0.0008,1.051,2
4,19,32,5333,1,1,10510,0.5333,0.0001,0.0001,1.051,1
4,19,33,5333,0,0,10510,0.5333,0,0,1.051,
4,19,34,5333,0,0,10510,0.5333,0,0,1.051,
4,19,35,5333,0,0,10510,0.5333,0,0,1.051,
4,19,36,5333,0,0,10510,0.5333,0,0,1.051,
4,19,37,5333,0,0,10510,0.5333,0,0,1.051,
4,19,38,5333,0,0,10510,0.5333,0,0,1.051,
4,19,39,5333,0,0,10510,0.5333,0,0,1.051,
4,19,40,5333,0,0,10510,0.5333,0,0,1.051,
4,19,41,5333,0,0,10510,0.5333,0,0,1.051,
4,19,42,5333,0,0,10510,0.5333,0,0,1.051,
4,19,43,5333,0,0,10510,0.5333,0,0,1.051,
4,19,44,5333,0,0,10510,0.5333,0,0,1.051,
4,19,45,5333,0,0,10510,0.5333,0,0,1.051,
4,19,46,5333,0,0,10510,0.5333,0,0,1.051,
4,19,47,5333,0,0,10510,0.5333,0,0,1.051,
4,19,48,5333,0,0,10510,0.5333,0,0,1.051,
4,19,49,5333,0,0,10510,0.5333,0,0,1.051,
4,19,50,5333,0,0,10510,0.5333,0,0,1.051,
4,19,51,5333,0,0,10510,0.5333,0,0,1.051,
4,19,52,5333,0,0,10510,0.5333,0,0,1.051,
4,19,53,5333,0,0,10510,0.5333,0,0,1.051,
4,19,54,5333,0,0,10510,0.5333,0,0,1.051,
4,19,55,5333,0,0,10510,0.5333,0,0,1.051,
4,19,56,5333,0,0,10510,0.5333,0,0,1.051,
4,19,57,5333,0,0,10510,0.5333,0,0,1.051,
4,19,58,5333,0,0,10510,0.5333,0,0,1.051,
4,19,59,5333,0,0,10510,0.5333,0,0,1.051,
4,19,60,5333,0,0,10510,0.5333,0,0,1.051,
4,19,61,5333,0,0,10510,0.5333,0,0,1.051,
4,19,62,5333,0,0,10510,0.5333,0,0,1.051,
4,19,63,5333,0,0,10510,0.5333,0,0,1.051,
4,19,64,5333,0,0,10510,0.5333,0,0,1.051,
4,19,65,5333,0,0,10510,0.5333,0,0,1.051,
4,19,66,5333,0,0,10510,0.5333,0,0,1.051,
4,19,67,5333,0,0,10510,0.5333,0,0,1.051,
4,19,68,5333,0,0,10510,0.5333,0,0,1.051,
4,19,69,5333,0,0,10510,0.5333,0,0,1.051,
4,19,70,5333,0,0,10510,0.5333,0,0,1.051,
4,19,71,5333,0,0,10510,0.5333,0,0,1.051,
4,19,72,5333,0,0,10510,0.5333,0,0,1.051,
4,19,73,5333,0,0,10510,0.5333,0,0,1.051,
4,19,74,5333,0,0,10510,0.5333,0,0,1.051,
4,19,75,5333,0,0,10510,0.5333,0,0,1.051,
4,19,76,5333,0,0,10510,0.5333,0,0,1.051,
4,19,77,5333,0,0,10510,0.5333,0,0,1.051,
4,19,78,5333,0,0,10510,0.5333,0,0,1.051,
4,19,79,5333,0,0,10510,0.5333,0,0,1.051,
4,19,80,5333,0,0,10510,0.5333,0,0,1.051,
4,19,81,5333,0,0,10510,0.5333,0,0,1.051,
4,19,82,5333,0,0,10510,0.5333,0,0,1.051,
4,19,83,5333,0,0,10510,0.5333,0,0,1.051,
4,19,84,5333,0,0,10510,0.5333,0,0,1.051,
4,19,85,5333,0,0,10510,0.5333,0,0,1.051,
4,19,86,5333,0,0,10510,0.5333,0,0,1.051,
4,19,87,5333,0,0,10510,0.5333,0,0,1.051,
4,19,88,5333,0,0,10510,0.5333,0,0,1.051,
4,19,89,5333,0,0,10510,0.5333,0,0,1.051,
4,19,90,5333,0,0,10510,0.5333,0,0,1.051,
4,19,91,5333,0,0,10510,0.5333,0,0,1.051,
4,19,92,5333,0,0,10510,0.5333,0,0,1.051,
4,19,93,5333,0,0,10510,0.5333,0,0,1.051,
4,19,94,5333,0,0,10510,0.5333,0,0,1.051,
4,19,95,5333,0,0,10510,0.5333,0,0,1.051,
4,19,96,5333,0,0,10510,0.5333,0,0,1.051,
4,19,97,5333,0,0,10510,0.5333,0,0,1.051,
4,19,98,5333,0,0,10510,0.5333,0,0,1.051,
4,19,99,5333,0,0,10510,0.5333,0,0,1.051,
4,19,100,5333,0,0,10510,0.5333,0,0,1.051,
